"CustomerID";"Gender";"Age";"Geography";"Tenure";"Contract";"MonthlyCharges";"SupportTickets";"UsageScore";"Churn";"TotalCharges"
"CUST-1000";"Non-binary";"1. Young Adult (18-30)";"West";11;"Monthly";27.02;0;53.43;0;297.22
"CUST-10000";"Female";"2. Adult (31-50)";"North";31;"Monthly";101.33;1;48.83;1;3141.23
"CUST-10001";"Non-binary";"4. Unkownn/Missing";"East";8;"Two year";117.37;2;56.44;0;938.96
"CUST-10002";"Female";"2. Adult (31-50)";"West";35;"Monthly";112.47;0;56.85;0;3936.45
"CUST-10003";"Male";"2. Adult (31-50)";"North";57;"One year";55.79;2;58.76;0;3180.03
"CUST-10004";"Female";"1. Young Adult (18-30)";"West";6;"One year";24.1;0;47.51;0;144.6
"CUST-10005";"Male";"2. Adult (31-50)";"South";56;"Monthly";80.72;0;49.34;0;4520.32
"CUST-10006";"Male";"2. Adult (31-50)";"South";72;"One year";41.52;2;63.34;0;2989.44
"CUST-10007";"Male";"2. Adult (31-50)";"East";42;"Monthly";54.54;2;58.5;0;2290.68
"CUST-10008";"Female";"3. Senior (51+)";"West";44;"Monthly";75.93;0;56.45;1;3340.92
"CUST-10009";"Female";"1. Young Adult (18-30)";"South";35;"Monthly";100.64;0;56.85;0;3522.4
"CUST-1001";"Male";"2. Adult (31-50)";"West";41;"Monthly";105.84;0;51.63;0;4339.44
"CUST-10010";"Female";"3. Senior (51+)";"West";59;"One year";43.0;0;71.7;0;2537.0
"CUST-10011";"Male";"3. Senior (51+)";"West";16;"One year";28.27;0;57.1;0;452.32
"CUST-10012";"Male";"3. Senior (51+)";"North";67;"Monthly";72.01;1;92.92;1;4824.67
"CUST-10013";"Female";"1. Young Adult (18-30)";"South";63;"One year";46.82;0;54.89;0;2949.66
"CUST-10014";"Male";"2. Adult (31-50)";"West";16;"Two year";63.43;1;73.71;0;1014.88
"CUST-10015";"Non-binary";"3. Senior (51+)";"West";8;"Monthly";69.36;0;56.44;1;554.88
"CUST-10016";"Male";"2. Adult (31-50)";"North";36;"Monthly";62.93;0;50.84;0;2265.48
"CUST-10017";"Female";"2. Adult (31-50)";"North";9;"Two year";101.51;0;58.05;1;913.59
"CUST-10018";"Male";"2. Adult (31-50)";"South";29;"Two year";112.43;1;55.42;1;3260.47
"CUST-10019";"Male";"1. Young Adult (18-30)";"West";4;"Monthly";110.87;3;43.31;0;443.48
"CUST-1002";"Female";"3. Senior (51+)";"West";25;"One year";38.0;0;80.64;0;950.0
"CUST-10020";"Female";"3. Senior (51+)";"North";30;"One year";64.37;0;11.56;1;1931.1
"CUST-10021";"Non-binary";"1. Young Adult (18-30)";"West";40;"One year";96.08;6;19.46;1;3843.2
"CUST-10022";"Female";"1. Young Adult (18-30)";"East";49;"Monthly";21.55;3;54.7;1;1055.95
"CUST-10023";"Male";"2. Adult (31-50)";"East";52;"Monthly";93.53;1;54.79;1;4863.56
"CUST-10024";"Non-binary";"2. Adult (31-50)";"South";41;"Monthly";112.31;0;45.27;1;4604.71
"CUST-10025";"Male";"3. Senior (51+)";"South";7;"Two year";56.66;0;59.79;0;396.62
"CUST-10026";"Male";"3. Senior (51+)";"West";71;"Two year";89.89;2;95.63;0;6382.19
"CUST-10027";"Female";"1. Young Adult (18-30)";"South";20;"Monthly";78.75;0;81.32;0;1575.0
"CUST-10028";"Non-binary";"1. Young Adult (18-30)";"North";9;"One year";108.96;2;58.05;0;980.64
"CUST-10029";"Male";"2. Adult (31-50)";"North";6;"Monthly";69.23;0;81.93;1;415.38
"CUST-1003";"Female";"2. Adult (31-50)";"West";54;"One year";22.49;9;30.15;0;1214.46
"CUST-10030";"Male";"3. Senior (51+)";"North";24;"Two year";80.07;6;24.18;0;1921.68
"CUST-10031";"Non-binary";"4. Unkownn/Missing";"West";51;"Monthly";35.11;0;57.9;0;1790.61
"CUST-10032";"Female";"4. Unkownn/Missing";"East";40;"One year";36.28;2;16.55;1;1451.2
"CUST-10033";"Female";"3. Senior (51+)";"West";26;"Monthly";27.6;1;99.39;0;717.6
"CUST-10034";"Female";"2. Adult (31-50)";"South";33;"Monthly";105.38;1;54.53;0;3477.54
"CUST-10035";"Non-binary";"3. Senior (51+)";"North";31;"Monthly";32.34;0;66.79;1;1002.54
"CUST-10036";"Male";"2. Adult (31-50)";"North";42;"Monthly";20.4;0;15.69;1;856.8
"CUST-10037";"Male";"2. Adult (31-50)";"North";50;"One year";58.43;0;25.21;0;2921.5
"CUST-10038";"Male";"2. Adult (31-50)";"West";25;"Monthly";110.71;1;54.36;0;2767.75
"CUST-10039";"Non-binary";"3. Senior (51+)";"South";0;"One year";106.52;1;45.39;0;0.0
"CUST-1004";"Female";"1. Young Adult (18-30)";"North";4;"Two year";99.18;0;43.02;0;396.72
"CUST-10040";"Male";"1. Young Adult (18-30)";"South";51;"Monthly";42.15;0;57.9;0;2149.65
"CUST-10041";"Male";"1. Young Adult (18-30)";"East";72;"Monthly";119.08;0;12.64;1;8573.76
"CUST-10042";"Non-binary";"3. Senior (51+)";"North";8;"Monthly";50.46;3;56.44;1;403.68
"CUST-10043";"Female";"1. Young Adult (18-30)";"North";55;"Two year";63.64;0;56.25;0;3500.2
"CUST-10044";"Male";"1. Young Adult (18-30)";"East";34;"One year";38.63;0;29.63;0;1313.42
"CUST-10045";"Male";"3. Senior (51+)";"East";48;"Monthly";113.36;2;59.96;1;5441.28
"CUST-10046";"Female";"2. Adult (31-50)";"North";40;"Two year";91.04;0;48.79;0;3641.6
"CUST-10047";"Non-binary";"1. Young Adult (18-30)";"West";21;"One year";105.67;3;55.93;0;2219.07
"CUST-10048";"Female";"3. Senior (51+)";"East";43;"One year";82.06;0;94.16;0;3528.58
"CUST-10049";"Female";"3. Senior (51+)";"South";41;"Monthly";56.58;0;51.63;1;2319.78
"CUST-1005";"Male";"3. Senior (51+)";"South";69;"One year";50.24;0;57.1;0;3466.56
"CUST-10050";"Female";"3. Senior (51+)";"East";65;"Monthly";78.18;2;55.95;0;5081.7
"CUST-10051";"Male";"1. Young Adult (18-30)";"West";39;"One year";105.87;0;59.64;0;4128.93
"CUST-10052";"Male";"2. Adult (31-50)";"North";67;"Monthly";69.28;0;52.82;0;4641.76
"CUST-10053";"Female";"3. Senior (51+)";"West";27;"Monthly";54.67;5;36.53;0;1476.09
"CUST-10054";"Male";"1. Young Adult (18-30)";"North";8;"Monthly";70.86;1;85.25;1;566.88
"CUST-10055";"Female";"2. Adult (31-50)";"North";18;"Monthly";51.28;1;63.42;0;923.04
"CUST-10056";"Male";"1. Young Adult (18-30)";"East";49;"One year";36.57;0;54.7;0;1791.93
"CUST-10057";"Non-binary";"3. Senior (51+)";"South";4;"One year";85.53;1;84.16;1;342.12
"CUST-10058";"Male";"2. Adult (31-50)";"West";23;"Two year";52.85;0;56.11;0;1215.55
"CUST-10059";"Female";"1. Young Adult (18-30)";"West";31;"Monthly";21.46;0;51.61;0;665.26
"CUST-1006";"Male";"2. Adult (31-50)";"North";10;"Monthly";24.11;0;65.38;1;241.1
"CUST-10060";"Female";"2. Adult (31-50)";"South";47;"Monthly";20.47;1;52.58;0;962.09
"CUST-10061";"Female";"1. Young Adult (18-30)";"North";36;"One year";108.35;0;49.15;1;3900.6
"CUST-10062";"Female";"3. Senior (51+)";"South";10;"Monthly";94.25;1;63.24;0;942.5
"CUST-10063";"Male";"3. Senior (51+)";"North";13;"Monthly";96.73;0;18.92;0;1257.49
"CUST-10064";"Male";"3. Senior (51+)";"East";52;"Monthly";111.7;3;54.79;1;5808.4
"CUST-10065";"Male";"2. Adult (31-50)";"South";61;"Monthly";20.67;2;55.13;1;1260.87
"CUST-10066";"Male";"1. Young Adult (18-30)";"North";55;"Monthly";49.69;0;24.83;0;2732.95
"CUST-10067";"Female";"1. Young Adult (18-30)";"West";20;"Monthly";31.86;0;22.69;1;637.2
"CUST-10068";"Female";"2. Adult (31-50)";"West";1;"One year";40.89;0;43.21;0;40.89
"CUST-10069";"Male";"2. Adult (31-50)";"South";45;"Two year";37.54;0;56.4;0;1689.3
"CUST-1007";"Non-binary";"4. Unkownn/Missing";"North";70;"Two year";67.01;0;58.23;0;4690.7
"CUST-10070";"Male";"1. Young Adult (18-30)";"North";20;"Monthly";74.53;5;26.99;1;1490.6
"CUST-10071";"Male";"1. Young Adult (18-30)";"North";58;"Monthly";35.05;3;98.0;0;2032.9
"CUST-10072";"Female";"2. Adult (31-50)";"North";61;"One year";43.49;0;31.43;0;2652.89
"CUST-10073";"Non-binary";"3. Senior (51+)";"East";23;"Two year";23.02;0;88.0;1;529.46
"CUST-10074";"Male";"2. Adult (31-50)";"West";50;"Monthly";118.72;0;54.57;0;5936.0
"CUST-10075";"Male";"3. Senior (51+)";"West";70;"Monthly";116.97;0;93.03;0;8187.9
"CUST-10076";"Non-binary";"3. Senior (51+)";"South";43;"Monthly";89.33;0;92.53;0;3841.19
"CUST-10077";"Female";"4. Unkownn/Missing";"West";34;"Monthly";118.95;1;52.64;1;4044.3
"CUST-10078";"Female";"3. Senior (51+)";"South";25;"Monthly";49.92;0;57.71;0;1248.0
"CUST-10079";"Female";"3. Senior (51+)";"North";51;"One year";82.59;3;57.9;0;4212.09
"CUST-1008";"Female";"1. Young Adult (18-30)";"West";57;"One year";61.98;0;36.36;0;3532.86
"CUST-10080";"Female";"3. Senior (51+)";"South";57;"One year";59.58;2;58.76;0;3396.06
"CUST-10081";"Male";"3. Senior (51+)";"West";18;"Monthly";57.71;6;15.13;1;1038.78
"CUST-10082";"Male";"3. Senior (51+)";"North";9;"Monthly";119.89;1;99.55;1;1079.01
"CUST-10083";"Non-binary";"3. Senior (51+)";"West";30;"One year";113.11;2;44.46;0;3393.3
"CUST-10084";"Male";"3. Senior (51+)";"East";35;"One year";113.11;0;33.39;1;3958.85
"CUST-10085";"Non-binary";"2. Adult (31-50)";"West";45;"Monthly";62.62;2;56.4;1;2817.9
"CUST-10086";"Male";"3. Senior (51+)";"East";7;"Monthly";100.81;3;59.79;0;705.67
"CUST-10087";"Female";"1. Young Adult (18-30)";"North";13;"Monthly";114.93;0;56.82;0;1494.09
"CUST-10088";"Male";"3. Senior (51+)";"South";60;"One year";57.96;3;57.22;0;3477.6
"CUST-10089";"Male";"3. Senior (51+)";"North";16;"One year";44.6;0;57.1;0;713.6
"CUST-1009";"Female";"3. Senior (51+)";"West";54;"Two year";27.14;0;84.27;0;1465.56
"CUST-10090";"Female";"2. Adult (31-50)";"West";30;"Monthly";89.52;0;27.46;1;2685.6
"CUST-10091";"Female";"3. Senior (51+)";"West";5;"One year";105.53;2;39.54;1;527.65
"CUST-10092";"Female";"3. Senior (51+)";"East";3;"Monthly";33.3;2;42.33;1;99.9
"CUST-10093";"Non-binary";"3. Senior (51+)";"South";43;"One year";34.48;7;15.88;0;1482.64
"CUST-10094";"Female";"2. Adult (31-50)";"South";5;"Monthly";79.89;1;39.54;1;399.45
"CUST-10095";"Non-binary";"3. Senior (51+)";"West";41;"Two year";45.92;10;14.26;0;1882.72
"CUST-10096";"Female";"3. Senior (51+)";"South";26;"One year";62.41;2;61.62;0;1622.66
"CUST-10097";"Male";"2. Adult (31-50)";"North";39;"Two year";113.93;2;66.23;1;4443.27
"CUST-10098";"Male";"2. Adult (31-50)";"North";70;"Monthly";48.61;1;58.23;0;3402.7
"CUST-10099";"Non-binary";"3. Senior (51+)";"South";58;"Two year";34.26;1;50.56;0;1987.08
"CUST-1010";"Female";"3. Senior (51+)";"North";60;"Monthly";107.45;2;42.69;0;6447.0
"CUST-10100";"Female";"2. Adult (31-50)";"South";4;"Monthly";96.51;3;67.53;0;386.04
"CUST-10101";"Non-binary";"3. Senior (51+)";"North";40;"Monthly";89.8;0;54.99;0;3592.0
"CUST-10102";"Male";"2. Adult (31-50)";"West";43;"One year";86.94;6;39.08;0;3738.42
"CUST-10103";"Male";"1. Young Adult (18-30)";"West";1;"Two year";56.86;1;43.21;0;56.86
"CUST-10104";"Female";"3. Senior (51+)";"West";38;"Monthly";27.63;7;17.38;1;1049.94
"CUST-10105";"Female";"1. Young Adult (18-30)";"South";31;"Monthly";69.14;0;51.61;1;2143.34
"CUST-10106";"Male";"3. Senior (51+)";"North";12;"Two year";67.53;0;40.63;1;810.36
"CUST-10107";"Male";"1. Young Adult (18-30)";"East";10;"Monthly";108.93;0;47.69;1;1089.3
"CUST-10108";"Female";"3. Senior (51+)";"West";69;"One year";74.88;0;57.1;0;5166.72
"CUST-10109";"Male";"2. Adult (31-50)";"South";35;"One year";69.32;0;74.54;1;2426.2
"CUST-1011";"Non-binary";"1. Young Adult (18-30)";"West";19;"Monthly";113.03;0;55.11;1;2147.57
"CUST-10110";"Female";"2. Adult (31-50)";"South";4;"One year";30.11;1;43.31;0;120.44
"CUST-10111";"Female";"3. Senior (51+)";"West";68;"Monthly";79.52;0;60.69;0;5407.36
"CUST-10112";"Male";"3. Senior (51+)";"South";67;"Monthly";100.06;5;28.38;1;6704.02
"CUST-10113";"Female";"3. Senior (51+)";"West";9;"Monthly";54.33;0;58.05;0;488.97
"CUST-10114";"Non-binary";"2. Adult (31-50)";"West";30;"Monthly";62.12;0;57.44;1;1863.6
"CUST-10115";"Female";"1. Young Adult (18-30)";"West";15;"One year";42.73;1;27.66;0;640.95
"CUST-10116";"Male";"3. Senior (51+)";"South";71;"Monthly";27.55;5;23.67;1;1956.05
"CUST-10117";"Female";"3. Senior (51+)";"East";26;"Two year";116.73;2;63.88;0;3034.98
"CUST-10118";"Female";"3. Senior (51+)";"West";16;"Monthly";74.61;1;57.1;1;1193.76
"CUST-10119";"Male";"1. Young Adult (18-30)";"East";70;"Monthly";80.11;0;58.23;0;5607.7
"CUST-1012";"Non-binary";"1. Young Adult (18-30)";"West";39;"Two year";28.91;0;59.64;0;1127.49
"CUST-10120";"Male";"3. Senior (51+)";"South";44;"One year";101.55;0;49.71;0;4468.2
"CUST-10121";"Male";"2. Adult (31-50)";"North";1;"Monthly";36.34;0;43.21;1;36.34
"CUST-10122";"Male";"2. Adult (31-50)";"East";1;"Monthly";58.42;0;43.21;1;58.42
"CUST-10123";"Female";"2. Adult (31-50)";"West";24;"Monthly";46.89;0;59.69;0;1125.36
"CUST-10124";"Non-binary";"3. Senior (51+)";"South";41;"Two year";79.42;1;51.63;1;3256.22
"CUST-10125";"Female";"3. Senior (51+)";"West";65;"Monthly";27.52;3;90.74;1;1788.8
"CUST-10126";"Female";"3. Senior (51+)";"South";49;"Monthly";93.03;0;54.7;1;4558.47
"CUST-10127";"Male";"3. Senior (51+)";"West";16;"One year";63.16;2;57.1;0;1010.56
"CUST-10128";"Female";"1. Young Adult (18-30)";"South";43;"One year";61.96;2;45.14;0;2664.28
"CUST-10129";"Female";"2. Adult (31-50)";"South";7;"Two year";90.83;0;59.79;0;635.81
"CUST-1013";"Female";"2. Adult (31-50)";"South";67;"Monthly";31.51;0;52.82;1;2111.17
"CUST-10130";"Female";"2. Adult (31-50)";"West";59;"Monthly";114.38;7;31.91;1;6748.42
"CUST-10131";"Female";"2. Adult (31-50)";"East";14;"One year";77.11;0;50.47;0;1079.54
"CUST-10132";"Non-binary";"3. Senior (51+)";"East";3;"One year";23.59;0;8.690000000000001;0;70.77
"CUST-10133";"Non-binary";"1. Young Adult (18-30)";"North";5;"Monthly";64.18;0;39.54;0;320.9
"CUST-10134";"Male";"3. Senior (51+)";"South";1;"One year";49.15;0;43.21;0;49.15
"CUST-10135";"Female";"2. Adult (31-50)";"West";44;"Monthly";23.33;3;78.02;0;1026.52
"CUST-10136";"Female";"2. Adult (31-50)";"South";39;"One year";51.63;1;43.16;0;2013.57
"CUST-10137";"Non-binary";"3. Senior (51+)";"South";6;"Two year";98.87;1;52.96;0;593.22
"CUST-10138";"Male";"1. Young Adult (18-30)";"North";22;"Two year";55.57;3;58.01;0;1222.54
"CUST-10139";"Non-binary";"4. Unkownn/Missing";"North";5;"Two year";37.74;0;39.54;0;188.7
"CUST-1014";"Male";"3. Senior (51+)";"South";68;"One year";91.32;0;57.81;0;6209.76
"CUST-10140";"Female";"3. Senior (51+)";"West";36;"Two year";113.04;0;62.05;0;4069.44
"CUST-10141";"Female";"3. Senior (51+)";"South";34;"Monthly";107.8;0;11.48;1;3665.2
"CUST-10142";"Male";"3. Senior (51+)";"North";41;"Two year";54.59;0;51.63;0;2238.19
"CUST-10143";"Non-binary";"3. Senior (51+)";"West";2;"Monthly";119.4;0;55.989999999999995;1;238.8
"CUST-10144";"Female";"2. Adult (31-50)";"North";25;"One year";90.59;0;65.38;0;2264.75
"CUST-10145";"Male";"4. Unkownn/Missing";"South";38;"Monthly";33.72;0;61.82;0;1281.36
"CUST-10146";"Male";"4. Unkownn/Missing";"West";1;"Two year";93.92;0;56.97;0;93.92
"CUST-10147";"Male";"4. Unkownn/Missing";"West";71;"Monthly";35.61;0;93.52;1;2528.31
"CUST-10148";"Male";"1. Young Adult (18-30)";"East";11;"Two year";95.3;0;53.43;0;1048.3
"CUST-10149";"Female";"3. Senior (51+)";"West";17;"One year";25.12;0;56.0;0;427.04
"CUST-1015";"Male";"3. Senior (51+)";"North";27;"Monthly";56.76;0;80.29;0;1532.52
"CUST-10150";"Male";"3. Senior (51+)";"West";53;"Monthly";93.25;2;55.3;0;4942.25
"CUST-10151";"Male";"2. Adult (31-50)";"South";40;"One year";76.57;3;54.99;0;3062.8
"CUST-10152";"Male";"3. Senior (51+)";"North";69;"Monthly";28.85;0;57.1;1;1990.65
"CUST-10153";"Male";"2. Adult (31-50)";"South";24;"One year";62.4;0;85.8;1;1497.6
"CUST-10154";"Female";"3. Senior (51+)";"West";2;"Monthly";107.67;0;14.149999999999999;1;215.34
"CUST-10155";"Non-binary";"1. Young Adult (18-30)";"South";2;"Monthly";29.98;2;42.67;1;59.96
"CUST-10156";"Non-binary";"3. Senior (51+)";"South";19;"Monthly";52.48;1;89.03;0;997.12
"CUST-10157";"Female";"1. Young Adult (18-30)";"North";65;"One year";44.34;0;55.95;0;2882.1
"CUST-10158";"Non-binary";"2. Adult (31-50)";"South";5;"Two year";34.35;0;52.760000000000005;0;171.75
"CUST-10159";"Male";"3. Senior (51+)";"North";28;"Monthly";53.63;2;53.86;0;1501.64
"CUST-1016";"Male";"2. Adult (31-50)";"South";44;"Monthly";113.27;0;64.77;0;4983.88
"CUST-10160";"Female";"3. Senior (51+)";"South";67;"One year";63.08;2;40.44;0;4226.36
"CUST-10161";"Female";"1. Young Adult (18-30)";"West";23;"Monthly";103.78;0;56.11;1;2386.94
"CUST-10162";"Male";"2. Adult (31-50)";"West";26;"Two year";23.22;3;43.27;0;603.72
"CUST-10163";"Female";"2. Adult (31-50)";"East";67;"Monthly";45.88;10;27.21;1;3073.96
"CUST-10164";"Male";"1. Young Adult (18-30)";"West";9;"Monthly";31.83;0;58.05;0;286.47
"CUST-10165";"Non-binary";"1. Young Adult (18-30)";"North";39;"Monthly";119.56;0;59.64;1;4662.84
"CUST-10166";"Male";"3. Senior (51+)";"East";47;"One year";93.77;0;27.76;1;4407.19
"CUST-10167";"Female";"3. Senior (51+)";"South";43;"Monthly";66.36;1;82.35;1;2853.48
"CUST-10168";"Female";"4. Unkownn/Missing";"South";10;"Monthly";27.13;1;47.69;0;271.3
"CUST-10169";"Male";"1. Young Adult (18-30)";"East";55;"Monthly";69.07;0;55.58;0;3798.85
"CUST-1017";"Male";"1. Young Adult (18-30)";"West";2;"Monthly";58.34;0;63.510000000000005;1;116.68
"CUST-10170";"Female";"3. Senior (51+)";"East";39;"Monthly";76.89;0;59.64;1;2998.71
"CUST-10171";"Female";"1. Young Adult (18-30)";"East";47;"One year";25.69;0;12.07;0;1207.43
"CUST-10172";"Female";"1. Young Adult (18-30)";"West";70;"Monthly";40.81;0;58.23;1;2856.7
"CUST-10173";"Male";"3. Senior (51+)";"North";38;"Monthly";110.6;0;85.92;1;4202.8
"CUST-10174";"Non-binary";"2. Adult (31-50)";"North";56;"Monthly";89.95;0;63.17;0;5037.2
"CUST-10175";"Male";"2. Adult (31-50)";"South";2;"Two year";83.77;7;1.5199999999999996;0;167.54
"CUST-10176";"Female";"1. Young Adult (18-30)";"West";39;"Two year";25.14;0;59.64;0;980.46
"CUST-10177";"Female";"3. Senior (51+)";"North";7;"Monthly";64.37;2;59.79;0;450.59
"CUST-10178";"Female";"4. Unkownn/Missing";"North";58;"Monthly";112.97;0;56.15;1;6552.26
"CUST-10179";"Non-binary";"3. Senior (51+)";"West";0;"Monthly";68.56;0;44.44;0;0.0
"CUST-1018";"Female";"2. Adult (31-50)";"North";67;"Two year";69.66;3;57.35;0;4667.22
"CUST-10180";"Female";"3. Senior (51+)";"North";49;"One year";118.35;0;54.7;0;5799.15
"CUST-10181";"Male";"3. Senior (51+)";"North";7;"One year";27.99;0;59.79;0;195.93
"CUST-10182";"Female";"2. Adult (31-50)";"South";58;"Two year";78.79;4;35.88;0;4569.82
"CUST-10183";"Female";"3. Senior (51+)";"East";30;"Two year";92.29;0;21.53;0;2768.7
"CUST-10184";"Non-binary";"1. Young Adult (18-30)";"East";60;"Monthly";87.29;0;84.75;1;5237.4
"CUST-10185";"Female";"2. Adult (31-50)";"North";52;"Monthly";101.02;1;50.12;1;5253.04
"CUST-10186";"Male";"1. Young Adult (18-30)";"North";47;"One year";25.04;0;52.58;0;1176.88
"CUST-10187";"Female";"3. Senior (51+)";"South";21;"Monthly";118.86;4;10.49;1;2496.06
"CUST-10188";"Male";"3. Senior (51+)";"East";38;"Monthly";27.55;1;10.95;0;1046.9
"CUST-10189";"Male";"1. Young Adult (18-30)";"South";49;"Two year";68.31;4;24.05;1;3347.19
"CUST-1019";"Male";"1. Young Adult (18-30)";"West";4;"Two year";97.84;2;43.31;0;391.36
"CUST-10190";"Female";"2. Adult (31-50)";"North";21;"One year";67.5;0;46.12;0;1417.5
"CUST-10191";"Female";"2. Adult (31-50)";"North";13;"Monthly";78.7;0;56.82;1;1023.1
"CUST-10192";"Male";"3. Senior (51+)";"South";49;"Monthly";69.68;3;54.7;0;3414.32
"CUST-10193";"Female";"1. Young Adult (18-30)";"North";27;"One year";41.29;0;49.9;0;1114.83
"CUST-10194";"Female";"3. Senior (51+)";"North";12;"Monthly";58.47;0;54.82;0;701.64
"CUST-10195";"Female";"3. Senior (51+)";"West";41;"Monthly";102.97;0;39.71;1;4221.77
"CUST-10196";"Male";"3. Senior (51+)";"West";36;"One year";32.23;0;33.36;0;1160.28
"CUST-10197";"Non-binary";"3. Senior (51+)";"West";61;"Monthly";66.52;0;55.13;1;4057.72
"CUST-10198";"Male";"1. Young Adult (18-30)";"South";66;"Monthly";102.73;0;33.0;1;6780.18
"CUST-10199";"Non-binary";"1. Young Adult (18-30)";"West";6;"One year";88.37;0;19.2;1;530.22
"CUST-1020";"Male";"3. Senior (51+)";"North";57;"Two year";102.01;0;73.69;0;5814.57
"CUST-10200";"Female";"4. Unkownn/Missing";"South";51;"Monthly";36.74;2;57.9;0;1873.74
"CUST-10201";"Female";"1. Young Adult (18-30)";"East";64;"Monthly";92.75;2;49.79;1;5936.0
"CUST-10202";"Male";"3. Senior (51+)";"West";65;"One year";64.34;0;55.95;0;4182.1
"CUST-10203";"Female";"1. Young Adult (18-30)";"North";67;"Monthly";108.96;0;52.82;1;7300.32
"CUST-10204";"Male";"1. Young Adult (18-30)";"South";38;"Monthly";33.63;1;48.56;0;1277.94
"CUST-10205";"Female";"3. Senior (51+)";"North";34;"Two year";77.31;1;52.64;0;2628.54
"CUST-10206";"Male";"2. Adult (31-50)";"West";46;"One year";42.5;1;51.24;0;1955.0
"CUST-10207";"Non-binary";"2. Adult (31-50)";"West";21;"Monthly";39.78;0;55.93;0;835.38
"CUST-10208";"Non-binary";"2. Adult (31-50)";"West";59;"Monthly";22.62;1;50.64;1;1334.58
"CUST-10209";"Male";"3. Senior (51+)";"North";19;"One year";59.68;0;55.11;0;1133.92
"CUST-1021";"Male";"3. Senior (51+)";"East";49;"Monthly";38.03;0;54.7;1;1863.47
"CUST-10210";"Male";"2. Adult (31-50)";"South";40;"Monthly";113.19;0;31.49;0;4527.6
"CUST-10211";"Female";"3. Senior (51+)";"West";7;"Two year";81.32;0;59.79;0;569.24
"CUST-10212";"Non-binary";"3. Senior (51+)";"North";63;"One year";49.0;0;54.89;0;3087.0
"CUST-10213";"Female";"3. Senior (51+)";"West";45;"One year";32.67;2;56.4;0;1470.15
"CUST-10214";"Female";"2. Adult (31-50)";"North";29;"Monthly";55.21;2;55.42;0;1601.09
"CUST-10215";"Male";"3. Senior (51+)";"North";50;"Monthly";103.33;1;61.98;1;5166.5
"CUST-10216";"Male";"2. Adult (31-50)";"East";5;"Monthly";114.85;0;39.54;0;574.25
"CUST-10217";"Male";"3. Senior (51+)";"West";52;"One year";31.84;5;39.51;0;1655.68
"CUST-10218";"Non-binary";"2. Adult (31-50)";"South";34;"Monthly";25.4;0;52.64;0;863.6
"CUST-10219";"Female";"3. Senior (51+)";"East";6;"Two year";117.28;0;52.96;1;703.68
"CUST-1022";"Male";"2. Adult (31-50)";"North";71;"Two year";79.08;0;38.68;0;5614.68
"CUST-10220";"Non-binary";"2. Adult (31-50)";"North";36;"Monthly";49.13;0;49.4;1;1768.68
"CUST-10221";"Non-binary";"3. Senior (51+)";"West";48;"Monthly";113.65;0;59.96;1;5455.2
"CUST-10222";"Female";"3. Senior (51+)";"North";10;"Monthly";113.02;0;47.69;0;1130.2
"CUST-10223";"Female";"2. Adult (31-50)";"North";29;"Two year";97.06;0;55.42;0;2814.74
"CUST-10224";"Non-binary";"3. Senior (51+)";"North";47;"Monthly";96.85;0;90.33;1;4551.95
"CUST-10225";"Male";"2. Adult (31-50)";"East";4;"One year";34.83;1;43.31;0;139.32
"CUST-10226";"Female";"2. Adult (31-50)";"North";65;"One year";47.28;2;55.95;0;3073.2
"CUST-10227";"Male";"2. Adult (31-50)";"North";36;"Monthly";20.94;0;95.37;1;753.84
"CUST-10228";"Female";"3. Senior (51+)";"North";29;"One year";97.76;0;57.98;1;2835.04
"CUST-10229";"Female";"3. Senior (51+)";"North";32;"Monthly";35.13;2;44.91;1;1124.16
"CUST-1023";"Male";"1. Young Adult (18-30)";"West";9;"Two year";42.25;3;58.05;0;380.25
"CUST-10230";"Non-binary";"3. Senior (51+)";"West";58;"Monthly";117.66;0;56.15;0;6824.28
"CUST-10231";"Male";"1. Young Adult (18-30)";"West";41;"Monthly";61.23;0;51.63;0;2510.43
"CUST-10232";"Male";"1. Young Adult (18-30)";"West";72;"Monthly";62.47;0;54.68;1;4497.84
"CUST-10233";"Female";"1. Young Adult (18-30)";"West";66;"Two year";71.88;0;54.86;0;4744.08
"CUST-10234";"Male";"3. Senior (51+)";"West";34;"Monthly";56.69;3;87.08;1;1927.46
"CUST-10235";"Male";"2. Adult (31-50)";"West";41;"Monthly";100.6;0;51.63;0;4124.6
"CUST-10236";"Male";"2. Adult (31-50)";"North";7;"Monthly";88.39;0;59.79;0;618.73
"CUST-10237";"Female";"3. Senior (51+)";"South";28;"One year";53.86;0;53.86;0;1508.08
"CUST-10238";"Female";"2. Adult (31-50)";"North";15;"Monthly";69.73;0;53.77;0;1045.95
"CUST-10239";"Female";"4. Unkownn/Missing";"West";29;"One year";80.08;0;55.42;0;2322.32
"CUST-1024";"Female";"3. Senior (51+)";"East";9;"One year";50.44;0;95.01;0;453.96
"CUST-10240";"Male";"1. Young Adult (18-30)";"West";0;"Monthly";50.89;6;27.25;1;0.0
"CUST-10241";"Female";"3. Senior (51+)";"East";28;"Monthly";101.49;0;50.41;1;2841.72
"CUST-10242";"Female";"4. Unkownn/Missing";"North";23;"Monthly";64.24;0;23.74;0;1477.52
"CUST-10243";"Male";"2. Adult (31-50)";"North";59;"Monthly";22.35;3;83.5;0;1318.65
"CUST-10244";"Non-binary";"3. Senior (51+)";"South";52;"Monthly";91.85;1;20.06;1;4776.2
"CUST-10245";"Female";"1. Young Adult (18-30)";"East";66;"One year";113.33;0;54.86;0;7479.78
"CUST-10246";"Non-binary";"1. Young Adult (18-30)";"West";61;"Monthly";114.74;0;56.92;1;6999.14
"CUST-10247";"Male";"4. Unkownn/Missing";"West";48;"Two year";79.53;0;59.96;0;3817.44
"CUST-10248";"Non-binary";"4. Unkownn/Missing";"West";38;"Monthly";62.35;0;53.79;0;2369.3
"CUST-10249";"Male";"3. Senior (51+)";"West";10;"One year";25.67;0;28.77;0;256.7
"CUST-1025";"Female";"1. Young Adult (18-30)";"West";1;"Monthly";32.95;1;43.21;0;32.95
"CUST-10250";"Female";"1. Young Adult (18-30)";"West";31;"Monthly";53.89;1;51.61;1;1670.59
"CUST-10251";"Female";"3. Senior (51+)";"South";59;"Monthly";21.56;0;50.64;1;1272.04
"CUST-10252";"Non-binary";"3. Senior (51+)";"North";71;"Two year";40.24;8;16.28;0;2857.04
"CUST-10253";"Female";"2. Adult (31-50)";"East";32;"Monthly";109.01;0;70.34;1;3488.32
"CUST-10254";"Female";"3. Senior (51+)";"South";59;"Monthly";24.2;3;50.64;0;1427.8
"CUST-10255";"Female";"3. Senior (51+)";"South";51;"Monthly";86.84;0;57.9;1;4428.84
"CUST-10256";"Non-binary";"2. Adult (31-50)";"North";22;"Two year";102.91;0;58.01;0;2264.02
"CUST-10257";"Female";"2. Adult (31-50)";"West";10;"One year";52.39;1;73.13;0;523.9
"CUST-10258";"Female";"3. Senior (51+)";"North";60;"Monthly";40.68;2;57.22;1;2440.8
"CUST-10259";"Male";"3. Senior (51+)";"West";32;"One year";52.54;3;51.91;0;1681.28
"CUST-1026";"Female";"3. Senior (51+)";"North";19;"One year";76.93;3;55.11;0;1461.67
"CUST-10260";"Non-binary";"3. Senior (51+)";"West";52;"Two year";88.82;0;54.79;0;4618.64
"CUST-10261";"Female";"3. Senior (51+)";"North";22;"Two year";58.34;2;67.24;0;1283.48
"CUST-10262";"Male";"3. Senior (51+)";"South";57;"One year";56.0;0;58.76;0;3192.0
"CUST-10263";"Female";"3. Senior (51+)";"South";8;"One year";98.03;3;56.44;0;784.24
"CUST-10264";"Female";"3. Senior (51+)";"West";20;"Monthly";95.09;0;53.01;1;1901.8
"CUST-10265";"Male";"3. Senior (51+)";"North";51;"Monthly";23.83;0;63.55;0;1215.33
"CUST-10266";"Male";"3. Senior (51+)";"South";11;"One year";35.71;0;53.43;0;392.81
"CUST-10267";"Female";"1. Young Adult (18-30)";"South";53;"Monthly";78.04;0;36.47;1;4136.12
"CUST-10268";"Male";"3. Senior (51+)";"North";24;"One year";48.75;0;60.57;0;1170.0
"CUST-10269";"Non-binary";"1. Young Adult (18-30)";"West";64;"Monthly";54.81;3;49.79;0;3507.84
"CUST-1027";"Male";"2. Adult (31-50)";"West";9;"Monthly";72.65;1;88.35;0;653.85
"CUST-10270";"Female";"3. Senior (51+)";"South";18;"One year";28.53;0;34.14;0;513.54
"CUST-10271";"Male";"2. Adult (31-50)";"South";72;"Monthly";31.19;3;52.36;0;2245.68
"CUST-10272";"Female";"2. Adult (31-50)";"West";61;"Monthly";86.49;0;52.04;0;5275.89
"CUST-10273";"Female";"3. Senior (51+)";"South";42;"One year";22.38;0;58.5;0;939.96
"CUST-10274";"Female";"3. Senior (51+)";"East";19;"One year";33.55;0;55.11;0;637.45
"CUST-10275";"Female";"2. Adult (31-50)";"East";36;"One year";81.12;0;49.15;0;2920.32
"CUST-10276";"Male";"3. Senior (51+)";"East";2;"One year";64.56;2;70.56;0;129.12
"CUST-10277";"Non-binary";"2. Adult (31-50)";"North";21;"Monthly";24.45;0;85.37;0;513.45
"CUST-10278";"Male";"3. Senior (51+)";"West";6;"Monthly";51.67;0;36.83;1;310.02
"CUST-10279";"Male";"3. Senior (51+)";"South";29;"Monthly";116.72;3;55.42;1;3384.88
"CUST-1028";"Male";"2. Adult (31-50)";"West";64;"Monthly";22.7;5;17.55;1;1452.8
"CUST-10280";"Non-binary";"3. Senior (51+)";"North";39;"One year";49.52;3;98.07;0;1931.28
"CUST-10281";"Female";"3. Senior (51+)";"South";31;"Monthly";95.0;0;51.61;0;2945.0
"CUST-10282";"Male";"1. Young Adult (18-30)";"West";4;"Monthly";63.81;0;15.079999999999998;0;255.24
"CUST-10283";"Non-binary";"3. Senior (51+)";"North";43;"One year";38.46;1;53.15;0;1653.78
"CUST-10284";"Non-binary";"1. Young Adult (18-30)";"West";61;"Monthly";65.42;0;55.13;0;3990.62
"CUST-10285";"Female";"4. Unkownn/Missing";"West";61;"Two year";107.2;0;53.85;0;6539.2
"CUST-10286";"Male";"3. Senior (51+)";"West";10;"Two year";36.42;0;47.69;0;364.2
"CUST-10287";"Non-binary";"3. Senior (51+)";"North";61;"Monthly";25.71;1;55.13;0;1568.31
"CUST-10288";"Male";"3. Senior (51+)";"North";54;"One year";113.71;0;67.07;0;6140.34
"CUST-10289";"Male";"3. Senior (51+)";"East";65;"Monthly";52.57;0;55.95;0;3417.05
"CUST-1029";"Female";"3. Senior (51+)";"South";21;"Monthly";60.54;3;61.72;0;1271.34
"CUST-10290";"Male";"3. Senior (51+)";"North";9;"Monthly";22.37;3;58.05;0;201.33
"CUST-10291";"Male";"2. Adult (31-50)";"North";26;"Monthly";30.0;0;61.62;1;780.0
"CUST-10292";"Female";"3. Senior (51+)";"East";65;"One year";35.21;0;61.37;0;2288.65
"CUST-10293";"Non-binary";"2. Adult (31-50)";"South";47;"Monthly";48.44;0;68.96;0;2276.68
"CUST-10294";"Female";"1. Young Adult (18-30)";"North";30;"Two year";39.01;0;57.44;1;1170.3
"CUST-10295";"Non-binary";"3. Senior (51+)";"East";2;"Monthly";57.25;0;10.920000000000002;1;114.5
"CUST-10296";"Male";"3. Senior (51+)";"South";54;"Monthly";99.11;3;56.4;1;5351.94
"CUST-10297";"Male";"3. Senior (51+)";"West";27;"One year";48.43;0;49.9;0;1307.61
"CUST-10298";"Male";"3. Senior (51+)";"West";55;"Two year";25.87;0;85.77;0;1422.85
"CUST-10299";"Female";"2. Adult (31-50)";"East";39;"Monthly";81.55;1;13.42;1;3180.45
"CUST-1030";"Male";"1. Young Adult (18-30)";"West";57;"Monthly";93.43;3;58.76;0;5325.51
"CUST-10300";"Male";"3. Senior (51+)";"West";39;"One year";51.77;3;32.71;0;2019.03
"CUST-10301";"Female";"2. Adult (31-50)";"West";35;"One year";119.41;0;30.14;1;4179.35
"CUST-10302";"Male";"3. Senior (51+)";"West";30;"Monthly";55.08;0;57.44;1;1652.4
"CUST-10303";"Female";"3. Senior (51+)";"West";61;"Monthly";30.18;3;55.13;0;1840.98
"CUST-10304";"Female";"2. Adult (31-50)";"North";54;"Monthly";59.16;0;56.4;0;3194.64
"CUST-10305";"Male";"1. Young Adult (18-30)";"South";38;"Two year";74.96;0;53.79;0;2848.48
"CUST-10306";"Non-binary";"3. Senior (51+)";"North";64;"Monthly";30.7;0;17.31;1;1964.8
"CUST-10307";"Male";"3. Senior (51+)";"West";21;"Monthly";43.46;3;55.93;0;912.66
"CUST-10308";"Non-binary";"1. Young Adult (18-30)";"West";30;"Monthly";42.56;0;57.44;0;1276.8
"CUST-10309";"Female";"2. Adult (31-50)";"North";39;"One year";52.73;0;19.53;1;2056.47
"CUST-1031";"Female";"4. Unkownn/Missing";"South";32;"Monthly";88.57;2;49.29;0;2834.24
"CUST-10310";"Non-binary";"2. Adult (31-50)";"West";46;"One year";47.01;0;51.24;0;2162.46
"CUST-10311";"Male";"3. Senior (51+)";"East";33;"One year";33.51;3;98.23;0;1105.83
"CUST-10312";"Non-binary";"3. Senior (51+)";"West";33;"Monthly";115.47;0;77.87;1;3810.51
"CUST-10313";"Male";"2. Adult (31-50)";"West";10;"Monthly";26.84;0;64.9;0;268.4
"CUST-10314";"Male";"2. Adult (31-50)";"South";46;"Two year";97.65;1;51.24;0;4491.9
"CUST-10315";"Male";"3. Senior (51+)";"North";68;"Two year";106.27;0;57.81;0;7226.36
"CUST-10316";"Non-binary";"1. Young Adult (18-30)";"South";62;"One year";53.11;0;72.41;0;3292.82
"CUST-10317";"Female";"2. Adult (31-50)";"North";64;"One year";112.5;0;49.79;0;7200.0
"CUST-10318";"Female";"2. Adult (31-50)";"South";66;"Two year";52.98;0;17.2;0;3496.68
"CUST-10319";"Female";"2. Adult (31-50)";"West";0;"Monthly";38.81;0;44.44;0;0.0
"CUST-1032";"Non-binary";"3. Senior (51+)";"North";27;"One year";102.42;4;13.57;1;2765.34
"CUST-10320";"Non-binary";"3. Senior (51+)";"North";20;"Two year";56.35;0;74.47;0;1127.0
"CUST-10321";"Female";"3. Senior (51+)";"West";48;"One year";26.88;0;59.96;0;1290.24
"CUST-10322";"Male";"2. Adult (31-50)";"South";44;"One year";79.9;0;89.43;1;3515.6
"CUST-10323";"Female";"4. Unkownn/Missing";"North";38;"Two year";47.99;1;53.79;0;1823.62
"CUST-10324";"Male";"1. Young Adult (18-30)";"North";10;"Monthly";81.95;0;47.69;0;819.5
"CUST-10325";"Female";"3. Senior (51+)";"East";4;"Monthly";101.02;0;28.0;1;404.08
"CUST-10326";"Male";"1. Young Adult (18-30)";"East";34;"Monthly";73.77;0;52.64;0;2508.18
"CUST-10327";"Female";"1. Young Adult (18-30)";"South";71;"Monthly";65.66;2;54.72;1;4661.86
"CUST-10328";"Non-binary";"2. Adult (31-50)";"North";0;"One year";118.13;2;0.0;0;0.0
"CUST-10329";"Female";"2. Adult (31-50)";"North";55;"Monthly";71.27;0;66.88;1;3919.85
"CUST-1033";"Female";"1. Young Adult (18-30)";"East";23;"Monthly";111.39;0;56.11;0;2561.97
"CUST-10330";"Non-binary";"3. Senior (51+)";"West";16;"One year";58.38;3;70.36;0;934.08
"CUST-10331";"Male";"3. Senior (51+)";"West";21;"Two year";45.4;0;55.93;0;953.4
"CUST-10332";"Female";"2. Adult (31-50)";"North";2;"Two year";39.69;3;77.11;0;79.38
"CUST-10333";"Non-binary";"3. Senior (51+)";"West";66;"Monthly";78.82;4;11.88;1;5202.12
"CUST-10334";"Female";"2. Adult (31-50)";"South";65;"Monthly";23.23;2;55.95;0;1509.95
"CUST-10335";"Male";"2. Adult (31-50)";"South";22;"Monthly";99.1;0;47.9;0;2180.2
"CUST-10336";"Male";"3. Senior (51+)";"West";20;"Two year";33.13;0;76.41;1;662.6
"CUST-10337";"Female";"3. Senior (51+)";"East";14;"Monthly";107.94;3;50.47;1;1511.16
"CUST-10338";"Male";"1. Young Adult (18-30)";"West";1;"One year";88.72;0;43.21;0;88.72
"CUST-10339";"Female";"3. Senior (51+)";"North";57;"Two year";26.91;0;58.76;0;1533.87
"CUST-1034";"Non-binary";"3. Senior (51+)";"West";66;"One year";66.03;0;99.39;0;4357.98
"CUST-10340";"Female";"3. Senior (51+)";"West";7;"Monthly";36.8;0;59.79;1;257.6
"CUST-10341";"Male";"3. Senior (51+)";"South";52;"Two year";71.58;0;54.79;0;3722.16
"CUST-10342";"Female";"2. Adult (31-50)";"South";57;"Monthly";107.11;0;58.76;1;6105.27
"CUST-10343";"Male";"2. Adult (31-50)";"South";53;"One year";83.39;0;55.3;0;4419.67
"CUST-10344";"Male";"3. Senior (51+)";"North";53;"Monthly";86.68;1;25.61;1;4594.04
"CUST-10345";"Non-binary";"3. Senior (51+)";"West";17;"One year";109.37;0;46.71;0;1859.29
"CUST-10346";"Female";"2. Adult (31-50)";"North";32;"Two year";89.53;2;51.91;0;2864.96
"CUST-10347";"Female";"2. Adult (31-50)";"South";35;"One year";30.06;5;33.82;1;1052.1
"CUST-10348";"Female";"4. Unkownn/Missing";"South";62;"One year";92.97;3;52.93;0;5764.14
"CUST-10349";"Female";"4. Unkownn/Missing";"North";59;"Two year";86.88;0;50.64;0;5125.92
"CUST-1035";"Female";"1. Young Adult (18-30)";"North";36;"Monthly";37.82;0;96.52;1;1361.52
"CUST-10350";"Female";"3. Senior (51+)";"West";54;"One year";101.26;0;56.4;0;5468.04
"CUST-10351";"Male";"3. Senior (51+)";"North";53;"Monthly";83.32;0;20.36;1;4415.96
"CUST-10352";"Female";"2. Adult (31-50)";"North";33;"Monthly";118.44;0;89.89;0;3908.52
"CUST-10353";"Female";"2. Adult (31-50)";"South";32;"Monthly";39.94;0;23.38;0;1278.08
"CUST-10354";"Male";"1. Young Adult (18-30)";"South";64;"Monthly";53.3;0;21.42;0;3411.2
"CUST-10355";"Female";"2. Adult (31-50)";"South";39;"Monthly";54.61;0;59.64;1;2129.79
"CUST-10356";"Male";"3. Senior (51+)";"South";37;"Monthly";110.73;0;54.96;0;4097.01
"CUST-10357";"Non-binary";"2. Adult (31-50)";"West";57;"One year";94.26;0;78.68;1;5372.82
"CUST-10358";"Female";"3. Senior (51+)";"North";47;"One year";88.61;0;65.8;0;4164.67
"CUST-10359";"Male";"2. Adult (31-50)";"North";5;"Monthly";54.03;2;39.54;1;270.15
"CUST-1036";"Non-binary";"3. Senior (51+)";"North";38;"One year";81.2;2;53.79;0;3085.6
"CUST-10360";"Non-binary";"2. Adult (31-50)";"East";48;"Monthly";89.03;8;27.95;1;4273.44
"CUST-10361";"Non-binary";"3. Senior (51+)";"North";43;"One year";28.6;2;53.15;0;1229.8
"CUST-10362";"Non-binary";"2. Adult (31-50)";"North";23;"One year";107.73;3;43.08;0;2477.79
"CUST-10363";"Male";"3. Senior (51+)";"South";14;"One year";40.68;0;50.47;0;569.52
"CUST-10364";"Female";"2. Adult (31-50)";"West";4;"Monthly";105.41;3;43.31;1;421.64
"CUST-10365";"Non-binary";"1. Young Adult (18-30)";"West";57;"Two year";45.33;2;53.43;0;2583.81
"CUST-10366";"Non-binary";"3. Senior (51+)";"North";47;"Monthly";118.1;1;52.58;1;5550.7
"CUST-10367";"Male";"3. Senior (51+)";"West";35;"Monthly";65.11;0;56.85;0;2278.85
"CUST-10368";"Male";"1. Young Adult (18-30)";"South";54;"Monthly";111.57;0;56.4;1;6024.78
"CUST-10369";"Female";"2. Adult (31-50)";"West";51;"Two year";47.55;8;13.77;0;2425.05
"CUST-1037";"Female";"3. Senior (51+)";"East";43;"Two year";69.06;2;53.15;0;2969.58
"CUST-10370";"Female";"2. Adult (31-50)";"East";72;"Two year";34.79;3;54.68;1;2504.88
"CUST-10371";"Non-binary";"3. Senior (51+)";"East";38;"Monthly";49.69;0;53.79;1;1888.22
"CUST-10372";"Non-binary";"1. Young Adult (18-30)";"West";21;"One year";60.94;3;55.93;0;1279.74
"CUST-10373";"Female";"3. Senior (51+)";"West";66;"Two year";28.77;5;33.0;1;1898.82
"CUST-10374";"Non-binary";"3. Senior (51+)";"North";38;"One year";41.24;0;53.79;0;1567.12
"CUST-10375";"Female";"3. Senior (51+)";"East";67;"Monthly";118.35;0;52.82;1;7929.45
"CUST-10376";"Female";"3. Senior (51+)";"North";67;"Monthly";43.26;0;59.85;0;2898.42
"CUST-10377";"Female";"3. Senior (51+)";"North";1;"One year";117.32;0;71.06;0;117.32
"CUST-10378";"Non-binary";"3. Senior (51+)";"West";7;"One year";37.67;0;70.44;0;263.69
"CUST-10379";"Female";"2. Adult (31-50)";"North";4;"Monthly";53.32;0;43.31;0;213.28
"CUST-1038";"Female";"3. Senior (51+)";"West";38;"Monthly";61.43;0;23.44;0;2334.34
"CUST-10380";"Female";"2. Adult (31-50)";"North";15;"One year";117.26;0;43.81;1;1758.9
"CUST-10381";"Female";"2. Adult (31-50)";"East";65;"Monthly";79.32;1;77.74;1;5155.8
"CUST-10382";"Female";"1. Young Adult (18-30)";"East";29;"Monthly";61.29;1;55.42;0;1777.41
"CUST-10383";"Female";"2. Adult (31-50)";"South";1;"Two year";104.69;0;43.21;0;104.69
"CUST-10384";"Male";"1. Young Adult (18-30)";"West";0;"Monthly";102.1;0;71.96;1;0.0
"CUST-10385";"Male";"3. Senior (51+)";"East";49;"Monthly";75.01;0;54.7;0;3675.49
"CUST-10386";"Male";"3. Senior (51+)";"West";55;"Two year";116.04;0;77.73;0;6382.2
"CUST-10387";"Female";"3. Senior (51+)";"East";2;"Monthly";95.26;0;40.66;1;190.52
"CUST-10388";"Female";"2. Adult (31-50)";"South";66;"One year";46.73;3;46.02;0;3084.18
"CUST-10389";"Female";"3. Senior (51+)";"East";30;"Monthly";98.4;0;70.8;1;2952.0
"CUST-1039";"Non-binary";"2. Adult (31-50)";"North";25;"One year";69.7;0;57.71;0;1742.5
"CUST-10390";"Male";"2. Adult (31-50)";"West";24;"One year";112.06;1;50.66;0;2689.44
"CUST-10391";"Female";"2. Adult (31-50)";"North";15;"Monthly";72.22;3;16.84;0;1083.3
"CUST-10392";"Male";"3. Senior (51+)";"North";44;"Monthly";65.91;0;56.45;0;2900.04
"CUST-10393";"Female";"2. Adult (31-50)";"South";17;"Monthly";54.39;0;93.57;1;924.63
"CUST-10394";"Non-binary";"3. Senior (51+)";"North";46;"One year";47.6;0;51.24;0;2189.6
"CUST-10395";"Male";"3. Senior (51+)";"North";69;"One year";107.42;0;57.1;0;7411.98
"CUST-10396";"Female";"3. Senior (51+)";"North";24;"Monthly";119.8;1;50.66;1;2875.2
"CUST-10397";"Non-binary";"3. Senior (51+)";"South";11;"Two year";119.16;0;53.43;0;1310.76
"CUST-10398";"Non-binary";"1. Young Adult (18-30)";"North";38;"Two year";58.77;0;18.18;0;2233.26
"CUST-10399";"Female";"2. Adult (31-50)";"North";9;"Monthly";25.65;0;58.05;1;230.85
"CUST-1040";"Male";"3. Senior (51+)";"North";37;"One year";107.5;3;54.96;0;3977.5
"CUST-10400";"Female";"3. Senior (51+)";"South";22;"Monthly";51.76;3;58.01;1;1138.72
"CUST-10401";"Female";"2. Adult (31-50)";"South";9;"Two year";96.8;1;58.05;0;871.2
"CUST-10402";"Non-binary";"2. Adult (31-50)";"North";67;"One year";63.5;2;52.82;0;4254.5
"CUST-10403";"Non-binary";"3. Senior (51+)";"North";56;"One year";56.32;2;89.9;0;3153.92
"CUST-10404";"Female";"3. Senior (51+)";"South";32;"Two year";72.67;0;51.91;0;2325.44
"CUST-10405";"Female";"2. Adult (31-50)";"West";9;"Monthly";62.7;3;58.05;1;564.3
"CUST-10406";"Male";"3. Senior (51+)";"North";69;"Two year";108.48;3;57.1;0;7485.12
"CUST-10407";"Non-binary";"2. Adult (31-50)";"North";14;"Monthly";98.25;2;19.01;1;1375.5
"CUST-10408";"Male";"3. Senior (51+)";"South";6;"One year";115.25;0;21.61;0;691.5
"CUST-10409";"Male";"2. Adult (31-50)";"East";31;"Monthly";114.97;9;30.02;1;3564.07
"CUST-1041";"Female";"2. Adult (31-50)";"South";42;"Monthly";34.89;0;84.89;1;1465.38
"CUST-10410";"Female";"3. Senior (51+)";"South";64;"Two year";58.43;3;41.71;0;3739.52
"CUST-10411";"Non-binary";"2. Adult (31-50)";"North";1;"One year";115.63;2;43.21;1;115.63
"CUST-10412";"Male";"3. Senior (51+)";"West";15;"Two year";54.82;0;87.5;0;822.3
"CUST-10413";"Female";"3. Senior (51+)";"East";51;"Monthly";65.24;0;84.4;0;3327.24
"CUST-10414";"Female";"2. Adult (31-50)";"West";17;"Two year";52.01;2;56.0;0;884.17
"CUST-10415";"Female";"3. Senior (51+)";"South";57;"Monthly";28.08;0;58.76;0;1600.56
"CUST-10416";"Non-binary";"1. Young Adult (18-30)";"South";16;"Monthly";111.54;0;57.1;0;1784.64
"CUST-10417";"Male";"3. Senior (51+)";"West";16;"One year";20.66;0;75.61;0;330.56
"CUST-10418";"Male";"2. Adult (31-50)";"South";28;"Two year";58.76;0;45.19;0;1645.28
"CUST-10419";"Male";"4. Unkownn/Missing";"East";33;"Monthly";25.27;3;54.53;1;833.91
"CUST-1042";"Non-binary";"4. Unkownn/Missing";"West";25;"One year";65.35;0;57.71;0;1633.75
"CUST-10420";"Female";"3. Senior (51+)";"West";10;"Two year";50.97;0;64.12;0;509.7
"CUST-10421";"Female";"4. Unkownn/Missing";"North";59;"Monthly";114.76;3;24.63;1;6770.84
"CUST-10422";"Female";"2. Adult (31-50)";"East";13;"Two year";63.5;1;56.82;1;825.5
"CUST-10423";"Female";"3. Senior (51+)";"South";50;"Monthly";95.0;0;56.23;1;4750.0
"CUST-10424";"Male";"2. Adult (31-50)";"East";55;"Monthly";30.56;3;49.14;0;1680.8
"CUST-10425";"Non-binary";"1. Young Adult (18-30)";"North";33;"Two year";84.69;1;54.53;0;2794.77
"CUST-10426";"Male";"3. Senior (51+)";"South";9;"Two year";115.59;0;58.05;0;1040.31
"CUST-10427";"Male";"2. Adult (31-50)";"South";55;"Monthly";72.17;0;56.08;1;3969.35
"CUST-10428";"Non-binary";"1. Young Adult (18-30)";"West";51;"One year";78.74;0;56.56;0;4015.74
"CUST-10429";"Female";"3. Senior (51+)";"South";43;"Monthly";33.73;0;47.73;0;1450.39
"CUST-1043";"Female";"3. Senior (51+)";"North";38;"Monthly";42.02;0;93.85;1;1596.76
"CUST-10430";"Non-binary";"3. Senior (51+)";"South";3;"One year";110.39;0;42.33;1;331.17
"CUST-10431";"Female";"3. Senior (51+)";"West";65;"Two year";59.62;0;22.5;0;3875.3
"CUST-10432";"Female";"2. Adult (31-50)";"North";9;"One year";51.67;0;77.0;0;465.03
"CUST-10433";"Female";"2. Adult (31-50)";"West";72;"Monthly";112.33;0;81.43;1;8087.76
"CUST-10434";"Male";"3. Senior (51+)";"South";71;"Monthly";65.82;0;54.72;0;4673.22
"CUST-10435";"Male";"2. Adult (31-50)";"South";0;"Two year";114.64;0;44.44;0;0.0
"CUST-10436";"Female";"1. Young Adult (18-30)";"East";60;"One year";60.94;0;37.78;0;3656.4
"CUST-10437";"Non-binary";"3. Senior (51+)";"North";12;"Monthly";102.32;0;54.82;1;1227.84
"CUST-10438";"Non-binary";"3. Senior (51+)";"West";62;"Monthly";116.21;1;52.93;1;7205.02
"CUST-10439";"Male";"3. Senior (51+)";"North";6;"Monthly";48.87;3;12.71;1;293.22
"CUST-1044";"Female";"1. Young Adult (18-30)";"North";19;"Monthly";117.57;0;27.94;1;2233.83
"CUST-10440";"Male";"2. Adult (31-50)";"North";29;"Two year";64.33;0;55.42;0;1865.57
"CUST-10441";"Female";"3. Senior (51+)";"South";14;"Monthly";68.16;0;50.47;1;954.24
"CUST-10442";"Male";"3. Senior (51+)";"North";21;"Two year";54.93;0;37.87;0;1153.53
"CUST-10443";"Female";"3. Senior (51+)";"North";22;"Monthly";48.96;1;58.01;0;1077.12
"CUST-10444";"Female";"3. Senior (51+)";"West";55;"One year";83.06;0;55.71;0;4568.3
"CUST-10445";"Female";"2. Adult (31-50)";"West";9;"Monthly";38.63;1;41.31;0;347.67
"CUST-10446";"Male";"2. Adult (31-50)";"West";49;"Monthly";118.08;0;85.03;0;5785.92
"CUST-10447";"Male";"2. Adult (31-50)";"North";21;"Two year";88.41;1;89.98;0;1856.61
"CUST-10448";"Female";"3. Senior (51+)";"East";7;"One year";39.54;0;59.79;0;276.78
"CUST-10449";"Male";"3. Senior (51+)";"East";72;"Monthly";80.47;7;30.36;1;5793.84
"CUST-1045";"Male";"3. Senior (51+)";"South";19;"Monthly";100.08;0;55.11;1;1901.52
"CUST-10450";"Male";"1. Young Adult (18-30)";"South";30;"One year";82.25;0;57.44;0;2467.5
"CUST-10451";"Male";"4. Unkownn/Missing";"South";66;"Two year";24.12;2;69.87;0;1591.92
"CUST-10452";"Male";"2. Adult (31-50)";"West";2;"Two year";113.71;0;42.67;0;227.42
"CUST-10453";"Male";"3. Senior (51+)";"South";47;"One year";25.39;0;52.58;0;1193.33
"CUST-10454";"Male";"3. Senior (51+)";"North";44;"One year";62.21;3;27.54;0;2737.24
"CUST-10455";"Female";"2. Adult (31-50)";"South";12;"Monthly";72.04;2;54.82;0;864.48
"CUST-10456";"Female";"2. Adult (31-50)";"South";64;"Monthly";119.2;2;49.79;1;7628.8
"CUST-10457";"Male";"3. Senior (51+)";"East";23;"Monthly";64.77;0;56.11;0;1489.71
"CUST-10458";"Female";"1. Young Adult (18-30)";"East";11;"One year";53.32;3;43.69;0;586.52
"CUST-10459";"Female";"3. Senior (51+)";"North";6;"Monthly";99.52;2;52.96;1;597.12
"CUST-1046";"Non-binary";"2. Adult (31-50)";"South";38;"One year";117.67;2;53.79;0;4471.46
"CUST-10460";"Female";"3. Senior (51+)";"South";10;"One year";113.6;0;47.69;0;1136.0
"CUST-10461";"Male";"1. Young Adult (18-30)";"East";23;"One year";105.25;0;12.01;1;2420.75
"CUST-10462";"Female";"3. Senior (51+)";"North";6;"Two year";62.45;1;52.96;1;374.7
"CUST-10463";"Female";"2. Adult (31-50)";"South";10;"Two year";45.0;2;47.69;0;450.0
"CUST-10464";"Female";"3. Senior (51+)";"South";15;"Two year";115.28;4;36.76;0;1729.2
"CUST-10465";"Non-binary";"3. Senior (51+)";"South";56;"Two year";33.28;0;63.17;0;1863.68
"CUST-10466";"Non-binary";"1. Young Adult (18-30)";"South";37;"One year";34.55;0;54.96;0;1278.35
"CUST-10467";"Female";"3. Senior (51+)";"East";35;"Monthly";34.54;0;56.85;0;1208.9
"CUST-10468";"Female";"3. Senior (51+)";"South";69;"Two year";67.32;1;57.1;0;4645.08
"CUST-10469";"Non-binary";"2. Adult (31-50)";"East";45;"One year";92.65;3;56.4;0;4169.25
"CUST-1047";"Female";"1. Young Adult (18-30)";"West";15;"One year";112.85;2;51.04;0;1692.75
"CUST-10470";"Female";"2. Adult (31-50)";"West";2;"Monthly";88.83;3;54.95;1;177.66
"CUST-10471";"Female";"1. Young Adult (18-30)";"West";41;"Monthly";52.74;0;79.47;1;2162.34
"CUST-10472";"Male";"1. Young Adult (18-30)";"East";27;"Monthly";86.92;3;49.9;1;2346.84
"CUST-10473";"Non-binary";"3. Senior (51+)";"West";26;"Two year";61.42;0;34.75;0;1596.92
"CUST-10474";"Male";"2. Adult (31-50)";"West";63;"Monthly";70.74;1;54.89;0;4456.62
"CUST-10475";"Female";"3. Senior (51+)";"North";21;"Two year";95.37;0;55.93;0;2002.77
"CUST-10476";"Male";"3. Senior (51+)";"South";23;"Monthly";21.95;0;56.11;1;504.85
"CUST-10477";"Male";"2. Adult (31-50)";"West";66;"Monthly";77.47;0;23.11;1;5113.02
"CUST-10478";"Female";"1. Young Adult (18-30)";"East";29;"Monthly";94.72;3;55.42;1;2746.88
"CUST-10479";"Female";"3. Senior (51+)";"West";38;"One year";29.64;0;53.79;1;1126.32
"CUST-1048";"Non-binary";"2. Adult (31-50)";"North";6;"Monthly";35.15;1;52.96;0;210.9
"CUST-10480";"Male";"1. Young Adult (18-30)";"East";7;"One year";39.32;0;59.79;0;275.24
"CUST-10481";"Non-binary";"1. Young Adult (18-30)";"North";46;"Two year";69.17;3;51.24;0;3181.82
"CUST-10482";"Male";"3. Senior (51+)";"North";20;"One year";66.08;0;53.01;1;1321.6
"CUST-10483";"Female";"1. Young Adult (18-30)";"North";69;"One year";22.29;0;57.1;0;1538.01
"CUST-10484";"Female";"2. Adult (31-50)";"North";65;"Two year";95.22;0;70.98;0;6189.3
"CUST-10485";"Non-binary";"2. Adult (31-50)";"West";63;"Two year";49.45;6;22.91;1;3115.35
"CUST-10486";"Female";"3. Senior (51+)";"East";48;"Monthly";80.46;2;59.96;1;3862.08
"CUST-10487";"Female";"3. Senior (51+)";"West";45;"Monthly";64.19;3;56.4;0;2888.55
"CUST-10488";"Female";"2. Adult (31-50)";"South";40;"One year";106.04;3;22.35;1;4241.6
"CUST-10489";"Male";"3. Senior (51+)";"West";69;"One year";112.3;0;57.1;0;7748.7
"CUST-1049";"Female";"4. Unkownn/Missing";"South";69;"Monthly";113.57;0;62.68;1;7836.33
"CUST-10490";"Male";"3. Senior (51+)";"West";15;"Two year";114.27;1;53.77;0;1714.05
"CUST-10491";"Female";"2. Adult (31-50)";"West";63;"Monthly";99.42;0;54.89;1;6263.46
"CUST-10492";"Non-binary";"3. Senior (51+)";"North";25;"One year";66.86;2;57.71;0;1671.5
"CUST-10493";"Non-binary";"3. Senior (51+)";"East";30;"Monthly";27.52;0;57.44;0;825.6
"CUST-10494";"Female";"3. Senior (51+)";"South";35;"Monthly";97.08;0;56.85;1;3397.8
"CUST-10495";"Male";"3. Senior (51+)";"West";63;"Two year";116.35;1;54.89;1;7330.05
"CUST-10496";"Female";"3. Senior (51+)";"West";66;"Monthly";69.25;0;20.59;1;4570.5
"CUST-10497";"Male";"2. Adult (31-50)";"South";72;"Two year";24.97;1;39.76;0;1797.84
"CUST-10498";"Male";"2. Adult (31-50)";"North";72;"Two year";49.08;1;25.52;0;3533.76
"CUST-10499";"Non-binary";"3. Senior (51+)";"South";60;"Two year";24.77;0;57.22;0;1486.2
"CUST-1050";"Non-binary";"3. Senior (51+)";"East";59;"Monthly";110.11;0;54.47;1;6496.49
"CUST-10500";"Female";"3. Senior (51+)";"South";72;"Monthly";84.12;0;96.92;1;6056.64
"CUST-10501";"Male";"3. Senior (51+)";"West";44;"One year";39.83;0;56.45;0;1752.52
"CUST-10502";"Female";"2. Adult (31-50)";"North";37;"Two year";62.54;0;97.19;0;2313.98
"CUST-10503";"Female";"1. Young Adult (18-30)";"West";28;"Two year";60.66;3;53.86;0;1698.48
"CUST-10504";"Female";"1. Young Adult (18-30)";"West";15;"One year";89.69;8;33.89;1;1345.35
"CUST-10505";"Female";"3. Senior (51+)";"South";32;"One year";84.08;2;51.91;0;2690.56
"CUST-10506";"Non-binary";"1. Young Adult (18-30)";"North";1;"Monthly";41.29;2;43.21;0;41.29
"CUST-10507";"Female";"3. Senior (51+)";"South";56;"Monthly";41.95;3;63.17;0;2349.2
"CUST-10508";"Female";"3. Senior (51+)";"West";10;"One year";79.04;0;47.69;0;790.4
"CUST-10509";"Male";"1. Young Adult (18-30)";"North";7;"Two year";70.56;0;56.4;0;493.92
"CUST-1051";"Female";"3. Senior (51+)";"East";48;"One year";92.47;0;60.48;0;4438.56
"CUST-10510";"Non-binary";"2. Adult (31-50)";"South";71;"Monthly";108.35;1;54.72;1;7692.85
"CUST-10511";"Male";"4. Unkownn/Missing";"North";2;"Monthly";35.16;7;4.66;1;70.32
"CUST-10512";"Female";"2. Adult (31-50)";"North";35;"Monthly";51.64;1;93.07;0;1807.4
"CUST-10513";"Male";"3. Senior (51+)";"South";11;"Monthly";93.44;0;82.81;1;1027.84
"CUST-10514";"Male";"3. Senior (51+)";"North";35;"Monthly";102.67;0;74.84;1;3593.45
"CUST-10515";"Male";"2. Adult (31-50)";"North";68;"One year";118.74;0;57.81;0;8074.32
"CUST-10516";"Male";"1. Young Adult (18-30)";"North";5;"Monthly";73.7;0;39.54;1;368.5
"CUST-10517";"Male";"3. Senior (51+)";"North";61;"One year";112.63;0;55.13;0;6870.43
"CUST-10518";"Male";"3. Senior (51+)";"North";63;"One year";81.48;0;54.89;0;5133.24
"CUST-10519";"Female";"1. Young Adult (18-30)";"North";62;"Monthly";91.65;0;65.99;1;5682.3
"CUST-1052";"Female";"3. Senior (51+)";"West";5;"Two year";88.39;0;39.54;0;441.95
"CUST-10520";"Female";"3. Senior (51+)";"West";34;"Monthly";30.38;7;15.7;1;1032.92
"CUST-10521";"Male";"1. Young Adult (18-30)";"North";20;"Monthly";29.63;3;37.46;0;592.6
"CUST-10522";"Female";"3. Senior (51+)";"West";50;"One year";55.94;1;27.57;1;2797.0
"CUST-10523";"Male";"3. Senior (51+)";"North";54;"Monthly";87.61;0;56.4;1;4730.94
"CUST-10524";"Male";"3. Senior (51+)";"West";69;"Monthly";53.96;3;57.1;1;3723.24
"CUST-10525";"Non-binary";"2. Adult (31-50)";"West";27;"One year";65.49;0;49.9;0;1768.23
"CUST-10526";"Female";"3. Senior (51+)";"West";2;"Monthly";107.57;0;60.34;0;215.14
"CUST-10527";"Non-binary";"3. Senior (51+)";"South";9;"One year";106.45;0;86.92;0;958.05
"CUST-10528";"Male";"4. Unkownn/Missing";"South";39;"One year";31.82;0;82.27;0;1240.98
"CUST-10529";"Female";"3. Senior (51+)";"West";38;"One year";92.24;3;83.04;0;3505.12
"CUST-1053";"Non-binary";"3. Senior (51+)";"North";41;"Two year";21.79;0;51.63;0;893.39
"CUST-10530";"Male";"2. Adult (31-50)";"South";51;"Monthly";25.3;2;57.9;1;1290.3
"CUST-10531";"Male";"2. Adult (31-50)";"West";25;"Monthly";77.25;0;38.49;0;1931.25
"CUST-10532";"Non-binary";"2. Adult (31-50)";"East";21;"Monthly";82.31;3;55.93;0;1728.51
"CUST-10533";"Male";"2. Adult (31-50)";"East";0;"Monthly";31.64;2;44.44;1;0.0
"CUST-10534";"Female";"3. Senior (51+)";"West";68;"Monthly";53.66;3;84.25;1;3648.88
"CUST-10535";"Female";"2. Adult (31-50)";"North";3;"Monthly";113.57;0;42.33;1;340.71
"CUST-10536";"Male";"2. Adult (31-50)";"West";60;"Two year";95.31;0;57.22;0;5718.6
"CUST-10537";"Male";"4. Unkownn/Missing";"South";10;"Monthly";44.5;1;41.27;0;445.0
"CUST-10538";"Male";"3. Senior (51+)";"North";57;"Monthly";97.63;0;82.52;1;5564.91
"CUST-10539";"Male";"1. Young Adult (18-30)";"South";56;"One year";101.02;0;63.17;1;5657.12
"CUST-1054";"Female";"3. Senior (51+)";"West";31;"Two year";36.31;0;51.61;0;1125.61
"CUST-10540";"Female";"1. Young Adult (18-30)";"West";64;"Two year";103.09;0;78.23;0;6597.76
"CUST-10541";"Female";"3. Senior (51+)";"North";18;"Monthly";23.19;3;51.92;0;417.42
"CUST-10542";"Male";"2. Adult (31-50)";"North";59;"One year";88.83;0;50.64;1;5240.97
"CUST-10543";"Female";"3. Senior (51+)";"West";22;"Two year";97.31;7;23.49;0;2140.82
"CUST-10544";"Female";"4. Unkownn/Missing";"North";40;"One year";95.01;0;54.99;0;3800.4
"CUST-10545";"Male";"3. Senior (51+)";"North";3;"One year";88.92;0;42.33;0;266.76
"CUST-10546";"Female";"2. Adult (31-50)";"West";26;"Two year";22.05;3;61.62;0;573.3
"CUST-10547";"Female";"3. Senior (51+)";"North";25;"One year";70.35;0;57.71;0;1758.75
"CUST-10548";"Female";"3. Senior (51+)";"North";17;"One year";106.94;0;56.0;1;1817.98
"CUST-10549";"Male";"2. Adult (31-50)";"East";2;"Two year";31.62;1;42.67;0;63.24
"CUST-1055";"Female";"3. Senior (51+)";"North";3;"Monthly";47.88;0;42.33;1;143.64
"CUST-10550";"Male";"3. Senior (51+)";"West";12;"Two year";69.29;0;54.82;0;831.48
"CUST-10551";"Non-binary";"3. Senior (51+)";"South";48;"Two year";37.11;0;40.29;0;1781.28
"CUST-10552";"Male";"1. Young Adult (18-30)";"South";62;"Monthly";39.7;0;52.93;1;2461.4
"CUST-10553";"Female";"3. Senior (51+)";"North";8;"Monthly";88.85;0;56.44;1;710.8
"CUST-10554";"Female";"3. Senior (51+)";"North";27;"One year";93.85;0;10.86;1;2533.95
"CUST-10555";"Non-binary";"1. Young Adult (18-30)";"East";45;"Monthly";42.75;0;47.47;1;1923.75
"CUST-10556";"Male";"1. Young Adult (18-30)";"West";14;"Monthly";107.21;0;50.47;0;1500.94
"CUST-10557";"Non-binary";"3. Senior (51+)";"South";8;"Two year";103.68;10;26.85;1;829.44
"CUST-10558";"Female";"3. Senior (51+)";"North";33;"Monthly";88.42;2;54.53;0;2917.86
"CUST-10559";"Male";"2. Adult (31-50)";"South";6;"One year";30.07;7;18.71;1;180.42
"CUST-1056";"Female";"3. Senior (51+)";"North";35;"Monthly";83.67;0;56.85;0;2928.45
"CUST-10560";"Female";"1. Young Adult (18-30)";"East";58;"One year";38.86;0;56.15;1;2253.88
"CUST-10561";"Male";"3. Senior (51+)";"North";10;"Monthly";34.1;0;47.69;1;341.0
"CUST-10562";"Male";"1. Young Adult (18-30)";"South";1;"Two year";112.54;0;43.21;0;112.54
"CUST-10563";"Non-binary";"2. Adult (31-50)";"East";37;"Monthly";82.72;0;54.96;1;3060.64
"CUST-10564";"Male";"3. Senior (51+)";"North";35;"Monthly";47.12;1;81.32;1;1649.2
"CUST-10565";"Non-binary";"1. Young Adult (18-30)";"West";51;"Two year";82.38;0;57.9;1;4201.38
"CUST-10566";"Male";"1. Young Adult (18-30)";"East";25;"One year";96.76;0;57.71;0;2419.0
"CUST-10567";"Male";"2. Adult (31-50)";"South";26;"Two year";43.32;0;91.28;0;1126.32
"CUST-10568";"Female";"2. Adult (31-50)";"North";64;"One year";54.08;2;22.39;1;3461.12
"CUST-10569";"Male";"3. Senior (51+)";"North";30;"One year";31.31;0;57.44;0;939.3
"CUST-1057";"Male";"1. Young Adult (18-30)";"North";64;"Two year";67.23;1;96.55;0;4302.72
"CUST-10570";"Female";"3. Senior (51+)";"North";62;"One year";64.47;0;78.61;0;3997.14
"CUST-10571";"Male";"3. Senior (51+)";"West";34;"One year";61.97;0;52.64;0;2106.98
"CUST-10572";"Non-binary";"1. Young Adult (18-30)";"North";15;"Two year";104.52;0;48.81;1;1567.8
"CUST-10573";"Female";"2. Adult (31-50)";"South";26;"One year";76.72;3;49.31;0;1994.72
"CUST-10574";"Male";"3. Senior (51+)";"South";19;"Two year";119.34;3;55.22;0;2267.46
"CUST-10575";"Female";"4. Unkownn/Missing";"North";45;"One year";94.29;0;37.39;0;4243.05
"CUST-10576";"Female";"2. Adult (31-50)";"West";38;"Monthly";30.29;2;43.41;0;1151.02
"CUST-10577";"Female";"3. Senior (51+)";"South";48;"One year";79.73;0;22.09;1;3827.04
"CUST-10578";"Male";"2. Adult (31-50)";"South";64;"Monthly";105.95;0;49.79;1;6780.8
"CUST-10579";"Male";"1. Young Adult (18-30)";"West";7;"Monthly";63.13;0;31.63;1;441.91
"CUST-1058";"Male";"3. Senior (51+)";"South";72;"Two year";119.43;0;20.52;1;8598.96
"CUST-10580";"Non-binary";"3. Senior (51+)";"South";5;"Monthly";90.49;2;1.8299999999999983;1;452.45
"CUST-10581";"Female";"3. Senior (51+)";"North";13;"Two year";85.17;0;75.58;0;1107.21
"CUST-10582";"Male";"2. Adult (31-50)";"West";46;"One year";49.64;0;84.49;0;2283.44
"CUST-10583";"Male";"2. Adult (31-50)";"South";3;"Monthly";53.94;2;46.94;0;161.82
"CUST-10584";"Female";"3. Senior (51+)";"South";65;"One year";42.56;0;55.95;0;2766.4
"CUST-10585";"Female";"3. Senior (51+)";"North";46;"One year";69.3;2;51.24;1;3187.8
"CUST-10586";"Female";"1. Young Adult (18-30)";"North";32;"One year";25.42;1;37.27;0;813.44
"CUST-10587";"Female";"3. Senior (51+)";"East";63;"Monthly";93.63;3;54.89;1;5898.69
"CUST-10588";"Non-binary";"2. Adult (31-50)";"West";38;"One year";72.48;2;53.79;0;2754.24
"CUST-10589";"Female";"3. Senior (51+)";"North";71;"Monthly";43.41;0;54.72;1;3082.11
"CUST-1059";"Female";"2. Adult (31-50)";"East";42;"Monthly";69.19;2;58.5;1;2905.98
"CUST-10590";"Female";"3. Senior (51+)";"West";3;"Two year";26.76;0;4.18;1;80.28
"CUST-10591";"Male";"3. Senior (51+)";"South";71;"Monthly";86.42;0;54.72;0;6135.82
"CUST-10592";"Female";"1. Young Adult (18-30)";"South";12;"Monthly";105.32;3;54.82;0;1263.84
"CUST-10593";"Non-binary";"3. Senior (51+)";"North";21;"One year";57.75;3;55.93;0;1212.75
"CUST-10594";"Male";"3. Senior (51+)";"South";39;"Monthly";44.41;2;49.86;0;1731.99
"CUST-10595";"Female";"2. Adult (31-50)";"North";20;"Monthly";84.52;0;60.45;0;1690.4
"CUST-10596";"Female";"1. Young Adult (18-30)";"West";13;"Monthly";31.85;8;24.09;1;414.05
"CUST-10597";"Non-binary";"1. Young Adult (18-30)";"East";28;"One year";28.53;9;21.13;0;798.84
"CUST-10598";"Male";"3. Senior (51+)";"North";22;"Two year";100.56;1;58.01;0;2212.32
"CUST-10599";"Female";"3. Senior (51+)";"South";29;"Monthly";57.33;0;80.63;1;1662.57
"CUST-1060";"Female";"3. Senior (51+)";"South";54;"Two year";105.36;0;58.9;1;5689.44
"CUST-10600";"Non-binary";"1. Young Adult (18-30)";"West";53;"Monthly";109.69;0;55.3;0;5813.57
"CUST-10601";"Female";"1. Young Adult (18-30)";"West";34;"Monthly";48.68;3;52.64;1;1655.12
"CUST-10602";"Male";"1. Young Adult (18-30)";"West";17;"Monthly";33.16;0;66.25;1;563.72
"CUST-10603";"Non-binary";"3. Senior (51+)";"South";18;"Monthly";24.09;0;51.92;0;433.62
"CUST-10604";"Male";"2. Adult (31-50)";"West";4;"Monthly";57.49;0;43.31;0;229.96
"CUST-10605";"Female";"3. Senior (51+)";"North";59;"One year";41.62;1;39.34;1;2455.58
"CUST-10606";"Non-binary";"3. Senior (51+)";"South";33;"Monthly";81.93;0;62.57;1;2703.69
"CUST-10607";"Male";"2. Adult (31-50)";"East";28;"Monthly";104.41;2;29.65;1;2923.48
"CUST-10608";"Male";"1. Young Adult (18-30)";"North";70;"Monthly";42.07;0;58.23;1;2944.9
"CUST-10609";"Male";"3. Senior (51+)";"East";31;"Monthly";105.26;0;51.61;1;3263.06
"CUST-1061";"Female";"3. Senior (51+)";"West";57;"Monthly";90.64;0;58.76;1;5166.48
"CUST-10610";"Female";"3. Senior (51+)";"North";15;"Monthly";34.64;0;42.56;1;519.6
"CUST-10611";"Non-binary";"3. Senior (51+)";"South";60;"One year";50.05;0;54.1;0;3003.0
"CUST-10612";"Male";"1. Young Adult (18-30)";"South";22;"Monthly";113.68;2;52.94;1;2500.96
"CUST-10613";"Female";"1. Young Adult (18-30)";"East";71;"Monthly";88.7;7;32.97;1;6297.7
"CUST-10614";"Male";"3. Senior (51+)";"North";35;"Two year";85.1;0;56.85;0;2978.5
"CUST-10615";"Male";"2. Adult (31-50)";"North";52;"Monthly";24.05;0;94.33;0;1250.6
"CUST-10616";"Female";"1. Young Adult (18-30)";"South";8;"Monthly";107.26;2;56.44;1;858.08
"CUST-10617";"Non-binary";"4. Unkownn/Missing";"North";19;"Monthly";94.83;0;55.11;0;1801.77
"CUST-10618";"Male";"3. Senior (51+)";"West";46;"Two year";24.69;0;51.24;0;1135.74
"CUST-10619";"Female";"2. Adult (31-50)";"North";56;"One year";81.83;0;55.8;0;4582.48
"CUST-1062";"Male";"3. Senior (51+)";"North";72;"Monthly";63.81;0;54.68;1;4594.32
"CUST-10620";"Male";"2. Adult (31-50)";"South";59;"Monthly";42.09;0;88.69;1;2483.31
"CUST-10621";"Female";"3. Senior (51+)";"North";1;"Monthly";28.61;0;43.21;0;28.61
"CUST-10622";"Male";"2. Adult (31-50)";"West";53;"Two year";108.92;2;55.3;0;5772.76
"CUST-10623";"Male";"3. Senior (51+)";"East";59;"Two year";101.28;1;50.64;1;5975.52
"CUST-10624";"Male";"2. Adult (31-50)";"South";61;"Monthly";101.52;0;55.13;0;6192.72
"CUST-10625";"Female";"2. Adult (31-50)";"North";29;"Monthly";22.12;2;55.42;1;641.48
"CUST-10626";"Non-binary";"1. Young Adult (18-30)";"East";8;"One year";60.56;2;80.91;1;484.48
"CUST-10627";"Male";"2. Adult (31-50)";"North";19;"One year";45.1;0;55.11;0;856.9
"CUST-10628";"Female";"3. Senior (51+)";"South";21;"Monthly";42.07;0;55.93;1;883.47
"CUST-10629";"Male";"3. Senior (51+)";"North";33;"Monthly";34.83;1;54.53;0;1149.39
"CUST-1063";"Female";"2. Adult (31-50)";"North";54;"One year";53.92;0;48.09;0;2911.68
"CUST-10630";"Female";"3. Senior (51+)";"North";55;"Two year";111.26;0;23.94;1;6119.3
"CUST-10631";"Female";"2. Adult (31-50)";"North";57;"Monthly";110.93;0;58.76;1;6323.01
"CUST-10632";"Male";"3. Senior (51+)";"South";17;"One year";31.87;0;19.17;0;541.79
"CUST-10633";"Male";"2. Adult (31-50)";"West";56;"Two year";85.94;2;73.8;0;4812.64
"CUST-10634";"Male";"3. Senior (51+)";"North";72;"One year";74.48;0;54.68;0;5362.56
"CUST-10635";"Female";"3. Senior (51+)";"East";9;"Monthly";58.87;0;71.3;1;529.83
"CUST-10636";"Female";"2. Adult (31-50)";"West";16;"Monthly";113.66;2;57.1;0;1818.56
"CUST-10637";"Male";"1. Young Adult (18-30)";"West";50;"Monthly";96.56;9;21.26;1;4828.0
"CUST-10638";"Non-binary";"1. Young Adult (18-30)";"South";30;"One year";116.44;0;91.5;0;3493.2
"CUST-10639";"Non-binary";"2. Adult (31-50)";"South";66;"Monthly";114.8;1;10.8;1;7576.8
"CUST-1064";"Female";"1. Young Adult (18-30)";"South";24;"Monthly";26.35;0;50.66;0;632.4
"CUST-10640";"Male";"2. Adult (31-50)";"South";20;"One year";66.48;0;13.44;1;1329.6
"CUST-10641";"Male";"1. Young Adult (18-30)";"North";25;"Monthly";51.1;2;99.29;1;1277.5
"CUST-10642";"Female";"2. Adult (31-50)";"East";69;"One year";68.83;10;15.76;1;4749.27
"CUST-10643";"Non-binary";"3. Senior (51+)";"North";29;"Monthly";25.77;3;94.99;0;747.33
"CUST-10644";"Female";"3. Senior (51+)";"South";6;"One year";94.69;0;52.96;0;568.14
"CUST-10645";"Male";"3. Senior (51+)";"North";21;"Monthly";111.68;0;72.33;1;2345.28
"CUST-10646";"Male";"3. Senior (51+)";"West";23;"One year";90.21;3;96.08;0;2074.83
"CUST-10647";"Female";"1. Young Adult (18-30)";"South";30;"Two year";20.74;0;30.04;0;622.2
"CUST-10648";"Female";"2. Adult (31-50)";"West";21;"One year";33.33;2;55.93;0;699.93
"CUST-10649";"Non-binary";"3. Senior (51+)";"North";3;"Monthly";101.97;3;4.050000000000001;1;305.91
"CUST-1065";"Female";"4. Unkownn/Missing";"North";56;"Monthly";51.47;0;85.1;0;2882.32
"CUST-10650";"Female";"3. Senior (51+)";"South";62;"Two year";37.21;0;52.93;0;2307.02
"CUST-10651";"Male";"2. Adult (31-50)";"East";48;"Monthly";56.59;0;53.31;0;2716.32
"CUST-10652";"Male";"2. Adult (31-50)";"East";25;"One year";23.97;0;57.71;0;599.25
"CUST-10653";"Male";"2. Adult (31-50)";"East";13;"One year";74.42;0;52.51;0;967.46
"CUST-10654";"Female";"1. Young Adult (18-30)";"West";46;"One year";64.12;0;18.29;0;2949.52
"CUST-10655";"Female";"3. Senior (51+)";"South";23;"Monthly";61.7;3;56.11;0;1419.1
"CUST-10656";"Non-binary";"3. Senior (51+)";"South";15;"Monthly";85.05;0;53.77;0;1275.75
"CUST-10657";"Male";"1. Young Adult (18-30)";"North";58;"One year";107.44;1;56.15;0;6231.52
"CUST-10658";"Non-binary";"3. Senior (51+)";"North";24;"Monthly";101.98;3;50.66;1;2447.52
"CUST-10659";"Female";"2. Adult (31-50)";"North";34;"One year";57.95;4;21.46;0;1970.3
"CUST-1066";"Female";"2. Adult (31-50)";"West";30;"One year";59.13;2;80.27;0;1773.9
"CUST-10660";"Female";"1. Young Adult (18-30)";"North";52;"One year";34.18;2;44.87;0;1777.36
"CUST-10661";"Female";"2. Adult (31-50)";"West";59;"One year";22.22;2;50.64;0;1310.98
"CUST-10662";"Female";"1. Young Adult (18-30)";"South";72;"One year";50.98;0;17.15;0;3670.56
"CUST-10663";"Male";"2. Adult (31-50)";"North";69;"Monthly";75.32;0;45.65;0;5197.08
"CUST-10664";"Male";"1. Young Adult (18-30)";"North";55;"Two year";80.99;0;47.03;0;4454.45
"CUST-10665";"Male";"1. Young Adult (18-30)";"South";49;"Two year";114.32;0;73.76;0;5601.68
"CUST-10666";"Female";"3. Senior (51+)";"West";50;"Two year";116.86;0;54.57;0;5843.0
"CUST-10667";"Male";"2. Adult (31-50)";"South";34;"Two year";86.41;0;33.43;0;2937.94
"CUST-10668";"Female";"1. Young Adult (18-30)";"West";20;"Two year";27.95;3;53.01;0;559.0
"CUST-10669";"Female";"3. Senior (51+)";"East";30;"Monthly";21.78;0;33.54;1;653.4
"CUST-1067";"Non-binary";"3. Senior (51+)";"South";32;"Monthly";105.19;0;39.74;1;3366.08
"CUST-10670";"Male";"2. Adult (31-50)";"West";17;"Monthly";23.44;0;56.0;0;398.48
"CUST-10671";"Male";"2. Adult (31-50)";"North";2;"Two year";20.95;10;38.94;0;41.9
"CUST-10672";"Female";"3. Senior (51+)";"East";60;"One year";45.98;2;57.22;0;2758.8
"CUST-10673";"Female";"1. Young Adult (18-30)";"North";66;"Monthly";24.11;0;54.86;0;1591.26
"CUST-10674";"Female";"3. Senior (51+)";"West";6;"Monthly";109.31;5;15.59;1;655.86
"CUST-10675";"Female";"1. Young Adult (18-30)";"South";61;"Two year";62.45;0;41.89;0;3809.45
"CUST-10676";"Male";"2. Adult (31-50)";"South";37;"Two year";88.92;6;36.39;1;3290.04
"CUST-10677";"Non-binary";"3. Senior (51+)";"North";28;"Two year";58.73;0;53.86;1;1644.44
"CUST-10678";"Female";"3. Senior (51+)";"West";68;"Two year";36.55;0;43.11;0;2485.4
"CUST-10679";"Non-binary";"1. Young Adult (18-30)";"West";48;"Monthly";49.97;1;59.96;0;2398.56
"CUST-1068";"Female";"3. Senior (51+)";"South";61;"Monthly";78.08;3;45.13;1;4762.88
"CUST-10680";"Male";"3. Senior (51+)";"South";66;"Two year";78.82;0;54.86;0;5202.12
"CUST-10681";"Male";"2. Adult (31-50)";"South";14;"One year";53.3;0;72.24;0;746.2
"CUST-10682";"Female";"3. Senior (51+)";"North";43;"One year";88.03;0;11.78;1;3785.29
"CUST-10683";"Female";"1. Young Adult (18-30)";"East";6;"One year";96.41;0;34.65;1;578.46
"CUST-10684";"Male";"3. Senior (51+)";"North";8;"Two year";48.28;2;56.44;0;386.24
"CUST-10685";"Male";"2. Adult (31-50)";"West";30;"Monthly";91.67;0;90.47;0;2750.1
"CUST-10686";"Non-binary";"3. Senior (51+)";"North";63;"One year";117.59;0;54.89;0;7408.17
"CUST-10687";"Male";"1. Young Adult (18-30)";"North";56;"One year";78.85;0;34.32;0;4415.6
"CUST-10688";"Female";"3. Senior (51+)";"East";39;"One year";54.78;0;59.64;1;2136.42
"CUST-10689";"Male";"2. Adult (31-50)";"South";29;"One year";105.09;5;22.1;1;3047.61
"CUST-1069";"Male";"2. Adult (31-50)";"West";58;"One year";109.93;0;71.63;0;6375.94
"CUST-10690";"Non-binary";"3. Senior (51+)";"West";22;"Monthly";70.67;6;16.43;1;1554.74
"CUST-10691";"Non-binary";"2. Adult (31-50)";"West";3;"One year";91.8;2;65.14;0;275.4
"CUST-10692";"Female";"1. Young Adult (18-30)";"East";3;"Two year";93.67;2;42.33;0;281.01
"CUST-10693";"Female";"3. Senior (51+)";"West";72;"Monthly";63.32;0;61.2;1;4559.04
"CUST-10694";"Female";"2. Adult (31-50)";"West";15;"Monthly";64.41;0;42.09;0;966.15
"CUST-10695";"Non-binary";"3. Senior (51+)";"East";51;"Two year";104.95;0;90.28;1;5352.45
"CUST-10696";"Non-binary";"4. Unkownn/Missing";"South";49;"One year";42.54;6;14.19;0;2084.46
"CUST-10697";"Female";"3. Senior (51+)";"South";64;"Two year";60.68;0;49.79;0;3883.52
"CUST-10698";"Female";"2. Adult (31-50)";"South";69;"Monthly";46.45;0;57.1;1;3205.05
"CUST-10699";"Non-binary";"2. Adult (31-50)";"East";30;"Monthly";50.54;0;86.78;0;1516.2
"CUST-1070";"Male";"3. Senior (51+)";"West";35;"Two year";32.23;1;97.98;0;1128.05
"CUST-10700";"Female";"4. Unkownn/Missing";"South";10;"Two year";115.88;8;15.1;0;1158.8
"CUST-10701";"Non-binary";"3. Senior (51+)";"West";55;"Monthly";49.66;1;56.08;1;2731.3
"CUST-10702";"Female";"2. Adult (31-50)";"West";50;"Monthly";35.07;0;80.14;0;1753.5
"CUST-10703";"Female";"1. Young Adult (18-30)";"West";70;"One year";23.71;0;58.23;0;1659.7
"CUST-10704";"Female";"3. Senior (51+)";"South";68;"Two year";104.81;0;46.61;0;7127.08
"CUST-10705";"Male";"3. Senior (51+)";"North";30;"Two year";98.47;0;57.44;0;2954.1
"CUST-10706";"Male";"3. Senior (51+)";"West";70;"Monthly";20.71;0;77.63;0;1449.7
"CUST-10707";"Non-binary";"2. Adult (31-50)";"South";2;"Monthly";101.04;0;62.39;1;202.08
"CUST-10708";"Female";"1. Young Adult (18-30)";"West";61;"Monthly";56.92;3;55.13;1;3472.12
"CUST-10709";"Non-binary";"2. Adult (31-50)";"South";31;"Two year";25.96;1;51.61;0;804.76
"CUST-1071";"Non-binary";"3. Senior (51+)";"North";65;"One year";89.01;0;55.95;0;5785.65
"CUST-10710";"Female";"3. Senior (51+)";"South";18;"Monthly";39.41;9;39.98;1;709.38
"CUST-10711";"Male";"3. Senior (51+)";"West";42;"Monthly";97.87;0;62.41;0;4110.54
"CUST-10712";"Non-binary";"3. Senior (51+)";"North";33;"One year";22.42;2;54.53;0;739.86
"CUST-10713";"Female";"2. Adult (31-50)";"West";11;"Two year";88.31;1;53.43;0;971.41
"CUST-10714";"Male";"3. Senior (51+)";"North";49;"Monthly";85.32;0;54.7;0;4180.68
"CUST-10715";"Non-binary";"1. Young Adult (18-30)";"North";47;"Monthly";91.82;0;52.58;1;4315.54
"CUST-10716";"Female";"3. Senior (51+)";"North";64;"Monthly";84.53;2;49.79;0;5409.92
"CUST-10717";"Male";"3. Senior (51+)";"North";17;"Monthly";28.2;5;10.41;1;479.4
"CUST-10718";"Male";"2. Adult (31-50)";"South";58;"Monthly";118.77;3;56.15;1;6888.66
"CUST-10719";"Non-binary";"2. Adult (31-50)";"East";47;"Two year";84.85;0;52.58;0;3987.95
"CUST-1072";"Non-binary";"3. Senior (51+)";"West";34;"Monthly";103.44;0;60.23;1;3516.96
"CUST-10720";"Female";"1. Young Adult (18-30)";"South";69;"One year";58.76;0;89.0;0;4054.44
"CUST-10721";"Female";"1. Young Adult (18-30)";"South";16;"Monthly";95.07;3;83.9;1;1521.12
"CUST-10722";"Male";"3. Senior (51+)";"East";15;"One year";98.74;0;87.97;1;1481.1
"CUST-10723";"Female";"3. Senior (51+)";"South";66;"Monthly";61.4;1;54.86;1;4052.4
"CUST-10724";"Female";"2. Adult (31-50)";"South";25;"Two year";45.44;3;71.14;0;1136.0
"CUST-10725";"Female";"2. Adult (31-50)";"West";8;"Monthly";67.82;1;68.14;0;542.56
"CUST-10726";"Female";"4. Unkownn/Missing";"North";41;"Monthly";117.72;0;51.63;0;4826.52
"CUST-10727";"Female";"2. Adult (31-50)";"North";59;"One year";98.31;3;27.31;1;5800.29
"CUST-10728";"Female";"3. Senior (51+)";"North";51;"Two year";114.24;0;57.9;1;5826.24
"CUST-10729";"Female";"3. Senior (51+)";"North";11;"Two year";42.41;0;53.43;0;466.51
"CUST-1073";"Male";"3. Senior (51+)";"South";59;"Monthly";55.16;2;48.64;1;3254.44
"CUST-10730";"Female";"3. Senior (51+)";"South";9;"Monthly";96.75;3;58.05;1;870.75
"CUST-10731";"Male";"2. Adult (31-50)";"South";39;"One year";26.25;1;59.64;0;1023.75
"CUST-10732";"Male";"4. Unkownn/Missing";"East";19;"Monthly";63.34;0;55.11;0;1203.46
"CUST-10733";"Non-binary";"3. Senior (51+)";"North";4;"Two year";116.88;2;79.65;0;467.52
"CUST-10734";"Female";"1. Young Adult (18-30)";"South";25;"Two year";34.6;0;69.47;1;865.0
"CUST-10735";"Non-binary";"3. Senior (51+)";"North";11;"Two year";23.03;0;53.43;0;253.33
"CUST-10736";"Non-binary";"2. Adult (31-50)";"East";68;"One year";65.3;0;57.81;0;4440.4
"CUST-10737";"Female";"3. Senior (51+)";"North";47;"One year";45.36;0;88.53;0;2131.92
"CUST-10738";"Male";"4. Unkownn/Missing";"West";50;"Monthly";37.33;0;54.57;1;1866.5
"CUST-10739";"Female";"2. Adult (31-50)";"North";34;"One year";86.43;2;52.64;0;2938.62
"CUST-1074";"Female";"2. Adult (31-50)";"South";38;"Two year";68.84;0;92.65;0;2615.92
"CUST-10740";"Female";"2. Adult (31-50)";"East";37;"Monthly";93.74;0;54.96;1;3468.38
"CUST-10741";"Non-binary";"1. Young Adult (18-30)";"East";67;"Two year";102.05;2;44.59;0;6837.35
"CUST-10742";"Female";"2. Adult (31-50)";"North";72;"Monthly";57.26;3;54.68;1;4122.72
"CUST-10743";"Male";"1. Young Adult (18-30)";"East";9;"Monthly";54.29;3;58.05;0;488.61
"CUST-10744";"Male";"3. Senior (51+)";"West";41;"Monthly";85.78;0;97.61;1;3516.98
"CUST-10745";"Male";"3. Senior (51+)";"West";48;"One year";24.48;0;44.49;1;1175.04
"CUST-10746";"Male";"4. Unkownn/Missing";"South";16;"Monthly";20.36;0;57.1;0;325.76
"CUST-10747";"Female";"4. Unkownn/Missing";"West";51;"Monthly";74.14;0;52.48;1;3781.14
"CUST-10748";"Male";"1. Young Adult (18-30)";"South";13;"Monthly";25.94;1;56.82;0;337.22
"CUST-10749";"Non-binary";"3. Senior (51+)";"South";1;"Two year";72.59;0;43.21;0;72.59
"CUST-1075";"Female";"2. Adult (31-50)";"North";56;"Monthly";118.99;3;63.17;1;6663.44
"CUST-10750";"Male";"2. Adult (31-50)";"East";71;"One year";71.03;0;54.72;0;5043.13
"CUST-10751";"Male";"3. Senior (51+)";"East";18;"Two year";65.32;2;51.92;0;1175.76
"CUST-10752";"Male";"2. Adult (31-50)";"South";32;"One year";103.22;0;70.54;0;3303.04
"CUST-10753";"Non-binary";"2. Adult (31-50)";"South";37;"Monthly";25.81;0;31.39;1;954.97
"CUST-10754";"Male";"3. Senior (51+)";"East";63;"One year";31.39;3;54.89;1;1977.57
"CUST-10755";"Non-binary";"3. Senior (51+)";"West";14;"Two year";69.67;2;83.9;0;975.38
"CUST-10756";"Female";"4. Unkownn/Missing";"East";10;"Monthly";73.53;8;21.23;1;735.3
"CUST-10757";"Non-binary";"1. Young Adult (18-30)";"West";39;"One year";95.92;1;91.14;0;3740.88
"CUST-10758";"Male";"4. Unkownn/Missing";"West";58;"One year";23.02;0;56.15;0;1335.16
"CUST-10759";"Male";"1. Young Adult (18-30)";"West";61;"Monthly";36.49;0;86.75;1;2225.89
"CUST-1076";"Female";"3. Senior (51+)";"South";21;"Monthly";38.71;2;50.11;1;812.91
"CUST-10760";"Male";"2. Adult (31-50)";"West";47;"Two year";112.52;2;89.34;0;5288.44
"CUST-10761";"Male";"3. Senior (51+)";"West";59;"Monthly";52.0;0;46.13;0;3068.0
"CUST-10762";"Female";"3. Senior (51+)";"South";44;"Monthly";81.03;0;66.7;1;3565.32
"CUST-10763";"Male";"2. Adult (31-50)";"West";16;"Two year";28.28;0;57.1;0;452.48
"CUST-10764";"Female";"3. Senior (51+)";"North";72;"Monthly";73.89;1;54.68;1;5320.08
"CUST-10765";"Non-binary";"1. Young Adult (18-30)";"South";1;"Monthly";70.68;0;43.21;0;70.68
"CUST-10766";"Non-binary";"3. Senior (51+)";"West";17;"Monthly";27.8;0;56.0;1;472.6
"CUST-10767";"Non-binary";"3. Senior (51+)";"North";72;"One year";23.24;1;76.47;0;1673.28
"CUST-10768";"Male";"3. Senior (51+)";"North";16;"One year";92.38;0;54.64;0;1478.08
"CUST-10769";"Non-binary";"1. Young Adult (18-30)";"North";0;"Monthly";99.19;0;44.44;0;0.0
"CUST-1077";"Male";"3. Senior (51+)";"West";58;"Monthly";86.81;0;52.7;1;5034.98
"CUST-10770";"Female";"2. Adult (31-50)";"South";63;"Monthly";64.5;0;54.89;0;4063.5
"CUST-10771";"Non-binary";"3. Senior (51+)";"West";42;"One year";83.46;0;58.5;0;3505.32
"CUST-10772";"Male";"1. Young Adult (18-30)";"South";40;"Monthly";54.82;0;54.99;0;2192.8
"CUST-10773";"Female";"3. Senior (51+)";"East";6;"Two year";94.93;0;52.96;0;569.58
"CUST-10774";"Female";"3. Senior (51+)";"North";38;"Two year";27.87;2;53.79;0;1059.06
"CUST-10775";"Male";"1. Young Adult (18-30)";"East";70;"Monthly";81.54;1;58.23;0;5707.8
"CUST-10776";"Non-binary";"3. Senior (51+)";"West";38;"Monthly";80.11;1;43.35;1;3044.18
"CUST-10777";"Female";"1. Young Adult (18-30)";"East";52;"Monthly";48.43;0;77.38;1;2518.36
"CUST-10778";"Male";"1. Young Adult (18-30)";"South";52;"Two year";65.22;2;54.79;0;3391.44
"CUST-10779";"Female";"3. Senior (51+)";"South";14;"One year";82.94;0;50.47;0;1161.16
"CUST-1078";"Non-binary";"4. Unkownn/Missing";"West";14;"One year";63.65;0;50.47;0;891.1
"CUST-10780";"Male";"3. Senior (51+)";"North";5;"Two year";101.93;0;4.43;1;509.65
"CUST-10781";"Non-binary";"4. Unkownn/Missing";"North";9;"Monthly";22.95;0;58.05;1;206.55
"CUST-10782";"Non-binary";"2. Adult (31-50)";"West";4;"One year";118.99;3;43.31;0;475.96
"CUST-10783";"Female";"2. Adult (31-50)";"West";61;"Monthly";113.15;0;81.98;0;6902.15
"CUST-10784";"Female";"3. Senior (51+)";"North";68;"Monthly";82.17;0;57.81;0;5587.56
"CUST-10785";"Male";"2. Adult (31-50)";"South";59;"Monthly";70.78;0;50.64;1;4176.02
"CUST-10786";"Female";"3. Senior (51+)";"West";43;"Monthly";103.54;0;53.15;1;4452.22
"CUST-10787";"Non-binary";"4. Unkownn/Missing";"East";72;"Monthly";35.51;0;34.84;1;2556.72
"CUST-10788";"Male";"1. Young Adult (18-30)";"South";66;"Monthly";79.59;2;54.86;0;5252.94
"CUST-10789";"Non-binary";"1. Young Adult (18-30)";"East";59;"Monthly";31.99;0;25.05;1;1887.41
"CUST-1079";"Non-binary";"3. Senior (51+)";"North";24;"Monthly";48.5;10;23.3;1;1164.0
"CUST-10790";"Male";"3. Senior (51+)";"East";25;"Two year";77.88;0;86.85;1;1947.0
"CUST-10791";"Female";"3. Senior (51+)";"North";56;"One year";55.07;0;63.17;1;3083.92
"CUST-10792";"Female";"4. Unkownn/Missing";"East";63;"Monthly";89.66;10;36.14;1;5648.58
"CUST-10793";"Female";"2. Adult (31-50)";"South";58;"Monthly";54.33;0;71.33;1;3151.14
"CUST-10794";"Female";"1. Young Adult (18-30)";"South";8;"One year";69.24;1;56.44;0;553.92
"CUST-10795";"Female";"3. Senior (51+)";"North";52;"One year";109.23;3;54.79;0;5679.96
"CUST-10796";"Female";"2. Adult (31-50)";"West";49;"Two year";115.52;0;90.15;0;5660.48
"CUST-10797";"Male";"3. Senior (51+)";"South";46;"Two year";21.18;0;51.24;0;974.28
"CUST-10798";"Female";"3. Senior (51+)";"South";59;"One year";83.97;0;50.64;0;4954.23
"CUST-10799";"Female";"1. Young Adult (18-30)";"South";26;"One year";38.11;0;85.56;0;990.86
"CUST-1080";"Male";"1. Young Adult (18-30)";"South";58;"Two year";64.12;0;56.15;0;3718.96
"CUST-10800";"Male";"2. Adult (31-50)";"South";52;"Two year";82.12;0;98.57;0;4270.24
"CUST-10801";"Female";"3. Senior (51+)";"South";51;"Two year";24.39;1;77.06;0;1243.89
"CUST-10802";"Female";"3. Senior (51+)";"North";72;"Monthly";56.92;0;39.35;0;4098.24
"CUST-10803";"Female";"3. Senior (51+)";"East";64;"One year";51.11;1;49.79;0;3271.04
"CUST-10804";"Female";"2. Adult (31-50)";"South";47;"One year";28.33;0;52.58;0;1331.51
"CUST-10805";"Female";"2. Adult (31-50)";"South";64;"Monthly";53.71;0;10.35;1;3437.44
"CUST-10806";"Non-binary";"2. Adult (31-50)";"West";27;"One year";29.59;0;49.9;1;798.93
"CUST-10807";"Female";"1. Young Adult (18-30)";"West";28;"Monthly";86.0;0;34.75;1;2408.0
"CUST-10808";"Male";"2. Adult (31-50)";"East";3;"Monthly";102.56;0;42.33;1;307.68
"CUST-10809";"Male";"1. Young Adult (18-30)";"North";30;"Two year";67.34;0;57.44;0;2020.2
"CUST-1081";"Non-binary";"1. Young Adult (18-30)";"South";4;"Two year";116.95;4;23.97;0;467.8
"CUST-10810";"Female";"3. Senior (51+)";"East";67;"One year";58.2;0;52.82;0;3899.4
"CUST-10811";"Male";"3. Senior (51+)";"East";43;"One year";106.48;1;42.31;0;4578.64
"CUST-10812";"Female";"1. Young Adult (18-30)";"East";50;"One year";73.53;0;81.49;0;3676.5
"CUST-10813";"Non-binary";"1. Young Adult (18-30)";"South";45;"Monthly";108.23;3;56.4;0;4870.35
"CUST-10814";"Non-binary";"2. Adult (31-50)";"North";15;"Monthly";20.25;0;59.31;1;303.75
"CUST-10815";"Female";"3. Senior (51+)";"North";59;"Monthly";119.6;1;50.64;1;7056.4
"CUST-10816";"Non-binary";"3. Senior (51+)";"South";26;"Two year";20.39;2;61.62;0;530.14
"CUST-10817";"Female";"2. Adult (31-50)";"North";6;"Two year";71.21;0;85.66;0;427.26
"CUST-10818";"Female";"2. Adult (31-50)";"North";15;"One year";53.2;0;53.77;1;798.0
"CUST-10819";"Female";"1. Young Adult (18-30)";"South";13;"Monthly";93.37;0;56.82;1;1213.81
"CUST-1082";"Non-binary";"3. Senior (51+)";"West";37;"One year";23.35;2;54.96;0;863.95
"CUST-10820";"Male";"2. Adult (31-50)";"West";71;"One year";41.82;0;54.72;0;2969.22
"CUST-10821";"Female";"2. Adult (31-50)";"North";35;"Monthly";27.54;0;56.85;0;963.9
"CUST-10822";"Non-binary";"3. Senior (51+)";"South";24;"Monthly";48.7;0;50.66;1;1168.8
"CUST-10823";"Male";"4. Unkownn/Missing";"West";6;"One year";65.44;3;59.56;1;392.64
"CUST-10824";"Male";"2. Adult (31-50)";"West";33;"Two year";33.52;0;54.53;0;1106.16
"CUST-10825";"Female";"3. Senior (51+)";"East";9;"Monthly";87.91;0;69.77;0;791.19
"CUST-10826";"Male";"1. Young Adult (18-30)";"North";55;"Two year";49.33;0;56.08;0;2713.15
"CUST-10827";"Non-binary";"3. Senior (51+)";"East";49;"One year";50.96;2;42.56;1;2497.04
"CUST-10828";"Female";"1. Young Adult (18-30)";"East";60;"One year";110.46;2;57.22;1;6627.6
"CUST-10829";"Male";"1. Young Adult (18-30)";"East";8;"Monthly";37.32;0;56.44;0;298.56
"CUST-1083";"Female";"3. Senior (51+)";"North";67;"Monthly";93.52;2;52.82;0;6265.84
"CUST-10830";"Female";"2. Adult (31-50)";"North";21;"Monthly";45.15;0;55.93;1;948.15
"CUST-10831";"Female";"3. Senior (51+)";"North";34;"Monthly";37.4;0;52.64;0;1271.6
"CUST-10832";"Male";"2. Adult (31-50)";"North";52;"Monthly";109.89;0;32.47;1;5714.28
"CUST-10833";"Female";"3. Senior (51+)";"West";69;"One year";38.23;2;73.78;0;2637.87
"CUST-10834";"Male";"4. Unkownn/Missing";"North";22;"One year";65.98;2;58.01;0;1451.56
"CUST-10835";"Male";"2. Adult (31-50)";"South";14;"Monthly";67.53;0;20.26;1;945.42
"CUST-10836";"Female";"1. Young Adult (18-30)";"West";40;"Monthly";51.76;1;97.02;0;2070.4
"CUST-10837";"Non-binary";"2. Adult (31-50)";"West";36;"Two year";57.9;0;59.8;0;2084.4
"CUST-10838";"Non-binary";"2. Adult (31-50)";"North";1;"Monthly";73.42;0;43.21;0;73.42
"CUST-10839";"Male";"3. Senior (51+)";"North";65;"Two year";34.09;6;27.82;1;2215.85
"CUST-1084";"Non-binary";"3. Senior (51+)";"North";26;"Monthly";50.06;0;61.62;0;1301.56
"CUST-10840";"Male";"1. Young Adult (18-30)";"West";44;"Two year";22.02;2;89.06;0;968.88
"CUST-10841";"Male";"3. Senior (51+)";"South";44;"Two year";115.96;1;56.45;0;5102.24
"CUST-10842";"Male";"1. Young Adult (18-30)";"East";37;"Monthly";63.32;3;76.6;1;2342.84
"CUST-10843";"Male";"3. Senior (51+)";"North";41;"Monthly";65.33;0;51.63;1;2678.53
"CUST-10844";"Male";"3. Senior (51+)";"West";6;"Monthly";88.57;0;52.96;1;531.42
"CUST-10845";"Female";"3. Senior (51+)";"North";10;"Two year";51.08;1;47.69;0;510.8
"CUST-10846";"Male";"3. Senior (51+)";"West";49;"Monthly";63.38;2;43.24;0;3105.62
"CUST-10847";"Female";"1. Young Adult (18-30)";"North";36;"One year";70.11;0;17.49;0;2523.96
"CUST-10848";"Non-binary";"3. Senior (51+)";"South";20;"Monthly";111.31;0;53.01;1;2226.2
"CUST-10849";"Non-binary";"3. Senior (51+)";"East";66;"One year";41.41;0;54.86;0;2733.06
"CUST-1085";"Female";"2. Adult (31-50)";"South";12;"Monthly";36.35;3;79.12;1;436.2
"CUST-10850";"Female";"2. Adult (31-50)";"North";42;"Monthly";68.44;1;18.19;1;2874.48
"CUST-10851";"Female";"2. Adult (31-50)";"South";48;"Monthly";78.31;2;88.3;0;3758.88
"CUST-10852";"Male";"3. Senior (51+)";"South";41;"Two year";40.45;0;51.63;0;1658.45
"CUST-10853";"Male";"4. Unkownn/Missing";"West";72;"One year";30.87;3;54.68;0;2222.64
"CUST-10854";"Female";"3. Senior (51+)";"North";21;"One year";30.71;0;90.77;1;644.91
"CUST-10855";"Non-binary";"2. Adult (31-50)";"West";72;"Monthly";91.43;3;90.75;0;6582.96
"CUST-10856";"Female";"2. Adult (31-50)";"South";33;"Monthly";43.7;2;54.53;1;1442.1
"CUST-10857";"Male";"3. Senior (51+)";"South";52;"Monthly";54.76;3;57.34;0;2847.52
"CUST-10858";"Female";"2. Adult (31-50)";"West";19;"Monthly";28.85;0;55.11;1;548.15
"CUST-10859";"Male";"2. Adult (31-50)";"West";71;"One year";87.41;0;81.18;1;6206.11
"CUST-1086";"Non-binary";"3. Senior (51+)";"North";14;"One year";58.15;5;11.46;0;814.1
"CUST-10860";"Non-binary";"2. Adult (31-50)";"North";44;"Monthly";74.09;2;56.45;0;3259.96
"CUST-10861";"Non-binary";"2. Adult (31-50)";"North";54;"One year";71.15;0;56.4;0;3842.1
"CUST-10862";"Non-binary";"1. Young Adult (18-30)";"North";69;"Monthly";35.34;0;57.1;0;2438.46
"CUST-10863";"Non-binary";"2. Adult (31-50)";"North";4;"Monthly";88.75;0;21.950000000000003;1;355.0
"CUST-10864";"Male";"2. Adult (31-50)";"North";66;"Monthly";32.17;0;48.67;1;2123.22
"CUST-10865";"Male";"2. Adult (31-50)";"East";40;"Monthly";26.12;0;54.99;0;1044.8
"CUST-10866";"Female";"3. Senior (51+)";"North";23;"Monthly";23.49;9;24.47;1;540.27
"CUST-10867";"Female";"2. Adult (31-50)";"North";14;"One year";38.78;2;52.52;0;542.92
"CUST-10868";"Non-binary";"2. Adult (31-50)";"North";11;"Monthly";88.84;5;16.55;1;977.24
"CUST-10869";"Male";"1. Young Adult (18-30)";"North";47;"Monthly";106.63;0;52.58;1;5011.61
"CUST-1087";"Non-binary";"4. Unkownn/Missing";"East";46;"Monthly";22.04;1;63.02;1;1013.84
"CUST-10870";"Non-binary";"2. Adult (31-50)";"South";72;"One year";24.75;0;54.68;0;1782.0
"CUST-10871";"Female";"2. Adult (31-50)";"South";70;"Monthly";64.95;0;50.53;0;4546.5
"CUST-10872";"Male";"1. Young Adult (18-30)";"West";62;"Monthly";20.55;0;52.93;1;1274.1
"CUST-10873";"Non-binary";"1. Young Adult (18-30)";"West";33;"Monthly";108.41;0;54.53;1;3577.53
"CUST-10874";"Male";"1. Young Adult (18-30)";"West";46;"Two year";118.16;0;16.14;0;5435.36
"CUST-10875";"Male";"1. Young Adult (18-30)";"North";24;"Two year";25.99;3;50.66;0;623.76
"CUST-10876";"Female";"3. Senior (51+)";"West";13;"Two year";69.18;9;26.88;1;899.34
"CUST-10877";"Female";"3. Senior (51+)";"South";45;"Monthly";34.87;0;74.17;0;1569.15
"CUST-10878";"Male";"3. Senior (51+)";"North";29;"Monthly";74.57;3;72.77;0;2162.53
"CUST-10879";"Male";"3. Senior (51+)";"North";57;"Two year";116.71;0;58.16;0;6652.47
"CUST-1088";"Non-binary";"3. Senior (51+)";"North";70;"Monthly";61.91;0;40.66;0;4333.7
"CUST-10880";"Female";"3. Senior (51+)";"South";35;"Monthly";30.53;0;96.56;0;1068.55
"CUST-10881";"Non-binary";"2. Adult (31-50)";"West";28;"Monthly";112.15;0;53.86;1;3140.2
"CUST-10882";"Female";"1. Young Adult (18-30)";"North";14;"One year";56.88;3;87.13;0;796.32
"CUST-10883";"Female";"2. Adult (31-50)";"North";1;"Monthly";48.35;0;35.01;0;48.35
"CUST-10884";"Male";"2. Adult (31-50)";"West";67;"Monthly";55.36;0;66.07;0;3709.12
"CUST-10885";"Female";"3. Senior (51+)";"East";4;"Two year";119.4;2;43.31;0;477.6
"CUST-10886";"Female";"1. Young Adult (18-30)";"South";45;"Two year";22.41;3;56.4;0;1008.45
"CUST-10887";"Male";"3. Senior (51+)";"East";14;"Two year";44.65;0;82.25;0;625.1
"CUST-10888";"Male";"3. Senior (51+)";"West";8;"Monthly";113.03;0;56.44;0;904.24
"CUST-10889";"Female";"2. Adult (31-50)";"East";0;"Two year";20.05;1;44.44;0;0.0
"CUST-1089";"Male";"3. Senior (51+)";"East";52;"Monthly";113.13;0;54.79;1;5882.76
"CUST-10890";"Female";"1. Young Adult (18-30)";"North";36;"Monthly";75.89;0;72.8;0;2732.04
"CUST-10891";"Male";"3. Senior (51+)";"East";64;"One year";56.04;0;75.22;0;3586.56
"CUST-10892";"Male";"3. Senior (51+)";"South";12;"One year";100.74;0;54.82;1;1208.88
"CUST-10893";"Female";"3. Senior (51+)";"East";33;"One year";89.38;0;91.1;0;2949.54
"CUST-10894";"Male";"3. Senior (51+)";"North";26;"Monthly";64.19;0;61.62;1;1668.94
"CUST-10895";"Female";"3. Senior (51+)";"South";1;"Two year";31.13;0;43.21;0;31.13
"CUST-10896";"Female";"2. Adult (31-50)";"South";24;"Monthly";82.72;0;50.66;1;1985.28
"CUST-10897";"Non-binary";"2. Adult (31-50)";"South";54;"One year";39.28;0;56.4;0;2121.12
"CUST-10898";"Non-binary";"2. Adult (31-50)";"North";5;"Two year";92.62;0;29.619999999999997;1;463.1
"CUST-10899";"Female";"2. Adult (31-50)";"North";0;"One year";94.76;0;72.23;0;0.0
"CUST-1090";"Female";"3. Senior (51+)";"West";36;"Two year";48.9;1;49.15;0;1760.4
"CUST-10900";"Female";"2. Adult (31-50)";"North";37;"One year";54.53;3;83.56;0;2017.61
"CUST-10901";"Non-binary";"1. Young Adult (18-30)";"South";59;"Monthly";99.64;0;50.64;1;5878.76
"CUST-10902";"Non-binary";"2. Adult (31-50)";"East";1;"Monthly";113.2;3;70.73;1;113.2
"CUST-10903";"Female";"1. Young Adult (18-30)";"North";44;"One year";41.93;0;56.45;1;1844.92
"CUST-10904";"Male";"3. Senior (51+)";"West";25;"Monthly";51.13;3;64.1;0;1278.25
"CUST-10905";"Female";"3. Senior (51+)";"North";61;"Monthly";29.15;1;18.3;0;1778.15
"CUST-10906";"Male";"3. Senior (51+)";"West";8;"Monthly";75.15;1;68.52;0;601.2
"CUST-10907";"Non-binary";"3. Senior (51+)";"North";48;"One year";63.49;0;59.96;0;3047.52
"CUST-10908";"Non-binary";"1. Young Adult (18-30)";"North";13;"One year";30.37;0;55.34;0;394.81
"CUST-10909";"Non-binary";"3. Senior (51+)";"North";18;"One year";39.67;2;23.23;1;714.06
"CUST-1091";"Male";"2. Adult (31-50)";"East";72;"Monthly";66.26;0;93.52;0;4770.72
"CUST-10910";"Male";"3. Senior (51+)";"North";1;"Monthly";32.55;0;81.07;0;32.55
"CUST-10911";"Female";"1. Young Adult (18-30)";"South";31;"One year";76.25;0;51.61;0;2363.75
"CUST-10912";"Male";"3. Senior (51+)";"West";32;"Two year";113.58;1;63.24;0;3634.56
"CUST-10913";"Male";"3. Senior (51+)";"North";55;"One year";64.97;0;51.27;0;3573.35
"CUST-10914";"Male";"1. Young Adult (18-30)";"South";6;"One year";51.75;2;52.96;0;310.5
"CUST-10915";"Non-binary";"1. Young Adult (18-30)";"West";66;"Two year";22.25;3;83.55;0;1468.5
"CUST-10916";"Non-binary";"2. Adult (31-50)";"East";32;"Monthly";48.89;0;46.47;0;1564.48
"CUST-10917";"Male";"3. Senior (51+)";"West";42;"Monthly";95.38;0;56.98;1;4005.96
"CUST-10918";"Female";"3. Senior (51+)";"North";47;"One year";114.18;3;52.58;0;5366.46
"CUST-10919";"Non-binary";"3. Senior (51+)";"West";5;"Two year";85.77;0;72.76;1;428.85
"CUST-1092";"Male";"2. Adult (31-50)";"East";14;"Monthly";61.73;0;29.2;0;864.22
"CUST-10920";"Female";"3. Senior (51+)";"North";28;"Monthly";38.1;0;76.66;0;1066.8
"CUST-10921";"Male";"3. Senior (51+)";"North";8;"One year";99.3;3;46.68;1;794.4
"CUST-10922";"Male";"1. Young Adult (18-30)";"North";68;"One year";27.61;5;22.19;0;1877.48
"CUST-10923";"Male";"1. Young Adult (18-30)";"North";41;"One year";99.19;0;38.75;0;4066.79
"CUST-10924";"Male";"1. Young Adult (18-30)";"North";37;"Monthly";93.31;0;19.28;0;3452.47
"CUST-10925";"Male";"2. Adult (31-50)";"East";50;"One year";49.52;0;92.66;1;2476.0
"CUST-10926";"Male";"1. Young Adult (18-30)";"South";10;"Monthly";64.7;0;47.69;0;647.0
"CUST-10927";"Female";"3. Senior (51+)";"South";12;"One year";99.37;0;61.19;0;1192.44
"CUST-10928";"Female";"3. Senior (51+)";"East";62;"Monthly";113.82;0;52.93;1;7056.84
"CUST-10929";"Male";"3. Senior (51+)";"North";2;"One year";95.82;0;42.67;0;191.64
"CUST-1093";"Male";"2. Adult (31-50)";"South";50;"Monthly";111.87;0;54.57;1;5593.5
"CUST-10930";"Female";"3. Senior (51+)";"West";69;"Monthly";93.07;2;57.1;0;6421.83
"CUST-10931";"Male";"2. Adult (31-50)";"South";31;"Monthly";23.11;0;42.87;1;716.41
"CUST-10932";"Non-binary";"4. Unkownn/Missing";"East";38;"Monthly";23.94;1;53.79;0;909.72
"CUST-10933";"Non-binary";"2. Adult (31-50)";"East";71;"One year";76.42;1;77.23;0;5425.82
"CUST-10934";"Male";"2. Adult (31-50)";"West";56;"Monthly";107.4;3;36.63;0;6014.4
"CUST-10935";"Non-binary";"2. Adult (31-50)";"West";46;"One year";27.55;2;95.96;0;1267.3
"CUST-10936";"Female";"2. Adult (31-50)";"West";39;"One year";57.21;0;93.08;0;2231.19
"CUST-10937";"Female";"1. Young Adult (18-30)";"East";41;"Two year";109.65;0;51.63;0;4495.65
"CUST-10938";"Non-binary";"2. Adult (31-50)";"South";22;"Monthly";49.73;0;10.71;1;1094.06
"CUST-10939";"Male";"2. Adult (31-50)";"South";55;"Monthly";45.17;1;32.27;1;2484.35
"CUST-1094";"Male";"3. Senior (51+)";"North";66;"Monthly";110.27;0;78.55;1;7277.82
"CUST-10940";"Female";"3. Senior (51+)";"South";16;"Monthly";103.02;1;36.5;0;1648.32
"CUST-10941";"Non-binary";"3. Senior (51+)";"West";37;"Monthly";48.53;1;54.96;1;1795.61
"CUST-10942";"Male";"3. Senior (51+)";"East";43;"Two year";54.22;0;53.15;0;2331.46
"CUST-10943";"Male";"2. Adult (31-50)";"North";40;"Monthly";74.22;0;27.31;1;2968.8
"CUST-10944";"Male";"1. Young Adult (18-30)";"North";60;"Monthly";110.6;0;57.22;1;6636.0
"CUST-10945";"Male";"2. Adult (31-50)";"East";11;"Monthly";91.07;2;53.43;0;1001.77
"CUST-10946";"Non-binary";"1. Young Adult (18-30)";"East";8;"Two year";32.07;0;56.44;0;256.56
"CUST-10947";"Male";"1. Young Adult (18-30)";"East";4;"Monthly";37.2;0;43.31;1;148.8
"CUST-10948";"Female";"1. Young Adult (18-30)";"South";47;"Monthly";98.23;1;73.05;0;4616.81
"CUST-10949";"Female";"3. Senior (51+)";"South";33;"Two year";109.91;0;54.53;0;3627.03
"CUST-1095";"Female";"1. Young Adult (18-30)";"North";47;"One year";91.01;1;81.86;0;4277.47
"CUST-10950";"Female";"2. Adult (31-50)";"West";37;"Monthly";44.25;0;54.96;1;1637.25
"CUST-10951";"Female";"3. Senior (51+)";"South";33;"Monthly";51.65;0;81.67;1;1704.45
"CUST-10952";"Non-binary";"2. Adult (31-50)";"West";46;"Monthly";90.72;0;95.79;0;4173.12
"CUST-10953";"Male";"1. Young Adult (18-30)";"North";62;"Monthly";93.35;0;52.93;1;5787.7
"CUST-10954";"Male";"3. Senior (51+)";"East";8;"Monthly";28.54;0;72.9;0;228.32
"CUST-10955";"Male";"2. Adult (31-50)";"South";21;"One year";48.96;0;55.93;0;1028.16
"CUST-10956";"Female";"3. Senior (51+)";"South";29;"Two year";68.22;0;55.42;0;1978.38
"CUST-10957";"Female";"1. Young Adult (18-30)";"North";56;"One year";81.51;0;63.17;0;4564.56
"CUST-10958";"Non-binary";"2. Adult (31-50)";"North";32;"Two year";46.81;0;33.76;1;1497.92
"CUST-10959";"Female";"1. Young Adult (18-30)";"West";20;"One year";28.6;0;53.01;0;572.0
"CUST-1096";"Female";"3. Senior (51+)";"West";40;"Monthly";25.62;0;93.37;0;1024.8
"CUST-10960";"Female";"2. Adult (31-50)";"North";65;"Two year";36.95;2;67.38;0;2401.75
"CUST-10961";"Male";"2. Adult (31-50)";"West";25;"One year";91.45;0;56.29;0;2286.25
"CUST-10962";"Female";"3. Senior (51+)";"North";33;"Monthly";112.04;1;54.53;1;3697.32
"CUST-10963";"Male";"3. Senior (51+)";"North";45;"Monthly";88.82;1;87.81;1;3996.9
"CUST-10964";"Non-binary";"2. Adult (31-50)";"East";0;"Monthly";32.38;3;80.91;1;0.0
"CUST-10965";"Female";"3. Senior (51+)";"North";2;"Monthly";73.96;0;42.67;1;147.92
"CUST-10966";"Female";"3. Senior (51+)";"East";54;"One year";37.4;0;56.4;0;2019.6
"CUST-10967";"Female";"3. Senior (51+)";"South";7;"Monthly";91.47;1;59.79;0;640.29
"CUST-10968";"Male";"1. Young Adult (18-30)";"North";71;"Two year";51.98;0;54.72;0;3690.58
"CUST-10969";"Male";"2. Adult (31-50)";"North";32;"Monthly";82.42;0;51.49;1;2637.44
"CUST-1097";"Non-binary";"3. Senior (51+)";"East";5;"Monthly";20.42;0;39.54;1;102.1
"CUST-10970";"Female";"1. Young Adult (18-30)";"North";25;"Monthly";51.99;3;41.33;0;1299.75
"CUST-10971";"Female";"2. Adult (31-50)";"East";8;"Monthly";37.65;0;47.33;0;301.2
"CUST-10972";"Male";"1. Young Adult (18-30)";"West";67;"One year";113.01;3;65.68;0;7571.67
"CUST-10973";"Female";"2. Adult (31-50)";"East";1;"Monthly";85.33;0;17.32;0;85.33
"CUST-10974";"Female";"3. Senior (51+)";"East";6;"Two year";50.9;0;52.96;1;305.4
"CUST-10975";"Male";"3. Senior (51+)";"North";21;"Two year";101.81;0;96.15;0;2138.01
"CUST-10976";"Male";"3. Senior (51+)";"South";13;"Two year";111.0;3;56.82;0;1443.0
"CUST-10977";"Non-binary";"1. Young Adult (18-30)";"West";32;"Two year";84.09;1;44.15;0;2690.88
"CUST-10978";"Female";"3. Senior (51+)";"West";35;"One year";84.41;0;41.56;0;2954.35
"CUST-10979";"Female";"2. Adult (31-50)";"North";28;"Two year";30.02;0;71.01;0;840.56
"CUST-1098";"Male";"1. Young Adult (18-30)";"South";58;"One year";39.8;1;89.74;0;2308.4
"CUST-10980";"Non-binary";"2. Adult (31-50)";"North";51;"One year";63.72;0;57.9;0;3249.72
"CUST-10981";"Male";"3. Senior (51+)";"West";70;"Two year";86.14;3;58.23;0;6029.8
"CUST-10982";"Non-binary";"4. Unkownn/Missing";"North";16;"One year";62.55;2;94.63;0;1000.8
"CUST-10983";"Male";"1. Young Adult (18-30)";"North";33;"Monthly";35.36;0;82.6;0;1166.88
"CUST-10984";"Female";"2. Adult (31-50)";"East";2;"Monthly";73.39;0;73.63;0;146.78
"CUST-10985";"Male";"4. Unkownn/Missing";"North";4;"Two year";93.22;0;43.31;0;372.88
"CUST-10986";"Male";"3. Senior (51+)";"West";33;"One year";64.97;2;54.53;0;2144.01
"CUST-10987";"Non-binary";"1. Young Adult (18-30)";"North";27;"One year";62.34;0;86.28;0;1683.18
"CUST-10988";"Non-binary";"1. Young Adult (18-30)";"South";47;"Monthly";35.66;0;77.62;1;1676.02
"CUST-10989";"Male";"3. Senior (51+)";"South";72;"Two year";52.96;8;20.96;0;3813.12
"CUST-1099";"Male";"3. Senior (51+)";"West";43;"Monthly";85.92;7;17.57;1;3694.56
"CUST-10990";"Female";"3. Senior (51+)";"South";3;"Monthly";78.7;0;63.010000000000005;0;236.1
"CUST-10991";"Male";"2. Adult (31-50)";"North";31;"Monthly";58.29;4;20.53;0;1806.99
"CUST-10992";"Male";"3. Senior (51+)";"North";23;"One year";115.15;2;56.11;0;2648.45
"CUST-10993";"Male";"2. Adult (31-50)";"East";49;"Two year";105.57;2;19.82;1;5172.93
"CUST-10994";"Non-binary";"2. Adult (31-50)";"West";38;"Two year";82.38;0;53.79;0;3130.44
"CUST-10995";"Female";"3. Senior (51+)";"West";12;"Monthly";30.85;0;54.82;1;370.2
"CUST-10996";"Male";"3. Senior (51+)";"North";60;"One year";27.6;2;57.22;1;1656.0
"CUST-10997";"Male";"1. Young Adult (18-30)";"North";62;"Two year";102.04;5;11.32;1;6326.48
"CUST-10998";"Female";"2. Adult (31-50)";"West";20;"Monthly";39.67;0;53.01;0;793.4
"CUST-10999";"Female";"2. Adult (31-50)";"East";31;"Two year";41.12;3;66.98;0;1274.72
"CUST-1100";"Female";"3. Senior (51+)";"South";27;"One year";92.21;0;85.51;0;2489.67
"CUST-1101";"Male";"3. Senior (51+)";"West";22;"One year";110.75;2;70.96;0;2436.5
"CUST-1102";"Female";"3. Senior (51+)";"West";24;"Two year";96.91;0;50.66;0;2325.84
"CUST-1103";"Non-binary";"3. Senior (51+)";"South";0;"One year";97.92;0;57.84;0;0.0
"CUST-1104";"Female";"1. Young Adult (18-30)";"West";26;"Two year";22.2;0;22.69;1;577.2
"CUST-1105";"Female";"2. Adult (31-50)";"West";33;"One year";32.86;0;54.53;0;1084.38
"CUST-1106";"Male";"3. Senior (51+)";"West";51;"Two year";103.25;0;57.9;0;5265.75
"CUST-1107";"Female";"1. Young Adult (18-30)";"East";2;"Monthly";88.96;0;11.780000000000001;1;177.92
"CUST-1108";"Male";"3. Senior (51+)";"West";17;"Monthly";47.85;2;56.0;0;813.45
"CUST-1109";"Male";"3. Senior (51+)";"South";12;"Monthly";33.77;0;36.94;1;405.24
"CUST-1110";"Male";"3. Senior (51+)";"South";57;"One year";99.99;0;68.79;1;5699.43
"CUST-1111";"Male";"3. Senior (51+)";"South";48;"One year";71.55;0;59.96;0;3434.4
"CUST-1112";"Female";"4. Unkownn/Missing";"North";52;"Two year";32.42;3;55.69;1;1685.84
"CUST-1113";"Male";"3. Senior (51+)";"West";58;"Monthly";101.17;0;94.41;0;5867.86
"CUST-1114";"Male";"2. Adult (31-50)";"East";56;"Two year";106.44;0;63.17;1;5960.64
"CUST-1115";"Female";"4. Unkownn/Missing";"North";66;"Two year";95.13;0;54.86;0;6278.58
"CUST-1116";"Non-binary";"2. Adult (31-50)";"West";47;"One year";54.05;3;77.96;0;2540.35
"CUST-1117";"Male";"1. Young Adult (18-30)";"North";10;"Two year";86.51;0;47.69;0;865.1
"CUST-1118";"Non-binary";"1. Young Adult (18-30)";"West";50;"Monthly";49.93;0;54.57;0;2496.5
"CUST-1119";"Non-binary";"3. Senior (51+)";"West";33;"Monthly";45.59;0;54.53;0;1504.47
"CUST-1120";"Non-binary";"2. Adult (31-50)";"West";40;"Monthly";69.25;2;77.39;1;2770.0
"CUST-1121";"Female";"2. Adult (31-50)";"South";43;"Monthly";36.41;9;39.09;1;1565.63
"CUST-1122";"Female";"3. Senior (51+)";"South";6;"One year";54.09;3;52.96;0;324.54
"CUST-1123";"Female";"2. Adult (31-50)";"West";53;"One year";69.79;0;96.56;1;3698.87
"CUST-1124";"Non-binary";"2. Adult (31-50)";"South";6;"Monthly";79.73;0;52.96;0;478.38
"CUST-1125";"Non-binary";"2. Adult (31-50)";"South";8;"One year";64.43;0;56.44;0;515.44
"CUST-1126";"Male";"2. Adult (31-50)";"North";47;"Monthly";100.11;3;45.6;1;4705.17
"CUST-1127";"Male";"1. Young Adult (18-30)";"West";44;"Two year";109.63;0;56.45;0;4823.72
"CUST-1128";"Non-binary";"3. Senior (51+)";"East";69;"Monthly";81.5;0;86.16;1;5623.5
"CUST-1129";"Male";"4. Unkownn/Missing";"South";43;"One year";82.26;3;53.15;0;3537.18
"CUST-1130";"Female";"2. Adult (31-50)";"West";34;"Two year";84.82;0;60.3;0;2883.88
"CUST-1131";"Female";"1. Young Adult (18-30)";"South";45;"Monthly";62.7;0;29.06;0;2821.5
"CUST-1132";"Female";"3. Senior (51+)";"North";16;"Monthly";99.71;1;57.1;0;1595.36
"CUST-1133";"Male";"2. Adult (31-50)";"East";69;"Monthly";97.74;0;91.98;0;6744.06
"CUST-1134";"Female";"2. Adult (31-50)";"West";43;"Monthly";43.63;0;14.56;1;1876.09
"CUST-1135";"Male";"3. Senior (51+)";"North";0;"Monthly";108.16;0;69.99;0;0.0
"CUST-1136";"Female";"3. Senior (51+)";"West";7;"Monthly";64.14;0;44.47;1;448.98
"CUST-1137";"Female";"2. Adult (31-50)";"North";33;"Monthly";78.73;0;86.56;0;2598.09
"CUST-1138";"Female";"4. Unkownn/Missing";"North";46;"One year";114.67;0;90.8;0;5274.82
"CUST-1139";"Non-binary";"2. Adult (31-50)";"West";34;"Two year";27.18;0;52.64;0;924.12
"CUST-1140";"Male";"4. Unkownn/Missing";"South";17;"One year";80.18;0;12.46;0;1363.06
"CUST-1141";"Female";"3. Senior (51+)";"West";3;"One year";60.47;0;43.71;0;181.41
"CUST-1142";"Female";"1. Young Adult (18-30)";"East";27;"Two year";95.02;0;49.9;0;2565.54
"CUST-1143";"Male";"1. Young Adult (18-30)";"West";23;"One year";97.07;2;73.87;0;2232.61
"CUST-1144";"Non-binary";"3. Senior (51+)";"West";3;"Monthly";28.73;4;36.46;0;86.19
"CUST-1145";"Non-binary";"3. Senior (51+)";"West";56;"Monthly";27.36;0;63.17;0;1532.16
"CUST-1146";"Male";"2. Adult (31-50)";"North";21;"Monthly";89.45;3;95.49;1;1878.45
"CUST-1147";"Female";"2. Adult (31-50)";"West";44;"Two year";105.92;1;59.96;0;4660.48
"CUST-1148";"Female";"3. Senior (51+)";"South";1;"One year";25.45;2;43.21;0;25.45
"CUST-1149";"Male";"1. Young Adult (18-30)";"South";34;"Monthly";23.19;2;40.48;1;788.46
"CUST-1150";"Male";"3. Senior (51+)";"East";2;"Two year";70.87;3;56.56;0;141.74
"CUST-1151";"Female";"1. Young Adult (18-30)";"North";61;"Two year";61.43;0;19.45;0;3747.23
"CUST-1152";"Non-binary";"1. Young Adult (18-30)";"East";23;"Two year";39.18;0;56.11;1;901.14
"CUST-1153";"Non-binary";"2. Adult (31-50)";"South";17;"Monthly";22.57;0;24.33;0;383.69
"CUST-1154";"Non-binary";"3. Senior (51+)";"South";69;"One year";48.86;1;57.1;0;3371.34
"CUST-1155";"Male";"2. Adult (31-50)";"East";47;"Two year";61.11;3;17.53;1;2872.17
"CUST-1156";"Male";"3. Senior (51+)";"West";20;"Monthly";102.34;0;90.5;1;2046.8
"CUST-1157";"Female";"3. Senior (51+)";"South";18;"Monthly";44.71;1;51.92;1;804.78
"CUST-1158";"Male";"2. Adult (31-50)";"South";28;"Monthly";64.32;0;53.86;1;1800.96
"CUST-1159";"Male";"3. Senior (51+)";"West";44;"Monthly";77.03;0;47.66;0;3389.32
"CUST-1160";"Female";"2. Adult (31-50)";"West";38;"Monthly";23.76;8;36.88;1;902.88
"CUST-1161";"Female";"3. Senior (51+)";"West";64;"Two year";103.01;0;49.79;0;6592.64
"CUST-1162";"Male";"3. Senior (51+)";"North";5;"Monthly";79.43;0;39.54;1;397.15
"CUST-1163";"Female";"2. Adult (31-50)";"North";71;"Monthly";72.32;3;54.72;1;5134.72
"CUST-1164";"Female";"4. Unkownn/Missing";"South";21;"Monthly";118.22;7;12.93;1;2482.62
"CUST-1165";"Male";"2. Adult (31-50)";"North";72;"Monthly";84.34;3;76.03;1;6072.48
"CUST-1166";"Male";"4. Unkownn/Missing";"West";33;"Monthly";101.72;0;54.53;1;3356.76
"CUST-1167";"Female";"4. Unkownn/Missing";"West";72;"Monthly";72.14;1;54.68;1;5194.08
"CUST-1168";"Female";"1. Young Adult (18-30)";"North";53;"Monthly";26.6;0;49.04;0;1409.8
"CUST-1169";"Female";"3. Senior (51+)";"North";71;"One year";87.59;0;72.62;0;6218.89
"CUST-1170";"Female";"3. Senior (51+)";"East";40;"Monthly";64.05;0;54.99;1;2562.0
"CUST-1171";"Female";"2. Adult (31-50)";"South";26;"Monthly";79.99;1;61.62;1;2079.74
"CUST-1172";"Female";"2. Adult (31-50)";"West";36;"Monthly";32.87;3;49.15;1;1183.32
"CUST-1173";"Male";"2. Adult (31-50)";"South";43;"Monthly";47.38;3;53.15;1;2037.34
"CUST-1174";"Female";"3. Senior (51+)";"East";35;"Monthly";63.21;0;56.85;1;2212.35
"CUST-1175";"Female";"3. Senior (51+)";"North";40;"Monthly";102.75;0;87.98;0;4110.0
"CUST-1176";"Female";"2. Adult (31-50)";"West";32;"Two year";110.69;0;51.91;0;3542.08
"CUST-1177";"Non-binary";"2. Adult (31-50)";"North";29;"Monthly";96.68;2;55.42;1;2803.72
"CUST-1178";"Male";"2. Adult (31-50)";"South";28;"Monthly";73.82;0;97.36;1;2066.96
"CUST-1179";"Male";"1. Young Adult (18-30)";"South";29;"One year";38.06;0;90.0;0;1103.74
"CUST-1180";"Female";"1. Young Adult (18-30)";"West";26;"One year";37.28;2;59.18;0;969.28
"CUST-1181";"Female";"3. Senior (51+)";"North";3;"Monthly";82.68;0;17.47;0;248.04
"CUST-1182";"Non-binary";"1. Young Adult (18-30)";"South";70;"One year";97.04;0;58.23;0;6792.8
"CUST-1183";"Female";"3. Senior (51+)";"West";0;"Monthly";21.46;0;44.44;1;0.0
"CUST-1184";"Non-binary";"1. Young Adult (18-30)";"North";19;"Monthly";70.26;0;51.26;1;1334.94
"CUST-1185";"Female";"1. Young Adult (18-30)";"South";72;"Monthly";46.56;0;54.68;0;3352.32
"CUST-1186";"Female";"2. Adult (31-50)";"North";65;"Two year";92.81;0;55.95;0;6032.65
"CUST-1187";"Non-binary";"2. Adult (31-50)";"South";48;"One year";112.9;0;59.96;1;5419.2
"CUST-1188";"Non-binary";"3. Senior (51+)";"East";64;"Monthly";86.31;0;38.09;1;5523.84
"CUST-1189";"Female";"3. Senior (51+)";"West";50;"One year";112.32;0;54.57;0;5616.0
"CUST-1190";"Female";"1. Young Adult (18-30)";"South";66;"Monthly";108.36;0;53.84;1;7151.76
"CUST-1191";"Male";"2. Adult (31-50)";"South";39;"Two year";39.12;1;59.64;1;1525.68
"CUST-1192";"Male";"2. Adult (31-50)";"North";36;"One year";37.13;0;13.15;1;1336.68
"CUST-1193";"Male";"2. Adult (31-50)";"West";22;"Monthly";21.82;0;61.41;0;480.04
"CUST-1194";"Male";"2. Adult (31-50)";"South";47;"One year";25.21;2;52.58;0;1184.87
"CUST-1195";"Female";"3. Senior (51+)";"South";13;"One year";105.61;0;56.82;0;1372.93
"CUST-1196";"Female";"2. Adult (31-50)";"West";12;"Monthly";87.34;0;30.72;1;1048.08
"CUST-1197";"Male";"2. Adult (31-50)";"North";29;"Two year";118.64;3;78.37;0;3440.56
"CUST-1198";"Non-binary";"3. Senior (51+)";"South";29;"Two year";43.07;3;33.08;1;1249.03
"CUST-1199";"Male";"1. Young Adult (18-30)";"West";4;"Two year";20.63;2;43.31;0;82.52
"CUST-1200";"Male";"2. Adult (31-50)";"South";61;"One year";37.97;3;55.13;0;2316.17
"CUST-1201";"Male";"1. Young Adult (18-30)";"North";32;"Monthly";90.16;1;16.62;1;2885.12
"CUST-1202";"Female";"2. Adult (31-50)";"West";14;"Monthly";69.52;0;50.47;0;973.28
"CUST-1203";"Male";"3. Senior (51+)";"South";56;"Monthly";75.06;0;63.17;1;4203.36
"CUST-1204";"Non-binary";"2. Adult (31-50)";"West";28;"Monthly";40.26;0;53.86;1;1127.28
"CUST-1205";"Female";"4. Unkownn/Missing";"South";41;"Monthly";22.98;0;87.42;1;942.18
"CUST-1206";"Male";"3. Senior (51+)";"East";9;"Two year";67.03;1;58.05;1;603.27
"CUST-1207";"Male";"3. Senior (51+)";"West";5;"Two year";50.39;0;39.54;0;251.95
"CUST-1208";"Non-binary";"2. Adult (31-50)";"East";11;"Monthly";26.35;0;53.43;1;289.85
"CUST-1209";"Non-binary";"3. Senior (51+)";"South";16;"Two year";106.54;6;15.25;1;1704.64
"CUST-1210";"Female";"3. Senior (51+)";"West";11;"Monthly";110.85;10;20.14;1;1219.35
"CUST-1211";"Female";"3. Senior (51+)";"North";67;"One year";60.86;0;52.82;0;4077.62
"CUST-1212";"Female";"3. Senior (51+)";"South";43;"One year";52.29;0;53.15;0;2248.47
"CUST-1213";"Male";"1. Young Adult (18-30)";"North";7;"One year";74.96;0;25.06;0;524.72
"CUST-1214";"Male";"2. Adult (31-50)";"South";62;"One year";110.23;0;17.56;0;6834.26
"CUST-1215";"Female";"3. Senior (51+)";"East";48;"Monthly";61.47;0;87.92;1;2950.56
"CUST-1216";"Female";"2. Adult (31-50)";"South";28;"Two year";37.96;1;98.15;0;1062.88
"CUST-1217";"Non-binary";"2. Adult (31-50)";"North";5;"Monthly";40.54;3;39.54;0;202.7
"CUST-1218";"Male";"1. Young Adult (18-30)";"North";31;"One year";88.0;0;51.61;0;2728.0
"CUST-1219";"Female";"4. Unkownn/Missing";"East";60;"Monthly";49.77;5;39.27;1;2986.2
"CUST-1220";"Male";"3. Senior (51+)";"South";0;"Monthly";67.27;0;44.44;0;0.0
"CUST-1221";"Female";"3. Senior (51+)";"West";69;"Monthly";81.62;3;57.1;1;5631.78
"CUST-1222";"Male";"3. Senior (51+)";"West";32;"One year";30.07;0;55.03;0;962.24
"CUST-1223";"Female";"2. Adult (31-50)";"North";62;"Monthly";71.04;2;52.93;0;4404.48
"CUST-1224";"Female";"4. Unkownn/Missing";"North";41;"One year";47.94;0;51.63;0;1965.54
"CUST-1225";"Male";"3. Senior (51+)";"West";60;"Monthly";41.66;0;75.43;0;2499.6
"CUST-1226";"Female";"1. Young Adult (18-30)";"West";5;"One year";79.88;3;39.54;0;399.4
"CUST-1227";"Non-binary";"3. Senior (51+)";"East";63;"Monthly";21.18;3;77.38;1;1334.34
"CUST-1228";"Non-binary";"1. Young Adult (18-30)";"West";10;"Monthly";81.1;0;47.69;0;811.0
"CUST-1229";"Male";"3. Senior (51+)";"South";66;"Monthly";31.8;0;32.21;1;2098.8
"CUST-1230";"Female";"1. Young Adult (18-30)";"East";42;"Monthly";78.01;1;58.5;0;3276.42
"CUST-1231";"Female";"3. Senior (51+)";"South";18;"Monthly";107.27;0;77.42;1;1930.86
"CUST-1232";"Female";"3. Senior (51+)";"East";0;"Monthly";82.11;0;11.5;1;0.0
"CUST-1233";"Male";"4. Unkownn/Missing";"East";71;"One year";31.57;0;35.04;0;2241.47
"CUST-1234";"Female";"1. Young Adult (18-30)";"West";63;"Two year";62.24;0;54.89;1;3921.12
"CUST-1235";"Female";"2. Adult (31-50)";"South";50;"One year";80.16;0;54.57;0;4008.0
"CUST-1236";"Female";"3. Senior (51+)";"West";13;"Two year";62.98;0;56.82;0;818.74
"CUST-1237";"Female";"3. Senior (51+)";"West";62;"Monthly";113.16;2;82.57;1;7015.92
"CUST-1238";"Female";"3. Senior (51+)";"South";45;"Monthly";52.21;3;55.55;1;2349.45
"CUST-1239";"Female";"1. Young Adult (18-30)";"West";54;"Two year";66.7;0;47.37;0;3601.8
"CUST-1240";"Female";"3. Senior (51+)";"East";71;"Two year";36.39;2;54.72;1;2583.69
"CUST-1241";"Female";"3. Senior (51+)";"South";59;"One year";90.71;0;50.64;0;5351.89
"CUST-1242";"Female";"3. Senior (51+)";"East";63;"Monthly";22.51;3;54.89;0;1418.13
"CUST-1243";"Female";"1. Young Adult (18-30)";"North";13;"Two year";85.54;0;56.82;0;1112.02
"CUST-1244";"Male";"4. Unkownn/Missing";"North";33;"Two year";32.09;2;54.53;0;1058.97
"CUST-1245";"Female";"3. Senior (51+)";"North";46;"Two year";31.11;1;56.59;1;1431.06
"CUST-1246";"Male";"1. Young Adult (18-30)";"East";9;"Two year";36.02;0;71.25;0;324.18
"CUST-1247";"Male";"3. Senior (51+)";"West";66;"Two year";97.67;2;54.86;0;6446.22
"CUST-1248";"Female";"1. Young Adult (18-30)";"North";45;"One year";30.99;0;56.4;1;1394.55
"CUST-1249";"Female";"1. Young Adult (18-30)";"West";30;"Monthly";69.16;3;45.86;0;2074.8
"CUST-1250";"Non-binary";"3. Senior (51+)";"West";22;"One year";65.67;0;58.01;0;1444.74
"CUST-1251";"Female";"3. Senior (51+)";"North";9;"Monthly";36.18;0;58.05;1;325.62
"CUST-1252";"Male";"2. Adult (31-50)";"West";28;"Two year";61.79;0;58.19;0;1730.12
"CUST-1253";"Female";"2. Adult (31-50)";"East";62;"Monthly";76.36;2;66.46;0;4734.32
"CUST-1254";"Non-binary";"3. Senior (51+)";"South";0;"Two year";65.78;0;37.25;0;0.0
"CUST-1255";"Non-binary";"3. Senior (51+)";"North";66;"One year";106.67;6;10.12;0;7040.22
"CUST-1256";"Male";"2. Adult (31-50)";"East";53;"Monthly";95.81;0;55.3;1;5077.93
"CUST-1257";"Male";"2. Adult (31-50)";"South";32;"Two year";29.78;3;59.85;0;952.96
"CUST-1258";"Female";"2. Adult (31-50)";"North";65;"One year";62.53;0;86.88;1;4064.45
"CUST-1259";"Female";"2. Adult (31-50)";"West";4;"One year";79.77;0;68.65;0;319.08
"CUST-1260";"Female";"3. Senior (51+)";"South";22;"Two year";92.63;0;58.01;0;2037.86
"CUST-1261";"Female";"2. Adult (31-50)";"East";44;"Monthly";29.68;0;79.77;1;1305.92
"CUST-1262";"Female";"3. Senior (51+)";"North";26;"Monthly";32.15;0;61.62;1;835.9
"CUST-1263";"Male";"2. Adult (31-50)";"South";41;"One year";25.25;0;43.46;0;1035.25
"CUST-1264";"Male";"2. Adult (31-50)";"South";57;"One year";31.38;5;25.69;1;1788.66
"CUST-1265";"Female";"1. Young Adult (18-30)";"North";2;"Monthly";116.08;0;7.129999999999999;1;232.16
"CUST-1266";"Male";"3. Senior (51+)";"South";66;"Monthly";48.3;1;54.86;0;3187.8
"CUST-1267";"Female";"3. Senior (51+)";"South";70;"One year";48.81;0;49.07;0;3416.7
"CUST-1268";"Female";"1. Young Adult (18-30)";"East";56;"Monthly";107.53;3;63.17;1;6021.68
"CUST-1269";"Female";"1. Young Adult (18-30)";"South";54;"Two year";56.58;0;56.4;0;3055.32
"CUST-1270";"Female";"2. Adult (31-50)";"North";34;"Monthly";64.3;3;52.64;0;2186.2
"CUST-1271";"Male";"3. Senior (51+)";"West";28;"One year";70.13;0;74.73;0;1963.64
"CUST-1272";"Non-binary";"3. Senior (51+)";"North";8;"Two year";48.88;0;67.6;0;391.04
"CUST-1273";"Female";"2. Adult (31-50)";"East";51;"Monthly";31.15;0;21.92;1;1588.65
"CUST-1274";"Female";"1. Young Adult (18-30)";"East";35;"Monthly";33.93;0;56.85;1;1187.55
"CUST-1275";"Non-binary";"2. Adult (31-50)";"South";72;"One year";37.38;0;92.52;0;2691.36
"CUST-1276";"Female";"3. Senior (51+)";"West";5;"Two year";70.16;0;39.54;0;350.8
"CUST-1277";"Non-binary";"3. Senior (51+)";"East";70;"One year";110.64;0;58.23;1;7744.8
"CUST-1278";"Female";"3. Senior (51+)";"East";71;"Monthly";23.8;3;54.72;0;1689.8
"CUST-1279";"Female";"3. Senior (51+)";"East";52;"Two year";94.45;3;54.79;0;4911.4
"CUST-1280";"Female";"2. Adult (31-50)";"North";38;"One year";52.72;0;54.22;0;2003.36
"CUST-1281";"Female";"1. Young Adult (18-30)";"East";51;"One year";101.9;0;57.9;1;5196.9
"CUST-1282";"Female";"2. Adult (31-50)";"South";56;"One year";87.12;0;42.23;0;4878.72
"CUST-1283";"Female";"2. Adult (31-50)";"North";36;"Monthly";51.86;0;17.01;0;1866.96
"CUST-1284";"Female";"1. Young Adult (18-30)";"South";23;"Monthly";29.16;1;56.11;1;670.68
"CUST-1285";"Male";"3. Senior (51+)";"North";38;"One year";49.87;0;53.79;0;1895.06
"CUST-1286";"Male";"1. Young Adult (18-30)";"North";46;"Monthly";97.62;3;51.24;1;4490.52
"CUST-1287";"Female";"3. Senior (51+)";"West";55;"Monthly";62.43;0;76.98;1;3433.65
"CUST-1288";"Female";"3. Senior (51+)";"North";67;"Two year";116.73;2;52.82;0;7820.91
"CUST-1289";"Male";"3. Senior (51+)";"South";29;"Monthly";23.82;3;55.42;0;690.78
"CUST-1290";"Female";"3. Senior (51+)";"South";44;"Monthly";65.91;0;56.45;1;2900.04
"CUST-1291";"Female";"2. Adult (31-50)";"North";47;"Monthly";90.54;0;79.01;0;4255.38
"CUST-1292";"Female";"3. Senior (51+)";"West";48;"Monthly";93.3;0;60.09;0;4478.4
"CUST-1293";"Non-binary";"1. Young Adult (18-30)";"West";26;"Monthly";30.15;3;63.01;1;783.9
"CUST-1294";"Female";"3. Senior (51+)";"West";58;"One year";27.03;0;33.2;0;1567.74
"CUST-1295";"Non-binary";"1. Young Adult (18-30)";"West";4;"Two year";31.03;5;37.45;0;124.12
"CUST-1296";"Female";"3. Senior (51+)";"South";7;"Monthly";35.52;0;17.75;0;248.64
"CUST-1297";"Non-binary";"1. Young Adult (18-30)";"South";38;"Two year";91.28;2;41.68;1;3468.64
"CUST-1298";"Female";"3. Senior (51+)";"South";36;"Two year";55.22;0;49.15;0;1987.92
"CUST-1299";"Female";"2. Adult (31-50)";"East";64;"Monthly";20.15;2;95.6;0;1289.6
"CUST-1300";"Male";"2. Adult (31-50)";"West";4;"Monthly";49.07;2;78.82;1;196.28
"CUST-1301";"Non-binary";"1. Young Adult (18-30)";"East";58;"Monthly";49.75;3;56.15;0;2885.5
"CUST-1302";"Male";"2. Adult (31-50)";"North";14;"Monthly";32.59;2;96.73;1;456.26
"CUST-1303";"Female";"2. Adult (31-50)";"South";60;"Monthly";82.14;0;57.22;0;4928.4
"CUST-1304";"Female";"2. Adult (31-50)";"West";61;"Two year";105.36;0;45.65;0;6426.96
"CUST-1305";"Female";"3. Senior (51+)";"North";46;"Monthly";64.3;3;51.24;0;2957.8
"CUST-1306";"Male";"1. Young Adult (18-30)";"North";30;"Monthly";58.15;0;57.44;0;1744.5
"CUST-1307";"Male";"3. Senior (51+)";"West";51;"One year";56.89;2;57.9;0;2901.39
"CUST-1308";"Female";"2. Adult (31-50)";"East";51;"Monthly";26.7;0;79.81;1;1361.7
"CUST-1309";"Female";"2. Adult (31-50)";"West";2;"One year";35.37;0;23.0;0;70.74
"CUST-1310";"Female";"4. Unkownn/Missing";"East";7;"Monthly";70.79;0;39.33;0;495.53
"CUST-1311";"Female";"3. Senior (51+)";"West";43;"Monthly";90.46;1;53.15;1;3889.78
"CUST-1312";"Female";"3. Senior (51+)";"North";32;"One year";91.29;1;51.91;0;2921.28
"CUST-1313";"Non-binary";"2. Adult (31-50)";"North";39;"One year";67.73;0;48.4;0;2641.47
"CUST-1314";"Female";"1. Young Adult (18-30)";"North";22;"One year";32.74;3;58.01;0;720.28
"CUST-1315";"Male";"1. Young Adult (18-30)";"South";3;"Monthly";106.79;0;42.33;1;320.37
"CUST-1316";"Male";"3. Senior (51+)";"South";8;"One year";79.3;0;21.68;0;634.4
"CUST-1317";"Male";"3. Senior (51+)";"West";40;"One year";105.98;0;54.99;0;4239.2
"CUST-1318";"Male";"3. Senior (51+)";"North";44;"Monthly";61.8;0;32.32;1;2719.2
"CUST-1319";"Male";"3. Senior (51+)";"South";46;"Monthly";40.54;0;51.24;1;1864.84
"CUST-1320";"Male";"3. Senior (51+)";"West";30;"One year";81.98;0;83.22;0;2459.4
"CUST-1321";"Non-binary";"3. Senior (51+)";"South";56;"One year";26.38;3;63.17;0;1477.28
"CUST-1322";"Female";"2. Adult (31-50)";"South";59;"Monthly";24.18;0;61.63;1;1426.62
"CUST-1323";"Female";"3. Senior (51+)";"West";31;"Two year";98.12;0;50.35;1;3041.72
"CUST-1324";"Female";"2. Adult (31-50)";"South";41;"One year";42.48;0;51.63;0;1741.68
"CUST-1325";"Female";"1. Young Adult (18-30)";"North";53;"Two year";84.97;2;85.72;0;4503.41
"CUST-1326";"Non-binary";"3. Senior (51+)";"North";22;"One year";91.44;1;58.01;0;2011.68
"CUST-1327";"Female";"2. Adult (31-50)";"West";5;"Monthly";113.17;3;4.170000000000002;1;565.85
"CUST-1328";"Female";"3. Senior (51+)";"South";68;"Two year";21.04;0;51.3;0;1430.72
"CUST-1329";"Female";"3. Senior (51+)";"West";24;"Monthly";87.55;2;84.67;1;2101.2
"CUST-1330";"Male";"4. Unkownn/Missing";"South";54;"Monthly";99.23;0;47.89;1;5358.42
"CUST-1331";"Female";"2. Adult (31-50)";"North";71;"Monthly";64.37;0;54.72;0;4570.27
"CUST-1332";"Non-binary";"2. Adult (31-50)";"South";51;"Two year";107.07;0;26.47;0;5460.57
"CUST-1333";"Male";"1. Young Adult (18-30)";"East";42;"Monthly";71.02;2;57.27;0;2982.84
"CUST-1334";"Male";"1. Young Adult (18-30)";"East";39;"Monthly";89.55;1;59.64;1;3492.45
"CUST-1335";"Female";"3. Senior (51+)";"West";49;"One year";49.23;0;54.7;0;2412.27
"CUST-1336";"Female";"2. Adult (31-50)";"East";37;"Monthly";26.97;0;54.96;1;997.89
"CUST-1337";"Non-binary";"1. Young Adult (18-30)";"West";8;"Monthly";87.81;6;18.23;1;702.48
"CUST-1338";"Female";"3. Senior (51+)";"North";21;"Two year";70.91;0;37.71;0;1489.11
"CUST-1339";"Female";"3. Senior (51+)";"South";35;"Monthly";76.19;2;56.85;1;2666.65
"CUST-1340";"Female";"1. Young Adult (18-30)";"North";68;"Two year";107.38;0;57.81;0;7301.84
"CUST-1341";"Female";"1. Young Adult (18-30)";"North";58;"One year";64.66;3;56.6;0;3750.28
"CUST-1342";"Female";"2. Adult (31-50)";"West";3;"Monthly";59.53;1;42.33;1;178.59
"CUST-1343";"Male";"1. Young Adult (18-30)";"South";22;"Monthly";87.92;3;22.76;0;1934.24
"CUST-1344";"Female";"3. Senior (51+)";"South";68;"One year";22.35;0;57.81;0;1519.8
"CUST-1345";"Non-binary";"3. Senior (51+)";"North";24;"One year";81.69;0;50.66;1;1960.56
"CUST-1346";"Female";"4. Unkownn/Missing";"North";4;"Monthly";84.35;0;82.43;1;337.4
"CUST-1347";"Non-binary";"3. Senior (51+)";"West";14;"Two year";38.15;3;50.47;0;534.1
"CUST-1348";"Male";"3. Senior (51+)";"South";29;"Monthly";48.08;0;55.42;1;1394.32
"CUST-1349";"Non-binary";"1. Young Adult (18-30)";"East";45;"Monthly";117.27;0;56.4;0;5277.15
"CUST-1350";"Female";"3. Senior (51+)";"South";52;"Monthly";60.92;0;54.79;1;3167.84
"CUST-1351";"Male";"3. Senior (51+)";"West";64;"Monthly";49.38;0;96.4;0;3160.32
"CUST-1352";"Female";"3. Senior (51+)";"North";58;"Monthly";21.09;0;56.15;1;1223.22
"CUST-1353";"Male";"4. Unkownn/Missing";"North";11;"One year";44.12;0;53.43;0;485.32
"CUST-1354";"Female";"3. Senior (51+)";"South";65;"One year";96.46;0;50.06;0;6269.9
"CUST-1355";"Female";"1. Young Adult (18-30)";"East";5;"Monthly";48.91;10;28.840000000000003;1;244.55
"CUST-1356";"Non-binary";"3. Senior (51+)";"West";60;"One year";23.25;0;47.41;0;1395.0
"CUST-1357";"Female";"3. Senior (51+)";"North";57;"One year";41.56;2;49.61;0;2368.92
"CUST-1358";"Female";"3. Senior (51+)";"North";71;"Monthly";46.26;0;98.14;0;3284.46
"CUST-1359";"Non-binary";"3. Senior (51+)";"North";24;"Monthly";36.05;0;49.07;0;865.2
"CUST-1360";"Male";"2. Adult (31-50)";"West";1;"Monthly";42.45;0;43.21;1;42.45
"CUST-1361";"Female";"3. Senior (51+)";"North";32;"One year";92.11;0;59.46;0;2947.52
"CUST-1362";"Male";"1. Young Adult (18-30)";"North";42;"Monthly";106.27;1;58.5;1;4463.34
"CUST-1363";"Male";"2. Adult (31-50)";"North";68;"Two year";48.22;0;87.53;0;3278.96
"CUST-1364";"Male";"3. Senior (51+)";"West";46;"Monthly";63.94;2;16.03;0;2941.24
"CUST-1365";"Female";"2. Adult (31-50)";"West";52;"Two year";53.72;0;54.79;0;2793.44
"CUST-1366";"Non-binary";"1. Young Adult (18-30)";"East";21;"One year";78.04;3;14.83;1;1638.84
"CUST-1367";"Female";"2. Adult (31-50)";"South";16;"One year";106.63;0;92.95;0;1706.08
"CUST-1368";"Male";"3. Senior (51+)";"East";49;"One year";74.08;0;77.61;0;3629.92
"CUST-1369";"Male";"1. Young Adult (18-30)";"East";33;"Two year";39.54;1;56.45;0;1304.82
"CUST-1370";"Non-binary";"3. Senior (51+)";"West";24;"Monthly";84.6;0;50.66;1;2030.4
"CUST-1371";"Male";"3. Senior (51+)";"West";61;"One year";55.52;0;13.79;1;3386.72
"CUST-1372";"Male";"3. Senior (51+)";"North";69;"Monthly";42.25;0;57.1;0;2915.25
"CUST-1373";"Male";"2. Adult (31-50)";"South";40;"Monthly";85.97;0;20.08;1;3438.8
"CUST-1374";"Female";"3. Senior (51+)";"North";58;"One year";68.1;0;56.15;0;3949.8
"CUST-1375";"Female";"3. Senior (51+)";"South";35;"Two year";23.77;2;56.85;0;831.95
"CUST-1376";"Female";"3. Senior (51+)";"North";61;"One year";72.47;0;55.13;0;4420.67
"CUST-1377";"Male";"1. Young Adult (18-30)";"South";33;"One year";81.54;0;54.53;0;2690.82
"CUST-1378";"Non-binary";"1. Young Adult (18-30)";"East";54;"One year";67.44;0;39.61;0;3641.76
"CUST-1379";"Non-binary";"3. Senior (51+)";"West";61;"Two year";42.38;2;94.95;0;2585.18
"CUST-1380";"Male";"3. Senior (51+)";"West";6;"Monthly";68.4;1;67.4;1;410.4
"CUST-1381";"Male";"3. Senior (51+)";"West";45;"Monthly";119.24;2;10.02;1;5365.8
"CUST-1382";"Non-binary";"3. Senior (51+)";"South";50;"Two year";95.51;0;54.57;1;4775.5
"CUST-1383";"Male";"1. Young Adult (18-30)";"West";60;"Two year";103.29;0;64.7;0;6197.4
"CUST-1384";"Female";"3. Senior (51+)";"South";20;"One year";85.3;0;53.01;1;1706.0
"CUST-1385";"Male";"3. Senior (51+)";"South";72;"Monthly";89.81;10;13.0;1;6466.32
"CUST-1386";"Male";"3. Senior (51+)";"North";9;"Two year";117.47;3;58.05;0;1057.23
"CUST-1387";"Female";"2. Adult (31-50)";"South";41;"One year";70.5;0;51.63;0;2890.5
"CUST-1388";"Female";"2. Adult (31-50)";"West";66;"One year";76.4;2;54.86;0;5042.4
"CUST-1389";"Female";"2. Adult (31-50)";"North";28;"Two year";22.22;0;85.89;0;622.16
"CUST-1390";"Non-binary";"3. Senior (51+)";"West";72;"Monthly";102.09;0;54.68;0;7350.48
"CUST-1391";"Male";"2. Adult (31-50)";"West";68;"Two year";24.86;0;52.19;0;1690.48
"CUST-1392";"Female";"3. Senior (51+)";"South";23;"Two year";42.12;0;65.7;0;968.76
"CUST-1393";"Non-binary";"3. Senior (51+)";"East";71;"Monthly";48.79;3;95.55;1;3464.09
"CUST-1394";"Male";"3. Senior (51+)";"North";57;"One year";116.66;0;58.76;0;6649.62
"CUST-1395";"Non-binary";"2. Adult (31-50)";"North";17;"Monthly";71.62;0;56.0;1;1217.54
"CUST-1396";"Female";"3. Senior (51+)";"East";67;"One year";39.91;0;52.82;0;2673.97
"CUST-1397";"Female";"1. Young Adult (18-30)";"West";24;"Two year";46.4;1;50.66;0;1113.6
"CUST-1398";"Female";"2. Adult (31-50)";"West";61;"Two year";31.02;0;55.13;0;1892.22
"CUST-1399";"Female";"3. Senior (51+)";"East";37;"Two year";106.11;0;54.96;1;3926.07
"CUST-1400";"Non-binary";"3. Senior (51+)";"West";9;"Monthly";41.64;2;63.56;1;374.76
"CUST-1401";"Non-binary";"3. Senior (51+)";"North";60;"Two year";20.17;0;57.22;0;1210.2
"CUST-1402";"Non-binary";"3. Senior (51+)";"West";49;"Monthly";113.58;0;54.7;0;5565.42
"CUST-1403";"Female";"2. Adult (31-50)";"East";33;"Two year";110.34;8;10.08;1;3641.22
"CUST-1404";"Female";"3. Senior (51+)";"North";41;"One year";107.94;3;51.63;1;4425.54
"CUST-1405";"Non-binary";"1. Young Adult (18-30)";"South";67;"One year";68.11;1;52.82;0;4563.37
"CUST-1406";"Female";"3. Senior (51+)";"West";55;"Monthly";24.15;2;34.24;1;1328.25
"CUST-1407";"Male";"3. Senior (51+)";"North";31;"One year";88.39;8;16.12;0;2740.09
"CUST-1408";"Male";"2. Adult (31-50)";"North";16;"Monthly";61.19;1;57.1;0;979.04
"CUST-1409";"Female";"3. Senior (51+)";"North";11;"Two year";89.38;2;82.12;0;983.18
"CUST-1410";"Non-binary";"2. Adult (31-50)";"South";54;"One year";38.01;0;56.4;0;2052.54
"CUST-1411";"Non-binary";"3. Senior (51+)";"North";72;"Monthly";68.94;0;61.53;0;4963.68
"CUST-1412";"Female";"4. Unkownn/Missing";"North";43;"One year";31.25;9;24.7;1;1343.75
"CUST-1413";"Female";"1. Young Adult (18-30)";"East";60;"Monthly";98.9;0;57.22;1;5934.0
"CUST-1414";"Non-binary";"4. Unkownn/Missing";"South";54;"Monthly";107.09;0;56.4;1;5782.86
"CUST-1415";"Male";"2. Adult (31-50)";"South";26;"One year";28.42;0;61.62;0;738.92
"CUST-1416";"Male";"3. Senior (51+)";"East";16;"Monthly";44.8;3;57.1;1;716.8
"CUST-1417";"Non-binary";"2. Adult (31-50)";"West";16;"Monthly";73.84;2;57.1;1;1181.44
"CUST-1418";"Non-binary";"4. Unkownn/Missing";"West";61;"Two year";49.53;2;19.75;0;3021.33
"CUST-1419";"Male";"2. Adult (31-50)";"East";36;"One year";62.65;0;10.3;0;2255.4
"CUST-1420";"Female";"1. Young Adult (18-30)";"North";17;"One year";40.25;0;56.0;1;684.25
"CUST-1421";"Female";"2. Adult (31-50)";"West";65;"One year";44.61;0;43.63;0;2899.65
"CUST-1422";"Non-binary";"4. Unkownn/Missing";"West";18;"Monthly";96.38;0;51.92;0;1734.84
"CUST-1423";"Male";"2. Adult (31-50)";"South";68;"Monthly";35.09;0;57.81;0;2386.12
"CUST-1424";"Non-binary";"2. Adult (31-50)";"East";27;"Monthly";58.7;0;53.73;1;1584.9
"CUST-1425";"Female";"1. Young Adult (18-30)";"North";9;"Monthly";105.53;3;58.05;1;949.77
"CUST-1426";"Male";"3. Senior (51+)";"West";41;"Two year";74.81;1;51.63;0;3067.21
"CUST-1427";"Female";"4. Unkownn/Missing";"South";31;"One year";31.24;0;51.61;0;968.44
"CUST-1428";"Male";"3. Senior (51+)";"North";16;"Two year";55.45;0;57.93;0;887.2
"CUST-1429";"Male";"3. Senior (51+)";"West";49;"Monthly";37.52;0;54.7;0;1838.48
"CUST-1430";"Male";"3. Senior (51+)";"West";0;"One year";87.46;9;39.05;0;0.0
"CUST-1431";"Female";"1. Young Adult (18-30)";"South";18;"Monthly";118.61;9;19.38;1;2134.98
"CUST-1432";"Female";"1. Young Adult (18-30)";"West";27;"Monthly";44.63;0;51.3;1;1205.01
"CUST-1433";"Female";"3. Senior (51+)";"North";15;"One year";81.76;0;53.77;0;1226.4
"CUST-1434";"Female";"2. Adult (31-50)";"North";3;"Monthly";63.34;0;73.33;1;190.02
"CUST-1435";"Non-binary";"3. Senior (51+)";"West";37;"Monthly";81.84;0;26.83;1;3028.08
"CUST-1436";"Female";"2. Adult (31-50)";"South";22;"One year";63.4;0;69.88;0;1394.8
"CUST-1437";"Male";"1. Young Adult (18-30)";"South";19;"One year";22.57;0;63.84;0;428.83
"CUST-1438";"Male";"3. Senior (51+)";"North";21;"Monthly";113.07;0;55.93;1;2374.47
"CUST-1439";"Male";"2. Adult (31-50)";"West";28;"Monthly";82.41;2;53.86;0;2307.48
"CUST-1440";"Male";"2. Adult (31-50)";"South";49;"Monthly";58.07;0;54.7;0;2845.43
"CUST-1441";"Non-binary";"1. Young Adult (18-30)";"South";44;"One year";55.79;0;36.28;0;2454.76
"CUST-1442";"Female";"3. Senior (51+)";"North";48;"One year";58.05;1;59.96;1;2786.4
"CUST-1443";"Non-binary";"1. Young Adult (18-30)";"North";60;"One year";59.51;0;57.22;0;3570.6
"CUST-1444";"Male";"2. Adult (31-50)";"North";52;"One year";113.25;5;18.24;0;5889.0
"CUST-1445";"Non-binary";"3. Senior (51+)";"South";26;"One year";51.19;0;61.62;0;1330.94
"CUST-1446";"Female";"2. Adult (31-50)";"North";59;"Two year";113.46;0;58.96;0;6694.14
"CUST-1447";"Female";"3. Senior (51+)";"South";29;"One year";118.1;0;55.42;0;3424.9
"CUST-1448";"Female";"1. Young Adult (18-30)";"West";24;"One year";67.63;0;59.72;0;1623.12
"CUST-1449";"Male";"3. Senior (51+)";"West";51;"Monthly";99.01;1;91.12;1;5049.51
"CUST-1450";"Non-binary";"1. Young Adult (18-30)";"South";32;"Two year";25.63;0;51.91;0;820.16
"CUST-1451";"Non-binary";"3. Senior (51+)";"East";72;"Monthly";58.64;0;91.63;0;4222.08
"CUST-1452";"Female";"3. Senior (51+)";"East";5;"Two year";56.25;0;69.1;0;281.25
"CUST-1453";"Male";"3. Senior (51+)";"East";24;"One year";79.03;0;50.66;1;1896.72
"CUST-1454";"Male";"3. Senior (51+)";"West";23;"Monthly";63.05;3;49.32;1;1450.15
"CUST-1455";"Female";"3. Senior (51+)";"South";19;"Monthly";53.96;0;55.11;0;1025.24
"CUST-1456";"Non-binary";"3. Senior (51+)";"North";13;"Two year";40.62;0;49.86;0;528.06
"CUST-1457";"Female";"3. Senior (51+)";"North";64;"Monthly";76.13;0;49.79;1;4872.32
"CUST-1458";"Female";"2. Adult (31-50)";"North";50;"One year";55.1;0;54.57;0;2755.0
"CUST-1459";"Female";"3. Senior (51+)";"East";41;"Monthly";27.72;1;51.63;1;1136.52
"CUST-1460";"Female";"4. Unkownn/Missing";"West";47;"Monthly";51.91;0;52.58;0;2439.77
"CUST-1461";"Non-binary";"2. Adult (31-50)";"South";11;"Two year";40.44;0;53.43;0;444.84
"CUST-1462";"Female";"2. Adult (31-50)";"East";62;"Two year";33.88;2;52.93;0;2100.56
"CUST-1463";"Male";"3. Senior (51+)";"East";47;"Two year";54.88;0;34.6;0;2579.36
"CUST-1464";"Female";"2. Adult (31-50)";"North";37;"One year";69.91;7;30.46;1;2586.67
"CUST-1465";"Male";"3. Senior (51+)";"North";25;"Monthly";22.26;2;57.71;1;556.5
"CUST-1466";"Female";"2. Adult (31-50)";"West";36;"One year";75.56;0;41.08;0;2720.16
"CUST-1467";"Female";"1. Young Adult (18-30)";"North";3;"Monthly";87.62;0;76.87;0;262.86
"CUST-1468";"Non-binary";"3. Senior (51+)";"North";51;"Monthly";48.7;0;57.9;0;2483.7
"CUST-1469";"Female";"3. Senior (51+)";"South";28;"Two year";50.75;0;53.86;0;1421.0
"CUST-1470";"Female";"1. Young Adult (18-30)";"East";61;"One year";30.45;0;87.36;0;1857.45
"CUST-1471";"Female";"2. Adult (31-50)";"East";49;"Monthly";78.66;0;54.7;1;3854.34
"CUST-1472";"Female";"2. Adult (31-50)";"West";56;"Monthly";28.12;0;88.67;1;1574.72
"CUST-1473";"Female";"3. Senior (51+)";"South";55;"One year";64.7;1;16.6;1;3558.5
"CUST-1474";"Male";"2. Adult (31-50)";"South";64;"Two year";45.58;9;10.11;0;2917.12
"CUST-1475";"Female";"1. Young Adult (18-30)";"West";10;"One year";111.75;1;47.69;1;1117.5
"CUST-1476";"Male";"1. Young Adult (18-30)";"North";41;"Monthly";25.95;0;47.6;1;1063.95
"CUST-1477";"Male";"1. Young Adult (18-30)";"West";49;"Monthly";88.22;0;56.95;0;4322.78
"CUST-1478";"Female";"4. Unkownn/Missing";"East";4;"One year";34.8;1;43.31;1;139.2
"CUST-1479";"Female";"1. Young Adult (18-30)";"West";36;"Monthly";61.04;3;88.1;1;2197.44
"CUST-1480";"Female";"2. Adult (31-50)";"South";48;"Monthly";60.4;0;98.5;0;2899.2
"CUST-1481";"Female";"2. Adult (31-50)";"North";44;"Monthly";26.96;5;10.43;1;1186.24
"CUST-1482";"Male";"2. Adult (31-50)";"West";10;"Two year";31.75;3;73.39;0;317.5
"CUST-1483";"Female";"3. Senior (51+)";"West";26;"Monthly";103.6;3;61.62;1;2693.6
"CUST-1484";"Non-binary";"4. Unkownn/Missing";"West";21;"Monthly";112.82;0;59.0;1;2369.22
"CUST-1485";"Male";"3. Senior (51+)";"South";25;"Two year";102.11;2;94.94;0;2552.75
"CUST-1486";"Female";"1. Young Adult (18-30)";"North";37;"One year";61.07;0;54.96;0;2259.59
"CUST-1487";"Male";"1. Young Adult (18-30)";"North";54;"Two year";66.79;3;66.68;0;3606.66
"CUST-1488";"Male";"3. Senior (51+)";"South";68;"One year";80.54;0;57.81;0;5476.72
"CUST-1489";"Non-binary";"3. Senior (51+)";"South";0;"One year";96.66;2;0.0;0;0.0
"CUST-1490";"Female";"3. Senior (51+)";"North";60;"Two year";49.24;0;76.71;0;2954.4
"CUST-1491";"Non-binary";"3. Senior (51+)";"North";44;"One year";53.08;0;12.81;0;2335.52
"CUST-1492";"Male";"2. Adult (31-50)";"West";1;"Monthly";104.79;2;43.21;0;104.79
"CUST-1493";"Female";"2. Adult (31-50)";"North";50;"One year";31.04;3;54.57;1;1552.0
"CUST-1494";"Female";"3. Senior (51+)";"East";32;"One year";95.1;6;10.1;1;3043.2
"CUST-1495";"Female";"3. Senior (51+)";"North";50;"Monthly";35.98;3;54.57;1;1799.0
"CUST-1496";"Female";"1. Young Adult (18-30)";"West";63;"Monthly";64.16;2;54.89;0;4042.08
"CUST-1497";"Male";"3. Senior (51+)";"East";47;"Monthly";78.37;0;94.09;0;3683.39
"CUST-1498";"Female";"4. Unkownn/Missing";"South";13;"Two year";68.83;0;56.82;0;894.79
"CUST-1499";"Non-binary";"2. Adult (31-50)";"North";66;"Two year";95.82;0;72.08;1;6324.12
"CUST-1500";"Male";"2. Adult (31-50)";"North";59;"One year";111.18;0;52.07;1;6559.62
"CUST-1501";"Female";"2. Adult (31-50)";"North";33;"Monthly";34.32;0;54.53;1;1132.56
"CUST-1502";"Male";"3. Senior (51+)";"West";28;"One year";92.39;0;21.68;0;2586.92
"CUST-1503";"Non-binary";"1. Young Adult (18-30)";"North";36;"Two year";45.67;1;49.15;0;1644.12
"CUST-1504";"Male";"1. Young Adult (18-30)";"North";35;"Two year";66.37;0;56.85;0;2322.95
"CUST-1505";"Male";"1. Young Adult (18-30)";"North";59;"One year";102.64;1;50.02;1;6055.76
"CUST-1506";"Female";"3. Senior (51+)";"North";34;"One year";82.17;0;20.79;0;2793.78
"CUST-1507";"Male";"1. Young Adult (18-30)";"West";53;"One year";78.54;0;61.1;0;4162.62
"CUST-1508";"Male";"1. Young Adult (18-30)";"South";66;"Monthly";100.56;3;90.46;0;6636.96
"CUST-1509";"Non-binary";"3. Senior (51+)";"West";67;"Two year";76.33;0;52.82;0;5114.11
"CUST-1510";"Non-binary";"3. Senior (51+)";"West";35;"Monthly";86.66;0;64.41;1;3033.1
"CUST-1511";"Female";"2. Adult (31-50)";"South";46;"Two year";95.9;3;43.86;0;4411.4
"CUST-1512";"Male";"3. Senior (51+)";"West";22;"One year";26.84;0;58.01;0;590.48
"CUST-1513";"Female";"3. Senior (51+)";"East";40;"Monthly";97.24;0;54.99;0;3889.6
"CUST-1514";"Male";"2. Adult (31-50)";"North";18;"One year";89.25;1;51.92;0;1606.5
"CUST-1515";"Female";"1. Young Adult (18-30)";"East";52;"Two year";62.53;1;90.79;0;3251.56
"CUST-1516";"Male";"2. Adult (31-50)";"North";0;"One year";90.46;0;55.730000000000004;0;0.0
"CUST-1517";"Male";"2. Adult (31-50)";"North";72;"Two year";82.41;3;54.12;0;5933.52
"CUST-1518";"Female";"2. Adult (31-50)";"North";69;"One year";63.38;3;47.64;0;4373.22
"CUST-1519";"Male";"1. Young Adult (18-30)";"East";30;"Monthly";30.1;0;57.44;1;903.0
"CUST-1520";"Female";"2. Adult (31-50)";"South";24;"Monthly";65.77;0;50.66;1;1578.48
"CUST-1521";"Male";"3. Senior (51+)";"West";12;"One year";64.9;3;83.35;0;778.8
"CUST-1522";"Male";"3. Senior (51+)";"East";66;"One year";30.91;1;54.86;1;2040.06
"CUST-1523";"Non-binary";"1. Young Adult (18-30)";"West";17;"Monthly";73.11;6;12.04;1;1242.87
"CUST-1524";"Female";"3. Senior (51+)";"North";70;"Monthly";92.45;2;61.05;0;6471.5
"CUST-1525";"Female";"1. Young Adult (18-30)";"South";63;"One year";53.5;2;54.89;1;3370.5
"CUST-1526";"Non-binary";"2. Adult (31-50)";"South";40;"Monthly";43.34;0;62.69;1;1733.6
"CUST-1527";"Non-binary";"3. Senior (51+)";"West";57;"Two year";95.92;0;89.22;0;5467.44
"CUST-1528";"Non-binary";"2. Adult (31-50)";"South";58;"Monthly";73.8;0;56.15;0;4280.4
"CUST-1529";"Male";"1. Young Adult (18-30)";"West";49;"Monthly";86.01;0;54.7;1;4214.49
"CUST-1530";"Male";"3. Senior (51+)";"West";63;"Two year";21.26;0;54.89;0;1339.38
"CUST-1531";"Non-binary";"1. Young Adult (18-30)";"North";6;"One year";87.75;3;96.85;0;526.5
"CUST-1532";"Non-binary";"1. Young Adult (18-30)";"West";5;"One year";85.21;0;46.19;0;426.05
"CUST-1533";"Female";"2. Adult (31-50)";"West";22;"One year";80.85;0;65.97;0;1778.7
"CUST-1534";"Male";"2. Adult (31-50)";"South";64;"Two year";107.05;0;49.79;0;6851.2
"CUST-1535";"Male";"3. Senior (51+)";"North";1;"One year";83.41;0;84.61;0;83.41
"CUST-1536";"Female";"3. Senior (51+)";"North";29;"Two year";45.32;2;55.42;0;1314.28
"CUST-1537";"Female";"3. Senior (51+)";"West";5;"One year";105.25;2;39.54;0;526.25
"CUST-1538";"Female";"3. Senior (51+)";"North";30;"One year";108.65;8;35.29;1;3259.5
"CUST-1539";"Female";"3. Senior (51+)";"North";16;"One year";43.78;2;57.1;1;700.48
"CUST-1540";"Male";"4. Unkownn/Missing";"South";12;"Monthly";54.42;0;58.22;1;653.04
"CUST-1541";"Female";"2. Adult (31-50)";"North";52;"One year";116.66;1;52.69;0;6066.32
"CUST-1542";"Non-binary";"2. Adult (31-50)";"North";70;"One year";51.67;0;70.32;0;3616.9
"CUST-1543";"Female";"2. Adult (31-50)";"West";62;"One year";95.99;0;16.64;0;5951.38
"CUST-1544";"Female";"3. Senior (51+)";"East";69;"One year";95.19;0;76.03;0;6568.11
"CUST-1545";"Male";"1. Young Adult (18-30)";"East";34;"Monthly";71.78;0;52.64;1;2440.52
"CUST-1546";"Male";"3. Senior (51+)";"North";50;"Monthly";60.12;0;86.31;0;3006.0
"CUST-1547";"Male";"4. Unkownn/Missing";"North";7;"Two year";94.46;0;57.6;0;661.22
"CUST-1548";"Male";"3. Senior (51+)";"South";40;"Monthly";59.24;1;54.99;1;2369.6
"CUST-1549";"Female";"2. Adult (31-50)";"North";51;"One year";57.26;1;57.65;0;2920.26
"CUST-1550";"Female";"3. Senior (51+)";"North";23;"Monthly";118.1;1;56.11;1;2716.3
"CUST-1551";"Female";"2. Adult (31-50)";"North";31;"Monthly";87.93;3;50.83;0;2725.83
"CUST-1552";"Male";"2. Adult (31-50)";"West";37;"Monthly";94.49;3;54.96;0;3496.13
"CUST-1553";"Female";"2. Adult (31-50)";"East";27;"Two year";79.57;0;49.9;0;2148.39
"CUST-1554";"Female";"3. Senior (51+)";"West";54;"Monthly";39.97;3;56.4;1;2158.38
"CUST-1555";"Female";"3. Senior (51+)";"North";65;"Monthly";115.58;3;18.11;0;7512.7
"CUST-1556";"Female";"3. Senior (51+)";"South";64;"Monthly";73.23;0;49.79;1;4686.72
"CUST-1557";"Non-binary";"2. Adult (31-50)";"West";34;"Monthly";104.72;1;73.19;1;3560.48
"CUST-1558";"Non-binary";"2. Adult (31-50)";"North";10;"Two year";45.74;0;47.69;0;457.4
"CUST-1559";"Female";"2. Adult (31-50)";"South";71;"Two year";74.63;3;54.72;0;5298.73
"CUST-1560";"Non-binary";"2. Adult (31-50)";"East";66;"Monthly";45.73;0;54.86;1;3018.18
"CUST-1561";"Male";"2. Adult (31-50)";"South";64;"Two year";54.36;0;49.79;0;3479.04
"CUST-1562";"Male";"3. Senior (51+)";"East";9;"Monthly";90.99;0;10.69;1;818.91
"CUST-1563";"Female";"3. Senior (51+)";"North";55;"Monthly";76.37;1;56.08;0;4200.35
"CUST-1564";"Male";"2. Adult (31-50)";"West";28;"Monthly";89.56;0;53.86;1;2507.68
"CUST-1565";"Male";"1. Young Adult (18-30)";"East";64;"Two year";37.6;3;49.79;0;2406.4
"CUST-1566";"Male";"3. Senior (51+)";"North";15;"Two year";37.2;2;53.77;0;558.0
"CUST-1567";"Male";"3. Senior (51+)";"East";25;"One year";59.57;3;82.25;0;1489.25
"CUST-1568";"Female";"4. Unkownn/Missing";"South";50;"Monthly";46.72;3;34.1;1;2336.0
"CUST-1569";"Female";"1. Young Adult (18-30)";"North";25;"Monthly";41.24;0;57.71;0;1031.0
"CUST-1570";"Male";"2. Adult (31-50)";"North";12;"Monthly";93.34;0;54.82;1;1120.08
"CUST-1571";"Female";"3. Senior (51+)";"East";36;"Two year";50.22;0;49.15;0;1807.92
"CUST-1572";"Male";"1. Young Adult (18-30)";"South";36;"Monthly";79.78;0;83.25;1;2872.08
"CUST-1573";"Male";"1. Young Adult (18-30)";"West";42;"One year";65.46;0;58.5;0;2749.32
"CUST-1574";"Male";"2. Adult (31-50)";"North";44;"One year";89.72;0;83.9;1;3947.68
"CUST-1575";"Non-binary";"1. Young Adult (18-30)";"North";63;"Monthly";84.3;0;30.87;0;5310.9
"CUST-1576";"Male";"3. Senior (51+)";"West";30;"Monthly";49.39;3;57.44;1;1481.7
"CUST-1577";"Female";"3. Senior (51+)";"South";20;"Monthly";50.43;7;26.94;1;1008.6
"CUST-1578";"Male";"3. Senior (51+)";"North";40;"Monthly";37.87;5;21.66;1;1514.8
"CUST-1579";"Female";"3. Senior (51+)";"West";30;"Monthly";50.31;0;69.2;1;1509.3
"CUST-1580";"Non-binary";"1. Young Adult (18-30)";"West";36;"Two year";73.99;0;53.5;0;2663.64
"CUST-1581";"Male";"4. Unkownn/Missing";"North";66;"Monthly";64.0;0;54.86;1;4224.0
"CUST-1582";"Male";"2. Adult (31-50)";"South";28;"Monthly";78.45;0;53.86;1;2196.6
"CUST-1583";"Female";"3. Senior (51+)";"North";29;"Two year";79.15;0;60.92;0;2295.35
"CUST-1584";"Male";"3. Senior (51+)";"North";17;"Monthly";89.97;0;10.89;1;1529.49
"CUST-1585";"Male";"2. Adult (31-50)";"South";44;"One year";85.46;1;99.1;0;3760.24
"CUST-1586";"Female";"3. Senior (51+)";"North";11;"Monthly";20.24;0;53.43;1;222.64
"CUST-1587";"Female";"3. Senior (51+)";"North";51;"Two year";43.89;0;57.9;0;2238.39
"CUST-1588";"Male";"3. Senior (51+)";"East";9;"Monthly";24.46;0;43.2;0;220.14
"CUST-1589";"Male";"3. Senior (51+)";"East";17;"One year";45.0;0;56.0;0;765.0
"CUST-1590";"Female";"2. Adult (31-50)";"North";34;"Two year";30.81;0;52.64;0;1047.54
"CUST-1591";"Male";"3. Senior (51+)";"North";17;"Monthly";71.73;0;84.65;1;1219.41
"CUST-1592";"Male";"3. Senior (51+)";"East";23;"Two year";113.55;2;57.34;0;2611.65
"CUST-1593";"Non-binary";"1. Young Adult (18-30)";"North";66;"Two year";74.61;0;28.25;0;4924.26
"CUST-1594";"Male";"3. Senior (51+)";"West";57;"One year";68.6;0;76.01;0;3910.2
"CUST-1595";"Non-binary";"3. Senior (51+)";"South";25;"Monthly";67.8;0;13.37;0;1695.0
"CUST-1596";"Non-binary";"3. Senior (51+)";"North";59;"One year";71.78;2;50.64;0;4235.02
"CUST-1597";"Female";"3. Senior (51+)";"North";39;"Monthly";111.28;3;44.21;1;4339.92
"CUST-1598";"Male";"3. Senior (51+)";"South";56;"Monthly";106.31;0;63.17;0;5953.36
"CUST-1599";"Male";"3. Senior (51+)";"East";66;"One year";64.01;0;24.73;0;4224.66
"CUST-1600";"Non-binary";"1. Young Adult (18-30)";"North";58;"Two year";64.93;0;24.32;1;3765.94
"CUST-1601";"Male";"3. Senior (51+)";"West";20;"One year";92.73;0;53.01;1;1854.6
"CUST-1602";"Female";"2. Adult (31-50)";"South";50;"Monthly";22.85;0;52.97;0;1142.5
"CUST-1603";"Non-binary";"3. Senior (51+)";"West";11;"One year";100.21;0;89.94;0;1102.31
"CUST-1604";"Male";"1. Young Adult (18-30)";"North";57;"One year";67.64;0;58.76;1;3855.48
"CUST-1605";"Non-binary";"3. Senior (51+)";"North";71;"Monthly";85.01;0;54.72;1;6035.71
"CUST-1606";"Female";"2. Adult (31-50)";"North";15;"Monthly";69.49;0;53.77;1;1042.35
"CUST-1607";"Male";"2. Adult (31-50)";"South";22;"One year";47.1;0;58.01;0;1036.2
"CUST-1608";"Female";"2. Adult (31-50)";"South";31;"Monthly";24.56;0;93.47;0;761.36
"CUST-1609";"Male";"3. Senior (51+)";"North";46;"Monthly";25.77;3;51.24;1;1185.42
"CUST-1610";"Female";"3. Senior (51+)";"South";50;"Monthly";73.86;3;78.46;0;3693.0
"CUST-1611";"Male";"2. Adult (31-50)";"East";27;"Monthly";111.22;2;49.9;1;3002.94
"CUST-1612";"Female";"3. Senior (51+)";"South";9;"One year";104.3;3;58.05;0;938.7
"CUST-1613";"Male";"1. Young Adult (18-30)";"South";68;"One year";76.28;0;57.81;0;5187.04
"CUST-1614";"Male";"2. Adult (31-50)";"North";51;"Monthly";90.93;0;64.21;0;4637.43
"CUST-1615";"Male";"2. Adult (31-50)";"West";34;"One year";47.59;3;40.53;0;1618.06
"CUST-1616";"Female";"3. Senior (51+)";"West";52;"Two year";114.66;0;54.79;1;5962.32
"CUST-1617";"Female";"1. Young Adult (18-30)";"South";53;"Monthly";45.9;0;55.3;0;2432.7
"CUST-1618";"Non-binary";"1. Young Adult (18-30)";"East";29;"Monthly";74.27;0;55.42;0;2153.83
"CUST-1619";"Male";"2. Adult (31-50)";"North";21;"Monthly";117.69;0;55.93;1;2471.49
"CUST-1620";"Non-binary";"1. Young Adult (18-30)";"South";57;"One year";91.28;2;11.61;1;5202.96
"CUST-1621";"Female";"3. Senior (51+)";"West";30;"Monthly";85.94;0;39.39;1;2578.2
"CUST-1622";"Male";"2. Adult (31-50)";"South";12;"One year";59.9;1;54.82;0;718.8
"CUST-1623";"Male";"3. Senior (51+)";"East";60;"Monthly";47.01;0;14.1;1;2820.6
"CUST-1624";"Non-binary";"2. Adult (31-50)";"South";56;"One year";65.3;0;86.52;0;3656.8
"CUST-1625";"Female";"1. Young Adult (18-30)";"North";50;"Monthly";89.64;0;11.47;1;4482.0
"CUST-1626";"Non-binary";"2. Adult (31-50)";"West";8;"One year";65.04;1;44.26;0;520.32
"CUST-1627";"Male";"2. Adult (31-50)";"South";6;"One year";84.89;3;66.69;0;509.34
"CUST-1628";"Female";"3. Senior (51+)";"South";36;"One year";44.53;3;49.15;0;1603.08
"CUST-1629";"Female";"3. Senior (51+)";"East";27;"Two year";62.99;1;49.9;0;1700.73
"CUST-1630";"Female";"1. Young Adult (18-30)";"South";55;"Monthly";87.19;0;56.08;0;4795.45
"CUST-1631";"Non-binary";"2. Adult (31-50)";"West";3;"One year";68.71;2;42.33;0;206.13
"CUST-1632";"Non-binary";"1. Young Adult (18-30)";"East";52;"Monthly";117.11;0;54.79;1;6089.72
"CUST-1633";"Female";"3. Senior (51+)";"West";56;"One year";66.6;0;63.17;0;3729.6
"CUST-1634";"Male";"1. Young Adult (18-30)";"West";18;"Two year";94.98;0;59.09;0;1709.64
"CUST-1635";"Female";"2. Adult (31-50)";"West";67;"Monthly";46.0;1;25.88;1;3082.0
"CUST-1636";"Non-binary";"3. Senior (51+)";"North";49;"Monthly";61.32;0;54.7;1;3004.68
"CUST-1637";"Female";"3. Senior (51+)";"South";38;"Two year";82.52;0;89.3;0;3135.76
"CUST-1638";"Female";"3. Senior (51+)";"North";29;"Monthly";96.52;0;34.21;1;2799.08
"CUST-1639";"Male";"3. Senior (51+)";"East";34;"Two year";27.92;0;90.05;0;949.28
"CUST-1640";"Male";"3. Senior (51+)";"North";49;"Monthly";100.44;3;54.7;1;4921.56
"CUST-1641";"Female";"3. Senior (51+)";"North";69;"Monthly";69.1;2;63.42;1;4767.9
"CUST-1642";"Female";"1. Young Adult (18-30)";"North";13;"Monthly";48.31;0;56.82;1;628.03
"CUST-1643";"Male";"3. Senior (51+)";"North";53;"Monthly";60.6;0;55.3;0;3211.8
"CUST-1644";"Female";"3. Senior (51+)";"South";37;"One year";64.81;2;68.85;0;2397.97
"CUST-1645";"Non-binary";"3. Senior (51+)";"South";40;"One year";88.36;0;25.25;0;3534.4
"CUST-1646";"Male";"2. Adult (31-50)";"East";53;"Two year";82.55;3;44.32;0;4375.15
"CUST-1647";"Male";"2. Adult (31-50)";"South";36;"Monthly";33.49;0;13.37;1;1205.64
"CUST-1648";"Non-binary";"2. Adult (31-50)";"South";62;"Two year";53.83;0;52.93;0;3337.46
"CUST-1649";"Male";"1. Young Adult (18-30)";"West";22;"Monthly";74.19;1;58.01;0;1632.18
"CUST-1650";"Male";"3. Senior (51+)";"West";51;"One year";104.49;3;57.9;1;5328.99
"CUST-1651";"Male";"2. Adult (31-50)";"South";0;"Monthly";55.32;2;44.44;0;0.0
"CUST-1652";"Female";"2. Adult (31-50)";"East";17;"One year";32.48;0;56.0;1;552.16
"CUST-1653";"Male";"3. Senior (51+)";"North";70;"Monthly";48.5;1;41.52;0;3395.0
"CUST-1654";"Male";"3. Senior (51+)";"East";18;"Monthly";107.37;0;85.96;1;1932.66
"CUST-1655";"Female";"4. Unkownn/Missing";"South";0;"Monthly";98.78;10;36.96;1;0.0
"CUST-1656";"Male";"2. Adult (31-50)";"South";9;"One year";28.21;0;58.05;0;253.89
"CUST-1657";"Male";"1. Young Adult (18-30)";"East";72;"One year";91.65;0;54.68;0;6598.8
"CUST-1658";"Male";"2. Adult (31-50)";"West";58;"Two year";73.55;3;92.8;0;4265.9
"CUST-1659";"Female";"2. Adult (31-50)";"East";54;"One year";68.49;0;99.42;1;3698.46
"CUST-1660";"Non-binary";"2. Adult (31-50)";"West";55;"One year";71.91;0;23.23;0;3955.05
"CUST-1661";"Female";"4. Unkownn/Missing";"East";13;"Monthly";113.89;0;56.82;1;1480.57
"CUST-1662";"Female";"1. Young Adult (18-30)";"West";71;"Two year";48.32;0;45.24;0;3430.72
"CUST-1663";"Male";"3. Senior (51+)";"South";53;"Monthly";79.06;0;10.54;1;4190.18
"CUST-1664";"Non-binary";"3. Senior (51+)";"West";6;"Monthly";80.94;0;78.94;0;485.64
"CUST-1665";"Non-binary";"3. Senior (51+)";"South";25;"Two year";75.72;0;57.71;1;1893.0
"CUST-1666";"Female";"3. Senior (51+)";"West";71;"One year";67.78;0;54.72;0;4812.38
"CUST-1667";"Female";"3. Senior (51+)";"East";30;"One year";84.41;0;89.82;0;2532.3
"CUST-1668";"Female";"3. Senior (51+)";"West";22;"One year";34.51;2;96.52;1;759.22
"CUST-1669";"Non-binary";"2. Adult (31-50)";"South";71;"Two year";45.32;0;97.78;0;3217.72
"CUST-1670";"Male";"3. Senior (51+)";"West";45;"One year";107.94;0;29.04;0;4857.3
"CUST-1671";"Female";"3. Senior (51+)";"West";3;"One year";52.95;0;72.41;0;158.85
"CUST-1672";"Female";"3. Senior (51+)";"South";69;"Two year";66.31;2;57.1;0;4575.39
"CUST-1673";"Male";"2. Adult (31-50)";"North";54;"One year";43.18;0;86.87;0;2331.72
"CUST-1674";"Female";"3. Senior (51+)";"South";31;"One year";60.62;0;51.61;0;1879.22
"CUST-1675";"Female";"1. Young Adult (18-30)";"East";48;"Monthly";63.57;0;74.12;0;3051.36
"CUST-1676";"Male";"3. Senior (51+)";"North";45;"Monthly";22.05;0;56.4;0;992.25
"CUST-1677";"Female";"3. Senior (51+)";"East";67;"Monthly";102.78;0;69.48;1;6886.26
"CUST-1678";"Female";"4. Unkownn/Missing";"South";29;"One year";78.09;0;55.42;0;2264.61
"CUST-1679";"Female";"2. Adult (31-50)";"North";67;"Monthly";59.25;0;52.33;0;3969.75
"CUST-1680";"Female";"2. Adult (31-50)";"West";53;"Monthly";26.53;3;55.74;1;1406.09
"CUST-1681";"Male";"2. Adult (31-50)";"East";3;"One year";60.74;10;28.009999999999998;0;182.22
"CUST-1682";"Male";"3. Senior (51+)";"South";26;"Monthly";30.47;0;61.62;0;792.22
"CUST-1683";"Male";"1. Young Adult (18-30)";"South";63;"Monthly";97.28;0;50.55;0;6128.64
"CUST-1684";"Non-binary";"1. Young Adult (18-30)";"West";17;"Monthly";23.67;0;56.0;0;402.39
"CUST-1685";"Female";"2. Adult (31-50)";"North";35;"One year";62.26;0;95.17;0;2179.1
"CUST-1686";"Male";"1. Young Adult (18-30)";"West";53;"Two year";69.51;0;55.3;0;3684.03
"CUST-1687";"Non-binary";"3. Senior (51+)";"South";34;"Monthly";96.27;3;52.64;1;3273.18
"CUST-1688";"Non-binary";"4. Unkownn/Missing";"West";5;"One year";111.24;0;26.119999999999997;0;556.2
"CUST-1689";"Male";"2. Adult (31-50)";"East";29;"Two year";23.75;2;55.42;0;688.75
"CUST-1690";"Male";"1. Young Adult (18-30)";"South";51;"One year";61.55;0;34.76;0;3139.05
"CUST-1691";"Female";"1. Young Adult (18-30)";"West";24;"Monthly";103.28;1;63.41;0;2478.72
"CUST-1692";"Female";"3. Senior (51+)";"South";60;"Monthly";23.25;1;57.22;1;1395.0
"CUST-1693";"Female";"1. Young Adult (18-30)";"North";70;"Monthly";78.73;0;96.16;0;5511.1
"CUST-1694";"Male";"3. Senior (51+)";"North";12;"Monthly";62.1;0;81.48;1;745.2
"CUST-1695";"Male";"3. Senior (51+)";"South";9;"Monthly";84.07;0;98.76;1;756.63
"CUST-1696";"Female";"3. Senior (51+)";"North";65;"Monthly";118.59;0;55.95;0;7708.35
"CUST-1697";"Female";"2. Adult (31-50)";"North";26;"One year";52.96;0;87.35;0;1376.96
"CUST-1698";"Male";"2. Adult (31-50)";"East";0;"Two year";77.52;0;44.44;1;0.0
"CUST-1699";"Male";"3. Senior (51+)";"East";52;"Monthly";109.56;0;54.79;0;5697.12
"CUST-1700";"Female";"1. Young Adult (18-30)";"West";71;"Monthly";99.37;0;54.72;0;7055.27
"CUST-1701";"Female";"1. Young Adult (18-30)";"North";70;"Two year";71.68;0;58.23;0;5017.6
"CUST-1702";"Female";"3. Senior (51+)";"South";5;"Two year";48.84;3;39.54;0;244.2
"CUST-1703";"Male";"3. Senior (51+)";"East";46;"One year";97.05;2;51.24;0;4464.3
"CUST-1704";"Female";"2. Adult (31-50)";"North";10;"Monthly";24.3;0;96.06;0;243.0
"CUST-1705";"Female";"1. Young Adult (18-30)";"South";13;"Monthly";22.63;0;56.82;0;294.19
"CUST-1706";"Non-binary";"2. Adult (31-50)";"East";3;"Monthly";24.26;0;19.9;0;72.78
"CUST-1707";"Non-binary";"2. Adult (31-50)";"West";57;"Monthly";88.42;0;58.76;0;5039.94
"CUST-1708";"Non-binary";"2. Adult (31-50)";"North";27;"One year";89.11;3;41.17;0;2405.97
"CUST-1709";"Male";"1. Young Adult (18-30)";"West";38;"One year";75.93;0;53.79;0;2885.34
"CUST-1710";"Male";"3. Senior (51+)";"West";37;"Two year";116.05;0;54.96;1;4293.85
"CUST-1711";"Non-binary";"3. Senior (51+)";"East";0;"Monthly";66.02;2;44.44;1;0.0
"CUST-1712";"Male";"2. Adult (31-50)";"North";70;"One year";110.17;0;71.58;0;7711.9
"CUST-1713";"Male";"3. Senior (51+)";"West";33;"Monthly";119.01;0;96.21;0;3927.33
"CUST-1714";"Female";"3. Senior (51+)";"South";26;"Monthly";24.65;0;61.62;0;640.9
"CUST-1715";"Female";"2. Adult (31-50)";"West";19;"Two year";39.87;0;80.77;1;757.53
"CUST-1716";"Male";"1. Young Adult (18-30)";"West";10;"One year";98.33;3;47.69;1;983.3
"CUST-1717";"Non-binary";"2. Adult (31-50)";"East";38;"Monthly";91.35;2;27.76;1;3471.3
"CUST-1718";"Non-binary";"3. Senior (51+)";"South";18;"Monthly";116.41;3;51.92;1;2095.38
"CUST-1719";"Male";"3. Senior (51+)";"West";44;"One year";115.86;2;56.45;1;5097.84
"CUST-1720";"Female";"3. Senior (51+)";"East";20;"One year";31.18;0;53.01;0;623.6
"CUST-1721";"Female";"1. Young Adult (18-30)";"West";42;"Monthly";36.46;2;58.5;0;1531.32
"CUST-1722";"Male";"3. Senior (51+)";"South";44;"Monthly";52.83;1;56.45;1;2324.52
"CUST-1723";"Female";"3. Senior (51+)";"North";27;"Two year";72.37;0;49.9;0;1953.99
"CUST-1724";"Non-binary";"3. Senior (51+)";"West";51;"Two year";82.4;0;37.63;1;4202.4
"CUST-1725";"Male";"1. Young Adult (18-30)";"West";63;"One year";35.88;3;54.89;0;2260.44
"CUST-1726";"Male";"3. Senior (51+)";"East";32;"One year";111.74;0;51.91;1;3575.68
"CUST-1727";"Female";"3. Senior (51+)";"West";6;"Monthly";20.76;2;52.96;0;124.56
"CUST-1728";"Non-binary";"2. Adult (31-50)";"West";52;"Monthly";64.12;3;54.79;0;3334.24
"CUST-1729";"Non-binary";"2. Adult (31-50)";"South";71;"Monthly";114.16;0;83.72;1;8105.36
"CUST-1730";"Female";"3. Senior (51+)";"South";61;"One year";63.59;0;55.13;0;3878.99
"CUST-1731";"Male";"3. Senior (51+)";"South";21;"Monthly";55.99;3;97.95;1;1175.79
"CUST-1732";"Male";"3. Senior (51+)";"South";48;"One year";99.42;0;59.96;0;4772.16
"CUST-1733";"Female";"2. Adult (31-50)";"North";39;"Monthly";53.05;3;59.64;1;2068.95
"CUST-1734";"Male";"3. Senior (51+)";"East";51;"Two year";109.33;3;77.19;0;5575.83
"CUST-1735";"Female";"1. Young Adult (18-30)";"East";8;"One year";114.45;8;17.38;0;915.6
"CUST-1736";"Male";"3. Senior (51+)";"West";68;"Monthly";39.01;0;36.28;1;2652.68
"CUST-1737";"Female";"2. Adult (31-50)";"South";30;"Monthly";50.23;0;57.44;0;1506.9
"CUST-1738";"Male";"2. Adult (31-50)";"North";30;"Monthly";37.63;0;57.44;0;1128.9
"CUST-1739";"Female";"2. Adult (31-50)";"East";25;"Two year";70.15;0;57.71;0;1753.75
"CUST-1740";"Non-binary";"3. Senior (51+)";"East";1;"Monthly";45.03;0;79.38;0;45.03
"CUST-1741";"Male";"2. Adult (31-50)";"West";31;"Monthly";73.51;0;51.61;1;2278.81
"CUST-1742";"Male";"1. Young Adult (18-30)";"South";26;"One year";115.02;0;61.62;0;2990.52
"CUST-1743";"Female";"3. Senior (51+)";"East";30;"Monthly";44.99;0;81.81;0;1349.7
"CUST-1744";"Male";"3. Senior (51+)";"East";72;"One year";107.18;0;54.68;1;7716.96
"CUST-1745";"Male";"1. Young Adult (18-30)";"West";33;"One year";105.35;1;22.12;0;3476.55
"CUST-1746";"Non-binary";"2. Adult (31-50)";"East";17;"Two year";20.57;0;56.0;0;349.69
"CUST-1747";"Female";"3. Senior (51+)";"North";70;"One year";118.05;2;25.07;0;8263.5
"CUST-1748";"Non-binary";"1. Young Adult (18-30)";"South";45;"Monthly";89.44;3;60.3;1;4024.8
"CUST-1749";"Male";"3. Senior (51+)";"West";65;"Two year";116.88;1;55.95;0;7597.2
"CUST-1750";"Male";"1. Young Adult (18-30)";"North";70;"Monthly";78.43;0;75.29;0;5490.1
"CUST-1751";"Female";"3. Senior (51+)";"North";4;"Monthly";63.02;3;43.31;0;252.08
"CUST-1752";"Male";"2. Adult (31-50)";"South";7;"Monthly";89.73;0;75.35;0;628.11
"CUST-1753";"Female";"2. Adult (31-50)";"South";23;"Monthly";103.14;2;56.11;1;2372.22
"CUST-1754";"Non-binary";"2. Adult (31-50)";"North";65;"Monthly";101.03;0;93.52;0;6566.95
"CUST-1755";"Male";"2. Adult (31-50)";"West";32;"One year";79.97;2;51.91;1;2559.04
"CUST-1756";"Male";"3. Senior (51+)";"North";65;"Monthly";119.12;3;55.95;0;7742.8
"CUST-1757";"Female";"3. Senior (51+)";"West";35;"Monthly";27.91;0;56.85;0;976.85
"CUST-1758";"Female";"3. Senior (51+)";"West";54;"One year";77.65;0;90.03;0;4193.1
"CUST-1759";"Male";"3. Senior (51+)";"South";48;"Monthly";59.3;0;59.96;0;2846.4
"CUST-1760";"Female";"3. Senior (51+)";"East";66;"Monthly";33.91;3;91.13;1;2238.06
"CUST-1761";"Female";"1. Young Adult (18-30)";"South";24;"One year";54.37;0;54.73;0;1304.88
"CUST-1762";"Non-binary";"2. Adult (31-50)";"West";8;"One year";115.43;0;56.44;0;923.44
"CUST-1763";"Non-binary";"2. Adult (31-50)";"South";31;"Monthly";70.05;2;51.61;1;2171.55
"CUST-1764";"Male";"2. Adult (31-50)";"South";4;"One year";52.38;0;60.53;0;209.52
"CUST-1765";"Male";"3. Senior (51+)";"West";59;"One year";107.43;4;16.19;1;6338.37
"CUST-1766";"Female";"2. Adult (31-50)";"East";50;"One year";48.31;4;18.71;0;2415.5
"CUST-1767";"Female";"3. Senior (51+)";"West";34;"Monthly";23.1;0;50.98;0;785.4
"CUST-1768";"Male";"3. Senior (51+)";"North";16;"Two year";53.03;3;45.35;0;848.48
"CUST-1769";"Female";"2. Adult (31-50)";"East";12;"Two year";94.6;0;54.82;1;1135.2
"CUST-1770";"Female";"2. Adult (31-50)";"South";67;"Monthly";63.4;0;75.4;0;4247.8
"CUST-1771";"Female";"2. Adult (31-50)";"West";63;"Monthly";59.18;1;52.08;1;3728.34
"CUST-1772";"Non-binary";"2. Adult (31-50)";"South";66;"One year";79.75;0;54.86;0;5263.5
"CUST-1773";"Female";"1. Young Adult (18-30)";"North";31;"Monthly";65.14;0;16.48;0;2019.34
"CUST-1774";"Non-binary";"1. Young Adult (18-30)";"North";60;"Monthly";32.12;8;30.3;1;1927.2
"CUST-1775";"Male";"1. Young Adult (18-30)";"South";29;"One year";93.44;0;55.42;0;2709.76
"CUST-1776";"Male";"2. Adult (31-50)";"South";65;"One year";38.81;0;55.95;0;2522.65
"CUST-1777";"Male";"3. Senior (51+)";"West";4;"Monthly";96.6;2;4.420000000000002;1;386.4
"CUST-1778";"Male";"2. Adult (31-50)";"East";50;"Two year";47.8;0;54.57;1;2390.0
"CUST-1779";"Female";"3. Senior (51+)";"South";51;"Monthly";117.95;2;57.9;0;6015.45
"CUST-1780";"Female";"3. Senior (51+)";"North";40;"One year";27.95;4;39.25;0;1118.0
"CUST-1781";"Female";"1. Young Adult (18-30)";"South";47;"Monthly";62.59;0;52.58;0;2941.73
"CUST-1782";"Female";"2. Adult (31-50)";"West";59;"Monthly";86.31;3;48.14;1;5092.29
"CUST-1783";"Female";"3. Senior (51+)";"West";16;"Monthly";45.22;0;57.1;1;723.52
"CUST-1784";"Female";"3. Senior (51+)";"South";21;"Two year";109.27;0;55.93;0;2294.67
"CUST-1785";"Non-binary";"2. Adult (31-50)";"South";56;"One year";41.19;0;63.17;0;2306.64
"CUST-1786";"Female";"1. Young Adult (18-30)";"North";29;"Monthly";25.05;3;55.42;0;726.45
"CUST-1787";"Male";"2. Adult (31-50)";"West";17;"Monthly";80.3;0;56.0;1;1365.1
"CUST-1788";"Female";"3. Senior (51+)";"South";1;"Monthly";114.73;8;30.340000000000003;1;114.73
"CUST-1789";"Female";"1. Young Adult (18-30)";"East";66;"Monthly";112.04;0;54.86;0;7394.64
"CUST-1790";"Male";"1. Young Adult (18-30)";"East";34;"Two year";95.82;0;94.36;1;3257.88
"CUST-1791";"Male";"2. Adult (31-50)";"West";25;"Monthly";48.27;5;24.63;1;1206.75
"CUST-1792";"Male";"3. Senior (51+)";"West";43;"Monthly";69.12;3;53.15;1;2972.16
"CUST-1793";"Female";"3. Senior (51+)";"West";12;"Two year";29.49;5;18.81;1;353.88
"CUST-1794";"Female";"2. Adult (31-50)";"East";40;"Monthly";34.44;0;34.7;1;1377.6
"CUST-1795";"Non-binary";"3. Senior (51+)";"South";30;"Two year";109.74;0;77.77;1;3292.2
"CUST-1796";"Female";"1. Young Adult (18-30)";"West";13;"Monthly";20.42;2;71.92;1;265.46
"CUST-1797";"Female";"3. Senior (51+)";"West";42;"One year";26.39;2;40.11;0;1108.38
"CUST-1798";"Female";"1. Young Adult (18-30)";"South";72;"Two year";35.04;0;28.97;0;2522.88
"CUST-1799";"Male";"2. Adult (31-50)";"North";52;"Monthly";25.74;0;28.46;0;1338.48
"CUST-1800";"Non-binary";"2. Adult (31-50)";"East";7;"Monthly";78.12;2;91.51;1;546.84
"CUST-1801";"Female";"1. Young Adult (18-30)";"West";58;"One year";117.54;0;25.75;1;6817.32
"CUST-1802";"Non-binary";"3. Senior (51+)";"West";35;"Two year";25.85;2;75.29;0;904.75
"CUST-1803";"Non-binary";"4. Unkownn/Missing";"West";54;"Monthly";79.25;0;48.77;1;4279.5
"CUST-1804";"Male";"2. Adult (31-50)";"South";19;"Two year";95.09;2;55.11;0;1806.71
"CUST-1805";"Female";"2. Adult (31-50)";"West";5;"Monthly";39.78;0;4.600000000000001;1;198.9
"CUST-1806";"Non-binary";"3. Senior (51+)";"West";66;"One year";35.81;1;54.86;0;2363.46
"CUST-1807";"Female";"1. Young Adult (18-30)";"South";13;"Monthly";118.51;1;93.44;1;1540.63
"CUST-1808";"Male";"2. Adult (31-50)";"West";71;"Two year";76.24;0;45.0;0;5413.04
"CUST-1809";"Male";"4. Unkownn/Missing";"East";64;"Monthly";35.37;2;31.68;1;2263.68
"CUST-1810";"Male";"3. Senior (51+)";"South";6;"Monthly";71.73;2;52.96;0;430.38
"CUST-1811";"Female";"3. Senior (51+)";"East";29;"One year";114.74;2;55.42;1;3327.46
"CUST-1812";"Male";"2. Adult (31-50)";"North";22;"Two year";25.4;1;63.79;0;558.8
"CUST-1813";"Male";"3. Senior (51+)";"West";51;"Monthly";37.49;0;57.9;1;1911.99
"CUST-1814";"Non-binary";"1. Young Adult (18-30)";"North";69;"Two year";74.13;2;80.66;1;5114.97
"CUST-1815";"Non-binary";"3. Senior (51+)";"North";71;"Monthly";92.17;1;47.68;1;6544.07
"CUST-1816";"Non-binary";"1. Young Adult (18-30)";"West";64;"Monthly";111.54;0;49.79;0;7138.56
"CUST-1817";"Male";"4. Unkownn/Missing";"East";17;"One year";20.91;5;21.6;1;355.47
"CUST-1818";"Male";"1. Young Adult (18-30)";"West";58;"One year";20.01;0;47.87;0;1160.58
"CUST-1819";"Male";"2. Adult (31-50)";"South";44;"Two year";70.67;0;98.27;0;3109.48
"CUST-1820";"Male";"2. Adult (31-50)";"North";59;"Monthly";33.33;8;16.31;1;1966.47
"CUST-1821";"Non-binary";"2. Adult (31-50)";"North";38;"Monthly";27.72;3;53.79;0;1053.36
"CUST-1822";"Female";"3. Senior (51+)";"South";67;"Monthly";63.28;2;59.82;0;4239.76
"CUST-1823";"Female";"3. Senior (51+)";"East";33;"Monthly";75.4;0;57.19;0;2488.2
"CUST-1824";"Male";"3. Senior (51+)";"West";28;"Two year";109.98;0;71.25;0;3079.44
"CUST-1825";"Non-binary";"3. Senior (51+)";"East";48;"Monthly";111.96;3;59.96;0;5374.08
"CUST-1826";"Female";"3. Senior (51+)";"East";1;"Two year";106.54;0;43.21;0;106.54
"CUST-1827";"Female";"1. Young Adult (18-30)";"South";7;"Two year";51.82;0;14.23;0;362.74
"CUST-1828";"Non-binary";"3. Senior (51+)";"North";65;"One year";76.09;0;55.95;0;4945.85
"CUST-1829";"Non-binary";"3. Senior (51+)";"North";3;"Monthly";72.92;0;12.920000000000002;1;218.76
"CUST-1830";"Non-binary";"2. Adult (31-50)";"West";37;"Monthly";96.68;0;15.68;1;3577.16
"CUST-1831";"Female";"2. Adult (31-50)";"North";44;"Monthly";97.18;0;29.14;1;4275.92
"CUST-1832";"Female";"2. Adult (31-50)";"North";33;"One year";88.36;0;54.53;0;2915.88
"CUST-1833";"Male";"2. Adult (31-50)";"South";33;"One year";53.61;0;30.57;0;1769.13
"CUST-1834";"Female";"3. Senior (51+)";"South";65;"Two year";97.53;0;69.36;0;6339.45
"CUST-1835";"Female";"1. Young Adult (18-30)";"North";70;"Monthly";91.81;0;65.96;0;6426.7
"CUST-1836";"Male";"2. Adult (31-50)";"West";68;"Two year";58.47;1;55.31;0;3975.96
"CUST-1837";"Female";"3. Senior (51+)";"South";40;"One year";51.54;0;54.77;0;2061.6
"CUST-1838";"Male";"4. Unkownn/Missing";"North";15;"Monthly";99.92;1;53.77;1;1498.8
"CUST-1839";"Male";"3. Senior (51+)";"West";20;"Two year";44.84;8;22.82;1;896.8
"CUST-1840";"Female";"3. Senior (51+)";"North";31;"Monthly";67.79;0;51.61;0;2101.49
"CUST-1841";"Female";"3. Senior (51+)";"North";51;"One year";112.42;0;25.31;1;5733.42
"CUST-1842";"Female";"2. Adult (31-50)";"South";25;"Monthly";101.55;0;82.06;0;2538.75
"CUST-1843";"Male";"4. Unkownn/Missing";"South";22;"One year";69.02;0;23.8;0;1518.44
"CUST-1844";"Female";"1. Young Adult (18-30)";"West";37;"Two year";114.54;0;81.42;1;4237.98
"CUST-1845";"Non-binary";"3. Senior (51+)";"West";24;"One year";26.33;0;50.66;0;631.92
"CUST-1846";"Female";"2. Adult (31-50)";"West";33;"Monthly";100.3;1;54.53;0;3309.9
"CUST-1847";"Female";"3. Senior (51+)";"East";40;"Monthly";41.8;0;23.92;0;1672.0
"CUST-1848";"Non-binary";"4. Unkownn/Missing";"North";55;"Two year";72.85;0;56.08;0;4006.75
"CUST-1849";"Male";"2. Adult (31-50)";"North";53;"One year";92.35;2;55.3;0;4894.55
"CUST-1850";"Non-binary";"2. Adult (31-50)";"West";4;"Two year";118.38;2;43.31;1;473.52
"CUST-1851";"Non-binary";"1. Young Adult (18-30)";"South";19;"Monthly";81.75;0;28.43;0;1553.25
"CUST-1852";"Male";"1. Young Adult (18-30)";"North";62;"One year";102.45;0;53.13;0;6351.9
"CUST-1853";"Male";"1. Young Adult (18-30)";"East";62;"Two year";70.15;2;52.93;0;4349.3
"CUST-1854";"Male";"3. Senior (51+)";"North";39;"One year";49.01;3;59.64;0;1911.39
"CUST-1855";"Male";"1. Young Adult (18-30)";"South";38;"Monthly";24.36;1;53.79;1;925.68
"CUST-1856";"Female";"3. Senior (51+)";"South";68;"Two year";104.9;0;46.81;1;7133.2
"CUST-1857";"Male";"1. Young Adult (18-30)";"North";13;"One year";106.3;0;56.82;0;1381.9
"CUST-1858";"Male";"1. Young Adult (18-30)";"West";12;"One year";74.72;3;54.82;0;896.64
"CUST-1859";"Male";"3. Senior (51+)";"South";52;"Monthly";95.75;0;54.79;0;4979.0
"CUST-1860";"Male";"1. Young Adult (18-30)";"West";66;"One year";60.46;2;69.29;0;3990.36
"CUST-1861";"Male";"2. Adult (31-50)";"North";17;"Two year";119.92;0;56.0;0;2038.64
"CUST-1862";"Male";"2. Adult (31-50)";"South";55;"Monthly";97.16;3;56.08;1;5343.8
"CUST-1863";"Female";"1. Young Adult (18-30)";"South";54;"Two year";43.91;3;78.24;1;2371.14
"CUST-1864";"Non-binary";"2. Adult (31-50)";"South";19;"Monthly";79.81;1;40.31;0;1516.39
"CUST-1865";"Non-binary";"2. Adult (31-50)";"South";16;"One year";28.52;0;57.1;1;456.32
"CUST-1866";"Male";"3. Senior (51+)";"East";52;"Two year";41.22;2;72.23;0;2143.44
"CUST-1867";"Male";"3. Senior (51+)";"North";43;"Monthly";41.42;0;53.15;0;1781.06
"CUST-1868";"Female";"3. Senior (51+)";"North";39;"Monthly";66.41;0;59.64;0;2589.99
"CUST-1869";"Male";"3. Senior (51+)";"West";60;"One year";25.73;0;57.22;0;1543.8
"CUST-1870";"Male";"1. Young Adult (18-30)";"West";14;"One year";65.83;0;64.08;0;921.62
"CUST-1871";"Male";"3. Senior (51+)";"West";66;"Two year";51.79;0;12.32;0;3418.14
"CUST-1872";"Non-binary";"2. Adult (31-50)";"North";62;"One year";36.14;0;52.93;1;2240.68
"CUST-1873";"Female";"3. Senior (51+)";"West";5;"Monthly";44.74;3;39.54;0;223.7
"CUST-1874";"Female";"3. Senior (51+)";"West";40;"One year";104.32;2;54.99;0;4172.8
"CUST-1875";"Female";"2. Adult (31-50)";"South";43;"One year";94.97;0;19.02;0;4083.71
"CUST-1876";"Male";"2. Adult (31-50)";"West";66;"Two year";66.47;2;54.68;0;4387.02
"CUST-1877";"Female";"4. Unkownn/Missing";"East";39;"Monthly";65.22;3;70.69;0;2543.58
"CUST-1878";"Male";"2. Adult (31-50)";"North";22;"Two year";88.29;0;57.13;0;1942.38
"CUST-1879";"Female";"2. Adult (31-50)";"South";45;"One year";85.19;0;90.49;0;3833.55
"CUST-1880";"Male";"3. Senior (51+)";"South";42;"One year";111.68;2;92.29;0;4690.56
"CUST-1881";"Non-binary";"3. Senior (51+)";"East";40;"Monthly";21.28;3;54.5;0;851.2
"CUST-1882";"Female";"2. Adult (31-50)";"West";46;"Monthly";95.33;0;51.24;1;4385.18
"CUST-1883";"Male";"3. Senior (51+)";"South";60;"One year";33.62;3;76.03;1;2017.2
"CUST-1884";"Male";"2. Adult (31-50)";"West";3;"Monthly";42.73;0;81.17;0;128.19
"CUST-1885";"Female";"4. Unkownn/Missing";"South";14;"One year";103.23;0;22.06;0;1445.22
"CUST-1886";"Male";"3. Senior (51+)";"South";38;"Monthly";26.23;2;14.76;1;996.74
"CUST-1887";"Male";"2. Adult (31-50)";"South";41;"One year";84.66;1;51.63;0;3471.06
"CUST-1888";"Male";"2. Adult (31-50)";"South";27;"One year";24.93;0;49.9;0;673.11
"CUST-1889";"Female";"2. Adult (31-50)";"North";1;"Monthly";24.0;0;45.71;0;24.0
"CUST-1890";"Female";"1. Young Adult (18-30)";"West";23;"Two year";24.53;1;56.11;0;564.19
"CUST-1891";"Female";"2. Adult (31-50)";"North";48;"One year";101.79;0;59.96;0;4885.92
"CUST-1892";"Female";"2. Adult (31-50)";"North";9;"Two year";37.87;0;58.05;0;340.83
"CUST-1893";"Female";"3. Senior (51+)";"West";67;"Monthly";39.42;1;52.82;0;2641.14
"CUST-1894";"Male";"3. Senior (51+)";"North";25;"Monthly";56.09;0;57.71;0;1402.25
"CUST-1895";"Female";"3. Senior (51+)";"South";48;"One year";21.34;1;59.96;0;1024.32
"CUST-1896";"Female";"2. Adult (31-50)";"West";55;"Two year";56.58;3;69.99;0;3111.9
"CUST-1897";"Female";"4. Unkownn/Missing";"North";9;"Two year";84.66;0;28.38;1;761.94
"CUST-1898";"Female";"3. Senior (51+)";"West";65;"One year";96.21;0;54.09;0;6253.65
"CUST-1899";"Female";"1. Young Adult (18-30)";"North";60;"One year";92.37;2;57.22;0;5542.2
"CUST-1900";"Non-binary";"3. Senior (51+)";"South";69;"One year";107.26;0;57.1;0;7400.94
"CUST-1901";"Female";"3. Senior (51+)";"West";3;"Monthly";109.31;0;42.33;1;327.93
"CUST-1902";"Male";"4. Unkownn/Missing";"West";48;"Two year";104.78;0;59.96;1;5029.44
"CUST-1903";"Male";"2. Adult (31-50)";"West";2;"Monthly";68.68;3;42.67;0;137.36
"CUST-1904";"Male";"3. Senior (51+)";"West";18;"One year";33.69;0;51.92;0;606.42
"CUST-1905";"Female";"2. Adult (31-50)";"North";6;"Monthly";77.2;0;71.65;0;463.2
"CUST-1906";"Male";"2. Adult (31-50)";"West";48;"One year";56.49;0;59.96;0;2711.52
"CUST-1907";"Male";"2. Adult (31-50)";"West";18;"One year";61.5;3;51.92;0;1107.0
"CUST-1908";"Male";"3. Senior (51+)";"North";69;"Monthly";119.76;1;57.1;1;8263.44
"CUST-1909";"Male";"2. Adult (31-50)";"South";43;"Monthly";68.27;3;58.16;0;2935.61
"CUST-1910";"Female";"3. Senior (51+)";"North";72;"Monthly";96.22;3;55.71;0;6927.84
"CUST-1911";"Non-binary";"1. Young Adult (18-30)";"South";5;"Monthly";79.51;0;68.18;0;397.55
"CUST-1912";"Male";"3. Senior (51+)";"North";39;"One year";55.22;2;80.67;0;2153.58
"CUST-1913";"Male";"2. Adult (31-50)";"West";27;"Two year";113.42;0;21.7;0;3062.34
"CUST-1914";"Female";"2. Adult (31-50)";"North";62;"Monthly";60.59;3;52.93;0;3756.58
"CUST-1915";"Male";"3. Senior (51+)";"North";37;"Monthly";75.87;2;61.88;1;2807.19
"CUST-1916";"Female";"3. Senior (51+)";"East";56;"Monthly";105.58;0;35.25;1;5912.48
"CUST-1917";"Non-binary";"2. Adult (31-50)";"West";42;"Two year";45.55;0;23.27;0;1913.1
"CUST-1918";"Female";"3. Senior (51+)";"North";70;"Two year";111.95;1;58.23;0;7836.5
"CUST-1919";"Female";"2. Adult (31-50)";"South";31;"Monthly";47.72;7;13.27;1;1479.32
"CUST-1920";"Male";"3. Senior (51+)";"West";12;"Monthly";78.18;0;54.82;1;938.16
"CUST-1921";"Female";"1. Young Adult (18-30)";"West";42;"Monthly";84.34;5;17.79;1;3542.28
"CUST-1922";"Female";"2. Adult (31-50)";"South";59;"Two year";78.68;8;33.45;0;4642.12
"CUST-1923";"Female";"3. Senior (51+)";"East";29;"Monthly";108.67;3;55.42;1;3151.43
"CUST-1924";"Female";"2. Adult (31-50)";"South";63;"Two year";96.45;2;24.57;1;6076.35
"CUST-1925";"Non-binary";"3. Senior (51+)";"West";14;"One year";42.51;0;97.99;0;595.14
"CUST-1926";"Female";"2. Adult (31-50)";"West";10;"One year";108.68;0;27.98;0;1086.8
"CUST-1927";"Non-binary";"2. Adult (31-50)";"West";26;"Monthly";61.02;0;61.62;0;1586.52
"CUST-1928";"Female";"2. Adult (31-50)";"South";63;"Monthly";28.95;0;91.98;1;1823.85
"CUST-1929";"Female";"3. Senior (51+)";"West";39;"One year";77.63;0;78.26;0;3027.57
"CUST-1930";"Male";"2. Adult (31-50)";"North";52;"One year";113.14;0;54.79;0;5883.28
"CUST-1931";"Female";"2. Adult (31-50)";"South";16;"One year";92.27;0;57.46;0;1476.32
"CUST-1932";"Female";"3. Senior (51+)";"West";46;"One year";119.88;0;51.24;0;5514.48
"CUST-1933";"Non-binary";"2. Adult (31-50)";"North";25;"Monthly";57.46;2;57.71;0;1436.5
"CUST-1934";"Male";"1. Young Adult (18-30)";"West";13;"Monthly";81.46;0;16.89;1;1058.98
"CUST-1935";"Male";"2. Adult (31-50)";"East";3;"One year";76.31;0;42.33;0;228.93
"CUST-1936";"Male";"3. Senior (51+)";"West";46;"Monthly";49.51;1;51.24;0;2277.46
"CUST-1937";"Male";"3. Senior (51+)";"West";47;"Two year";49.26;3;52.58;0;2315.22
"CUST-1938";"Male";"2. Adult (31-50)";"West";18;"Monthly";112.57;1;15.8;1;2026.26
"CUST-1939";"Male";"2. Adult (31-50)";"South";62;"One year";60.25;3;52.93;0;3735.5
"CUST-1940";"Male";"2. Adult (31-50)";"West";2;"Two year";42.04;0;42.67;1;84.08
"CUST-1941";"Male";"1. Young Adult (18-30)";"West";38;"Monthly";75.43;2;53.79;0;2866.34
"CUST-1942";"Female";"1. Young Adult (18-30)";"North";3;"One year";76.03;0;42.33;0;228.09
"CUST-1943";"Female";"3. Senior (51+)";"West";60;"One year";102.3;0;81.67;0;6138.0
"CUST-1944";"Female";"2. Adult (31-50)";"South";9;"One year";31.41;0;58.05;0;282.69
"CUST-1945";"Non-binary";"3. Senior (51+)";"East";62;"Monthly";48.48;9;30.35;1;3005.76
"CUST-1946";"Non-binary";"1. Young Adult (18-30)";"North";56;"One year";63.64;0;63.17;0;3563.84
"CUST-1947";"Male";"4. Unkownn/Missing";"North";71;"Two year";74.14;3;87.96;0;5263.94
"CUST-1948";"Female";"1. Young Adult (18-30)";"South";71;"Two year";52.71;0;92.86;0;3742.41
"CUST-1949";"Male";"2. Adult (31-50)";"West";33;"Two year";25.74;3;54.53;0;849.42
"CUST-1950";"Non-binary";"1. Young Adult (18-30)";"South";6;"One year";65.25;0;32.47;0;391.5
"CUST-1951";"Male";"3. Senior (51+)";"North";58;"Two year";108.7;0;56.15;1;6304.6
"CUST-1952";"Male";"2. Adult (31-50)";"West";16;"Two year";84.65;3;89.33;0;1354.4
"CUST-1953";"Male";"3. Senior (51+)";"West";50;"Monthly";107.77;0;77.64;1;5388.5
"CUST-1954";"Female";"4. Unkownn/Missing";"North";35;"Monthly";27.97;0;72.19;1;978.95
"CUST-1955";"Female";"3. Senior (51+)";"North";63;"Monthly";63.17;3;54.89;0;3979.71
"CUST-1956";"Male";"4. Unkownn/Missing";"West";17;"Monthly";48.71;1;56.0;0;828.07
"CUST-1957";"Non-binary";"3. Senior (51+)";"South";17;"Monthly";60.32;0;59.01;1;1025.44
"CUST-1958";"Female";"1. Young Adult (18-30)";"North";61;"One year";52.63;0;55.13;0;3210.43
"CUST-1959";"Non-binary";"3. Senior (51+)";"South";48;"Monthly";33.48;0;61.94;0;1607.04
"CUST-1960";"Male";"2. Adult (31-50)";"West";41;"Monthly";47.67;2;58.37;1;1954.47
"CUST-1961";"Female";"1. Young Adult (18-30)";"South";36;"Monthly";25.46;3;49.15;1;916.56
"CUST-1962";"Male";"3. Senior (51+)";"South";63;"Monthly";86.13;0;54.89;0;5426.19
"CUST-1963";"Male";"2. Adult (31-50)";"North";16;"Two year";47.85;0;93.76;0;765.6
"CUST-1964";"Male";"3. Senior (51+)";"North";64;"Monthly";41.25;3;49.79;0;2640.0
"CUST-1965";"Female";"4. Unkownn/Missing";"South";17;"One year";60.02;3;18.57;0;1020.34
"CUST-1966";"Male";"3. Senior (51+)";"North";8;"Monthly";88.67;2;56.44;0;709.36
"CUST-1967";"Non-binary";"1. Young Adult (18-30)";"East";34;"One year";101.16;0;52.64;0;3439.44
"CUST-1968";"Non-binary";"3. Senior (51+)";"North";65;"Monthly";89.42;0;99.84;1;5812.3
"CUST-1969";"Female";"1. Young Adult (18-30)";"East";46;"Monthly";73.81;0;56.61;1;3395.26
"CUST-1970";"Female";"2. Adult (31-50)";"South";57;"Monthly";117.14;3;58.76;0;6676.98
"CUST-1971";"Male";"3. Senior (51+)";"East";6;"Monthly";54.24;1;52.96;1;325.44
"CUST-1972";"Male";"3. Senior (51+)";"South";44;"Monthly";64.83;0;56.45;1;2852.52
"CUST-1973";"Female";"1. Young Adult (18-30)";"West";17;"Monthly";48.11;0;56.0;1;817.87
"CUST-1974";"Male";"3. Senior (51+)";"East";56;"Monthly";47.92;0;63.17;1;2683.52
"CUST-1975";"Non-binary";"4. Unkownn/Missing";"North";39;"One year";86.75;0;18.77;1;3383.25
"CUST-1976";"Male";"2. Adult (31-50)";"South";1;"One year";76.15;0;58.92;0;76.15
"CUST-1977";"Male";"2. Adult (31-50)";"West";61;"Monthly";44.33;0;55.13;0;2704.13
"CUST-1978";"Non-binary";"3. Senior (51+)";"West";20;"One year";84.68;0;78.89;0;1693.6
"CUST-1979";"Male";"1. Young Adult (18-30)";"West";48;"One year";36.99;0;59.96;0;1775.52
"CUST-1980";"Male";"1. Young Adult (18-30)";"West";20;"Two year";33.51;0;53.01;0;670.2
"CUST-1981";"Female";"3. Senior (51+)";"West";67;"One year";68.72;0;25.22;0;4604.24
"CUST-1982";"Non-binary";"1. Young Adult (18-30)";"North";37;"Two year";54.37;1;75.65;1;2011.69
"CUST-1983";"Male";"3. Senior (51+)";"North";24;"Monthly";102.56;1;50.66;0;2461.44
"CUST-1984";"Female";"3. Senior (51+)";"South";42;"Two year";51.89;0;83.39;0;2179.38
"CUST-1985";"Non-binary";"3. Senior (51+)";"South";38;"Two year";29.51;0;96.28;0;1121.38
"CUST-1986";"Female";"1. Young Adult (18-30)";"West";2;"One year";75.52;0;42.67;0;151.04
"CUST-1987";"Male";"1. Young Adult (18-30)";"East";23;"Two year";71.54;1;56.11;0;1645.42
"CUST-1988";"Male";"1. Young Adult (18-30)";"North";16;"Monthly";58.7;0;57.1;1;939.2
"CUST-1989";"Female";"3. Senior (51+)";"South";23;"Monthly";27.65;0;31.5;1;635.95
"CUST-1990";"Female";"3. Senior (51+)";"North";64;"Monthly";63.35;2;21.1;1;4054.4
"CUST-1991";"Female";"1. Young Adult (18-30)";"West";51;"One year";58.0;2;57.9;0;2958.0
"CUST-1992";"Male";"3. Senior (51+)";"East";33;"Monthly";42.91;0;11.46;1;1416.03
"CUST-1993";"Female";"2. Adult (31-50)";"North";24;"Monthly";107.76;0;66.9;1;2586.24
"CUST-1994";"Female";"3. Senior (51+)";"East";54;"One year";32.71;2;56.4;0;1766.34
"CUST-1995";"Female";"1. Young Adult (18-30)";"South";63;"Monthly";108.86;3;89.95;1;6858.18
"CUST-1996";"Female";"2. Adult (31-50)";"West";7;"Monthly";88.62;0;65.31;0;620.34
"CUST-1997";"Male";"3. Senior (51+)";"North";41;"Monthly";52.87;0;35.05;0;2167.67
"CUST-1998";"Non-binary";"2. Adult (31-50)";"West";13;"Two year";95.13;0;47.83;0;1236.69
"CUST-1999";"Male";"3. Senior (51+)";"North";36;"Two year";75.83;0;49.42;0;2729.88
"CUST-2000";"Male";"2. Adult (31-50)";"North";25;"One year";30.8;2;57.71;0;770.0
"CUST-2001";"Male";"2. Adult (31-50)";"West";4;"One year";101.93;5;35.2;1;407.72
"CUST-2002";"Female";"1. Young Adult (18-30)";"East";20;"One year";32.04;10;34.05;1;640.8
"CUST-2003";"Female";"3. Senior (51+)";"North";68;"One year";40.87;3;57.81;0;2779.16
"CUST-2004";"Male";"3. Senior (51+)";"South";65;"One year";46.18;0;39.6;1;3001.7
"CUST-2005";"Female";"3. Senior (51+)";"East";59;"One year";49.15;2;50.06;0;2899.85
"CUST-2006";"Non-binary";"3. Senior (51+)";"North";65;"One year";67.11;0;71.44;0;4362.15
"CUST-2007";"Male";"2. Adult (31-50)";"West";4;"Monthly";118.15;0;43.31;1;472.6
"CUST-2008";"Female";"2. Adult (31-50)";"North";50;"One year";21.95;0;54.57;0;1097.5
"CUST-2009";"Male";"3. Senior (51+)";"North";60;"Monthly";101.84;1;57.22;1;6110.4
"CUST-2010";"Female";"3. Senior (51+)";"South";48;"Two year";112.88;0;59.96;0;5418.24
"CUST-2011";"Male";"2. Adult (31-50)";"South";54;"Monthly";86.33;0;56.4;0;4661.82
"CUST-2012";"Male";"3. Senior (51+)";"East";31;"One year";104.67;2;51.61;0;3244.77
"CUST-2013";"Male";"3. Senior (51+)";"North";71;"Two year";37.84;2;54.72;0;2686.64
"CUST-2014";"Female";"3. Senior (51+)";"West";10;"Monthly";29.05;0;47.69;1;290.5
"CUST-2015";"Female";"3. Senior (51+)";"West";31;"One year";74.4;0;72.9;0;2306.4
"CUST-2016";"Male";"3. Senior (51+)";"North";41;"Monthly";62.29;2;51.63;0;2553.89
"CUST-2017";"Male";"3. Senior (51+)";"North";1;"One year";22.99;0;50.540000000000006;0;22.99
"CUST-2018";"Male";"1. Young Adult (18-30)";"East";68;"Two year";60.97;0;97.28;1;4145.96
"CUST-2019";"Female";"3. Senior (51+)";"South";52;"Monthly";105.78;0;54.79;0;5500.56
"CUST-2020";"Male";"2. Adult (31-50)";"West";30;"Two year";35.76;0;44.84;0;1072.8
"CUST-2021";"Male";"2. Adult (31-50)";"North";39;"Monthly";28.59;1;60.95;1;1115.01
"CUST-2022";"Male";"3. Senior (51+)";"West";61;"Two year";29.78;3;93.85;0;1816.58
"CUST-2023";"Male";"2. Adult (31-50)";"East";8;"Two year";61.02;3;56.44;0;488.16
"CUST-2024";"Male";"3. Senior (51+)";"South";20;"One year";71.45;0;53.01;1;1429.0
"CUST-2025";"Male";"3. Senior (51+)";"North";1;"Monthly";31.35;2;43.21;1;31.35
"CUST-2026";"Male";"3. Senior (51+)";"South";4;"Two year";83.47;0;44.52;0;333.88
"CUST-2027";"Male";"3. Senior (51+)";"East";54;"Monthly";45.44;0;61.31;1;2453.76
"CUST-2028";"Female";"3. Senior (51+)";"East";65;"One year";115.56;0;17.98;1;7511.4
"CUST-2029";"Female";"3. Senior (51+)";"North";52;"Monthly";31.96;0;54.79;0;1661.92
"CUST-2030";"Non-binary";"3. Senior (51+)";"East";11;"Monthly";108.19;4;27.65;1;1190.09
"CUST-2031";"Male";"1. Young Adult (18-30)";"West";26;"One year";109.01;0;61.62;0;2834.26
"CUST-2032";"Non-binary";"3. Senior (51+)";"North";49;"Two year";119.07;1;54.7;0;5834.43
"CUST-2033";"Male";"3. Senior (51+)";"North";19;"Monthly";116.48;0;55.11;1;2213.12
"CUST-2034";"Male";"1. Young Adult (18-30)";"North";31;"Monthly";109.86;1;51.61;0;3405.66
"CUST-2035";"Male";"3. Senior (51+)";"South";60;"Monthly";78.32;0;57.22;1;4699.2
"CUST-2036";"Male";"3. Senior (51+)";"South";21;"One year";27.43;0;55.93;1;576.03
"CUST-2037";"Female";"2. Adult (31-50)";"East";49;"Two year";23.82;0;27.52;0;1167.18
"CUST-2038";"Non-binary";"2. Adult (31-50)";"North";41;"One year";112.26;3;85.46;0;4602.66
"CUST-2039";"Female";"3. Senior (51+)";"North";9;"One year";94.1;1;58.05;0;846.9
"CUST-2040";"Non-binary";"3. Senior (51+)";"North";31;"Two year";78.45;0;87.31;0;2431.95
"CUST-2041";"Male";"3. Senior (51+)";"South";29;"Two year";20.66;1;55.42;0;599.14
"CUST-2042";"Female";"2. Adult (31-50)";"East";29;"Two year";50.71;2;55.42;0;1470.59
"CUST-2043";"Female";"2. Adult (31-50)";"South";8;"Two year";57.02;0;50.73;0;456.16
"CUST-2044";"Non-binary";"4. Unkownn/Missing";"South";48;"Monthly";27.95;0;59.96;0;1341.6
"CUST-2045";"Non-binary";"3. Senior (51+)";"South";40;"Monthly";84.99;1;40.74;0;3399.6
"CUST-2046";"Male";"2. Adult (31-50)";"North";32;"Monthly";61.34;0;75.16;1;1962.88
"CUST-2047";"Female";"3. Senior (51+)";"West";18;"Monthly";44.51;0;45.85;0;801.18
"CUST-2048";"Non-binary";"3. Senior (51+)";"West";8;"One year";54.27;2;80.88;0;434.16
"CUST-2049";"Female";"2. Adult (31-50)";"East";31;"One year";63.62;0;40.64;0;1972.22
"CUST-2050";"Female";"3. Senior (51+)";"South";0;"Two year";113.15;0;44.44;0;0.0
"CUST-2051";"Non-binary";"1. Young Adult (18-30)";"South";50;"Two year";36.59;0;54.57;0;1829.5
"CUST-2052";"Female";"3. Senior (51+)";"East";10;"Monthly";119.44;1;47.69;1;1194.4
"CUST-2053";"Female";"4. Unkownn/Missing";"North";71;"Monthly";113.41;0;54.72;1;8052.11
"CUST-2054";"Male";"2. Adult (31-50)";"North";29;"Monthly";30.01;0;46.52;1;870.29
"CUST-2055";"Non-binary";"3. Senior (51+)";"South";45;"One year";116.77;6;38.44;0;5254.65
"CUST-2056";"Female";"2. Adult (31-50)";"North";55;"Two year";93.81;0;56.08;0;5159.55
"CUST-2057";"Female";"2. Adult (31-50)";"West";12;"Monthly";60.66;0;15.09;1;727.92
"CUST-2058";"Male";"1. Young Adult (18-30)";"West";50;"Monthly";45.57;0;18.42;0;2278.5
"CUST-2059";"Non-binary";"2. Adult (31-50)";"East";64;"One year";108.35;3;49.79;1;6934.4
"CUST-2060";"Female";"4. Unkownn/Missing";"West";4;"Monthly";45.17;0;43.31;1;180.68
"CUST-2061";"Male";"2. Adult (31-50)";"West";66;"Two year";85.2;1;89.08;0;5623.2
"CUST-2062";"Male";"3. Senior (51+)";"South";1;"One year";89.13;0;43.21;1;89.13
"CUST-2063";"Non-binary";"1. Young Adult (18-30)";"North";5;"One year";45.82;0;39.54;1;229.1
"CUST-2064";"Male";"3. Senior (51+)";"West";38;"Monthly";77.96;3;24.35;1;2962.48
"CUST-2065";"Non-binary";"4. Unkownn/Missing";"South";6;"One year";95.2;0;52.96;0;571.2
"CUST-2066";"Male";"2. Adult (31-50)";"East";70;"Two year";101.59;0;94.08;0;7111.3
"CUST-2067";"Female";"3. Senior (51+)";"South";34;"Two year";72.24;0;95.82;0;2456.16
"CUST-2068";"Male";"3. Senior (51+)";"North";53;"Monthly";51.11;3;55.3;0;2708.83
"CUST-2069";"Female";"3. Senior (51+)";"West";46;"Two year";93.02;0;51.24;0;4278.92
"CUST-2070";"Non-binary";"3. Senior (51+)";"North";64;"One year";110.6;0;79.21;1;7078.4
"CUST-2071";"Non-binary";"2. Adult (31-50)";"North";12;"One year";77.59;0;54.82;0;931.08
"CUST-2072";"Female";"3. Senior (51+)";"East";67;"One year";43.4;0;52.82;1;2907.8
"CUST-2073";"Male";"3. Senior (51+)";"West";2;"Monthly";119.52;0;84.06;1;239.04
"CUST-2074";"Male";"1. Young Adult (18-30)";"South";45;"One year";70.94;0;56.4;0;3192.3
"CUST-2075";"Non-binary";"3. Senior (51+)";"West";0;"Two year";26.46;1;65.12;0;0.0
"CUST-2076";"Male";"1. Young Adult (18-30)";"South";60;"Two year";114.14;0;57.22;1;6848.4
"CUST-2077";"Male";"3. Senior (51+)";"North";15;"Monthly";20.52;0;53.77;0;307.8
"CUST-2078";"Male";"4. Unkownn/Missing";"North";28;"Two year";68.43;1;53.86;0;1916.04
"CUST-2079";"Non-binary";"1. Young Adult (18-30)";"South";62;"Monthly";24.74;2;92.68;1;1533.88
"CUST-2080";"Female";"2. Adult (31-50)";"South";47;"Monthly";78.31;3;11.3;1;3680.57
"CUST-2081";"Male";"2. Adult (31-50)";"North";63;"One year";40.37;0;50.89;0;2543.31
"CUST-2082";"Male";"2. Adult (31-50)";"North";51;"Monthly";100.59;0;57.9;0;5130.09
"CUST-2083";"Female";"3. Senior (51+)";"West";54;"One year";84.73;0;58.76;0;4575.42
"CUST-2084";"Female";"2. Adult (31-50)";"West";63;"Two year";95.06;0;54.89;1;5988.78
"CUST-2085";"Male";"2. Adult (31-50)";"East";31;"Monthly";63.41;0;76.14;1;1965.71
"CUST-2086";"Female";"3. Senior (51+)";"South";2;"Monthly";108.2;2;42.67;0;216.4
"CUST-2087";"Female";"2. Adult (31-50)";"East";29;"Monthly";43.5;0;30.95;1;1261.5
"CUST-2088";"Male";"2. Adult (31-50)";"North";42;"One year";43.54;1;58.5;0;1828.68
"CUST-2089";"Female";"1. Young Adult (18-30)";"West";21;"Two year";107.4;1;55.93;0;2255.4
"CUST-2090";"Female";"2. Adult (31-50)";"West";35;"One year";24.66;0;56.85;1;863.1
"CUST-2091";"Female";"3. Senior (51+)";"South";57;"Monthly";97.52;0;27.11;0;5558.64
"CUST-2092";"Non-binary";"2. Adult (31-50)";"East";26;"Two year";48.99;3;61.62;0;1273.74
"CUST-2093";"Non-binary";"4. Unkownn/Missing";"East";1;"Monthly";62.48;0;43.21;0;62.48
"CUST-2094";"Female";"1. Young Adult (18-30)";"East";70;"Two year";79.86;0;99.79;0;5590.2
"CUST-2095";"Non-binary";"3. Senior (51+)";"North";15;"One year";45.43;3;53.77;0;681.45
"CUST-2096";"Male";"1. Young Adult (18-30)";"North";35;"Monthly";51.14;0;97.56;1;1789.9
"CUST-2097";"Female";"3. Senior (51+)";"West";25;"One year";27.87;2;57.71;0;696.75
"CUST-2098";"Female";"2. Adult (31-50)";"East";40;"Monthly";33.46;2;54.99;1;1338.4
"CUST-2099";"Female";"1. Young Adult (18-30)";"West";39;"Two year";79.84;0;59.64;0;3113.76
"CUST-2100";"Female";"2. Adult (31-50)";"North";27;"One year";28.17;3;49.9;0;760.59
"CUST-2101";"Female";"3. Senior (51+)";"South";52;"Two year";91.19;0;54.79;0;4741.88
"CUST-2102";"Female";"3. Senior (51+)";"South";69;"One year";75.68;2;92.2;0;5221.92
"CUST-2103";"Female";"3. Senior (51+)";"North";57;"Monthly";118.79;1;51.95;1;6771.03
"CUST-2104";"Female";"3. Senior (51+)";"East";57;"Monthly";73.57;0;58.76;0;4193.49
"CUST-2105";"Male";"3. Senior (51+)";"West";57;"Monthly";85.17;3;58.76;1;4854.69
"CUST-2106";"Female";"1. Young Adult (18-30)";"North";65;"Monthly";119.62;0;34.72;1;7775.3
"CUST-2107";"Male";"3. Senior (51+)";"East";12;"Monthly";82.64;0;54.82;1;991.68
"CUST-2108";"Male";"2. Adult (31-50)";"North";61;"Two year";43.71;0;55.13;0;2666.31
"CUST-2109";"Female";"3. Senior (51+)";"North";56;"One year";35.93;3;63.17;0;2012.08
"CUST-2110";"Male";"3. Senior (51+)";"East";2;"Two year";93.47;0;42.67;0;186.94
"CUST-2111";"Male";"3. Senior (51+)";"East";5;"Monthly";27.34;0;76.5;1;136.7
"CUST-2112";"Male";"3. Senior (51+)";"North";1;"One year";91.45;0;46.53;0;91.45
"CUST-2113";"Female";"3. Senior (51+)";"West";47;"One year";115.65;3;52.58;1;5435.55
"CUST-2114";"Female";"1. Young Adult (18-30)";"East";22;"Monthly";34.09;3;58.01;0;749.98
"CUST-2115";"Female";"3. Senior (51+)";"South";4;"Two year";32.28;0;20.740000000000002;0;129.12
"CUST-2116";"Female";"2. Adult (31-50)";"North";17;"Monthly";67.06;8;37.22;1;1140.02
"CUST-2117";"Non-binary";"3. Senior (51+)";"North";22;"Monthly";27.18;7;18.22;1;597.96
"CUST-2118";"Female";"3. Senior (51+)";"North";52;"Two year";112.13;2;54.79;0;5830.76
"CUST-2119";"Non-binary";"2. Adult (31-50)";"North";40;"One year";79.49;2;79.65;0;3179.6
"CUST-2120";"Non-binary";"2. Adult (31-50)";"South";6;"Monthly";29.11;1;52.96;1;174.66
"CUST-2121";"Male";"4. Unkownn/Missing";"North";7;"One year";61.6;3;59.79;0;431.2
"CUST-2122";"Female";"3. Senior (51+)";"North";71;"Monthly";101.38;0;54.72;0;7197.98
"CUST-2123";"Male";"2. Adult (31-50)";"East";3;"Two year";100.17;3;42.33;0;300.51
"CUST-2124";"Male";"2. Adult (31-50)";"West";56;"Monthly";32.08;3;20.33;1;1796.48
"CUST-2125";"Female";"3. Senior (51+)";"South";4;"Two year";84.57;0;43.31;0;338.28
"CUST-2126";"Female";"3. Senior (51+)";"West";16;"One year";43.34;3;57.1;0;693.44
"CUST-2127";"Female";"2. Adult (31-50)";"North";49;"Monthly";28.56;0;54.7;0;1399.44
"CUST-2128";"Male";"3. Senior (51+)";"North";43;"Monthly";107.66;1;39.24;0;4629.38
"CUST-2129";"Female";"3. Senior (51+)";"North";37;"One year";91.45;0;54.96;0;3383.65
"CUST-2130";"Female";"3. Senior (51+)";"North";48;"Two year";43.44;1;70.93;0;2085.12
"CUST-2131";"Male";"3. Senior (51+)";"South";45;"Monthly";106.14;7;14.51;1;4776.3
"CUST-2132";"Non-binary";"1. Young Adult (18-30)";"South";49;"Two year";30.28;0;10.05;0;1483.72
"CUST-2133";"Non-binary";"1. Young Adult (18-30)";"North";61;"Monthly";110.62;3;55.13;1;6747.82
"CUST-2134";"Male";"2. Adult (31-50)";"East";55;"Two year";50.74;2;73.06;0;2790.7
"CUST-2135";"Male";"2. Adult (31-50)";"West";21;"Monthly";44.64;2;37.95;1;937.44
"CUST-2136";"Female";"2. Adult (31-50)";"North";35;"One year";113.61;1;56.85;0;3976.35
"CUST-2137";"Non-binary";"3. Senior (51+)";"East";23;"Monthly";93.09;0;56.11;1;2141.07
"CUST-2138";"Male";"3. Senior (51+)";"North";4;"Monthly";75.39;0;0.0;1;301.56
"CUST-2139";"Male";"3. Senior (51+)";"West";47;"Monthly";31.94;1;51.91;1;1501.18
"CUST-2140";"Female";"3. Senior (51+)";"North";1;"One year";100.55;0;43.21;0;100.55
"CUST-2141";"Male";"2. Adult (31-50)";"North";25;"Monthly";88.22;0;27.75;0;2205.5
"CUST-2142";"Male";"3. Senior (51+)";"West";1;"Monthly";77.21;0;74.78;0;77.21
"CUST-2143";"Female";"2. Adult (31-50)";"North";30;"Monthly";29.35;10;12.39;1;880.5
"CUST-2144";"Female";"2. Adult (31-50)";"South";57;"Monthly";42.22;0;38.54;0;2406.54
"CUST-2145";"Male";"2. Adult (31-50)";"East";44;"Monthly";31.75;0;97.87;0;1397.0
"CUST-2146";"Female";"3. Senior (51+)";"West";64;"Monthly";28.31;0;49.79;1;1811.84
"CUST-2147";"Non-binary";"2. Adult (31-50)";"East";40;"Monthly";106.05;0;54.99;0;4242.0
"CUST-2148";"Female";"2. Adult (31-50)";"East";32;"One year";32.53;3;54.02;0;1040.96
"CUST-2149";"Non-binary";"1. Young Adult (18-30)";"South";32;"Monthly";92.22;0;91.12;1;2951.04
"CUST-2150";"Non-binary";"4. Unkownn/Missing";"North";11;"Monthly";119.18;0;53.43;1;1310.98
"CUST-2151";"Female";"3. Senior (51+)";"North";50;"Monthly";101.14;0;54.57;1;5057.0
"CUST-2152";"Non-binary";"1. Young Adult (18-30)";"South";2;"One year";69.87;0;84.3;0;139.74
"CUST-2153";"Female";"1. Young Adult (18-30)";"South";51;"Two year";112.43;1;57.9;1;5733.93
"CUST-2154";"Female";"4. Unkownn/Missing";"North";1;"Two year";101.26;0;69.19;0;101.26
"CUST-2155";"Female";"2. Adult (31-50)";"East";36;"Monthly";65.94;0;80.55;1;2373.84
"CUST-2156";"Male";"3. Senior (51+)";"West";41;"Two year";91.72;3;21.66;0;3760.52
"CUST-2157";"Female";"1. Young Adult (18-30)";"East";31;"Monthly";115.99;1;51.61;1;3595.69
"CUST-2158";"Non-binary";"2. Adult (31-50)";"North";49;"One year";48.02;1;47.46;0;2352.98
"CUST-2159";"Male";"3. Senior (51+)";"South";22;"Monthly";79.59;0;58.01;1;1750.98
"CUST-2160";"Non-binary";"3. Senior (51+)";"East";16;"Two year";64.94;0;57.1;1;1039.04
"CUST-2161";"Male";"2. Adult (31-50)";"West";59;"Two year";22.2;0;46.57;0;1309.8
"CUST-2162";"Female";"2. Adult (31-50)";"North";60;"Monthly";103.72;1;49.52;0;6223.2
"CUST-2163";"Non-binary";"3. Senior (51+)";"North";56;"Two year";92.25;0;96.95;0;5166.0
"CUST-2164";"Male";"3. Senior (51+)";"South";44;"Monthly";89.23;1;84.68;0;3926.12
"CUST-2165";"Female";"3. Senior (51+)";"North";70;"Monthly";63.45;0;58.23;1;4441.5
"CUST-2166";"Female";"3. Senior (51+)";"North";61;"Monthly";89.81;0;55.13;1;5478.41
"CUST-2167";"Non-binary";"3. Senior (51+)";"West";37;"Monthly";83.68;0;54.96;0;3096.16
"CUST-2168";"Female";"1. Young Adult (18-30)";"West";15;"Two year";24.9;0;53.77;0;373.5
"CUST-2169";"Female";"3. Senior (51+)";"East";8;"One year";106.47;0;56.44;0;851.76
"CUST-2170";"Female";"3. Senior (51+)";"North";36;"One year";24.75;1;49.15;0;891.0
"CUST-2171";"Female";"2. Adult (31-50)";"North";39;"Monthly";94.74;0;64.63;0;3694.86
"CUST-2172";"Male";"3. Senior (51+)";"North";57;"Two year";84.12;0;39.22;0;4794.84
"CUST-2173";"Male";"2. Adult (31-50)";"North";34;"One year";54.92;7;31.83;1;1867.28
"CUST-2174";"Male";"2. Adult (31-50)";"South";29;"Monthly";110.34;0;55.42;1;3199.86
"CUST-2175";"Female";"1. Young Adult (18-30)";"West";4;"Two year";75.42;3;43.31;0;301.68
"CUST-2176";"Male";"1. Young Adult (18-30)";"South";58;"One year";22.74;0;56.92;0;1318.92
"CUST-2177";"Female";"3. Senior (51+)";"North";64;"One year";84.28;0;36.24;0;5393.92
"CUST-2178";"Female";"3. Senior (51+)";"South";14;"One year";110.55;1;50.47;1;1547.7
"CUST-2179";"Non-binary";"3. Senior (51+)";"North";49;"Two year";25.05;0;72.19;0;1227.45
"CUST-2180";"Male";"3. Senior (51+)";"North";23;"Two year";69.52;0;56.11;1;1598.96
"CUST-2181";"Male";"3. Senior (51+)";"South";10;"Monthly";21.42;3;68.85;0;214.2
"CUST-2182";"Male";"1. Young Adult (18-30)";"South";38;"Monthly";45.71;0;64.78;0;1736.98
"CUST-2183";"Female";"1. Young Adult (18-30)";"West";44;"One year";80.26;0;56.45;0;3531.44
"CUST-2184";"Non-binary";"2. Adult (31-50)";"East";1;"Two year";82.24;0;43.21;0;82.24
"CUST-2185";"Female";"1. Young Adult (18-30)";"East";44;"One year";51.49;4;31.04;1;2265.56
"CUST-2186";"Non-binary";"3. Senior (51+)";"West";4;"Monthly";56.88;0;43.31;0;227.52
"CUST-2187";"Female";"1. Young Adult (18-30)";"North";1;"Two year";65.44;0;43.21;0;65.44
"CUST-2188";"Non-binary";"2. Adult (31-50)";"North";34;"Monthly";61.07;0;59.89;1;2076.38
"CUST-2189";"Female";"2. Adult (31-50)";"East";32;"Monthly";95.62;1;51.91;0;3059.84
"CUST-2190";"Female";"3. Senior (51+)";"South";0;"One year";83.1;0;25.39;0;0.0
"CUST-2191";"Male";"4. Unkownn/Missing";"North";65;"One year";113.58;10;24.14;1;7382.7
"CUST-2192";"Female";"2. Adult (31-50)";"West";10;"One year";23.3;7;16.06;0;233.0
"CUST-2193";"Male";"1. Young Adult (18-30)";"South";39;"Monthly";38.78;3;59.64;1;1512.42
"CUST-2194";"Non-binary";"2. Adult (31-50)";"South";9;"Monthly";23.87;10;31.28;0;214.83
"CUST-2195";"Non-binary";"1. Young Adult (18-30)";"South";35;"One year";34.26;0;50.28;0;1199.1
"CUST-2196";"Male";"3. Senior (51+)";"North";1;"One year";86.06;0;43.21;0;86.06
"CUST-2197";"Male";"3. Senior (51+)";"West";44;"Monthly";114.65;2;56.45;1;5044.6
"CUST-2198";"Female";"3. Senior (51+)";"West";35;"Two year";60.21;2;42.87;0;2107.35
"CUST-2199";"Non-binary";"1. Young Adult (18-30)";"West";7;"Two year";79.28;2;30.56;1;554.96
"CUST-2200";"Female";"3. Senior (51+)";"East";41;"One year";69.62;1;51.63;0;2854.42
"CUST-2201";"Non-binary";"2. Adult (31-50)";"North";18;"One year";26.58;0;51.92;1;478.44
"CUST-2202";"Male";"3. Senior (51+)";"North";9;"Monthly";77.71;3;58.05;0;699.39
"CUST-2203";"Non-binary";"3. Senior (51+)";"South";36;"Monthly";59.17;5;36.54;0;2130.12
"CUST-2204";"Male";"3. Senior (51+)";"West";8;"Monthly";88.96;3;56.44;0;711.68
"CUST-2205";"Female";"2. Adult (31-50)";"East";10;"One year";47.9;3;47.69;1;479.0
"CUST-2206";"Non-binary";"3. Senior (51+)";"North";66;"Monthly";41.98;0;45.22;0;2770.68
"CUST-2207";"Non-binary";"1. Young Adult (18-30)";"North";27;"One year";40.63;0;49.9;0;1097.01
"CUST-2208";"Non-binary";"2. Adult (31-50)";"North";50;"One year";107.07;1;54.57;0;5353.5
"CUST-2209";"Female";"2. Adult (31-50)";"North";5;"Monthly";70.3;0;39.54;1;351.5
"CUST-2210";"Female";"1. Young Adult (18-30)";"South";62;"Two year";81.84;3;52.93;0;5074.08
"CUST-2211";"Female";"1. Young Adult (18-30)";"North";69;"One year";38.14;0;57.1;0;2631.66
"CUST-2212";"Male";"2. Adult (31-50)";"South";51;"One year";77.25;0;57.9;0;3939.75
"CUST-2213";"Female";"2. Adult (31-50)";"West";57;"Monthly";103.79;0;68.5;1;5916.03
"CUST-2214";"Female";"3. Senior (51+)";"West";51;"Two year";51.26;0;57.9;0;2614.26
"CUST-2215";"Female";"1. Young Adult (18-30)";"North";55;"Monthly";73.68;3;56.08;1;4052.4
"CUST-2216";"Non-binary";"3. Senior (51+)";"West";61;"Two year";100.28;0;55.13;0;6117.08
"CUST-2217";"Non-binary";"1. Young Adult (18-30)";"West";0;"Monthly";72.1;0;48.6;1;0.0
"CUST-2218";"Male";"3. Senior (51+)";"North";50;"Monthly";111.72;0;62.81;1;5586.0
"CUST-2219";"Non-binary";"2. Adult (31-50)";"East";57;"Monthly";80.8;0;70.36;0;4605.6
"CUST-2220";"Male";"2. Adult (31-50)";"East";8;"One year";20.29;0;15.02;0;162.32
"CUST-2221";"Male";"4. Unkownn/Missing";"South";14;"Two year";95.08;0;97.05;0;1331.12
"CUST-2222";"Male";"3. Senior (51+)";"West";68;"Monthly";117.98;0;97.96;1;8022.64
"CUST-2223";"Female";"3. Senior (51+)";"South";43;"Two year";38.97;0;42.3;0;1675.71
"CUST-2224";"Male";"2. Adult (31-50)";"West";47;"One year";46.18;0;61.4;0;2170.46
"CUST-2225";"Female";"3. Senior (51+)";"West";18;"Monthly";116.65;0;87.83;0;2099.7
"CUST-2226";"Female";"1. Young Adult (18-30)";"South";53;"One year";75.42;0;55.3;1;3997.26
"CUST-2227";"Female";"3. Senior (51+)";"East";50;"One year";35.83;2;65.3;0;1791.5
"CUST-2228";"Male";"1. Young Adult (18-30)";"West";10;"Two year";95.77;3;14.9;0;957.7
"CUST-2229";"Female";"2. Adult (31-50)";"South";39;"Two year";36.0;0;59.64;1;1404.0
"CUST-2230";"Female";"3. Senior (51+)";"North";52;"Monthly";28.67;0;36.16;0;1490.84
"CUST-2231";"Non-binary";"2. Adult (31-50)";"West";19;"One year";36.21;0;55.11;0;687.99
"CUST-2232";"Male";"4. Unkownn/Missing";"West";49;"One year";26.53;0;54.7;0;1299.97
"CUST-2233";"Non-binary";"2. Adult (31-50)";"North";63;"Monthly";52.85;3;94.28;0;3329.55
"CUST-2234";"Female";"3. Senior (51+)";"North";27;"One year";69.46;0;49.9;0;1875.42
"CUST-2235";"Male";"2. Adult (31-50)";"West";5;"Monthly";93.0;0;39.54;0;465.0
"CUST-2236";"Female";"2. Adult (31-50)";"West";20;"Monthly";34.05;0;80.95;1;681.0
"CUST-2237";"Male";"2. Adult (31-50)";"North";55;"Monthly";53.09;2;66.34;0;2919.95
"CUST-2238";"Female";"2. Adult (31-50)";"West";43;"Monthly";81.64;0;53.15;0;3510.52
"CUST-2239";"Female";"2. Adult (31-50)";"South";36;"Monthly";115.94;2;49.15;1;4173.84
"CUST-2240";"Male";"2. Adult (31-50)";"West";59;"One year";105.47;0;20.82;1;6222.73
"CUST-2241";"Male";"2. Adult (31-50)";"North";25;"One year";115.37;0;57.71;1;2884.25
"CUST-2242";"Male";"3. Senior (51+)";"West";26;"One year";101.19;0;88.12;0;2630.94
"CUST-2243";"Male";"3. Senior (51+)";"West";59;"Monthly";87.74;0;50.64;0;5176.66
"CUST-2244";"Female";"3. Senior (51+)";"West";59;"Monthly";80.5;2;93.79;0;4749.5
"CUST-2245";"Female";"3. Senior (51+)";"West";64;"One year";33.04;2;61.07;0;2114.56
"CUST-2246";"Female";"1. Young Adult (18-30)";"West";6;"Monthly";26.28;1;52.96;1;157.68
"CUST-2247";"Non-binary";"3. Senior (51+)";"West";48;"Monthly";80.22;0;15.39;0;3850.56
"CUST-2248";"Male";"4. Unkownn/Missing";"North";61;"Monthly";67.06;0;55.13;0;4090.66
"CUST-2249";"Female";"2. Adult (31-50)";"West";58;"One year";82.85;2;54.28;0;4805.3
"CUST-2250";"Male";"1. Young Adult (18-30)";"South";47;"Monthly";112.96;2;95.74;0;5309.12
"CUST-2251";"Male";"3. Senior (51+)";"East";72;"Monthly";68.78;1;57.83;1;4952.16
"CUST-2252";"Male";"2. Adult (31-50)";"North";62;"One year";117.73;0;92.6;1;7299.26
"CUST-2253";"Female";"3. Senior (51+)";"West";15;"One year";50.71;0;53.77;0;760.65
"CUST-2254";"Female";"3. Senior (51+)";"South";70;"Monthly";115.38;1;58.23;0;8076.6
"CUST-2255";"Female";"1. Young Adult (18-30)";"West";9;"Monthly";74.02;3;58.05;0;666.18
"CUST-2256";"Female";"2. Adult (31-50)";"South";22;"Monthly";95.15;2;59.85;1;2093.3
"CUST-2257";"Non-binary";"1. Young Adult (18-30)";"North";4;"Monthly";106.98;0;68.39;1;427.92
"CUST-2258";"Male";"3. Senior (51+)";"East";53;"Monthly";77.65;0;34.29;1;4115.45
"CUST-2259";"Male";"3. Senior (51+)";"West";23;"Two year";38.65;0;87.37;0;888.95
"CUST-2260";"Female";"1. Young Adult (18-30)";"South";21;"Monthly";76.37;0;55.93;0;1603.77
"CUST-2261";"Non-binary";"3. Senior (51+)";"South";11;"Monthly";118.36;0;53.43;0;1301.96
"CUST-2262";"Female";"2. Adult (31-50)";"South";46;"One year";56.13;1;90.59;1;2581.98
"CUST-2263";"Non-binary";"3. Senior (51+)";"East";21;"One year";34.17;6;30.72;1;717.57
"CUST-2264";"Non-binary";"2. Adult (31-50)";"North";65;"Two year";50.93;2;11.18;0;3310.45
"CUST-2265";"Male";"4. Unkownn/Missing";"West";17;"Two year";104.24;0;56.0;1;1772.08
"CUST-2266";"Female";"2. Adult (31-50)";"West";21;"Monthly";58.73;0;70.12;0;1233.33
"CUST-2267";"Non-binary";"3. Senior (51+)";"West";48;"Two year";42.27;3;59.96;1;2028.96
"CUST-2268";"Female";"3. Senior (51+)";"South";4;"Monthly";93.15;0;43.31;0;372.6
"CUST-2269";"Male";"2. Adult (31-50)";"West";36;"One year";98.08;8;17.38;0;3530.88
"CUST-2270";"Female";"2. Adult (31-50)";"West";47;"One year";97.44;0;52.58;0;4579.68
"CUST-2271";"Non-binary";"3. Senior (51+)";"South";6;"Two year";22.89;2;52.96;0;137.34
"CUST-2272";"Non-binary";"3. Senior (51+)";"North";28;"Monthly";118.58;0;34.97;0;3320.24
"CUST-2273";"Female";"1. Young Adult (18-30)";"West";11;"One year";22.24;0;66.82;0;244.64
"CUST-2274";"Female";"3. Senior (51+)";"South";29;"Two year";74.86;4;18.62;1;2170.94
"CUST-2275";"Male";"3. Senior (51+)";"South";70;"Monthly";66.9;0;58.23;0;4683.0
"CUST-2276";"Female";"3. Senior (51+)";"South";71;"Two year";97.23;2;54.72;0;6903.33
"CUST-2277";"Female";"3. Senior (51+)";"West";45;"Monthly";76.93;3;56.4;1;3461.85
"CUST-2278";"Male";"3. Senior (51+)";"East";20;"One year";70.25;0;53.01;1;1405.0
"CUST-2279";"Female";"2. Adult (31-50)";"West";2;"Monthly";98.11;3;42.67;1;196.22
"CUST-2280";"Female";"2. Adult (31-50)";"West";27;"Two year";72.63;0;86.02;0;1961.01
"CUST-2281";"Female";"1. Young Adult (18-30)";"South";17;"One year";20.66;0;89.83;1;351.22
"CUST-2282";"Male";"2. Adult (31-50)";"South";5;"One year";103.73;0;39.54;0;518.65
"CUST-2283";"Non-binary";"2. Adult (31-50)";"South";72;"Monthly";66.18;2;60.85;0;4764.96
"CUST-2284";"Female";"3. Senior (51+)";"North";60;"Monthly";40.55;0;71.76;0;2433.0
"CUST-2285";"Female";"3. Senior (51+)";"West";56;"Monthly";41.84;2;84.72;0;2343.04
"CUST-2286";"Male";"2. Adult (31-50)";"North";51;"One year";89.19;6;35.73;0;4548.69
"CUST-2287";"Male";"1. Young Adult (18-30)";"South";56;"Monthly";30.18;0;63.17;1;1690.08
"CUST-2288";"Male";"3. Senior (51+)";"North";25;"Two year";104.78;3;57.71;0;2619.5
"CUST-2289";"Female";"3. Senior (51+)";"North";2;"Monthly";30.53;0;42.67;0;61.06
"CUST-2290";"Male";"2. Adult (31-50)";"West";39;"Two year";118.76;0;59.64;0;4631.64
"CUST-2291";"Male";"3. Senior (51+)";"North";21;"Monthly";22.02;2;55.93;0;462.42
"CUST-2292";"Non-binary";"1. Young Adult (18-30)";"West";54;"Two year";87.26;0;56.4;0;4712.04
"CUST-2293";"Non-binary";"3. Senior (51+)";"South";65;"Monthly";100.42;2;55.95;1;6527.3
"CUST-2294";"Male";"3. Senior (51+)";"South";37;"Two year";118.76;0;54.96;0;4394.12
"CUST-2295";"Male";"2. Adult (31-50)";"South";65;"One year";118.92;0;25.88;1;7729.8
"CUST-2296";"Non-binary";"4. Unkownn/Missing";"North";11;"Two year";60.55;0;53.43;0;666.05
"CUST-2297";"Male";"1. Young Adult (18-30)";"North";0;"Monthly";72.51;0;57.56;0;0.0
"CUST-2298";"Female";"3. Senior (51+)";"West";54;"One year";39.9;0;44.8;0;2154.6
"CUST-2299";"Male";"1. Young Adult (18-30)";"North";0;"One year";50.28;0;44.44;1;0.0
"CUST-2300";"Male";"3. Senior (51+)";"North";9;"One year";71.82;0;91.42;0;646.38
"CUST-2301";"Female";"2. Adult (31-50)";"North";49;"Monthly";58.3;0;64.47;1;2856.7
"CUST-2302";"Male";"2. Adult (31-50)";"South";22;"One year";61.56;0;96.36;0;1354.32
"CUST-2303";"Male";"3. Senior (51+)";"North";54;"One year";64.04;0;81.35;0;3458.16
"CUST-2304";"Non-binary";"2. Adult (31-50)";"South";7;"Two year";84.56;1;59.79;0;591.92
"CUST-2305";"Female";"1. Young Adult (18-30)";"South";65;"Two year";78.49;2;55.95;0;5101.85
"CUST-2306";"Male";"3. Senior (51+)";"West";47;"Monthly";30.64;1;52.58;0;1440.08
"CUST-2307";"Male";"2. Adult (31-50)";"West";54;"One year";20.74;3;56.4;0;1119.96
"CUST-2308";"Non-binary";"1. Young Adult (18-30)";"North";25;"One year";34.85;0;10.87;0;871.25
"CUST-2309";"Non-binary";"3. Senior (51+)";"West";46;"One year";100.26;0;51.24;0;4611.96
"CUST-2310";"Male";"3. Senior (51+)";"North";20;"One year";97.64;0;37.18;0;1952.8
"CUST-2311";"Male";"3. Senior (51+)";"West";37;"Two year";87.19;0;28.21;1;3226.03
"CUST-2312";"Male";"4. Unkownn/Missing";"South";1;"Monthly";47.52;1;43.21;1;47.52
"CUST-2313";"Female";"2. Adult (31-50)";"North";2;"One year";25.08;0;5.850000000000001;0;50.16
"CUST-2314";"Male";"3. Senior (51+)";"South";45;"Monthly";52.11;0;56.4;0;2344.95
"CUST-2315";"Male";"1. Young Adult (18-30)";"North";55;"Monthly";72.87;2;56.08;0;4007.85
"CUST-2316";"Female";"3. Senior (51+)";"West";43;"Monthly";95.36;0;84.21;0;4100.48
"CUST-2317";"Male";"1. Young Adult (18-30)";"North";50;"Monthly";103.98;0;54.57;1;5199.0
"CUST-2318";"Male";"1. Young Adult (18-30)";"North";37;"Monthly";66.73;2;19.22;1;2469.01
"CUST-2319";"Male";"3. Senior (51+)";"South";8;"Monthly";43.37;0;56.44;1;346.96
"CUST-2320";"Non-binary";"3. Senior (51+)";"West";53;"Two year";106.04;0;98.18;0;5620.12
"CUST-2321";"Non-binary";"2. Adult (31-50)";"North";57;"Monthly";21.81;0;58.76;0;1243.17
"CUST-2322";"Male";"2. Adult (31-50)";"South";40;"One year";61.39;0;71.81;0;2455.6
"CUST-2323";"Male";"3. Senior (51+)";"North";18;"Monthly";71.23;0;51.92;1;1282.14
"CUST-2324";"Male";"3. Senior (51+)";"North";29;"One year";113.26;0;76.89;0;3284.54
"CUST-2325";"Female";"3. Senior (51+)";"West";34;"Two year";83.15;0;52.64;0;2827.1
"CUST-2326";"Female";"3. Senior (51+)";"North";9;"Monthly";63.86;2;58.05;0;574.74
"CUST-2327";"Female";"1. Young Adult (18-30)";"West";16;"One year";47.24;1;22.82;0;755.84
"CUST-2328";"Female";"1. Young Adult (18-30)";"South";21;"One year";73.71;0;43.59;1;1547.91
"CUST-2329";"Male";"1. Young Adult (18-30)";"East";6;"One year";24.49;0;68.83;0;146.94
"CUST-2330";"Male";"1. Young Adult (18-30)";"South";41;"Monthly";46.41;3;95.26;1;1902.81
"CUST-2331";"Female";"3. Senior (51+)";"South";37;"Two year";91.13;0;54.96;1;3371.81
"CUST-2332";"Female";"2. Adult (31-50)";"East";7;"One year";92.72;0;66.76;0;649.04
"CUST-2333";"Female";"3. Senior (51+)";"West";8;"Two year";28.04;0;56.44;0;224.32
"CUST-2334";"Female";"3. Senior (51+)";"South";14;"Monthly";48.3;0;58.6;0;676.2
"CUST-2335";"Female";"2. Adult (31-50)";"South";35;"Two year";60.75;0;56.85;1;2126.25
"CUST-2336";"Male";"3. Senior (51+)";"North";62;"One year";116.42;0;53.53;0;7218.04
"CUST-2337";"Female";"4. Unkownn/Missing";"West";33;"One year";90.17;2;62.59;1;2975.61
"CUST-2338";"Female";"3. Senior (51+)";"North";45;"Monthly";62.49;0;56.4;1;2812.05
"CUST-2339";"Male";"1. Young Adult (18-30)";"West";52;"Monthly";30.06;0;10.95;1;1563.12
"CUST-2340";"Female";"4. Unkownn/Missing";"North";30;"Monthly";34.33;3;57.44;0;1029.9
"CUST-2341";"Female";"3. Senior (51+)";"West";20;"Two year";96.87;3;53.01;0;1937.4
"CUST-2342";"Non-binary";"1. Young Adult (18-30)";"West";15;"Monthly";22.4;0;88.71;0;336.0
"CUST-2343";"Female";"3. Senior (51+)";"North";9;"Monthly";105.56;0;76.83;1;950.04
"CUST-2344";"Female";"3. Senior (51+)";"North";24;"One year";62.7;3;50.66;0;1504.8
"CUST-2345";"Non-binary";"3. Senior (51+)";"South";62;"Monthly";95.66;0;52.93;1;5930.92
"CUST-2346";"Male";"3. Senior (51+)";"West";8;"Monthly";60.29;0;92.51;1;482.32
"CUST-2347";"Non-binary";"1. Young Adult (18-30)";"North";50;"One year";72.05;0;54.57;0;3602.5
"CUST-2348";"Non-binary";"3. Senior (51+)";"North";57;"Two year";111.17;2;59.56;0;6336.69
"CUST-2349";"Male";"3. Senior (51+)";"East";15;"Monthly";109.56;2;76.09;0;1643.4
"CUST-2350";"Male";"1. Young Adult (18-30)";"East";7;"Monthly";60.48;0;59.79;0;423.36
"CUST-2351";"Female";"3. Senior (51+)";"West";1;"Monthly";80.82;0;43.21;0;80.82
"CUST-2352";"Female";"3. Senior (51+)";"North";53;"Two year";85.3;0;55.3;0;4520.9
"CUST-2353";"Female";"2. Adult (31-50)";"South";61;"Monthly";96.46;2;49.03;0;5884.06
"CUST-2354";"Female";"2. Adult (31-50)";"South";13;"One year";55.93;2;56.82;0;727.09
"CUST-2355";"Male";"2. Adult (31-50)";"East";39;"One year";61.06;0;81.41;0;2381.34
"CUST-2356";"Non-binary";"2. Adult (31-50)";"North";32;"Two year";53.09;0;82.15;0;1698.88
"CUST-2357";"Female";"2. Adult (31-50)";"North";35;"Two year";63.28;0;56.71;0;2214.8
"CUST-2358";"Male";"3. Senior (51+)";"South";17;"Monthly";74.37;0;97.21;0;1264.29
"CUST-2359";"Female";"3. Senior (51+)";"North";36;"One year";46.11;2;44.29;0;1659.96
"CUST-2360";"Male";"2. Adult (31-50)";"North";1;"One year";110.21;8;8.3;0;110.21
"CUST-2361";"Female";"1. Young Adult (18-30)";"South";9;"Two year";56.94;0;62.86;0;512.46
"CUST-2362";"Non-binary";"1. Young Adult (18-30)";"South";64;"One year";47.47;2;21.67;0;3038.08
"CUST-2363";"Female";"3. Senior (51+)";"North";26;"Monthly";76.2;0;79.9;0;1981.2
"CUST-2364";"Female";"4. Unkownn/Missing";"North";29;"Monthly";37.81;0;20.02;1;1096.49
"CUST-2365";"Female";"3. Senior (51+)";"East";10;"One year";31.35;0;47.69;0;313.5
"CUST-2366";"Male";"1. Young Adult (18-30)";"East";2;"One year";25.8;0;42.67;0;51.6
"CUST-2367";"Male";"3. Senior (51+)";"East";72;"Monthly";93.68;1;54.68;1;6744.96
"CUST-2368";"Male";"1. Young Adult (18-30)";"West";35;"Monthly";67.47;0;10.64;1;2361.45
"CUST-2369";"Male";"3. Senior (51+)";"West";47;"Monthly";104.46;0;77.84;1;4909.62
"CUST-2370";"Non-binary";"2. Adult (31-50)";"East";18;"Monthly";47.58;3;51.92;0;856.44
"CUST-2371";"Male";"3. Senior (51+)";"North";33;"Monthly";94.77;3;54.53;1;3127.41
"CUST-2372";"Female";"1. Young Adult (18-30)";"North";42;"One year";80.31;0;60.27;0;3373.02
"CUST-2373";"Male";"1. Young Adult (18-30)";"West";60;"One year";39.36;0;74.47;0;2361.6
"CUST-2374";"Male";"3. Senior (51+)";"West";46;"One year";90.59;0;51.24;0;4167.14
"CUST-2375";"Non-binary";"3. Senior (51+)";"West";17;"Two year";95.48;1;95.0;0;1623.16
"CUST-2376";"Female";"3. Senior (51+)";"North";52;"One year";42.44;0;36.84;0;2206.88
"CUST-2377";"Male";"2. Adult (31-50)";"West";66;"One year";64.13;7;10.65;1;4232.58
"CUST-2378";"Male";"1. Young Adult (18-30)";"West";31;"One year";105.91;0;18.27;1;3283.21
"CUST-2379";"Male";"2. Adult (31-50)";"South";55;"Monthly";65.06;0;88.07;0;3578.3
"CUST-2380";"Male";"1. Young Adult (18-30)";"North";35;"Monthly";102.53;0;56.85;0;3588.55
"CUST-2381";"Male";"3. Senior (51+)";"North";35;"Two year";83.9;3;56.85;0;2936.5
"CUST-2382";"Female";"4. Unkownn/Missing";"East";72;"Monthly";114.82;0;54.68;1;8267.04
"CUST-2383";"Non-binary";"2. Adult (31-50)";"West";14;"Two year";63.68;0;50.47;0;891.52
"CUST-2384";"Female";"2. Adult (31-50)";"West";60;"Monthly";57.46;1;90.29;0;3447.6
"CUST-2385";"Male";"1. Young Adult (18-30)";"West";47;"One year";71.05;8;12.32;1;3339.35
"CUST-2386";"Non-binary";"1. Young Adult (18-30)";"North";32;"One year";95.44;0;79.61;0;3054.08
"CUST-2387";"Male";"3. Senior (51+)";"South";32;"One year";114.02;3;49.67;0;3648.64
"CUST-2388";"Non-binary";"4. Unkownn/Missing";"East";68;"Monthly";112.6;0;70.76;0;7656.8
"CUST-2389";"Male";"3. Senior (51+)";"West";7;"Two year";79.0;0;64.78;0;553.0
"CUST-2390";"Male";"2. Adult (31-50)";"West";56;"One year";102.21;0;98.04;0;5723.76
"CUST-2391";"Male";"2. Adult (31-50)";"North";37;"One year";118.65;3;54.96;0;4390.05
"CUST-2392";"Male";"2. Adult (31-50)";"North";72;"Monthly";99.13;0;41.1;1;7137.36
"CUST-2393";"Female";"2. Adult (31-50)";"West";42;"Monthly";39.46;0;82.42;1;1657.32
"CUST-2394";"Non-binary";"3. Senior (51+)";"North";2;"Monthly";63.15;0;72.27;1;126.3
"CUST-2395";"Male";"3. Senior (51+)";"East";0;"Two year";27.64;2;44.44;0;0.0
"CUST-2396";"Male";"1. Young Adult (18-30)";"West";12;"Two year";32.67;3;95.62;0;392.04
"CUST-2397";"Female";"1. Young Adult (18-30)";"South";17;"Monthly";44.95;0;56.0;1;764.15
"CUST-2398";"Female";"2. Adult (31-50)";"South";52;"Two year";30.07;0;54.79;0;1563.64
"CUST-2399";"Female";"3. Senior (51+)";"West";41;"One year";89.32;0;51.63;0;3662.12
"CUST-2400";"Female";"3. Senior (51+)";"North";67;"Monthly";23.41;0;52.82;0;1568.47
"CUST-2401";"Male";"1. Young Adult (18-30)";"North";32;"One year";44.43;0;46.83;0;1421.76
"CUST-2402";"Male";"2. Adult (31-50)";"West";59;"Two year";104.59;0;50.64;1;6170.81
"CUST-2403";"Female";"2. Adult (31-50)";"North";69;"One year";77.31;0;57.1;0;5334.39
"CUST-2404";"Male";"2. Adult (31-50)";"North";21;"One year";82.62;0;55.93;0;1735.02
"CUST-2405";"Female";"2. Adult (31-50)";"North";50;"One year";68.1;1;40.31;0;3405.0
"CUST-2406";"Female";"2. Adult (31-50)";"South";36;"Monthly";74.52;0;49.15;0;2682.72
"CUST-2407";"Male";"2. Adult (31-50)";"West";2;"One year";104.56;1;42.67;1;209.12
"CUST-2408";"Female";"1. Young Adult (18-30)";"South";1;"Two year";26.84;0;45.92;0;26.84
"CUST-2409";"Female";"3. Senior (51+)";"North";0;"One year";80.98;0;24.35;0;0.0
"CUST-2410";"Female";"1. Young Adult (18-30)";"West";44;"Monthly";72.85;0;56.45;1;3205.4
"CUST-2411";"Female";"2. Adult (31-50)";"West";56;"Monthly";56.42;0;21.92;1;3159.52
"CUST-2412";"Male";"2. Adult (31-50)";"West";11;"Monthly";92.42;3;53.43;1;1016.62
"CUST-2413";"Non-binary";"3. Senior (51+)";"North";44;"Monthly";94.9;0;56.45;1;4175.6
"CUST-2414";"Female";"3. Senior (51+)";"South";28;"Monthly";118.93;0;84.68;1;3330.04
"CUST-2415";"Female";"3. Senior (51+)";"West";72;"Monthly";109.54;0;54.68;1;7886.88
"CUST-2416";"Female";"1. Young Adult (18-30)";"West";50;"Monthly";103.59;0;11.56;1;5179.5
"CUST-2417";"Male";"3. Senior (51+)";"South";24;"Monthly";83.06;0;13.86;1;1993.44
"CUST-2418";"Female";"2. Adult (31-50)";"South";68;"One year";31.08;0;57.81;1;2113.44
"CUST-2419";"Male";"2. Adult (31-50)";"South";33;"One year";75.7;3;54.53;0;2498.1
"CUST-2420";"Male";"2. Adult (31-50)";"West";49;"Two year";110.66;0;54.7;0;5422.34
"CUST-2421";"Male";"3. Senior (51+)";"West";71;"Monthly";102.31;0;60.71;0;7264.01
"CUST-2422";"Female";"3. Senior (51+)";"East";25;"Monthly";44.09;0;57.71;0;1102.25
"CUST-2423";"Female";"3. Senior (51+)";"South";40;"Monthly";109.31;0;54.99;1;4372.4
"CUST-2424";"Male";"1. Young Adult (18-30)";"West";50;"Two year";82.31;0;54.57;0;4115.5
"CUST-2425";"Female";"3. Senior (51+)";"South";51;"Monthly";115.36;3;57.9;1;5883.36
"CUST-2426";"Male";"1. Young Adult (18-30)";"West";51;"Monthly";76.82;2;97.78;0;3917.82
"CUST-2427";"Male";"2. Adult (31-50)";"North";67;"Monthly";102.16;0;52.82;1;6844.72
"CUST-2428";"Female";"2. Adult (31-50)";"West";39;"Two year";107.11;0;33.79;1;4177.29
"CUST-2429";"Non-binary";"3. Senior (51+)";"North";42;"Monthly";64.72;1;96.27;1;2718.24
"CUST-2430";"Male";"2. Adult (31-50)";"North";15;"Monthly";37.3;0;53.77;1;559.5
"CUST-2431";"Non-binary";"3. Senior (51+)";"South";15;"One year";115.55;0;53.77;0;1733.25
"CUST-2432";"Male";"2. Adult (31-50)";"East";39;"One year";32.69;0;59.64;0;1274.91
"CUST-2433";"Non-binary";"1. Young Adult (18-30)";"West";40;"Monthly";27.57;0;79.45;0;1102.8
"CUST-2434";"Female";"3. Senior (51+)";"East";11;"Two year";41.72;0;53.43;0;458.92
"CUST-2435";"Female";"2. Adult (31-50)";"West";62;"Two year";90.8;2;52.93;0;5629.6
"CUST-2436";"Male";"2. Adult (31-50)";"North";49;"One year";38.58;0;96.89;0;1890.42
"CUST-2437";"Male";"1. Young Adult (18-30)";"West";21;"One year";23.92;0;55.93;0;502.32
"CUST-2438";"Female";"2. Adult (31-50)";"South";37;"Monthly";65.52;0;54.96;1;2424.24
"CUST-2439";"Male";"3. Senior (51+)";"West";20;"One year";113.62;2;43.85;0;2272.4
"CUST-2440";"Male";"1. Young Adult (18-30)";"North";33;"Monthly";23.8;0;54.53;1;785.4
"CUST-2441";"Male";"3. Senior (51+)";"West";33;"Monthly";119.13;0;54.53;1;3931.29
"CUST-2442";"Male";"1. Young Adult (18-30)";"North";59;"Monthly";40.26;2;50.64;0;2375.34
"CUST-2443";"Male";"3. Senior (51+)";"North";2;"Two year";100.84;0;42.67;0;201.68
"CUST-2444";"Non-binary";"3. Senior (51+)";"West";61;"Monthly";55.4;0;76.8;1;3379.4
"CUST-2445";"Non-binary";"1. Young Adult (18-30)";"North";63;"Monthly";68.91;2;60.27;1;4341.33
"CUST-2446";"Non-binary";"3. Senior (51+)";"South";43;"One year";106.3;0;16.46;1;4570.9
"CUST-2447";"Female";"3. Senior (51+)";"East";9;"Monthly";106.39;0;99.23;0;957.51
"CUST-2448";"Female";"3. Senior (51+)";"East";6;"Monthly";96.86;3;19.31;1;581.16
"CUST-2449";"Male";"1. Young Adult (18-30)";"East";31;"Two year";55.43;3;11.71;0;1718.33
"CUST-2450";"Female";"3. Senior (51+)";"South";7;"Monthly";30.82;0;63.59;0;215.74
"CUST-2451";"Male";"3. Senior (51+)";"West";11;"Monthly";92.13;2;71.06;1;1013.43
"CUST-2452";"Male";"1. Young Adult (18-30)";"East";71;"Two year";65.61;0;27.09;0;4658.31
"CUST-2453";"Male";"3. Senior (51+)";"North";28;"One year";106.37;0;53.86;0;2978.36
"CUST-2454";"Non-binary";"3. Senior (51+)";"East";54;"Monthly";75.18;3;56.4;1;4059.72
"CUST-2455";"Female";"2. Adult (31-50)";"South";5;"One year";90.16;0;39.54;0;450.8
"CUST-2456";"Female";"3. Senior (51+)";"West";31;"One year";61.5;3;92.77;0;1906.5
"CUST-2457";"Female";"2. Adult (31-50)";"East";27;"One year";66.54;2;94.73;0;1796.58
"CUST-2458";"Male";"2. Adult (31-50)";"North";6;"Monthly";75.54;2;89.52;1;453.24
"CUST-2459";"Non-binary";"2. Adult (31-50)";"North";28;"Monthly";26.12;0;52.69;1;731.36
"CUST-2460";"Female";"3. Senior (51+)";"South";46;"Monthly";53.27;2;45.12;0;2450.42
"CUST-2461";"Male";"2. Adult (31-50)";"North";55;"One year";58.31;1;58.5;0;3207.05
"CUST-2462";"Male";"2. Adult (31-50)";"East";6;"Monthly";113.18;1;52.96;1;679.08
"CUST-2463";"Female";"3. Senior (51+)";"East";28;"Monthly";62.63;3;53.86;1;1753.64
"CUST-2464";"Female";"3. Senior (51+)";"South";1;"One year";48.84;0;36.1;0;48.84
"CUST-2465";"Female";"3. Senior (51+)";"South";42;"Monthly";88.09;0;64.56;0;3699.78
"CUST-2466";"Male";"1. Young Adult (18-30)";"West";63;"One year";50.44;0;54.89;0;3177.72
"CUST-2467";"Female";"1. Young Adult (18-30)";"South";8;"Two year";20.9;0;56.44;1;167.2
"CUST-2468";"Male";"3. Senior (51+)";"East";59;"Two year";20.44;3;50.64;0;1205.96
"CUST-2469";"Non-binary";"3. Senior (51+)";"South";22;"One year";78.32;0;60.75;0;1723.04
"CUST-2470";"Female";"2. Adult (31-50)";"West";38;"Monthly";34.02;0;53.79;0;1292.76
"CUST-2471";"Non-binary";"1. Young Adult (18-30)";"South";1;"One year";72.05;0;43.21;0;72.05
"CUST-2472";"Female";"3. Senior (51+)";"West";53;"Monthly";98.92;5;22.78;1;5242.76
"CUST-2473";"Female";"2. Adult (31-50)";"North";12;"One year";65.52;3;54.82;0;786.24
"CUST-2474";"Female";"2. Adult (31-50)";"North";27;"One year";117.71;0;41.92;0;3178.17
"CUST-2475";"Male";"1. Young Adult (18-30)";"North";51;"Monthly";113.0;2;57.9;1;5763.0
"CUST-2476";"Female";"3. Senior (51+)";"West";33;"One year";27.92;0;59.37;0;921.36
"CUST-2477";"Female";"3. Senior (51+)";"South";32;"Monthly";25.85;0;21.91;0;827.2
"CUST-2478";"Male";"1. Young Adult (18-30)";"South";22;"Monthly";75.0;0;13.84;0;1650.0
"CUST-2479";"Male";"2. Adult (31-50)";"West";26;"Two year";82.49;2;43.29;0;2144.74
"CUST-2480";"Non-binary";"3. Senior (51+)";"North";60;"Two year";43.15;0;57.22;0;2589.0
"CUST-2481";"Non-binary";"2. Adult (31-50)";"North";22;"One year";41.81;0;40.05;0;919.82
"CUST-2482";"Male";"3. Senior (51+)";"East";13;"Monthly";70.14;0;56.82;1;911.82
"CUST-2483";"Male";"3. Senior (51+)";"West";19;"Monthly";115.75;0;89.96;1;2199.25
"CUST-2484";"Female";"3. Senior (51+)";"East";37;"Monthly";43.2;0;64.12;1;1598.4
"CUST-2485";"Non-binary";"2. Adult (31-50)";"West";64;"Monthly";95.18;3;17.36;1;6091.52
"CUST-2486";"Male";"3. Senior (51+)";"South";72;"Monthly";20.66;2;91.67;1;1487.52
"CUST-2487";"Male";"4. Unkownn/Missing";"North";44;"Two year";118.65;2;56.45;1;5220.6
"CUST-2488";"Non-binary";"3. Senior (51+)";"West";17;"Monthly";113.39;0;56.0;1;1927.63
"CUST-2489";"Male";"1. Young Adult (18-30)";"West";13;"Two year";21.77;1;88.96;0;283.01
"CUST-2490";"Male";"4. Unkownn/Missing";"South";5;"Monthly";56.07;0;39.54;1;280.35
"CUST-2491";"Male";"2. Adult (31-50)";"East";55;"Monthly";101.0;0;81.54;1;5555.0
"CUST-2492";"Non-binary";"3. Senior (51+)";"West";21;"One year";36.79;0;56.87;0;772.59
"CUST-2493";"Female";"1. Young Adult (18-30)";"West";57;"Two year";58.43;0;58.76;0;3330.51
"CUST-2494";"Male";"2. Adult (31-50)";"West";43;"Monthly";53.0;0;70.79;0;2279.0
"CUST-2495";"Female";"3. Senior (51+)";"West";49;"One year";53.99;0;17.12;0;2645.51
"CUST-2496";"Non-binary";"4. Unkownn/Missing";"West";26;"Two year";24.0;0;61.62;0;624.0
"CUST-2497";"Female";"2. Adult (31-50)";"South";49;"One year";106.8;0;54.7;1;5233.2
"CUST-2498";"Female";"2. Adult (31-50)";"West";0;"One year";93.88;7;30.5;1;0.0
"CUST-2499";"Female";"2. Adult (31-50)";"South";56;"One year";85.62;2;81.6;0;4794.72
"CUST-2500";"Male";"1. Young Adult (18-30)";"West";20;"Monthly";100.05;0;53.01;1;2001.0
"CUST-2501";"Female";"3. Senior (51+)";"South";16;"Monthly";86.29;2;57.1;1;1380.64
"CUST-2502";"Female";"3. Senior (51+)";"South";8;"Monthly";77.93;0;56.44;1;623.44
"CUST-2503";"Female";"1. Young Adult (18-30)";"West";63;"One year";74.06;1;54.89;0;4665.78
"CUST-2504";"Non-binary";"3. Senior (51+)";"West";12;"One year";24.46;3;45.06;0;293.52
"CUST-2505";"Male";"3. Senior (51+)";"North";50;"One year";23.58;0;67.15;0;1179.0
"CUST-2506";"Non-binary";"3. Senior (51+)";"South";44;"Monthly";34.95;0;28.13;1;1537.8
"CUST-2507";"Non-binary";"3. Senior (51+)";"West";70;"Monthly";64.91;6;32.0;1;4543.7
"CUST-2508";"Female";"3. Senior (51+)";"East";20;"One year";52.8;3;78.72;0;1056.0
"CUST-2509";"Male";"3. Senior (51+)";"South";26;"Monthly";72.45;6;26.17;1;1883.7
"CUST-2510";"Non-binary";"4. Unkownn/Missing";"South";11;"Two year";84.62;0;53.43;0;930.82
"CUST-2511";"Non-binary";"2. Adult (31-50)";"East";66;"One year";60.69;0;54.86;0;4005.54
"CUST-2512";"Female";"1. Young Adult (18-30)";"North";24;"Monthly";87.97;2;50.66;1;2111.28
"CUST-2513";"Male";"4. Unkownn/Missing";"West";58;"Two year";79.76;8;26.56;1;4626.08
"CUST-2514";"Non-binary";"3. Senior (51+)";"South";8;"Two year";43.02;2;93.3;0;344.16
"CUST-2515";"Non-binary";"3. Senior (51+)";"North";21;"One year";32.35;0;26.09;1;679.35
"CUST-2516";"Non-binary";"3. Senior (51+)";"North";1;"One year";109.76;1;81.1;1;109.76
"CUST-2517";"Female";"3. Senior (51+)";"North";69;"Two year";48.7;0;57.1;1;3360.3
"CUST-2518";"Non-binary";"3. Senior (51+)";"West";45;"One year";61.31;6;34.72;0;2758.95
"CUST-2519";"Female";"3. Senior (51+)";"North";9;"Monthly";74.07;0;58.05;1;666.63
"CUST-2520";"Non-binary";"2. Adult (31-50)";"West";15;"One year";46.98;0;50.51;1;704.7
"CUST-2521";"Male";"2. Adult (31-50)";"West";5;"Monthly";103.91;0;39.54;1;519.55
"CUST-2522";"Female";"2. Adult (31-50)";"North";0;"Monthly";86.75;7;16.02;1;0.0
"CUST-2523";"Female";"3. Senior (51+)";"North";67;"One year";100.63;0;52.82;0;6742.21
"CUST-2524";"Male";"2. Adult (31-50)";"North";34;"One year";28.23;2;52.64;1;959.82
"CUST-2525";"Female";"2. Adult (31-50)";"East";20;"One year";44.46;0;53.01;0;889.2
"CUST-2526";"Female";"3. Senior (51+)";"South";14;"Monthly";20.95;0;50.47;1;293.3
"CUST-2527";"Male";"3. Senior (51+)";"West";26;"One year";22.29;1;61.62;0;579.54
"CUST-2528";"Male";"2. Adult (31-50)";"West";9;"Monthly";80.52;0;58.05;1;724.68
"CUST-2529";"Male";"1. Young Adult (18-30)";"South";34;"Monthly";90.9;0;65.56;0;3090.6
"CUST-2530";"Male";"3. Senior (51+)";"East";10;"One year";42.37;1;33.8;0;423.7
"CUST-2531";"Female";"2. Adult (31-50)";"South";68;"One year";88.08;0;79.73;0;5989.44
"CUST-2532";"Female";"2. Adult (31-50)";"West";61;"One year";103.1;0;55.13;0;6289.1
"CUST-2533";"Female";"2. Adult (31-50)";"East";62;"One year";51.07;0;78.28;0;3166.34
"CUST-2534";"Female";"1. Young Adult (18-30)";"West";66;"Two year";96.38;0;26.82;0;6361.08
"CUST-2535";"Non-binary";"3. Senior (51+)";"East";65;"Two year";65.19;0;90.5;1;4237.35
"CUST-2536";"Non-binary";"3. Senior (51+)";"West";12;"Monthly";52.05;0;54.82;1;624.6
"CUST-2537";"Female";"3. Senior (51+)";"South";65;"Two year";26.01;3;77.48;0;1690.65
"CUST-2538";"Male";"2. Adult (31-50)";"East";68;"Monthly";34.21;3;58.66;1;2326.28
"CUST-2539";"Female";"2. Adult (31-50)";"South";10;"One year";92.53;1;47.69;0;925.3
"CUST-2540";"Non-binary";"2. Adult (31-50)";"North";11;"One year";82.01;0;53.43;0;902.11
"CUST-2541";"Male";"3. Senior (51+)";"East";4;"Two year";72.99;3;80.13;0;291.96
"CUST-2542";"Female";"2. Adult (31-50)";"West";2;"Monthly";65.32;1;44.96;0;130.64
"CUST-2543";"Male";"2. Adult (31-50)";"East";14;"One year";56.25;3;50.47;0;787.5
"CUST-2544";"Female";"3. Senior (51+)";"West";49;"Monthly";111.47;3;63.86;1;5462.03
"CUST-2545";"Female";"2. Adult (31-50)";"South";51;"One year";76.49;0;57.9;0;3900.99
"CUST-2546";"Male";"1. Young Adult (18-30)";"West";39;"Two year";20.22;0;59.64;0;788.58
"CUST-2547";"Male";"1. Young Adult (18-30)";"South";64;"Monthly";63.5;0;96.79;1;4064.0
"CUST-2548";"Non-binary";"3. Senior (51+)";"East";10;"Two year";116.36;0;47.69;0;1163.6
"CUST-2549";"Female";"1. Young Adult (18-30)";"West";52;"Monthly";68.69;0;54.79;0;3571.88
"CUST-2550";"Female";"2. Adult (31-50)";"West";43;"Monthly";44.84;0;53.15;0;1928.12
"CUST-2551";"Female";"2. Adult (31-50)";"North";54;"One year";26.5;0;64.07;0;1431.0
"CUST-2552";"Male";"2. Adult (31-50)";"East";59;"Monthly";51.31;0;46.37;1;3027.29
"CUST-2553";"Female";"1. Young Adult (18-30)";"West";24;"Monthly";105.4;2;50.66;1;2529.6
"CUST-2554";"Female";"4. Unkownn/Missing";"East";49;"Monthly";31.04;3;86.63;1;1520.96
"CUST-2555";"Female";"2. Adult (31-50)";"South";4;"One year";71.94;0;48.63;0;287.76
"CUST-2556";"Male";"2. Adult (31-50)";"West";63;"Two year";73.22;0;54.89;0;4612.86
"CUST-2557";"Male";"3. Senior (51+)";"East";26;"Monthly";88.57;0;61.62;1;2302.82
"CUST-2558";"Male";"3. Senior (51+)";"West";62;"Two year";118.18;0;52.93;0;7327.16
"CUST-2559";"Female";"3. Senior (51+)";"East";5;"Two year";80.26;0;39.54;0;401.3
"CUST-2560";"Non-binary";"1. Young Adult (18-30)";"North";71;"Monthly";29.73;2;40.24;0;2110.83
"CUST-2561";"Female";"2. Adult (31-50)";"East";19;"One year";66.69;0;15.08;0;1267.11
"CUST-2562";"Male";"3. Senior (51+)";"West";70;"Monthly";32.04;0;58.23;1;2242.8
"CUST-2563";"Female";"3. Senior (51+)";"West";46;"Two year";87.01;3;66.7;0;4002.46
"CUST-2564";"Non-binary";"2. Adult (31-50)";"East";42;"Two year";43.04;1;58.5;0;1807.68
"CUST-2565";"Female";"3. Senior (51+)";"West";18;"Monthly";50.96;3;51.92;1;917.28
"CUST-2566";"Female";"2. Adult (31-50)";"South";62;"Two year";82.19;0;40.4;0;5095.78
"CUST-2567";"Non-binary";"3. Senior (51+)";"South";55;"Two year";96.98;0;56.08;0;5333.9
"CUST-2568";"Non-binary";"2. Adult (31-50)";"South";56;"Monthly";70.23;3;68.92;1;3932.88
"CUST-2569";"Non-binary";"3. Senior (51+)";"North";43;"Monthly";59.24;1;53.15;0;2547.32
"CUST-2570";"Non-binary";"1. Young Adult (18-30)";"South";43;"One year";99.36;0;44.84;1;4272.48
"CUST-2571";"Male";"3. Senior (51+)";"West";35;"One year";103.79;0;31.16;1;3632.65
"CUST-2572";"Female";"3. Senior (51+)";"South";18;"Monthly";79.46;0;58.44;1;1430.28
"CUST-2573";"Female";"3. Senior (51+)";"North";57;"Monthly";70.32;0;58.76;0;4008.24
"CUST-2574";"Non-binary";"3. Senior (51+)";"North";0;"Monthly";110.49;0;44.44;1;0.0
"CUST-2575";"Male";"3. Senior (51+)";"South";62;"Monthly";22.01;3;83.77;0;1364.62
"CUST-2576";"Female";"2. Adult (31-50)";"North";72;"Monthly";92.2;0;54.68;0;6638.4
"CUST-2577";"Non-binary";"3. Senior (51+)";"South";29;"Monthly";106.08;0;74.6;0;3076.32
"CUST-2578";"Non-binary";"2. Adult (31-50)";"South";58;"Monthly";82.09;0;21.52;0;4761.22
"CUST-2579";"Male";"3. Senior (51+)";"South";48;"Monthly";43.12;2;95.49;0;2069.76
"CUST-2580";"Non-binary";"3. Senior (51+)";"West";53;"Monthly";44.37;1;60.77;1;2351.61
"CUST-2581";"Male";"3. Senior (51+)";"West";36;"Two year";90.15;0;50.99;1;3245.4
"CUST-2582";"Non-binary";"3. Senior (51+)";"South";29;"Monthly";29.75;0;12.27;1;862.75
"CUST-2583";"Female";"1. Young Adult (18-30)";"West";50;"Monthly";35.1;0;54.57;0;1755.0
"CUST-2584";"Male";"2. Adult (31-50)";"West";21;"Two year";50.76;2;55.93;0;1065.96
"CUST-2585";"Male";"2. Adult (31-50)";"East";34;"Two year";91.95;3;22.65;1;3126.3
"CUST-2586";"Non-binary";"1. Young Adult (18-30)";"West";17;"One year";93.3;1;64.44;0;1586.1
"CUST-2587";"Male";"1. Young Adult (18-30)";"West";44;"Monthly";36.59;0;56.45;0;1609.96
"CUST-2588";"Female";"4. Unkownn/Missing";"West";16;"Monthly";72.24;0;71.2;0;1155.84
"CUST-2589";"Male";"2. Adult (31-50)";"West";53;"Monthly";48.92;0;58.02;0;2592.76
"CUST-2590";"Male";"3. Senior (51+)";"North";27;"One year";78.56;1;49.9;0;2121.12
"CUST-2591";"Non-binary";"3. Senior (51+)";"South";72;"One year";114.61;3;42.99;0;8251.92
"CUST-2592";"Female";"1. Young Adult (18-30)";"West";18;"Two year";20.17;0;51.92;0;363.06
"CUST-2593";"Female";"3. Senior (51+)";"North";41;"Two year";24.26;0;90.73;0;994.66
"CUST-2594";"Female";"2. Adult (31-50)";"South";31;"Monthly";87.15;3;51.61;1;2701.65
"CUST-2595";"Male";"3. Senior (51+)";"South";63;"Monthly";51.06;1;54.89;0;3216.78
"CUST-2596";"Female";"2. Adult (31-50)";"South";4;"Two year";29.72;3;43.31;0;118.88
"CUST-2597";"Non-binary";"3. Senior (51+)";"North";7;"One year";114.74;0;59.79;0;803.18
"CUST-2598";"Male";"2. Adult (31-50)";"South";63;"One year";79.81;0;78.81;0;5028.03
"CUST-2599";"Female";"3. Senior (51+)";"North";55;"Monthly";99.76;0;56.08;0;5486.8
"CUST-2600";"Female";"2. Adult (31-50)";"North";62;"Monthly";48.13;0;52.93;1;2984.06
"CUST-2601";"Female";"2. Adult (31-50)";"North";18;"Monthly";33.52;0;76.36;1;603.36
"CUST-2602";"Male";"1. Young Adult (18-30)";"East";1;"Monthly";35.53;2;43.21;0;35.53
"CUST-2603";"Female";"1. Young Adult (18-30)";"North";4;"Monthly";26.44;0;43.31;0;105.76
"CUST-2604";"Male";"1. Young Adult (18-30)";"South";48;"Monthly";86.64;0;80.85;1;4158.72
"CUST-2605";"Male";"2. Adult (31-50)";"North";42;"Monthly";26.92;0;58.5;1;1130.64
"CUST-2606";"Female";"1. Young Adult (18-30)";"West";7;"One year";74.67;0;85.06;0;522.69
"CUST-2607";"Non-binary";"3. Senior (51+)";"North";54;"Two year";59.52;2;41.48;1;3214.08
"CUST-2608";"Male";"1. Young Adult (18-30)";"South";21;"Two year";74.18;3;47.12;0;1557.78
"CUST-2609";"Female";"2. Adult (31-50)";"North";49;"Two year";62.26;1;59.39;0;3050.74
"CUST-2610";"Male";"2. Adult (31-50)";"North";23;"One year";24.24;0;56.11;0;557.52
"CUST-2611";"Female";"2. Adult (31-50)";"North";56;"Monthly";31.44;0;63.17;0;1760.64
"CUST-2612";"Female";"2. Adult (31-50)";"North";40;"One year";23.91;0;78.06;0;956.4
"CUST-2613";"Non-binary";"3. Senior (51+)";"North";24;"One year";119.7;0;50.66;0;2872.8
"CUST-2614";"Male";"2. Adult (31-50)";"South";42;"Two year";112.44;1;58.5;0;4722.48
"CUST-2615";"Female";"2. Adult (31-50)";"South";55;"One year";61.37;0;56.08;0;3375.35
"CUST-2616";"Male";"3. Senior (51+)";"South";62;"One year";39.33;0;44.76;0;2438.46
"CUST-2617";"Male";"3. Senior (51+)";"North";33;"Monthly";112.66;1;54.53;1;3717.78
"CUST-2618";"Male";"1. Young Adult (18-30)";"West";63;"Two year";66.86;0;54.89;1;4212.18
"CUST-2619";"Non-binary";"2. Adult (31-50)";"West";19;"Two year";74.7;0;55.11;0;1419.3
"CUST-2620";"Male";"3. Senior (51+)";"East";9;"Two year";63.72;3;58.05;0;573.48
"CUST-2621";"Male";"1. Young Adult (18-30)";"West";40;"One year";29.37;0;16.39;0;1174.8
"CUST-2622";"Female";"2. Adult (31-50)";"North";72;"One year";101.35;0;27.33;0;7297.2
"CUST-2623";"Male";"2. Adult (31-50)";"West";52;"Monthly";49.19;0;84.31;0;2557.88
"CUST-2624";"Male";"3. Senior (51+)";"South";11;"Monthly";75.91;2;53.43;0;835.01
"CUST-2625";"Non-binary";"1. Young Adult (18-30)";"East";19;"Two year";30.78;0;63.16;0;584.82
"CUST-2626";"Female";"1. Young Adult (18-30)";"West";34;"Monthly";78.3;0;52.64;1;2662.2
"CUST-2627";"Male";"3. Senior (51+)";"South";35;"Monthly";34.34;0;22.97;1;1201.9
"CUST-2628";"Non-binary";"2. Adult (31-50)";"North";54;"Two year";48.86;0;17.14;1;2638.44
"CUST-2629";"Female";"3. Senior (51+)";"North";18;"Monthly";33.05;0;19.51;1;594.9
"CUST-2630";"Non-binary";"3. Senior (51+)";"West";29;"One year";92.35;1;55.42;0;2678.15
"CUST-2631";"Non-binary";"1. Young Adult (18-30)";"North";24;"One year";50.11;0;78.66;0;1202.64
"CUST-2632";"Non-binary";"2. Adult (31-50)";"South";9;"Two year";34.59;0;96.73;0;311.31
"CUST-2633";"Male";"3. Senior (51+)";"West";14;"One year";55.2;0;50.47;0;772.8
"CUST-2634";"Non-binary";"3. Senior (51+)";"West";7;"One year";76.53;0;40.22;0;535.71
"CUST-2635";"Male";"2. Adult (31-50)";"East";59;"Monthly";68.04;0;68.44;0;4014.36
"CUST-2636";"Non-binary";"3. Senior (51+)";"North";47;"Two year";31.14;0;52.58;0;1463.58
"CUST-2637";"Female";"3. Senior (51+)";"South";39;"Monthly";41.92;0;59.64;0;1634.88
"CUST-2638";"Non-binary";"3. Senior (51+)";"South";19;"Monthly";104.06;0;55.11;1;1977.14
"CUST-2639";"Female";"2. Adult (31-50)";"West";27;"Monthly";31.05;2;49.9;0;838.35
"CUST-2640";"Female";"3. Senior (51+)";"South";26;"One year";87.59;0;60.45;1;2277.34
"CUST-2641";"Non-binary";"2. Adult (31-50)";"South";44;"Monthly";28.11;0;56.45;0;1236.84
"CUST-2642";"Female";"3. Senior (51+)";"West";70;"Two year";63.43;0;78.33;0;4440.1
"CUST-2643";"Male";"3. Senior (51+)";"East";50;"Two year";82.37;0;98.46;0;4118.5
"CUST-2644";"Female";"2. Adult (31-50)";"East";50;"Two year";33.49;0;78.19;0;1674.5
"CUST-2645";"Non-binary";"1. Young Adult (18-30)";"West";4;"Monthly";78.47;1;43.31;0;313.88
"CUST-2646";"Female";"3. Senior (51+)";"East";30;"One year";54.52;2;39.8;0;1635.6
"CUST-2647";"Female";"1. Young Adult (18-30)";"South";65;"One year";72.82;0;55.95;0;4733.3
"CUST-2648";"Female";"4. Unkownn/Missing";"North";17;"Monthly";26.1;0;56.0;0;443.7
"CUST-2649";"Non-binary";"3. Senior (51+)";"West";66;"Two year";86.82;3;54.86;0;5730.12
"CUST-2650";"Male";"3. Senior (51+)";"North";36;"Monthly";54.1;3;49.15;0;1947.6
"CUST-2651";"Male";"1. Young Adult (18-30)";"North";9;"Monthly";54.09;0;58.05;0;486.81
"CUST-2652";"Female";"3. Senior (51+)";"West";58;"Monthly";115.91;0;98.44;1;6722.78
"CUST-2653";"Non-binary";"2. Adult (31-50)";"North";63;"Monthly";68.85;0;54.89;1;4337.55
"CUST-2654";"Female";"2. Adult (31-50)";"East";17;"One year";81.67;0;20.26;0;1388.39
"CUST-2655";"Female";"3. Senior (51+)";"East";31;"Monthly";72.38;2;51.61;1;2243.78
"CUST-2656";"Female";"3. Senior (51+)";"West";53;"One year";31.51;0;55.3;0;1670.03
"CUST-2657";"Female";"2. Adult (31-50)";"North";12;"Two year";21.97;9;10.52;1;263.64
"CUST-2658";"Female";"1. Young Adult (18-30)";"West";65;"One year";90.36;0;42.59;0;5873.4
"CUST-2659";"Female";"2. Adult (31-50)";"South";57;"Two year";85.78;0;58.76;0;4889.46
"CUST-2660";"Non-binary";"3. Senior (51+)";"South";23;"Two year";26.54;0;56.11;0;610.42
"CUST-2661";"Male";"1. Young Adult (18-30)";"South";30;"Monthly";88.43;0;57.44;0;2652.9
"CUST-2662";"Female";"3. Senior (51+)";"North";38;"Two year";27.81;1;99.75;0;1056.78
"CUST-2663";"Male";"3. Senior (51+)";"West";15;"Monthly";70.46;9;29.71;1;1056.9
"CUST-2664";"Male";"1. Young Adult (18-30)";"West";36;"Monthly";80.27;0;60.52;1;2889.72
"CUST-2665";"Female";"4. Unkownn/Missing";"West";66;"Monthly";44.06;0;60.98;0;2907.96
"CUST-2666";"Female";"1. Young Adult (18-30)";"East";6;"Monthly";43.98;0;52.96;1;263.88
"CUST-2667";"Male";"2. Adult (31-50)";"South";10;"One year";58.5;3;47.69;0;585.0
"CUST-2668";"Male";"3. Senior (51+)";"West";56;"One year";95.05;1;63.17;1;5322.8
"CUST-2669";"Male";"3. Senior (51+)";"West";12;"Monthly";44.02;1;69.84;0;528.24
"CUST-2670";"Female";"2. Adult (31-50)";"North";56;"One year";29.49;3;63.17;0;1651.44
"CUST-2671";"Male";"4. Unkownn/Missing";"East";36;"Two year";111.66;0;28.47;1;4019.76
"CUST-2672";"Male";"1. Young Adult (18-30)";"East";36;"One year";30.41;0;32.3;0;1094.76
"CUST-2673";"Male";"2. Adult (31-50)";"West";17;"Monthly";94.14;0;56.0;1;1600.38
"CUST-2674";"Female";"2. Adult (31-50)";"North";19;"Monthly";80.36;0;26.96;0;1526.84
"CUST-2675";"Female";"3. Senior (51+)";"West";34;"One year";100.93;4;17.27;0;3431.62
"CUST-2676";"Female";"2. Adult (31-50)";"West";1;"Monthly";104.46;0;62.18000000000001;0;104.46
"CUST-2677";"Male";"3. Senior (51+)";"West";1;"Two year";65.34;0;59.519999999999996;0;65.34
"CUST-2678";"Female";"3. Senior (51+)";"West";16;"Monthly";22.51;0;91.74;1;360.16
"CUST-2679";"Male";"3. Senior (51+)";"North";12;"Monthly";85.91;0;47.15;0;1030.92
"CUST-2680";"Male";"2. Adult (31-50)";"West";49;"One year";39.62;0;83.66;0;1941.38
"CUST-2681";"Female";"3. Senior (51+)";"West";47;"Monthly";102.73;0;52.58;0;4828.31
"CUST-2682";"Male";"3. Senior (51+)";"East";30;"One year";73.89;1;72.48;0;2216.7
"CUST-2683";"Male";"3. Senior (51+)";"North";50;"Two year";62.39;2;55.11;0;3119.5
"CUST-2684";"Male";"4. Unkownn/Missing";"North";15;"Two year";59.83;2;53.77;0;897.45
"CUST-2685";"Female";"2. Adult (31-50)";"South";28;"One year";109.22;0;89.14;0;3058.16
"CUST-2686";"Male";"3. Senior (51+)";"West";18;"Two year";82.92;2;51.92;0;1492.56
"CUST-2687";"Non-binary";"4. Unkownn/Missing";"West";62;"Monthly";71.59;0;52.93;1;4438.58
"CUST-2688";"Female";"3. Senior (51+)";"South";72;"Two year";35.91;2;75.1;1;2585.52
"CUST-2689";"Non-binary";"3. Senior (51+)";"North";45;"Monthly";113.66;0;96.9;1;5114.7
"CUST-2690";"Female";"3. Senior (51+)";"West";9;"Monthly";37.96;9;31.66;1;341.64
"CUST-2691";"Non-binary";"1. Young Adult (18-30)";"North";18;"Monthly";42.37;0;75.35;0;762.66
"CUST-2692";"Female";"3. Senior (51+)";"North";64;"One year";28.83;0;49.79;0;1845.12
"CUST-2693";"Male";"1. Young Adult (18-30)";"South";22;"Monthly";112.04;0;27.79;1;2464.88
"CUST-2694";"Male";"3. Senior (51+)";"East";7;"One year";104.02;3;59.79;0;728.14
"CUST-2695";"Male";"1. Young Adult (18-30)";"South";67;"Two year";27.96;0;52.82;0;1873.32
"CUST-2696";"Female";"3. Senior (51+)";"West";32;"Monthly";92.78;0;79.69;1;2968.96
"CUST-2697";"Female";"2. Adult (31-50)";"North";64;"Two year";48.99;10;17.65;1;3135.36
"CUST-2698";"Non-binary";"3. Senior (51+)";"West";71;"Monthly";104.82;1;57.62;1;7442.22
"CUST-2699";"Male";"2. Adult (31-50)";"North";69;"One year";32.19;2;57.1;0;2221.11
"CUST-2700";"Non-binary";"1. Young Adult (18-30)";"North";59;"One year";60.42;3;50.64;0;3564.78
"CUST-2701";"Female";"2. Adult (31-50)";"North";56;"Two year";88.11;0;84.81;1;4934.16
"CUST-2702";"Female";"1. Young Adult (18-30)";"East";12;"Monthly";105.85;3;54.82;0;1270.2
"CUST-2703";"Non-binary";"3. Senior (51+)";"North";17;"Monthly";118.47;0;54.65;1;2013.99
"CUST-2704";"Female";"3. Senior (51+)";"North";61;"One year";68.34;0;55.13;0;4168.74
"CUST-2705";"Male";"3. Senior (51+)";"South";28;"Monthly";47.96;2;53.86;1;1342.88
"CUST-2706";"Female";"2. Adult (31-50)";"North";35;"Monthly";84.36;0;69.76;0;2952.6
"CUST-2707";"Non-binary";"2. Adult (31-50)";"West";46;"Monthly";32.18;0;63.92;0;1480.28
"CUST-2708";"Female";"3. Senior (51+)";"East";42;"Monthly";102.94;0;58.5;1;4323.48
"CUST-2709";"Male";"2. Adult (31-50)";"East";35;"One year";34.65;0;56.85;0;1212.75
"CUST-2710";"Non-binary";"3. Senior (51+)";"South";16;"Two year";73.07;0;57.1;0;1169.12
"CUST-2711";"Male";"3. Senior (51+)";"West";63;"Monthly";27.26;1;54.89;0;1717.38
"CUST-2712";"Female";"1. Young Adult (18-30)";"North";43;"One year";88.35;0;12.17;1;3799.05
"CUST-2713";"Male";"2. Adult (31-50)";"South";72;"Monthly";39.96;0;17.42;1;2877.12
"CUST-2714";"Female";"2. Adult (31-50)";"North";53;"Monthly";44.31;0;44.41;1;2348.43
"CUST-2715";"Female";"3. Senior (51+)";"West";9;"One year";22.25;0;71.34;0;200.25
"CUST-2716";"Female";"3. Senior (51+)";"North";56;"One year";84.43;1;63.17;0;4728.08
"CUST-2717";"Female";"2. Adult (31-50)";"South";22;"Monthly";71.37;0;85.64;0;1570.14
"CUST-2718";"Female";"3. Senior (51+)";"West";8;"Two year";98.21;0;82.12;1;785.68
"CUST-2719";"Female";"1. Young Adult (18-30)";"North";35;"Monthly";66.19;2;80.07;1;2316.65
"CUST-2720";"Non-binary";"2. Adult (31-50)";"South";10;"Monthly";36.39;0;47.69;1;363.9
"CUST-2721";"Female";"3. Senior (51+)";"North";71;"Monthly";38.74;1;54.72;0;2750.54
"CUST-2722";"Female";"2. Adult (31-50)";"South";39;"One year";46.11;0;59.64;0;1798.29
"CUST-2723";"Male";"1. Young Adult (18-30)";"North";27;"One year";52.85;3;49.9;0;1426.95
"CUST-2724";"Non-binary";"2. Adult (31-50)";"East";11;"Monthly";60.15;1;53.43;1;661.65
"CUST-2725";"Non-binary";"2. Adult (31-50)";"South";50;"Monthly";49.73;0;54.57;1;2486.5
"CUST-2726";"Male";"1. Young Adult (18-30)";"North";50;"One year";44.63;0;54.57;0;2231.5
"CUST-2727";"Male";"3. Senior (51+)";"North";36;"Monthly";28.88;0;58.06;1;1039.68
"CUST-2728";"Female";"1. Young Adult (18-30)";"East";26;"One year";88.5;0;61.62;0;2301.0
"CUST-2729";"Non-binary";"2. Adult (31-50)";"North";24;"Two year";69.13;0;50.66;0;1659.12
"CUST-2730";"Non-binary";"2. Adult (31-50)";"South";57;"Monthly";27.82;3;70.78;1;1585.74
"CUST-2731";"Male";"3. Senior (51+)";"West";34;"One year";90.98;0;52.64;0;3093.32
"CUST-2732";"Non-binary";"3. Senior (51+)";"West";62;"One year";92.37;0;39.79;0;5726.94
"CUST-2733";"Female";"1. Young Adult (18-30)";"South";36;"Monthly";46.6;0;49.15;0;1677.6
"CUST-2734";"Female";"3. Senior (51+)";"North";22;"Monthly";33.35;0;58.01;0;733.7
"CUST-2735";"Non-binary";"3. Senior (51+)";"East";41;"Monthly";24.95;0;51.63;0;1022.95
"CUST-2736";"Female";"1. Young Adult (18-30)";"North";4;"Monthly";65.68;0;2.7600000000000016;1;262.72
"CUST-2737";"Male";"2. Adult (31-50)";"East";20;"Monthly";83.82;8;21.95;1;1676.4
"CUST-2738";"Female";"3. Senior (51+)";"West";20;"Monthly";63.05;0;68.1;0;1261.0
"CUST-2739";"Non-binary";"1. Young Adult (18-30)";"South";61;"One year";27.4;0;27.33;1;1671.4
"CUST-2740";"Male";"2. Adult (31-50)";"West";52;"Monthly";30.95;0;54.79;1;1609.4
"CUST-2741";"Female";"3. Senior (51+)";"North";43;"Monthly";46.92;0;53.15;0;2017.56
"CUST-2742";"Female";"2. Adult (31-50)";"East";72;"One year";21.09;0;76.55;1;1518.48
"CUST-2743";"Non-binary";"1. Young Adult (18-30)";"North";9;"Monthly";49.53;0;65.54;0;445.77
"CUST-2744";"Male";"3. Senior (51+)";"North";3;"Monthly";26.43;0;66.56;0;79.29
"CUST-2745";"Female";"2. Adult (31-50)";"North";67;"One year";25.93;0;52.82;0;1737.31
"CUST-2746";"Male";"3. Senior (51+)";"South";10;"Monthly";102.2;0;47.69;1;1022.0
"CUST-2747";"Female";"2. Adult (31-50)";"North";17;"Monthly";55.51;2;34.66;1;943.67
"CUST-2748";"Male";"1. Young Adult (18-30)";"West";32;"One year";95.34;0;51.91;0;3050.88
"CUST-2749";"Male";"4. Unkownn/Missing";"West";10;"One year";86.04;0;47.69;0;860.4
"CUST-2750";"Male";"3. Senior (51+)";"West";42;"Monthly";87.58;0;88.58;0;3678.36
"CUST-2751";"Non-binary";"1. Young Adult (18-30)";"West";26;"Monthly";80.95;0;61.62;0;2104.7
"CUST-2752";"Male";"3. Senior (51+)";"West";0;"Monthly";31.2;3;35.6;0;0.0
"CUST-2753";"Male";"3. Senior (51+)";"West";50;"Monthly";94.25;0;54.57;1;4712.5
"CUST-2754";"Male";"2. Adult (31-50)";"North";9;"One year";78.11;2;72.8;0;702.99
"CUST-2755";"Female";"1. Young Adult (18-30)";"South";50;"Monthly";51.98;1;54.57;0;2599.0
"CUST-2756";"Female";"2. Adult (31-50)";"West";26;"Monthly";84.08;0;61.62;0;2186.08
"CUST-2757";"Female";"3. Senior (51+)";"West";12;"Monthly";86.99;3;91.43;1;1043.88
"CUST-2758";"Male";"1. Young Adult (18-30)";"West";5;"One year";109.84;0;39.54;0;549.2
"CUST-2759";"Male";"3. Senior (51+)";"East";22;"Two year";54.6;1;41.31;0;1201.2
"CUST-2760";"Non-binary";"3. Senior (51+)";"West";47;"One year";97.46;2;69.88;0;4580.62
"CUST-2761";"Female";"2. Adult (31-50)";"North";16;"One year";76.02;2;63.9;0;1216.32
"CUST-2762";"Female";"1. Young Adult (18-30)";"West";67;"Monthly";71.23;0;52.82;0;4772.41
"CUST-2763";"Female";"3. Senior (51+)";"North";25;"Monthly";85.86;3;72.45;1;2146.5
"CUST-2764";"Female";"3. Senior (51+)";"North";47;"Monthly";101.75;3;46.64;1;4782.25
"CUST-2765";"Male";"1. Young Adult (18-30)";"East";62;"Monthly";42.75;3;81.34;0;2650.5
"CUST-2766";"Female";"1. Young Adult (18-30)";"West";37;"Monthly";23.93;0;54.96;1;885.41
"CUST-2767";"Male";"3. Senior (51+)";"South";58;"Two year";49.44;3;56.15;0;2867.52
"CUST-2768";"Female";"4. Unkownn/Missing";"North";48;"One year";108.04;0;45.07;0;5185.92
"CUST-2769";"Female";"3. Senior (51+)";"North";4;"One year";102.8;1;43.31;0;411.2
"CUST-2770";"Female";"2. Adult (31-50)";"East";16;"Two year";66.94;7;32.67;0;1071.04
"CUST-2771";"Male";"3. Senior (51+)";"North";7;"Monthly";94.82;3;59.79;0;663.74
"CUST-2772";"Female";"2. Adult (31-50)";"South";49;"One year";35.41;0;14.42;0;1735.09
"CUST-2773";"Male";"3. Senior (51+)";"North";58;"Monthly";61.49;2;92.48;0;3566.42
"CUST-2774";"Male";"2. Adult (31-50)";"West";44;"One year";30.91;1;56.45;1;1360.04
"CUST-2775";"Male";"3. Senior (51+)";"South";26;"One year";34.66;0;77.68;0;901.16
"CUST-2776";"Female";"2. Adult (31-50)";"West";12;"Monthly";91.33;2;54.82;1;1095.96
"CUST-2777";"Female";"3. Senior (51+)";"West";63;"One year";47.69;0;54.89;0;3004.47
"CUST-2778";"Female";"2. Adult (31-50)";"South";41;"Monthly";95.77;0;51.63;0;3926.57
"CUST-2779";"Non-binary";"3. Senior (51+)";"West";46;"One year";112.45;0;51.24;0;5172.7
"CUST-2780";"Female";"3. Senior (51+)";"East";49;"Two year";58.74;2;97.72;0;2878.26
"CUST-2781";"Non-binary";"3. Senior (51+)";"West";10;"One year";93.75;0;47.69;0;937.5
"CUST-2782";"Male";"3. Senior (51+)";"North";12;"Monthly";117.22;0;54.82;0;1406.64
"CUST-2783";"Male";"1. Young Adult (18-30)";"North";45;"Two year";31.4;0;56.4;0;1413.0
"CUST-2784";"Female";"2. Adult (31-50)";"South";50;"Monthly";34.14;1;54.57;1;1707.0
"CUST-2785";"Non-binary";"3. Senior (51+)";"East";46;"One year";25.14;2;43.86;0;1156.44
"CUST-2786";"Non-binary";"3. Senior (51+)";"North";9;"One year";112.81;3;31.21;1;1015.29
"CUST-2787";"Non-binary";"3. Senior (51+)";"East";30;"Monthly";21.24;0;41.11;0;637.2
"CUST-2788";"Female";"3. Senior (51+)";"South";71;"Monthly";24.36;0;60.65;0;1729.56
"CUST-2789";"Female";"2. Adult (31-50)";"West";68;"One year";97.08;5;39.8;0;6601.44
"CUST-2790";"Non-binary";"2. Adult (31-50)";"South";32;"Two year";84.86;0;51.06;0;2715.52
"CUST-2791";"Non-binary";"3. Senior (51+)";"South";15;"Monthly";53.95;0;72.19;1;809.25
"CUST-2792";"Female";"1. Young Adult (18-30)";"South";48;"Monthly";41.5;1;36.06;0;1992.0
"CUST-2793";"Male";"3. Senior (51+)";"North";24;"Monthly";74.3;0;44.08;0;1783.2
"CUST-2794";"Female";"3. Senior (51+)";"West";22;"One year";88.57;0;58.01;0;1948.54
"CUST-2795";"Male";"1. Young Adult (18-30)";"West";16;"Monthly";100.87;0;57.1;0;1613.92
"CUST-2796";"Non-binary";"3. Senior (51+)";"North";5;"Monthly";105.14;0;39.54;1;525.7
"CUST-2797";"Female";"2. Adult (31-50)";"North";67;"Two year";71.51;0;52.82;0;4791.17
"CUST-2798";"Male";"3. Senior (51+)";"North";67;"Monthly";49.86;0;52.82;0;3340.62
"CUST-2799";"Non-binary";"2. Adult (31-50)";"West";48;"One year";54.39;0;59.96;0;2610.72
"CUST-2800";"Male";"2. Adult (31-50)";"South";22;"Two year";64.56;0;58.01;1;1420.32
"CUST-2801";"Male";"2. Adult (31-50)";"West";58;"Two year";52.54;2;46.49;0;3047.32
"CUST-2802";"Male";"3. Senior (51+)";"North";35;"Monthly";34.24;2;56.85;1;1198.4
"CUST-2803";"Non-binary";"2. Adult (31-50)";"South";19;"Monthly";92.19;0;22.46;1;1751.61
"CUST-2804";"Male";"2. Adult (31-50)";"North";9;"Monthly";69.11;0;52.37;1;621.99
"CUST-2805";"Non-binary";"3. Senior (51+)";"West";62;"Monthly";100.85;0;52.93;1;6252.7
"CUST-2806";"Female";"3. Senior (51+)";"West";20;"One year";58.64;0;87.66;0;1172.8
"CUST-2807";"Female";"3. Senior (51+)";"West";30;"Monthly";82.19;1;57.44;0;2465.7
"CUST-2808";"Male";"3. Senior (51+)";"North";69;"Monthly";78.88;1;40.67;1;5442.72
"CUST-2809";"Male";"2. Adult (31-50)";"West";25;"Monthly";70.91;0;96.54;0;1772.75
"CUST-2810";"Female";"3. Senior (51+)";"West";14;"Monthly";34.09;0;50.47;0;477.26
"CUST-2811";"Male";"2. Adult (31-50)";"South";20;"Monthly";80.66;3;53.01;0;1613.2
"CUST-2812";"Male";"2. Adult (31-50)";"North";7;"One year";111.18;0;97.22;1;778.26
"CUST-2813";"Male";"2. Adult (31-50)";"North";68;"Monthly";24.83;0;62.35;1;1688.44
"CUST-2814";"Male";"3. Senior (51+)";"North";27;"Two year";87.16;0;17.49;1;2353.32
"CUST-2815";"Female";"3. Senior (51+)";"South";44;"Monthly";93.88;6;20.17;0;4130.72
"CUST-2816";"Non-binary";"3. Senior (51+)";"West";11;"Monthly";32.27;3;78.82;0;354.97
"CUST-2817";"Female";"2. Adult (31-50)";"East";7;"Two year";54.34;1;88.07;0;380.38
"CUST-2818";"Female";"2. Adult (31-50)";"West";3;"Two year";85.63;0;42.33;0;256.89
"CUST-2819";"Non-binary";"1. Young Adult (18-30)";"North";65;"Monthly";32.05;10;36.03;1;2083.25
"CUST-2820";"Male";"1. Young Adult (18-30)";"South";27;"Monthly";104.56;2;93.01;1;2823.12
"CUST-2821";"Male";"2. Adult (31-50)";"West";29;"Monthly";21.63;2;92.39;0;627.27
"CUST-2822";"Male";"3. Senior (51+)";"South";5;"Two year";93.26;0;39.54;0;466.3
"CUST-2823";"Male";"1. Young Adult (18-30)";"North";38;"Monthly";24.44;0;53.79;1;928.72
"CUST-2824";"Female";"3. Senior (51+)";"North";42;"Monthly";102.05;2;93.26;1;4286.1
"CUST-2825";"Male";"3. Senior (51+)";"South";20;"Two year";76.01;0;53.01;0;1520.2
"CUST-2826";"Male";"1. Young Adult (18-30)";"North";36;"One year";113.37;0;86.22;0;4081.32
"CUST-2827";"Female";"2. Adult (31-50)";"South";49;"Monthly";117.59;0;71.8;1;5761.91
"CUST-2828";"Male";"2. Adult (31-50)";"South";9;"Two year";49.05;0;58.05;0;441.45
"CUST-2829";"Female";"1. Young Adult (18-30)";"North";49;"Monthly";78.02;0;54.7;0;3822.98
"CUST-2830";"Non-binary";"2. Adult (31-50)";"South";51;"Two year";75.11;1;57.9;0;3830.61
"CUST-2831";"Female";"4. Unkownn/Missing";"West";39;"Monthly";51.77;1;59.64;1;2019.03
"CUST-2832";"Female";"3. Senior (51+)";"West";71;"Two year";20.5;0;54.72;0;1455.5
"CUST-2833";"Female";"2. Adult (31-50)";"West";5;"Monthly";52.55;0;39.54;1;262.75
"CUST-2834";"Female";"3. Senior (51+)";"West";1;"One year";78.4;2;43.21;0;78.4
"CUST-2835";"Female";"1. Young Adult (18-30)";"North";16;"Two year";41.55;1;57.1;0;664.8
"CUST-2836";"Male";"2. Adult (31-50)";"North";1;"Two year";45.94;3;8.100000000000001;0;45.94
"CUST-2837";"Male";"2. Adult (31-50)";"East";64;"One year";109.68;1;50.53;0;7019.52
"CUST-2838";"Male";"3. Senior (51+)";"West";26;"Monthly";50.2;0;32.01;0;1305.2
"CUST-2839";"Male";"3. Senior (51+)";"West";9;"One year";74.48;0;11.72;0;670.32
"CUST-2840";"Female";"3. Senior (51+)";"South";26;"Two year";86.39;0;61.62;0;2246.14
"CUST-2841";"Female";"4. Unkownn/Missing";"West";12;"Monthly";95.11;0;34.41;1;1141.32
"CUST-2842";"Female";"3. Senior (51+)";"East";42;"One year";27.03;3;55.2;1;1135.26
"CUST-2843";"Male";"2. Adult (31-50)";"North";25;"Monthly";76.0;1;57.71;1;1900.0
"CUST-2844";"Male";"2. Adult (31-50)";"West";53;"Monthly";80.54;0;46.05;1;4268.62
"CUST-2845";"Non-binary";"3. Senior (51+)";"South";13;"Monthly";62.92;3;67.74;0;817.96
"CUST-2846";"Female";"2. Adult (31-50)";"West";13;"One year";27.34;0;95.07;0;355.42
"CUST-2847";"Non-binary";"2. Adult (31-50)";"North";1;"Monthly";42.97;1;59.55;0;42.97
"CUST-2848";"Female";"3. Senior (51+)";"South";21;"Monthly";96.09;2;56.76;0;2017.89
"CUST-2849";"Female";"3. Senior (51+)";"East";33;"Two year";77.19;5;32.72;1;2547.27
"CUST-2850";"Female";"3. Senior (51+)";"West";5;"Monthly";31.12;3;60.18000000000001;0;155.6
"CUST-2851";"Female";"2. Adult (31-50)";"West";10;"Monthly";111.75;0;47.69;0;1117.5
"CUST-2852";"Non-binary";"1. Young Adult (18-30)";"South";50;"One year";53.63;0;54.57;0;2681.5
"CUST-2853";"Female";"4. Unkownn/Missing";"North";6;"Monthly";83.02;0;43.27;1;498.12
"CUST-2854";"Non-binary";"3. Senior (51+)";"West";14;"Two year";43.98;2;50.47;0;615.72
"CUST-2855";"Male";"3. Senior (51+)";"West";11;"Monthly";90.09;3;26.44;0;990.99
"CUST-2856";"Non-binary";"3. Senior (51+)";"West";43;"Monthly";33.11;0;53.15;0;1423.73
"CUST-2857";"Female";"1. Young Adult (18-30)";"West";41;"Monthly";41.44;1;51.63;1;1699.04
"CUST-2858";"Male";"3. Senior (51+)";"West";53;"Two year";109.38;0;55.3;1;5797.14
"CUST-2859";"Male";"1. Young Adult (18-30)";"South";47;"One year";38.09;0;52.58;0;1790.23
"CUST-2860";"Non-binary";"2. Adult (31-50)";"South";64;"Monthly";54.57;0;16.1;0;3492.48
"CUST-2861";"Non-binary";"2. Adult (31-50)";"South";35;"One year";23.65;0;56.85;0;827.75
"CUST-2862";"Non-binary";"1. Young Adult (18-30)";"West";32;"Monthly";96.87;0;67.54;0;3099.84
"CUST-2863";"Male";"3. Senior (51+)";"South";15;"Two year";62.42;0;53.77;0;936.3
"CUST-2864";"Male";"3. Senior (51+)";"West";65;"Two year";53.7;2;55.95;0;3490.5
"CUST-2865";"Non-binary";"3. Senior (51+)";"North";22;"Monthly";61.72;0;58.01;1;1357.84
"CUST-2866";"Male";"1. Young Adult (18-30)";"North";66;"Monthly";100.45;0;54.86;1;6629.7
"CUST-2867";"Female";"2. Adult (31-50)";"West";47;"One year";31.47;8;29.14;1;1479.09
"CUST-2868";"Female";"3. Senior (51+)";"East";58;"Two year";26.41;4;13.92;1;1531.78
"CUST-2869";"Female";"3. Senior (51+)";"South";58;"One year";86.94;0;20.09;0;5042.52
"CUST-2870";"Male";"4. Unkownn/Missing";"South";49;"Monthly";57.68;3;34.88;1;2826.32
"CUST-2871";"Female";"1. Young Adult (18-30)";"West";3;"Monthly";93.05;0;82.72;0;279.15
"CUST-2872";"Female";"2. Adult (31-50)";"North";33;"Two year";58.17;1;54.53;1;1919.61
"CUST-2873";"Male";"2. Adult (31-50)";"North";53;"One year";110.59;0;95.05;0;5861.27
"CUST-2874";"Female";"3. Senior (51+)";"South";59;"Monthly";97.27;1;50.64;1;5738.93
"CUST-2875";"Non-binary";"1. Young Adult (18-30)";"South";18;"Two year";75.83;0;79.44;0;1364.94
"CUST-2876";"Female";"2. Adult (31-50)";"South";35;"One year";52.14;3;56.85;0;1824.9
"CUST-2877";"Female";"2. Adult (31-50)";"North";28;"One year";85.49;0;15.65;1;2393.72
"CUST-2878";"Female";"1. Young Adult (18-30)";"East";60;"Two year";113.54;2;57.22;0;6812.4
"CUST-2879";"Female";"2. Adult (31-50)";"South";63;"One year";44.33;0;54.89;0;2792.79
"CUST-2880";"Female";"2. Adult (31-50)";"South";39;"Monthly";107.96;0;53.81;0;4210.44
"CUST-2881";"Female";"3. Senior (51+)";"North";48;"Two year";24.09;0;45.82;1;1156.32
"CUST-2882";"Female";"1. Young Adult (18-30)";"West";40;"Monthly";84.13;0;45.58;0;3365.2
"CUST-2883";"Male";"1. Young Adult (18-30)";"West";24;"Monthly";69.57;0;50.66;0;1669.68
"CUST-2884";"Female";"3. Senior (51+)";"South";41;"Two year";57.84;0;76.73;0;2371.44
"CUST-2885";"Female";"2. Adult (31-50)";"East";60;"One year";42.76;2;83.45;0;2565.6
"CUST-2886";"Male";"3. Senior (51+)";"East";5;"One year";24.16;0;39.54;0;120.8
"CUST-2887";"Female";"1. Young Adult (18-30)";"West";48;"Monthly";64.51;2;75.74;1;3096.48
"CUST-2888";"Male";"3. Senior (51+)";"South";1;"Two year";42.22;5;0.0;1;42.22
"CUST-2889";"Male";"2. Adult (31-50)";"South";18;"Two year";65.11;0;14.03;0;1171.98
"CUST-2890";"Female";"4. Unkownn/Missing";"West";65;"Monthly";57.48;1;55.95;1;3736.2
"CUST-2891";"Male";"3. Senior (51+)";"East";41;"One year";71.32;0;50.52;0;2924.12
"CUST-2892";"Male";"3. Senior (51+)";"South";38;"One year";104.91;0;80.85;1;3986.58
"CUST-2893";"Non-binary";"2. Adult (31-50)";"North";28;"Two year";43.88;1;52.17;0;1228.64
"CUST-2894";"Female";"1. Young Adult (18-30)";"West";70;"Two year";99.29;2;93.86;0;6950.3
"CUST-2895";"Male";"2. Adult (31-50)";"West";26;"Monthly";60.19;0;61.62;1;1564.94
"CUST-2896";"Non-binary";"3. Senior (51+)";"East";2;"Two year";113.2;3;42.67;1;226.4
"CUST-2897";"Non-binary";"1. Young Adult (18-30)";"South";12;"Monthly";76.82;0;54.82;0;921.84
"CUST-2898";"Male";"2. Adult (31-50)";"West";32;"One year";100.53;2;51.91;0;3216.96
"CUST-2899";"Male";"2. Adult (31-50)";"South";68;"Monthly";72.24;0;57.81;1;4912.32
"CUST-2900";"Female";"2. Adult (31-50)";"South";54;"Two year";44.04;1;80.69;0;2378.16
"CUST-2901";"Male";"4. Unkownn/Missing";"West";15;"One year";39.28;0;97.81;0;589.2
"CUST-2902";"Male";"3. Senior (51+)";"West";21;"One year";84.49;3;55.93;0;1774.29
"CUST-2903";"Male";"3. Senior (51+)";"South";11;"Monthly";85.25;2;53.43;1;937.75
"CUST-2904";"Female";"2. Adult (31-50)";"East";41;"Monthly";64.72;2;51.63;1;2653.52
"CUST-2905";"Male";"3. Senior (51+)";"South";14;"One year";58.98;9;14.02;0;825.72
"CUST-2906";"Female";"3. Senior (51+)";"South";64;"Monthly";80.68;0;38.01;0;5163.52
"CUST-2907";"Female";"4. Unkownn/Missing";"North";17;"One year";96.06;2;84.51;0;1633.02
"CUST-2908";"Male";"2. Adult (31-50)";"South";63;"One year";22.03;0;54.89;0;1387.89
"CUST-2909";"Non-binary";"3. Senior (51+)";"North";54;"Two year";68.9;2;56.4;0;3720.6
"CUST-2910";"Non-binary";"2. Adult (31-50)";"East";18;"Two year";47.74;7;24.75;1;859.32
"CUST-2911";"Non-binary";"3. Senior (51+)";"East";12;"Monthly";112.23;2;54.82;1;1346.76
"CUST-2912";"Male";"3. Senior (51+)";"East";45;"Two year";102.14;0;87.15;1;4596.3
"CUST-2913";"Female";"2. Adult (31-50)";"West";25;"Monthly";36.92;9;23.85;1;923.0
"CUST-2914";"Female";"3. Senior (51+)";"West";33;"One year";60.77;0;54.53;1;2005.41
"CUST-2915";"Male";"2. Adult (31-50)";"West";50;"One year";46.64;0;51.48;0;2332.0
"CUST-2916";"Female";"3. Senior (51+)";"South";41;"Monthly";74.74;0;51.63;1;3064.34
"CUST-2917";"Female";"2. Adult (31-50)";"South";35;"Monthly";26.02;0;27.68;0;910.7
"CUST-2918";"Female";"4. Unkownn/Missing";"South";61;"Monthly";104.67;0;59.57;1;6384.87
"CUST-2919";"Male";"3. Senior (51+)";"West";19;"Monthly";27.45;0;55.11;1;521.55
"CUST-2920";"Male";"3. Senior (51+)";"South";59;"Two year";102.27;0;50.64;0;6033.93
"CUST-2921";"Non-binary";"3. Senior (51+)";"South";61;"One year";20.26;3;95.63;0;1235.86
"CUST-2922";"Female";"3. Senior (51+)";"East";28;"Monthly";87.49;1;75.28;1;2449.72
"CUST-2923";"Male";"1. Young Adult (18-30)";"North";55;"One year";76.15;1;56.08;0;4188.25
"CUST-2924";"Female";"1. Young Adult (18-30)";"East";63;"Monthly";39.74;0;45.86;0;2503.62
"CUST-2925";"Non-binary";"1. Young Adult (18-30)";"North";45;"One year";90.89;0;57.42;0;4090.05
"CUST-2926";"Female";"1. Young Adult (18-30)";"North";44;"One year";93.32;0;56.45;0;4106.08
"CUST-2927";"Non-binary";"3. Senior (51+)";"North";55;"Monthly";22.39;1;84.42;1;1231.45
"CUST-2928";"Female";"2. Adult (31-50)";"East";27;"One year";38.99;0;35.66;0;1052.73
"CUST-2929";"Non-binary";"3. Senior (51+)";"South";39;"Monthly";74.07;0;59.64;0;2888.73
"CUST-2930";"Female";"3. Senior (51+)";"North";20;"Two year";71.83;0;49.49;1;1436.6
"CUST-2931";"Non-binary";"3. Senior (51+)";"West";40;"One year";85.54;0;52.29;0;3421.6
"CUST-2932";"Male";"2. Adult (31-50)";"North";30;"Two year";66.14;0;57.44;0;1984.2
"CUST-2933";"Male";"3. Senior (51+)";"North";47;"Monthly";36.69;7;18.75;1;1724.43
"CUST-2934";"Female";"1. Young Adult (18-30)";"South";44;"Monthly";59.64;0;56.45;1;2624.16
"CUST-2935";"Female";"1. Young Adult (18-30)";"West";64;"One year";94.16;0;19.86;0;6026.24
"CUST-2936";"Female";"2. Adult (31-50)";"East";54;"One year";25.22;0;57.5;0;1361.88
"CUST-2937";"Female";"3. Senior (51+)";"East";55;"One year";20.54;0;32.36;1;1129.7
"CUST-2938";"Male";"3. Senior (51+)";"South";38;"Two year";39.87;0;53.79;0;1515.06
"CUST-2939";"Female";"2. Adult (31-50)";"West";49;"Two year";56.13;3;87.7;0;2750.37
"CUST-2940";"Non-binary";"3. Senior (51+)";"North";21;"Monthly";95.54;0;34.0;0;2006.34
"CUST-2941";"Male";"1. Young Adult (18-30)";"South";35;"Two year";57.97;4;20.65;1;2028.95
"CUST-2942";"Female";"1. Young Adult (18-30)";"West";39;"One year";20.43;9;27.99;1;796.77
"CUST-2943";"Non-binary";"2. Adult (31-50)";"South";40;"Monthly";94.13;1;48.97;0;3765.2
"CUST-2944";"Female";"1. Young Adult (18-30)";"South";63;"Two year";56.05;0;58.46;0;3531.15
"CUST-2945";"Male";"2. Adult (31-50)";"South";36;"One year";103.67;2;49.15;1;3732.12
"CUST-2946";"Non-binary";"3. Senior (51+)";"North";53;"Monthly";66.82;0;81.14;0;3541.46
"CUST-2947";"Male";"3. Senior (51+)";"North";42;"Monthly";25.97;2;78.37;0;1090.74
"CUST-2948";"Male";"2. Adult (31-50)";"South";39;"Monthly";77.13;3;59.64;1;3008.07
"CUST-2949";"Male";"1. Young Adult (18-30)";"South";59;"Two year";71.53;0;17.52;0;4220.27
"CUST-2950";"Female";"1. Young Adult (18-30)";"West";66;"Monthly";57.03;0;54.86;0;3763.98
"CUST-2951";"Male";"2. Adult (31-50)";"North";15;"Monthly";93.94;0;29.63;0;1409.1
"CUST-2952";"Male";"1. Young Adult (18-30)";"South";19;"One year";63.04;1;98.7;0;1197.76
"CUST-2953";"Male";"2. Adult (31-50)";"East";39;"One year";100.78;1;59.64;1;3930.42
"CUST-2954";"Female";"3. Senior (51+)";"East";38;"One year";108.02;1;90.49;1;4104.76
"CUST-2955";"Non-binary";"2. Adult (31-50)";"West";55;"Monthly";108.43;2;92.91;1;5963.65
"CUST-2956";"Female";"3. Senior (51+)";"West";8;"One year";52.7;0;56.44;0;421.6
"CUST-2957";"Male";"1. Young Adult (18-30)";"West";16;"Two year";118.04;0;57.1;0;1888.64
"CUST-2958";"Female";"3. Senior (51+)";"East";54;"One year";103.63;3;56.4;0;5596.02
"CUST-2959";"Female";"2. Adult (31-50)";"South";25;"One year";82.53;0;24.07;0;2063.25
"CUST-2960";"Male";"3. Senior (51+)";"North";5;"Monthly";27.64;2;39.54;1;138.2
"CUST-2961";"Male";"3. Senior (51+)";"South";55;"Monthly";44.49;1;37.22;1;2446.95
"CUST-2962";"Female";"3. Senior (51+)";"West";55;"One year";49.85;1;56.08;0;2741.75
"CUST-2963";"Male";"3. Senior (51+)";"North";41;"Monthly";118.06;1;51.63;1;4840.46
"CUST-2964";"Female";"3. Senior (51+)";"North";14;"Monthly";59.5;0;50.47;0;833.0
"CUST-2965";"Male";"2. Adult (31-50)";"East";27;"One year";39.05;1;49.9;1;1054.35
"CUST-2966";"Male";"2. Adult (31-50)";"South";26;"One year";71.18;0;61.62;0;1850.68
"CUST-2967";"Female";"1. Young Adult (18-30)";"West";25;"Monthly";58.63;2;57.71;0;1465.75
"CUST-2968";"Female";"3. Senior (51+)";"South";40;"Two year";37.79;0;54.99;0;1511.6
"CUST-2969";"Male";"3. Senior (51+)";"North";69;"Monthly";86.01;2;42.91;0;5934.69
"CUST-2970";"Male";"1. Young Adult (18-30)";"East";10;"One year";27.09;1;12.09;0;270.9
"CUST-2971";"Female";"2. Adult (31-50)";"South";33;"Monthly";53.0;0;54.53;1;1749.0
"CUST-2972";"Non-binary";"1. Young Adult (18-30)";"East";48;"Monthly";31.77;0;71.24;1;1524.96
"CUST-2973";"Female";"2. Adult (31-50)";"North";4;"Monthly";33.6;0;43.31;0;134.4
"CUST-2974";"Male";"1. Young Adult (18-30)";"West";4;"Monthly";82.2;3;43.31;0;328.8
"CUST-2975";"Non-binary";"3. Senior (51+)";"South";70;"Monthly";62.81;1;58.23;0;4396.7
"CUST-2976";"Male";"3. Senior (51+)";"East";65;"Monthly";74.63;0;55.95;1;4850.95
"CUST-2977";"Non-binary";"4. Unkownn/Missing";"West";7;"One year";77.13;0;59.79;0;539.91
"CUST-2978";"Male";"2. Adult (31-50)";"East";39;"One year";66.49;0;59.64;1;2593.11
"CUST-2979";"Non-binary";"3. Senior (51+)";"North";35;"Monthly";66.65;3;56.85;0;2332.75
"CUST-2980";"Female";"3. Senior (51+)";"North";16;"Monthly";98.2;0;81.0;1;1571.2
"CUST-2981";"Female";"3. Senior (51+)";"West";46;"Two year";93.22;0;51.24;0;4288.12
"CUST-2982";"Non-binary";"3. Senior (51+)";"South";66;"One year";49.06;1;54.86;0;3237.96
"CUST-2983";"Female";"2. Adult (31-50)";"North";33;"Monthly";108.65;3;63.91;1;3585.45
"CUST-2984";"Male";"3. Senior (51+)";"North";20;"Monthly";34.0;0;53.01;0;680.0
"CUST-2985";"Female";"2. Adult (31-50)";"North";39;"Monthly";79.25;0;74.12;1;3090.75
"CUST-2986";"Female";"3. Senior (51+)";"North";37;"One year";21.34;2;57.36;0;789.58
"CUST-2987";"Male";"4. Unkownn/Missing";"West";57;"Monthly";95.46;3;58.76;1;5441.22
"CUST-2988";"Female";"4. Unkownn/Missing";"South";39;"Two year";73.35;0;95.59;1;2860.65
"CUST-2989";"Non-binary";"1. Young Adult (18-30)";"West";37;"One year";100.77;2;54.96;0;3728.49
"CUST-2990";"Female";"3. Senior (51+)";"North";4;"Monthly";115.19;0;43.31;1;460.76
"CUST-2991";"Female";"3. Senior (51+)";"West";27;"Two year";104.54;0;47.68;0;2822.58
"CUST-2992";"Non-binary";"1. Young Adult (18-30)";"West";28;"Two year";97.51;0;53.86;1;2730.28
"CUST-2993";"Female";"3. Senior (51+)";"West";37;"Monthly";49.11;2;13.46;1;1817.07
"CUST-2994";"Male";"3. Senior (51+)";"West";15;"One year";53.98;0;97.92;0;809.7
"CUST-2995";"Male";"2. Adult (31-50)";"West";5;"One year";34.05;1;39.54;0;170.25
"CUST-2996";"Male";"3. Senior (51+)";"East";30;"Monthly";113.4;0;57.44;1;3402.0
"CUST-2997";"Non-binary";"3. Senior (51+)";"South";19;"One year";91.98;3;55.11;0;1747.62
"CUST-2998";"Male";"2. Adult (31-50)";"North";4;"Monthly";75.9;2;43.31;0;303.6
"CUST-2999";"Male";"3. Senior (51+)";"East";57;"Two year";75.78;3;58.76;0;4319.46
"CUST-3000";"Male";"2. Adult (31-50)";"South";36;"One year";64.93;0;89.39;0;2337.48
"CUST-3001";"Female";"1. Young Adult (18-30)";"North";14;"Monthly";85.19;0;50.47;0;1192.66
"CUST-3002";"Non-binary";"1. Young Adult (18-30)";"West";69;"Two year";88.54;0;70.23;1;6109.26
"CUST-3003";"Female";"2. Adult (31-50)";"North";20;"Two year";110.71;3;53.01;0;2214.2
"CUST-3004";"Female";"3. Senior (51+)";"North";72;"Monthly";46.18;2;46.69;1;3324.96
"CUST-3005";"Female";"3. Senior (51+)";"East";24;"Monthly";57.48;2;50.66;0;1379.52
"CUST-3006";"Male";"3. Senior (51+)";"West";6;"Monthly";30.43;1;52.96;1;182.58
"CUST-3007";"Male";"3. Senior (51+)";"West";57;"Monthly";42.35;0;58.76;0;2413.95
"CUST-3008";"Male";"1. Young Adult (18-30)";"South";0;"Monthly";112.78;3;55.849999999999994;0;0.0
"CUST-3009";"Female";"1. Young Adult (18-30)";"South";1;"One year";51.46;3;13.59;1;51.46
"CUST-3010";"Male";"2. Adult (31-50)";"North";51;"Monthly";47.57;0;57.87;0;2426.07
"CUST-3011";"Non-binary";"2. Adult (31-50)";"North";12;"One year";41.84;2;54.82;0;502.08
"CUST-3012";"Female";"3. Senior (51+)";"South";55;"Two year";20.85;0;40.61;0;1146.75
"CUST-3013";"Male";"3. Senior (51+)";"South";27;"Monthly";96.58;6;33.11;1;2607.66
"CUST-3014";"Female";"1. Young Adult (18-30)";"North";22;"One year";94.27;2;58.01;0;2073.94
"CUST-3015";"Male";"2. Adult (31-50)";"South";54;"Two year";58.56;1;56.4;0;3162.24
"CUST-3016";"Female";"3. Senior (51+)";"South";43;"Monthly";98.19;1;53.15;1;4222.17
"CUST-3017";"Male";"3. Senior (51+)";"West";38;"Monthly";44.29;2;53.79;0;1683.02
"CUST-3018";"Male";"3. Senior (51+)";"North";44;"Monthly";43.03;1;56.45;0;1893.32
"CUST-3019";"Female";"3. Senior (51+)";"West";48;"Monthly";43.44;0;59.96;0;2085.12
"CUST-3020";"Female";"2. Adult (31-50)";"East";32;"Monthly";86.93;0;12.04;1;2781.76
"CUST-3021";"Male";"1. Young Adult (18-30)";"North";43;"One year";75.81;0;92.32;0;3259.83
"CUST-3022";"Female";"2. Adult (31-50)";"East";53;"Monthly";34.36;0;55.3;1;1821.08
"CUST-3023";"Male";"2. Adult (31-50)";"North";18;"Two year";59.0;0;60.6;0;1062.0
"CUST-3024";"Male";"1. Young Adult (18-30)";"West";0;"Monthly";20.88;0;44.44;0;0.0
"CUST-3025";"Female";"2. Adult (31-50)";"East";54;"One year";103.75;0;56.4;0;5602.5
"CUST-3026";"Non-binary";"2. Adult (31-50)";"North";16;"Monthly";103.3;3;57.1;1;1652.8
"CUST-3027";"Male";"3. Senior (51+)";"West";61;"Monthly";67.21;0;90.89;0;4099.81
"CUST-3028";"Female";"3. Senior (51+)";"West";1;"Monthly";114.59;2;43.21;1;114.59
"CUST-3029";"Female";"3. Senior (51+)";"West";55;"One year";35.55;0;56.08;0;1955.25
"CUST-3030";"Female";"2. Adult (31-50)";"West";33;"Monthly";56.83;2;12.73;1;1875.39
"CUST-3031";"Female";"3. Senior (51+)";"South";48;"Two year";67.48;2;40.81;0;3239.04
"CUST-3032";"Male";"2. Adult (31-50)";"South";55;"Monthly";114.18;2;44.06;1;6279.9
"CUST-3033";"Female";"2. Adult (31-50)";"West";1;"Monthly";76.0;0;25.07;1;76.0
"CUST-3034";"Non-binary";"2. Adult (31-50)";"East";67;"Monthly";106.58;10;23.6;1;7140.86
"CUST-3035";"Non-binary";"3. Senior (51+)";"North";24;"One year";47.75;0;85.65;0;1146.0
"CUST-3036";"Non-binary";"1. Young Adult (18-30)";"West";62;"Monthly";24.52;0;52.93;1;1520.24
"CUST-3037";"Non-binary";"2. Adult (31-50)";"East";50;"One year";87.0;1;54.57;0;4350.0
"CUST-3038";"Male";"4. Unkownn/Missing";"West";52;"Monthly";41.02;0;54.79;0;2133.04
"CUST-3039";"Non-binary";"2. Adult (31-50)";"East";69;"Monthly";100.3;0;44.4;1;6920.7
"CUST-3040";"Male";"1. Young Adult (18-30)";"East";56;"Monthly";100.25;0;20.26;1;5614.0
"CUST-3041";"Male";"3. Senior (51+)";"North";72;"Two year";108.7;3;54.68;0;7826.4
"CUST-3042";"Male";"2. Adult (31-50)";"West";1;"Monthly";21.56;1;81.79;0;21.56
"CUST-3043";"Non-binary";"2. Adult (31-50)";"South";21;"One year";29.76;0;78.31;0;624.96
"CUST-3044";"Male";"3. Senior (51+)";"East";18;"One year";107.84;2;51.92;0;1941.12
"CUST-3045";"Non-binary";"4. Unkownn/Missing";"North";58;"One year";46.37;0;84.13;0;2689.46
"CUST-3046";"Non-binary";"1. Young Adult (18-30)";"East";25;"One year";89.91;3;48.63;0;2247.75
"CUST-3047";"Female";"1. Young Adult (18-30)";"West";60;"Two year";40.37;0;57.22;0;2422.2
"CUST-3048";"Female";"2. Adult (31-50)";"South";1;"Monthly";40.75;0;64.9;1;40.75
"CUST-3049";"Female";"3. Senior (51+)";"North";1;"Monthly";91.98;0;72.28;1;91.98
"CUST-3050";"Male";"3. Senior (51+)";"North";47;"One year";65.63;2;54.6;0;3084.61
"CUST-3051";"Male";"1. Young Adult (18-30)";"North";38;"One year";27.17;4;35.08;0;1032.46
"CUST-3052";"Female";"3. Senior (51+)";"South";19;"Monthly";59.18;0;55.11;0;1124.42
"CUST-3053";"Male";"1. Young Adult (18-30)";"East";63;"One year";54.19;3;88.63;0;3413.97
"CUST-3054";"Male";"3. Senior (51+)";"South";61;"Monthly";88.35;2;55.13;0;5389.35
"CUST-3055";"Female";"1. Young Adult (18-30)";"East";3;"Monthly";49.61;0;48.16;0;148.83
"CUST-3056";"Non-binary";"3. Senior (51+)";"South";40;"Monthly";75.96;1;54.99;0;3038.4
"CUST-3057";"Female";"1. Young Adult (18-30)";"West";70;"Monthly";44.34;0;58.23;1;3103.8
"CUST-3058";"Non-binary";"2. Adult (31-50)";"West";3;"Two year";115.13;0;9.2;0;345.39
"CUST-3059";"Male";"1. Young Adult (18-30)";"West";51;"Two year";72.95;0;93.86;0;3720.45
"CUST-3060";"Female";"4. Unkownn/Missing";"West";27;"Monthly";47.17;0;49.29;1;1273.59
"CUST-3061";"Male";"4. Unkownn/Missing";"West";41;"Monthly";117.5;0;66.24;0;4817.5
"CUST-3062";"Female";"2. Adult (31-50)";"East";5;"Monthly";117.7;4;20.54;1;588.5
"CUST-3063";"Non-binary";"2. Adult (31-50)";"South";51;"Monthly";62.69;0;63.86;1;3197.19
"CUST-3064";"Male";"3. Senior (51+)";"East";63;"Monthly";77.9;0;72.03;0;4907.7
"CUST-3065";"Female";"2. Adult (31-50)";"East";55;"One year";68.78;2;96.74;0;3782.9
"CUST-3066";"Male";"3. Senior (51+)";"North";59;"Monthly";90.31;0;50.64;1;5328.29
"CUST-3067";"Female";"3. Senior (51+)";"South";66;"One year";64.03;0;91.64;0;4225.98
"CUST-3068";"Female";"2. Adult (31-50)";"West";28;"Monthly";43.82;0;98.26;1;1226.96
"CUST-3069";"Male";"2. Adult (31-50)";"North";67;"Monthly";55.92;0;52.82;0;3746.64
"CUST-3070";"Female";"1. Young Adult (18-30)";"East";22;"One year";52.39;0;58.01;1;1152.58
"CUST-3071";"Male";"3. Senior (51+)";"North";71;"Two year";107.01;0;43.82;0;7597.71
"CUST-3072";"Female";"2. Adult (31-50)";"West";64;"One year";114.59;0;49.79;0;7333.76
"CUST-3073";"Female";"2. Adult (31-50)";"West";29;"Monthly";29.02;0;12.75;1;841.58
"CUST-3074";"Non-binary";"3. Senior (51+)";"North";36;"Two year";39.8;0;49.15;0;1432.8
"CUST-3075";"Male";"3. Senior (51+)";"West";72;"Monthly";84.17;0;54.68;0;6060.24
"CUST-3076";"Female";"2. Adult (31-50)";"South";55;"Monthly";50.68;4;13.68;1;2787.4
"CUST-3077";"Female";"3. Senior (51+)";"North";33;"Monthly";33.93;0;55.71;0;1119.69
"CUST-3078";"Male";"4. Unkownn/Missing";"North";16;"Monthly";28.43;0;57.1;0;454.88
"CUST-3079";"Female";"3. Senior (51+)";"West";72;"Two year";48.28;9;22.93;1;3476.16
"CUST-3080";"Male";"3. Senior (51+)";"West";17;"Two year";40.39;0;17.69;0;686.63
"CUST-3081";"Female";"2. Adult (31-50)";"East";10;"Two year";50.18;0;47.69;0;501.8
"CUST-3082";"Female";"3. Senior (51+)";"North";40;"One year";34.24;1;41.44;0;1369.6
"CUST-3083";"Female";"3. Senior (51+)";"North";2;"Two year";24.96;0;42.67;0;49.92
"CUST-3084";"Non-binary";"3. Senior (51+)";"North";50;"Monthly";113.14;0;75.14;0;5657.0
"CUST-3085";"Male";"2. Adult (31-50)";"West";25;"Monthly";78.96;1;21.57;0;1974.0
"CUST-3086";"Female";"1. Young Adult (18-30)";"North";55;"Monthly";23.13;0;35.02;0;1272.15
"CUST-3087";"Male";"3. Senior (51+)";"West";23;"One year";66.19;1;59.08;0;1522.37
"CUST-3088";"Female";"2. Adult (31-50)";"West";47;"Monthly";119.63;1;52.58;1;5622.61
"CUST-3089";"Non-binary";"2. Adult (31-50)";"South";15;"One year";29.98;3;53.77;0;449.7
"CUST-3090";"Female";"3. Senior (51+)";"West";34;"Monthly";22.82;0;17.4;1;775.88
"CUST-3091";"Non-binary";"3. Senior (51+)";"North";4;"Two year";78.56;0;43.31;0;314.24
"CUST-3092";"Female";"2. Adult (31-50)";"South";5;"Two year";44.84;0;39.54;0;224.2
"CUST-3093";"Non-binary";"1. Young Adult (18-30)";"North";45;"Monthly";115.44;0;94.35;1;5194.8
"CUST-3094";"Male";"3. Senior (51+)";"North";50;"One year";112.52;0;54.57;1;5626.0
"CUST-3095";"Female";"3. Senior (51+)";"North";25;"Monthly";49.47;0;73.83;0;1236.75
"CUST-3096";"Female";"1. Young Adult (18-30)";"West";20;"Monthly";103.04;0;31.43;1;2060.8
"CUST-3097";"Non-binary";"3. Senior (51+)";"West";49;"Monthly";72.36;0;54.7;1;3545.64
"CUST-3098";"Non-binary";"1. Young Adult (18-30)";"East";9;"Two year";47.17;0;58.05;0;424.53
"CUST-3099";"Male";"4. Unkownn/Missing";"North";57;"Two year";34.39;0;58.76;0;1960.23
"CUST-3100";"Female";"3. Senior (51+)";"South";62;"Monthly";79.42;0;26.33;1;4924.04
"CUST-3101";"Female";"1. Young Adult (18-30)";"North";37;"Monthly";101.55;1;83.11;0;3757.35
"CUST-3102";"Male";"2. Adult (31-50)";"South";49;"Monthly";22.58;0;25.93;0;1106.42
"CUST-3103";"Non-binary";"4. Unkownn/Missing";"North";33;"Monthly";65.5;2;83.23;0;2161.5
"CUST-3104";"Male";"3. Senior (51+)";"West";38;"Two year";86.66;0;68.81;0;3293.08
"CUST-3105";"Female";"2. Adult (31-50)";"West";5;"One year";48.74;0;39.54;0;243.7
"CUST-3106";"Female";"3. Senior (51+)";"West";63;"One year";48.19;1;54.89;0;3035.97
"CUST-3107";"Male";"3. Senior (51+)";"South";9;"Monthly";109.67;1;74.46;1;987.03
"CUST-3108";"Female";"1. Young Adult (18-30)";"East";16;"One year";43.2;3;51.24;0;691.2
"CUST-3109";"Male";"3. Senior (51+)";"East";0;"One year";31.66;0;54.7;1;0.0
"CUST-3110";"Female";"3. Senior (51+)";"East";36;"Monthly";34.55;10;19.5;1;1243.8
"CUST-3111";"Female";"1. Young Adult (18-30)";"West";25;"One year";57.07;0;93.53;1;1426.75
"CUST-3112";"Non-binary";"3. Senior (51+)";"West";24;"Two year";27.23;3;43.53;1;653.52
"CUST-3113";"Non-binary";"2. Adult (31-50)";"East";12;"Monthly";44.94;0;54.82;0;539.28
"CUST-3114";"Male";"4. Unkownn/Missing";"West";54;"Monthly";62.27;0;51.78;0;3362.58
"CUST-3115";"Male";"2. Adult (31-50)";"North";10;"Two year";45.82;0;21.74;0;458.2
"CUST-3116";"Non-binary";"3. Senior (51+)";"North";39;"Monthly";80.63;1;59.64;1;3144.57
"CUST-3117";"Female";"2. Adult (31-50)";"North";6;"Monthly";29.31;0;52.96;1;175.86
"CUST-3118";"Non-binary";"3. Senior (51+)";"West";23;"Monthly";30.93;0;45.74;0;711.39
"CUST-3119";"Female";"3. Senior (51+)";"North";60;"Monthly";57.94;2;57.22;0;3476.4
"CUST-3120";"Female";"3. Senior (51+)";"North";25;"Monthly";33.18;0;57.71;1;829.5
"CUST-3121";"Non-binary";"3. Senior (51+)";"West";45;"One year";57.87;2;56.4;0;2604.15
"CUST-3122";"Male";"3. Senior (51+)";"West";48;"Monthly";107.18;0;12.03;1;5144.64
"CUST-3123";"Female";"2. Adult (31-50)";"West";52;"Monthly";66.05;0;54.79;0;3434.6
"CUST-3124";"Male";"3. Senior (51+)";"South";67;"One year";91.28;0;52.82;0;6115.76
"CUST-3125";"Female";"2. Adult (31-50)";"East";41;"Monthly";35.85;0;87.35;1;1469.85
"CUST-3126";"Female";"1. Young Adult (18-30)";"South";27;"One year";82.1;0;49.9;0;2216.7
"CUST-3127";"Female";"2. Adult (31-50)";"West";7;"Monthly";25.18;0;59.79;1;176.26
"CUST-3128";"Female";"1. Young Adult (18-30)";"North";11;"One year";82.34;0;36.4;0;905.74
"CUST-3129";"Male";"3. Senior (51+)";"East";64;"Monthly";60.9;0;73.12;1;3897.6
"CUST-3130";"Female";"1. Young Adult (18-30)";"North";15;"Monthly";65.95;2;43.07;0;989.25
"CUST-3131";"Female";"2. Adult (31-50)";"North";11;"One year";67.52;0;53.43;1;742.72
"CUST-3132";"Female";"3. Senior (51+)";"West";7;"Monthly";61.08;0;88.65;0;427.56
"CUST-3133";"Male";"3. Senior (51+)";"West";13;"Monthly";61.11;0;56.82;1;794.43
"CUST-3134";"Male";"3. Senior (51+)";"North";5;"One year";118.52;0;42.55;1;592.6
"CUST-3135";"Female";"1. Young Adult (18-30)";"West";44;"Two year";100.03;0;32.48;1;4401.32
"CUST-3136";"Female";"3. Senior (51+)";"North";45;"One year";27.75;1;56.4;0;1248.75
"CUST-3137";"Female";"3. Senior (51+)";"South";17;"Monthly";39.66;0;28.77;1;674.22
"CUST-3138";"Male";"3. Senior (51+)";"West";4;"Monthly";59.92;5;7.649999999999999;1;239.68
"CUST-3139";"Female";"3. Senior (51+)";"East";9;"Two year";104.87;0;47.17;1;943.83
"CUST-3140";"Male";"1. Young Adult (18-30)";"North";62;"One year";49.38;0;52.93;0;3061.56
"CUST-3141";"Female";"2. Adult (31-50)";"North";28;"Monthly";98.59;1;53.86;1;2760.52
"CUST-3142";"Male";"1. Young Adult (18-30)";"South";19;"One year";106.05;2;55.11;0;2014.95
"CUST-3143";"Female";"1. Young Adult (18-30)";"East";54;"Monthly";41.73;0;56.4;1;2253.42
"CUST-3144";"Female";"3. Senior (51+)";"West";52;"One year";34.65;0;54.79;0;1801.8
"CUST-3145";"Male";"4. Unkownn/Missing";"South";13;"Monthly";111.22;7;30.01;1;1445.86
"CUST-3146";"Female";"2. Adult (31-50)";"North";5;"Two year";58.68;2;0.0;1;293.4
"CUST-3147";"Non-binary";"1. Young Adult (18-30)";"West";8;"One year";109.38;0;56.44;0;875.04
"CUST-3148";"Female";"3. Senior (51+)";"West";20;"Monthly";22.09;2;61.38;0;441.8
"CUST-3149";"Non-binary";"3. Senior (51+)";"West";37;"Monthly";65.87;0;54.96;1;2437.19
"CUST-3150";"Non-binary";"3. Senior (51+)";"South";17;"One year";80.62;0;56.0;0;1370.54
"CUST-3151";"Female";"3. Senior (51+)";"West";47;"Monthly";95.55;6;16.99;1;4490.85
"CUST-3152";"Female";"1. Young Adult (18-30)";"North";25;"Monthly";100.01;1;96.37;1;2500.25
"CUST-3153";"Female";"3. Senior (51+)";"North";22;"Two year";118.54;0;58.01;0;2607.88
"CUST-3154";"Female";"1. Young Adult (18-30)";"North";44;"Monthly";114.56;0;56.45;1;5040.64
"CUST-3155";"Non-binary";"2. Adult (31-50)";"North";63;"Two year";76.31;0;54.89;0;4807.53
"CUST-3156";"Female";"3. Senior (51+)";"North";45;"Two year";63.29;3;56.4;0;2848.05
"CUST-3157";"Non-binary";"2. Adult (31-50)";"North";15;"One year";21.31;0;97.35;0;319.65
"CUST-3158";"Female";"3. Senior (51+)";"South";36;"Monthly";57.08;0;88.08;0;2054.88
"CUST-3159";"Female";"2. Adult (31-50)";"North";44;"One year";67.69;1;56.45;0;2978.36
"CUST-3160";"Male";"1. Young Adult (18-30)";"North";2;"One year";102.43;0;15.18;0;204.86
"CUST-3161";"Male";"3. Senior (51+)";"West";47;"Monthly";23.33;0;45.52;1;1096.51
"CUST-3162";"Male";"1. Young Adult (18-30)";"South";43;"Two year";102.88;0;83.49;0;4423.84
"CUST-3163";"Female";"2. Adult (31-50)";"East";6;"One year";102.36;0;73.99;0;614.16
"CUST-3164";"Female";"2. Adult (31-50)";"West";27;"Two year";100.92;0;10.5;0;2724.84
"CUST-3165";"Non-binary";"3. Senior (51+)";"North";43;"Monthly";66.45;5;27.21;1;2857.35
"CUST-3166";"Female";"2. Adult (31-50)";"South";43;"Monthly";57.3;0;53.15;0;2463.9
"CUST-3167";"Female";"1. Young Adult (18-30)";"West";17;"Monthly";91.22;0;56.0;1;1550.74
"CUST-3168";"Non-binary";"1. Young Adult (18-30)";"South";57;"Two year";22.54;2;58.76;0;1284.78
"CUST-3169";"Male";"2. Adult (31-50)";"East";12;"One year";119.04;1;54.82;1;1428.48
"CUST-3170";"Male";"2. Adult (31-50)";"West";4;"Monthly";24.48;0;33.16;0;97.92
"CUST-3171";"Male";"3. Senior (51+)";"North";51;"Monthly";79.23;0;57.9;1;4040.73
"CUST-3172";"Female";"3. Senior (51+)";"South";49;"Monthly";103.85;3;54.7;0;5088.65
"CUST-3173";"Male";"4. Unkownn/Missing";"East";52;"Monthly";44.96;1;52.07;1;2337.92
"CUST-3174";"Female";"4. Unkownn/Missing";"South";56;"Monthly";109.8;1;94.98;1;6148.8
"CUST-3175";"Male";"3. Senior (51+)";"North";9;"Monthly";56.13;0;58.05;0;505.17
"CUST-3176";"Female";"2. Adult (31-50)";"North";9;"Monthly";56.25;7;15.76;1;506.25
"CUST-3177";"Non-binary";"1. Young Adult (18-30)";"South";53;"One year";35.34;0;55.3;1;1873.02
"CUST-3178";"Female";"3. Senior (51+)";"South";42;"Monthly";98.24;2;58.5;1;4126.08
"CUST-3179";"Male";"2. Adult (31-50)";"North";43;"One year";89.45;0;83.72;0;3846.35
"CUST-3180";"Male";"2. Adult (31-50)";"North";66;"Monthly";42.03;0;54.86;0;2773.98
"CUST-3181";"Female";"1. Young Adult (18-30)";"South";26;"Monthly";109.39;0;40.0;1;2844.14
"CUST-3182";"Female";"2. Adult (31-50)";"North";44;"Monthly";50.7;0;66.58;1;2230.8
"CUST-3183";"Male";"1. Young Adult (18-30)";"West";40;"Monthly";104.82;1;54.99;0;4192.8
"CUST-3184";"Female";"3. Senior (51+)";"South";38;"Monthly";45.3;0;81.94;1;1721.4
"CUST-3185";"Female";"1. Young Adult (18-30)";"West";65;"Monthly";26.68;1;55.74;1;1734.2
"CUST-3186";"Male";"3. Senior (51+)";"West";57;"One year";75.59;3;58.76;0;4308.63
"CUST-3187";"Non-binary";"2. Adult (31-50)";"North";13;"Monthly";49.71;0;79.28;1;646.23
"CUST-3188";"Male";"3. Senior (51+)";"West";29;"Monthly";106.04;0;51.72;0;3075.16
"CUST-3189";"Female";"3. Senior (51+)";"South";5;"Two year";75.69;0;74.67;0;378.45
"CUST-3190";"Female";"4. Unkownn/Missing";"South";63;"Monthly";96.41;0;54.89;1;6073.83
"CUST-3191";"Non-binary";"2. Adult (31-50)";"South";13;"One year";57.88;0;92.7;0;752.44
"CUST-3192";"Female";"1. Young Adult (18-30)";"West";16;"Monthly";42.69;2;57.1;1;683.04
"CUST-3193";"Female";"3. Senior (51+)";"North";10;"One year";38.01;1;64.81;0;380.1
"CUST-3194";"Female";"1. Young Adult (18-30)";"East";17;"Two year";112.89;0;56.0;1;1919.13
"CUST-3195";"Female";"3. Senior (51+)";"North";30;"Monthly";43.3;1;57.44;1;1299.0
"CUST-3196";"Female";"3. Senior (51+)";"East";64;"Two year";59.38;0;49.79;0;3800.32
"CUST-3197";"Non-binary";"3. Senior (51+)";"South";36;"One year";63.88;2;30.59;0;2299.68
"CUST-3198";"Female";"2. Adult (31-50)";"West";10;"One year";74.01;1;67.6;0;740.1
"CUST-3199";"Non-binary";"1. Young Adult (18-30)";"West";40;"Monthly";90.76;2;54.99;1;3630.4
"CUST-3200";"Male";"1. Young Adult (18-30)";"East";7;"Monthly";56.87;0;59.79;1;398.09
"CUST-3201";"Female";"1. Young Adult (18-30)";"West";45;"One year";66.38;0;93.69;0;2987.1
"CUST-3202";"Female";"3. Senior (51+)";"East";19;"Two year";51.92;0;94.34;0;986.48
"CUST-3203";"Female";"3. Senior (51+)";"West";71;"Two year";50.75;1;54.72;0;3603.25
"CUST-3204";"Female";"2. Adult (31-50)";"East";32;"One year";31.74;0;51.91;0;1015.68
"CUST-3205";"Female";"2. Adult (31-50)";"West";44;"One year";59.65;3;97.74;0;2624.6
"CUST-3206";"Non-binary";"3. Senior (51+)";"South";72;"Monthly";92.89;0;30.95;1;6688.08
"CUST-3207";"Female";"3. Senior (51+)";"East";47;"Monthly";72.5;1;52.58;1;3407.5
"CUST-3208";"Male";"3. Senior (51+)";"West";54;"Monthly";107.23;10;26.02;1;5790.42
"CUST-3209";"Non-binary";"1. Young Adult (18-30)";"South";68;"One year";43.75;1;57.81;0;2975.0
"CUST-3210";"Male";"1. Young Adult (18-30)";"South";27;"One year";70.33;0;18.6;1;1898.91
"CUST-3211";"Female";"3. Senior (51+)";"West";21;"One year";58.44;0;55.93;0;1227.24
"CUST-3212";"Female";"2. Adult (31-50)";"West";15;"Two year";49.47;1;57.71;0;742.05
"CUST-3213";"Female";"2. Adult (31-50)";"North";32;"One year";44.66;1;51.91;0;1429.12
"CUST-3214";"Male";"4. Unkownn/Missing";"North";54;"Monthly";94.32;0;56.4;0;5093.28
"CUST-3215";"Male";"2. Adult (31-50)";"North";21;"Monthly";61.93;1;55.93;0;1300.53
"CUST-3216";"Female";"3. Senior (51+)";"West";25;"One year";38.31;0;46.91;0;957.75
"CUST-3217";"Male";"1. Young Adult (18-30)";"South";29;"Monthly";60.82;1;73.09;1;1763.78
"CUST-3218";"Male";"3. Senior (51+)";"North";39;"Two year";59.73;0;41.79;0;2329.47
"CUST-3219";"Male";"3. Senior (51+)";"South";52;"Monthly";32.55;1;15.02;1;1692.6
"CUST-3220";"Male";"3. Senior (51+)";"West";66;"One year";77.98;0;54.86;0;5146.68
"CUST-3221";"Non-binary";"2. Adult (31-50)";"West";21;"Monthly";119.76;0;55.93;0;2514.96
"CUST-3222";"Male";"2. Adult (31-50)";"North";42;"One year";92.73;0;67.68;0;3894.66
"CUST-3223";"Female";"3. Senior (51+)";"East";48;"Monthly";81.66;0;88.76;0;3919.68
"CUST-3224";"Non-binary";"3. Senior (51+)";"East";1;"Two year";68.28;1;47.86;0;68.28
"CUST-3225";"Female";"1. Young Adult (18-30)";"East";54;"Monthly";41.35;0;78.22;0;2232.9
"CUST-3226";"Female";"3. Senior (51+)";"South";43;"Two year";67.47;0;77.66;0;2901.21
"CUST-3227";"Male";"3. Senior (51+)";"East";4;"One year";96.22;0;67.39;0;384.88
"CUST-3228";"Male";"3. Senior (51+)";"West";52;"One year";96.69;0;45.17;0;5027.88
"CUST-3229";"Non-binary";"3. Senior (51+)";"South";31;"Monthly";93.75;2;51.61;1;2906.25
"CUST-3230";"Female";"3. Senior (51+)";"North";25;"Two year";116.88;2;57.71;0;2922.0
"CUST-3231";"Female";"3. Senior (51+)";"West";19;"Monthly";81.53;0;55.11;0;1549.07
"CUST-3232";"Female";"1. Young Adult (18-30)";"South";65;"Monthly";78.35;1;11.12;1;5092.75
"CUST-3233";"Male";"3. Senior (51+)";"North";29;"Monthly";99.74;2;55.42;0;2892.46
"CUST-3234";"Female";"3. Senior (51+)";"West";33;"One year";117.38;0;54.53;0;3873.54
"CUST-3235";"Female";"2. Adult (31-50)";"East";63;"Two year";22.64;0;54.89;1;1426.32
"CUST-3236";"Male";"3. Senior (51+)";"North";49;"Monthly";77.0;3;21.47;1;3773.0
"CUST-3237";"Female";"3. Senior (51+)";"North";16;"One year";25.24;0;57.1;0;403.84
"CUST-3238";"Non-binary";"3. Senior (51+)";"East";68;"Monthly";24.78;0;57.81;1;1685.04
"CUST-3239";"Female";"2. Adult (31-50)";"West";9;"Monthly";108.58;6;33.66;1;977.22
"CUST-3240";"Female";"1. Young Adult (18-30)";"East";19;"Monthly";46.02;2;55.11;0;874.38
"CUST-3241";"Female";"1. Young Adult (18-30)";"North";59;"Two year";76.31;0;50.64;0;4502.29
"CUST-3242";"Non-binary";"3. Senior (51+)";"North";19;"One year";96.18;2;55.11;0;1827.42
"CUST-3243";"Male";"3. Senior (51+)";"East";21;"One year";99.81;2;55.93;1;2096.01
"CUST-3244";"Female";"3. Senior (51+)";"South";66;"One year";109.33;0;10.32;0;7215.78
"CUST-3245";"Male";"2. Adult (31-50)";"West";51;"One year";43.75;0;32.31;1;2231.25
"CUST-3246";"Female";"3. Senior (51+)";"North";33;"Monthly";52.76;2;58.45;1;1741.08
"CUST-3247";"Male";"2. Adult (31-50)";"South";53;"Two year";43.14;0;69.28;0;2286.42
"CUST-3248";"Female";"2. Adult (31-50)";"East";43;"Two year";25.56;0;50.09;0;1099.08
"CUST-3249";"Female";"2. Adult (31-50)";"West";23;"Monthly";74.72;2;56.11;0;1718.56
"CUST-3250";"Non-binary";"3. Senior (51+)";"East";22;"Monthly";42.78;0;79.85;1;941.16
"CUST-3251";"Male";"2. Adult (31-50)";"West";49;"Monthly";43.56;1;54.7;0;2134.44
"CUST-3252";"Non-binary";"3. Senior (51+)";"West";49;"Monthly";55.73;0;88.69;1;2730.77
"CUST-3253";"Male";"2. Adult (31-50)";"South";66;"Monthly";77.94;1;54.86;0;5144.04
"CUST-3254";"Male";"3. Senior (51+)";"North";56;"Monthly";115.99;0;63.17;1;6495.44
"CUST-3255";"Female";"3. Senior (51+)";"East";50;"Two year";43.6;0;49.41;1;2180.0
"CUST-3256";"Female";"3. Senior (51+)";"West";62;"One year";75.56;0;52.93;0;4684.72
"CUST-3257";"Female";"3. Senior (51+)";"East";21;"Monthly";107.45;0;55.93;1;2256.45
"CUST-3258";"Non-binary";"2. Adult (31-50)";"West";32;"Monthly";47.67;4;14.0;0;1525.44
"CUST-3259";"Female";"3. Senior (51+)";"South";50;"One year";110.75;0;54.57;0;5537.5
"CUST-3260";"Non-binary";"3. Senior (51+)";"West";22;"Monthly";55.51;4;33.66;1;1221.22
"CUST-3261";"Female";"4. Unkownn/Missing";"South";42;"Monthly";95.98;2;33.48;1;4031.16
"CUST-3262";"Male";"3. Senior (51+)";"South";65;"Monthly";75.59;2;55.95;0;4913.35
"CUST-3263";"Male";"3. Senior (51+)";"North";37;"Two year";38.29;1;68.69;0;1416.73
"CUST-3264";"Female";"1. Young Adult (18-30)";"East";17;"Monthly";26.71;0;56.0;0;454.07
"CUST-3265";"Female";"3. Senior (51+)";"South";25;"One year";23.45;1;94.41;1;586.25
"CUST-3266";"Non-binary";"2. Adult (31-50)";"North";49;"Monthly";76.8;0;14.9;0;3763.2
"CUST-3267";"Non-binary";"2. Adult (31-50)";"North";13;"Two year";31.14;0;37.92;0;404.82
"CUST-3268";"Female";"3. Senior (51+)";"West";53;"Monthly";43.28;2;47.0;1;2293.84
"CUST-3269";"Male";"3. Senior (51+)";"South";15;"Monthly";22.1;0;53.77;1;331.5
"CUST-3270";"Male";"2. Adult (31-50)";"North";2;"One year";49.54;0;42.67;0;99.08
"CUST-3271";"Male";"2. Adult (31-50)";"West";7;"Two year";70.09;2;59.79;0;490.63
"CUST-3272";"Non-binary";"1. Young Adult (18-30)";"South";25;"Monthly";40.5;3;57.71;1;1012.5
"CUST-3273";"Female";"1. Young Adult (18-30)";"West";40;"One year";50.41;0;54.99;0;2016.4
"CUST-3274";"Non-binary";"3. Senior (51+)";"West";32;"Two year";75.56;3;55.36;1;2417.92
"CUST-3275";"Female";"1. Young Adult (18-30)";"North";30;"Monthly";30.39;0;57.44;0;911.7
"CUST-3276";"Female";"3. Senior (51+)";"East";51;"Monthly";72.12;0;43.93;1;3678.12
"CUST-3277";"Female";"3. Senior (51+)";"East";11;"One year";49.22;0;74.17;0;541.42
"CUST-3278";"Male";"3. Senior (51+)";"West";33;"Monthly";62.19;0;54.53;1;2052.27
"CUST-3279";"Male";"3. Senior (51+)";"South";60;"Monthly";84.5;3;88.45;1;5070.0
"CUST-3280";"Male";"2. Adult (31-50)";"East";39;"Monthly";32.81;0;70.7;0;1279.59
"CUST-3281";"Non-binary";"3. Senior (51+)";"South";41;"One year";81.13;0;51.63;1;3326.33
"CUST-3282";"Female";"2. Adult (31-50)";"North";2;"Monthly";62.07;3;41.12;1;124.14
"CUST-3283";"Non-binary";"3. Senior (51+)";"West";14;"Monthly";94.74;1;37.17;0;1326.36
"CUST-3284";"Female";"3. Senior (51+)";"North";8;"One year";48.76;2;56.44;0;390.08
"CUST-3285";"Male";"3. Senior (51+)";"North";26;"Two year";56.92;2;73.27;1;1479.92
"CUST-3286";"Male";"4. Unkownn/Missing";"South";11;"One year";104.83;7;28.78;0;1153.13
"CUST-3287";"Female";"2. Adult (31-50)";"South";23;"Monthly";105.17;7;31.86;1;2418.91
"CUST-3288";"Male";"3. Senior (51+)";"West";54;"Monthly";83.26;0;56.4;1;4496.04
"CUST-3289";"Male";"2. Adult (31-50)";"West";65;"Two year";89.79;4;29.85;0;5836.35
"CUST-3290";"Male";"2. Adult (31-50)";"South";69;"Monthly";34.65;1;57.1;1;2390.85
"CUST-3291";"Female";"2. Adult (31-50)";"North";27;"Monthly";38.08;1;64.41;1;1028.16
"CUST-3292";"Male";"3. Senior (51+)";"West";16;"Monthly";72.2;0;56.87;1;1155.2
"CUST-3293";"Non-binary";"2. Adult (31-50)";"South";38;"Monthly";24.55;0;22.16;1;932.9
"CUST-3294";"Male";"3. Senior (51+)";"North";10;"Monthly";68.01;2;47.69;1;680.1
"CUST-3295";"Non-binary";"4. Unkownn/Missing";"East";57;"Monthly";21.07;0;59.89;0;1200.99
"CUST-3296";"Male";"1. Young Adult (18-30)";"South";38;"Monthly";57.49;0;53.79;0;2184.62
"CUST-3297";"Male";"3. Senior (51+)";"North";47;"Two year";116.08;10;27.46;0;5455.76
"CUST-3298";"Female";"3. Senior (51+)";"West";7;"Two year";118.65;1;59.79;0;830.55
"CUST-3299";"Female";"3. Senior (51+)";"North";5;"Two year";113.35;3;6.100000000000001;0;566.75
"CUST-3300";"Male";"3. Senior (51+)";"East";60;"Monthly";76.01;0;57.22;0;4560.6
"CUST-3301";"Non-binary";"3. Senior (51+)";"East";70;"Monthly";101.1;0;58.23;1;7077.0
"CUST-3302";"Female";"3. Senior (51+)";"South";47;"One year";111.67;0;62.27;0;5248.49
"CUST-3303";"Female";"2. Adult (31-50)";"South";59;"One year";20.88;3;50.64;0;1231.92
"CUST-3304";"Female";"1. Young Adult (18-30)";"South";65;"Monthly";88.58;0;89.24;1;5757.7
"CUST-3305";"Female";"3. Senior (51+)";"North";21;"One year";96.33;0;48.63;1;2022.93
"CUST-3306";"Non-binary";"1. Young Adult (18-30)";"West";63;"Monthly";69.98;0;54.89;1;4408.74
"CUST-3307";"Male";"3. Senior (51+)";"North";52;"Monthly";48.84;0;54.79;0;2539.68
"CUST-3308";"Female";"2. Adult (31-50)";"South";51;"Monthly";75.74;0;22.42;1;3862.74
"CUST-3309";"Male";"2. Adult (31-50)";"South";31;"One year";115.03;0;75.61;0;3565.93
"CUST-3310";"Female";"3. Senior (51+)";"West";66;"Two year";64.69;0;54.86;1;4269.54
"CUST-3311";"Female";"3. Senior (51+)";"West";42;"Monthly";42.74;2;58.5;0;1795.08
"CUST-3312";"Male";"3. Senior (51+)";"North";43;"Monthly";80.36;0;53.15;0;3455.48
"CUST-3313";"Male";"2. Adult (31-50)";"South";48;"Two year";95.68;9;29.29;1;4592.64
"CUST-3314";"Male";"3. Senior (51+)";"North";64;"Monthly";97.84;0;66.7;0;6261.76
"CUST-3315";"Non-binary";"3. Senior (51+)";"South";17;"Monthly";110.93;5;15.96;1;1885.81
"CUST-3316";"Non-binary";"2. Adult (31-50)";"West";27;"Two year";25.36;0;49.9;0;684.72
"CUST-3317";"Non-binary";"3. Senior (51+)";"West";65;"Two year";55.06;0;55.95;0;3578.9
"CUST-3318";"Female";"1. Young Adult (18-30)";"South";52;"Monthly";37.16;0;54.79;1;1932.32
"CUST-3319";"Female";"3. Senior (51+)";"North";49;"One year";114.69;0;54.7;0;5619.81
"CUST-3320";"Female";"3. Senior (51+)";"North";11;"One year";66.57;2;53.43;0;732.27
"CUST-3321";"Male";"3. Senior (51+)";"North";3;"Monthly";110.95;0;42.33;1;332.85
"CUST-3322";"Non-binary";"2. Adult (31-50)";"North";3;"One year";28.57;0;48.61;0;85.71
"CUST-3323";"Non-binary";"3. Senior (51+)";"North";46;"Monthly";31.54;0;51.24;1;1450.84
"CUST-3324";"Non-binary";"2. Adult (31-50)";"North";29;"Monthly";38.63;0;94.4;1;1120.27
"CUST-3325";"Male";"3. Senior (51+)";"North";34;"Monthly";98.03;3;52.64;0;3333.02
"CUST-3326";"Male";"2. Adult (31-50)";"North";16;"One year";102.28;0;57.1;1;1636.48
"CUST-3327";"Non-binary";"3. Senior (51+)";"South";6;"One year";77.56;0;52.96;1;465.36
"CUST-3328";"Non-binary";"1. Young Adult (18-30)";"West";1;"Two year";31.71;0;43.21;0;31.71
"CUST-3329";"Female";"2. Adult (31-50)";"East";2;"Monthly";95.82;2;42.67;1;191.64
"CUST-3330";"Female";"2. Adult (31-50)";"South";14;"One year";40.03;3;60.49;1;560.42
"CUST-3331";"Female";"3. Senior (51+)";"West";46;"Monthly";27.86;0;98.86;1;1281.56
"CUST-3332";"Female";"2. Adult (31-50)";"West";17;"One year";79.92;0;14.22;0;1358.64
"CUST-3333";"Female";"1. Young Adult (18-30)";"South";38;"Monthly";118.06;3;53.79;0;4486.28
"CUST-3334";"Female";"2. Adult (31-50)";"South";23;"Two year";105.44;1;56.11;1;2425.12
"CUST-3335";"Female";"2. Adult (31-50)";"North";6;"Monthly";59.67;2;52.96;1;358.02
"CUST-3336";"Male";"3. Senior (51+)";"North";52;"One year";41.93;0;54.79;0;2180.36
"CUST-3337";"Male";"2. Adult (31-50)";"East";26;"Monthly";55.94;5;11.09;1;1454.44
"CUST-3338";"Male";"2. Adult (31-50)";"North";39;"One year";27.18;0;59.64;0;1060.02
"CUST-3339";"Male";"3. Senior (51+)";"West";65;"One year";29.41;10;38.99;0;1911.65
"CUST-3340";"Non-binary";"2. Adult (31-50)";"North";62;"Two year";116.46;0;52.93;0;7220.52
"CUST-3341";"Male";"2. Adult (31-50)";"South";61;"Monthly";78.01;0;55.13;0;4758.61
"CUST-3342";"Female";"3. Senior (51+)";"West";48;"Two year";49.12;0;77.35;0;2357.76
"CUST-3343";"Male";"2. Adult (31-50)";"West";35;"Monthly";80.24;0;56.85;0;2808.4
"CUST-3344";"Male";"3. Senior (51+)";"West";30;"Monthly";36.94;0;57.44;1;1108.2
"CUST-3345";"Non-binary";"3. Senior (51+)";"East";72;"Monthly";62.6;1;54.68;1;4507.2
"CUST-3346";"Male";"3. Senior (51+)";"East";10;"Monthly";76.62;1;47.69;0;766.2
"CUST-3347";"Male";"3. Senior (51+)";"West";21;"Monthly";33.73;6;33.18;1;708.33
"CUST-3348";"Female";"3. Senior (51+)";"North";67;"Monthly";105.17;0;72.82;1;7046.39
"CUST-3349";"Female";"4. Unkownn/Missing";"South";41;"Monthly";27.68;3;49.68;0;1134.88
"CUST-3350";"Male";"2. Adult (31-50)";"South";35;"Two year";110.72;1;53.54;0;3875.2
"CUST-3351";"Non-binary";"3. Senior (51+)";"North";16;"Monthly";104.49;0;57.1;1;1671.84
"CUST-3352";"Female";"2. Adult (31-50)";"South";17;"One year";20.02;0;56.0;0;340.34
"CUST-3353";"Male";"3. Senior (51+)";"North";69;"One year";65.95;2;57.1;0;4550.55
"CUST-3354";"Male";"2. Adult (31-50)";"West";18;"Two year";72.47;2;51.92;0;1304.46
"CUST-3355";"Non-binary";"3. Senior (51+)";"North";9;"One year";90.23;0;90.39;0;812.07
"CUST-3356";"Non-binary";"2. Adult (31-50)";"West";11;"Two year";49.45;2;52.54;0;543.95
"CUST-3357";"Female";"2. Adult (31-50)";"North";24;"One year";60.5;0;84.21;0;1452.0
"CUST-3358";"Male";"3. Senior (51+)";"West";18;"Monthly";107.32;3;51.92;1;1931.76
"CUST-3359";"Non-binary";"2. Adult (31-50)";"North";24;"Monthly";106.38;3;50.66;1;2553.12
"CUST-3360";"Female";"3. Senior (51+)";"South";6;"Monthly";93.78;0;29.29;0;562.68
"CUST-3361";"Female";"3. Senior (51+)";"West";42;"One year";103.45;0;58.5;0;4344.9
"CUST-3362";"Non-binary";"2. Adult (31-50)";"North";66;"One year";80.09;0;54.86;0;5285.94
"CUST-3363";"Male";"1. Young Adult (18-30)";"North";60;"Monthly";28.09;0;57.22;1;1685.4
"CUST-3364";"Female";"3. Senior (51+)";"West";21;"Two year";24.61;3;55.93;0;516.81
"CUST-3365";"Male";"3. Senior (51+)";"West";11;"Monthly";101.45;0;53.43;1;1115.95
"CUST-3366";"Non-binary";"2. Adult (31-50)";"East";59;"Two year";107.02;1;50.64;0;6314.18
"CUST-3367";"Female";"2. Adult (31-50)";"North";45;"Monthly";90.58;1;56.4;1;4076.1
"CUST-3368";"Female";"2. Adult (31-50)";"South";51;"Monthly";31.98;0;57.9;0;1630.98
"CUST-3369";"Non-binary";"3. Senior (51+)";"West";66;"Monthly";100.22;1;54.86;1;6614.52
"CUST-3370";"Male";"4. Unkownn/Missing";"South";7;"Monthly";61.28;0;59.79;0;428.96
"CUST-3371";"Female";"3. Senior (51+)";"West";33;"Monthly";112.36;1;40.98;1;3707.88
"CUST-3372";"Female";"1. Young Adult (18-30)";"North";25;"Two year";46.86;0;14.62;1;1171.5
"CUST-3373";"Female";"2. Adult (31-50)";"West";22;"One year";113.91;2;58.01;0;2506.02
"CUST-3374";"Female";"2. Adult (31-50)";"East";72;"Monthly";114.34;1;42.13;0;8232.48
"CUST-3375";"Male";"3. Senior (51+)";"North";17;"Monthly";46.24;0;56.0;0;786.08
"CUST-3376";"Non-binary";"2. Adult (31-50)";"South";53;"Monthly";98.63;3;76.57;1;5227.39
"CUST-3377";"Non-binary";"2. Adult (31-50)";"West";59;"Monthly";83.0;0;50.64;1;4897.0
"CUST-3378";"Female";"3. Senior (51+)";"North";3;"Monthly";64.23;0;46.82;0;192.69
"CUST-3379";"Male";"3. Senior (51+)";"West";3;"Monthly";48.48;0;42.33;0;145.44
"CUST-3380";"Male";"2. Adult (31-50)";"North";53;"One year";66.97;0;55.3;0;3549.41
"CUST-3381";"Male";"1. Young Adult (18-30)";"East";38;"Monthly";89.83;2;54.04;0;3413.54
"CUST-3382";"Non-binary";"2. Adult (31-50)";"North";17;"One year";60.53;3;56.0;0;1029.01
"CUST-3383";"Female";"2. Adult (31-50)";"North";13;"Monthly";90.42;1;51.72;1;1175.46
"CUST-3384";"Male";"3. Senior (51+)";"North";52;"One year";102.69;0;54.79;0;5339.88
"CUST-3385";"Male";"2. Adult (31-50)";"North";14;"Monthly";44.83;1;84.18;0;627.62
"CUST-3386";"Female";"1. Young Adult (18-30)";"North";0;"One year";119.8;3;44.44;0;0.0
"CUST-3387";"Male";"3. Senior (51+)";"East";27;"Monthly";42.56;0;49.9;1;1149.12
"CUST-3388";"Female";"3. Senior (51+)";"West";27;"Two year";90.19;0;99.11;0;2435.13
"CUST-3389";"Non-binary";"2. Adult (31-50)";"East";16;"One year";41.87;0;44.02;0;669.92
"CUST-3390";"Non-binary";"2. Adult (31-50)";"South";25;"One year";21.49;3;59.93;1;537.25
"CUST-3391";"Female";"2. Adult (31-50)";"North";72;"One year";26.92;0;79.37;0;1938.24
"CUST-3392";"Male";"1. Young Adult (18-30)";"South";16;"Monthly";53.52;0;57.1;0;856.32
"CUST-3393";"Female";"2. Adult (31-50)";"South";42;"One year";33.44;0;92.27;0;1404.48
"CUST-3394";"Male";"3. Senior (51+)";"West";10;"One year";99.81;0;22.79;0;998.1
"CUST-3395";"Male";"2. Adult (31-50)";"North";6;"Monthly";21.06;1;63.73;0;126.36
"CUST-3396";"Female";"3. Senior (51+)";"West";44;"Two year";52.24;0;56.45;0;2298.56
"CUST-3397";"Female";"1. Young Adult (18-30)";"South";52;"Monthly";94.99;3;54.79;1;4939.48
"CUST-3398";"Non-binary";"3. Senior (51+)";"East";50;"Monthly";114.21;0;11.79;1;5710.5
"CUST-3399";"Male";"1. Young Adult (18-30)";"West";45;"Monthly";98.71;3;56.4;1;4441.95
"CUST-3400";"Male";"2. Adult (31-50)";"East";49;"One year";37.46;7;19.56;1;1835.54
"CUST-3401";"Non-binary";"3. Senior (51+)";"South";30;"One year";67.73;0;57.44;0;2031.9
"CUST-3402";"Female";"1. Young Adult (18-30)";"North";44;"One year";39.7;1;74.31;0;1746.8
"CUST-3403";"Female";"3. Senior (51+)";"East";9;"Two year";32.73;0;58.05;0;294.57
"CUST-3404";"Female";"3. Senior (51+)";"North";68;"One year";23.54;2;57.81;0;1600.72
"CUST-3405";"Male";"2. Adult (31-50)";"North";21;"One year";102.5;0;55.93;0;2152.5
"CUST-3406";"Male";"3. Senior (51+)";"South";23;"Monthly";28.39;0;55.37;1;652.97
"CUST-3407";"Male";"4. Unkownn/Missing";"West";12;"Monthly";67.02;0;78.47;1;804.24
"CUST-3408";"Male";"2. Adult (31-50)";"East";44;"Two year";117.89;0;56.45;1;5187.16
"CUST-3409";"Male";"1. Young Adult (18-30)";"West";14;"Monthly";28.62;0;50.47;1;400.68
"CUST-3410";"Female";"3. Senior (51+)";"North";70;"Two year";43.93;0;58.23;0;3075.1
"CUST-3411";"Female";"2. Adult (31-50)";"West";48;"Monthly";37.89;0;83.93;1;1818.72
"CUST-3412";"Male";"1. Young Adult (18-30)";"North";37;"Monthly";24.48;2;25.74;1;905.76
"CUST-3413";"Non-binary";"2. Adult (31-50)";"West";53;"One year";51.43;1;55.3;0;2725.79
"CUST-3414";"Non-binary";"3. Senior (51+)";"West";35;"Monthly";81.36;0;61.11;0;2847.6
"CUST-3415";"Female";"2. Adult (31-50)";"West";59;"Monthly";93.87;3;52.07;1;5538.33
"CUST-3416";"Male";"3. Senior (51+)";"West";20;"One year";81.35;2;53.01;1;1627.0
"CUST-3417";"Male";"3. Senior (51+)";"West";10;"Monthly";22.87;0;51.96;0;228.7
"CUST-3418";"Female";"3. Senior (51+)";"East";48;"Two year";107.97;1;70.32;1;5182.56
"CUST-3419";"Male";"2. Adult (31-50)";"West";7;"Two year";105.66;0;94.68;0;739.62
"CUST-3420";"Non-binary";"2. Adult (31-50)";"West";52;"One year";65.79;2;11.63;0;3421.08
"CUST-3421";"Male";"2. Adult (31-50)";"South";29;"One year";64.46;0;91.37;0;1869.34
"CUST-3422";"Male";"3. Senior (51+)";"West";66;"Monthly";31.08;0;90.3;1;2051.28
"CUST-3423";"Female";"3. Senior (51+)";"North";52;"One year";39.11;0;54.79;0;2033.72
"CUST-3424";"Non-binary";"2. Adult (31-50)";"South";14;"Monthly";84.85;0;50.47;1;1187.9
"CUST-3425";"Female";"1. Young Adult (18-30)";"East";4;"Monthly";45.22;0;43.31;0;180.88
"CUST-3426";"Female";"3. Senior (51+)";"West";42;"Monthly";29.27;0;52.03;0;1229.34
"CUST-3427";"Female";"1. Young Adult (18-30)";"South";40;"One year";119.52;0;88.82;1;4780.8
"CUST-3428";"Non-binary";"3. Senior (51+)";"South";46;"Monthly";107.4;0;15.52;1;4940.4
"CUST-3429";"Female";"2. Adult (31-50)";"North";70;"Monthly";66.84;3;72.76;1;4678.8
"CUST-3430";"Female";"2. Adult (31-50)";"South";63;"One year";69.03;0;54.89;0;4348.89
"CUST-3431";"Female";"2. Adult (31-50)";"West";4;"Monthly";95.62;0;56.239999999999995;1;382.48
"CUST-3432";"Male";"3. Senior (51+)";"East";7;"One year";111.0;0;70.15;0;777.0
"CUST-3433";"Male";"4. Unkownn/Missing";"West";24;"Monthly";44.89;2;65.1;1;1077.36
"CUST-3434";"Male";"3. Senior (51+)";"West";16;"One year";76.99;0;57.1;0;1231.84
"CUST-3435";"Male";"3. Senior (51+)";"South";5;"One year";59.11;0;22.939999999999998;0;295.55
"CUST-3436";"Male";"2. Adult (31-50)";"South";41;"Monthly";80.91;4;11.17;1;3317.31
"CUST-3437";"Female";"3. Senior (51+)";"South";29;"One year";93.22;0;55.42;0;2703.38
"CUST-3438";"Non-binary";"2. Adult (31-50)";"West";34;"Monthly";84.45;0;31.43;1;2871.3
"CUST-3439";"Non-binary";"3. Senior (51+)";"South";72;"Two year";20.83;0;17.26;0;1499.76
"CUST-3440";"Male";"3. Senior (51+)";"South";39;"Monthly";84.42;0;59.64;1;3292.38
"CUST-3441";"Non-binary";"2. Adult (31-50)";"North";61;"One year";89.15;0;55.13;0;5438.15
"CUST-3442";"Non-binary";"2. Adult (31-50)";"West";17;"Monthly";118.49;2;56.0;0;2014.33
"CUST-3443";"Male";"1. Young Adult (18-30)";"West";27;"Monthly";67.97;0;58.38;0;1835.19
"CUST-3444";"Non-binary";"3. Senior (51+)";"South";23;"Two year";90.35;0;56.11;0;2078.05
"CUST-3445";"Male";"3. Senior (51+)";"West";55;"One year";51.54;3;56.08;1;2834.7
"CUST-3446";"Female";"2. Adult (31-50)";"North";16;"Monthly";88.12;0;65.42;1;1409.92
"CUST-3447";"Female";"1. Young Adult (18-30)";"West";4;"One year";32.67;3;79.78;0;130.68
"CUST-3448";"Male";"1. Young Adult (18-30)";"East";72;"Two year";118.31;0;54.68;1;8518.32
"CUST-3449";"Female";"3. Senior (51+)";"North";30;"One year";105.54;0;70.92;0;3166.2
"CUST-3450";"Male";"1. Young Adult (18-30)";"North";9;"Monthly";109.17;0;54.84;0;982.53
"CUST-3451";"Female";"3. Senior (51+)";"North";32;"Two year";110.66;0;28.14;0;3541.12
"CUST-3452";"Male";"3. Senior (51+)";"East";71;"Monthly";88.99;0;54.72;1;6318.29
"CUST-3453";"Female";"1. Young Adult (18-30)";"West";2;"One year";54.28;0;42.67;0;108.56
"CUST-3454";"Female";"3. Senior (51+)";"South";70;"Monthly";73.82;2;58.23;1;5167.4
"CUST-3455";"Female";"2. Adult (31-50)";"North";66;"Monthly";75.97;0;54.86;1;5014.02
"CUST-3456";"Female";"3. Senior (51+)";"West";3;"Monthly";66.23;0;42.33;0;198.69
"CUST-3457";"Non-binary";"3. Senior (51+)";"West";36;"One year";35.43;0;40.43;1;1275.48
"CUST-3458";"Female";"3. Senior (51+)";"West";56;"One year";35.98;0;17.93;1;2014.88
"CUST-3459";"Non-binary";"1. Young Adult (18-30)";"West";33;"Two year";59.44;7;13.08;1;1961.52
"CUST-3460";"Non-binary";"2. Adult (31-50)";"North";38;"Monthly";36.61;0;53.79;1;1391.18
"CUST-3461";"Male";"2. Adult (31-50)";"South";13;"Monthly";37.62;0;54.77;0;489.06
"CUST-3462";"Male";"2. Adult (31-50)";"West";37;"Two year";65.37;3;41.78;0;2418.69
"CUST-3463";"Female";"3. Senior (51+)";"South";52;"One year";74.03;0;54.79;1;3849.56
"CUST-3464";"Female";"1. Young Adult (18-30)";"West";34;"Two year";52.54;0;92.41;0;1786.36
"CUST-3465";"Female";"1. Young Adult (18-30)";"West";45;"Monthly";111.27;0;87.03;1;5007.15
"CUST-3466";"Male";"3. Senior (51+)";"West";49;"Two year";100.66;0;24.22;1;4932.34
"CUST-3467";"Female";"2. Adult (31-50)";"East";66;"Two year";118.33;2;54.86;0;7809.78
"CUST-3468";"Male";"4. Unkownn/Missing";"West";42;"Monthly";77.15;0;58.5;0;3240.3
"CUST-3469";"Non-binary";"3. Senior (51+)";"North";66;"Two year";88.81;4;35.9;0;5861.46
"CUST-3470";"Female";"1. Young Adult (18-30)";"North";55;"Monthly";99.6;1;56.08;1;5478.0
"CUST-3471";"Female";"2. Adult (31-50)";"South";0;"One year";43.57;0;0.0;0;0.0
"CUST-3472";"Male";"4. Unkownn/Missing";"South";38;"Two year";76.9;0;53.79;0;2922.2
"CUST-3473";"Non-binary";"2. Adult (31-50)";"East";26;"Monthly";70.69;0;61.62;1;1837.94
"CUST-3474";"Female";"3. Senior (51+)";"East";17;"One year";50.89;3;56.0;0;865.13
"CUST-3475";"Female";"3. Senior (51+)";"East";24;"Monthly";37.57;2;92.41;0;901.68
"CUST-3476";"Female";"3. Senior (51+)";"South";57;"One year";72.93;0;58.76;0;4157.01
"CUST-3477";"Female";"2. Adult (31-50)";"East";35;"Monthly";98.9;3;56.85;1;3461.5
"CUST-3478";"Non-binary";"3. Senior (51+)";"North";15;"Two year";31.97;0;53.77;0;479.55
"CUST-3479";"Female";"3. Senior (51+)";"West";52;"Two year";24.81;0;54.79;0;1290.12
"CUST-3480";"Male";"3. Senior (51+)";"North";5;"Monthly";90.52;0;39.54;1;452.6
"CUST-3481";"Female";"2. Adult (31-50)";"South";56;"Two year";96.11;0;63.17;0;5382.16
"CUST-3482";"Female";"2. Adult (31-50)";"North";0;"One year";34.74;2;65.81;0;0.0
"CUST-3483";"Male";"3. Senior (51+)";"North";34;"One year";30.66;2;52.64;0;1042.44
"CUST-3484";"Female";"3. Senior (51+)";"North";31;"Two year";96.17;2;47.94;0;2981.27
"CUST-3485";"Non-binary";"3. Senior (51+)";"West";47;"Monthly";113.12;0;52.58;1;5316.64
"CUST-3486";"Female";"3. Senior (51+)";"West";45;"Two year";75.73;1;87.22;0;3407.85
"CUST-3487";"Non-binary";"3. Senior (51+)";"South";47;"Two year";46.74;0;52.58;1;2196.78
"CUST-3488";"Non-binary";"3. Senior (51+)";"North";48;"Two year";75.15;0;59.96;0;3607.2
"CUST-3489";"Male";"3. Senior (51+)";"North";33;"Monthly";51.66;1;54.53;0;1704.78
"CUST-3490";"Male";"1. Young Adult (18-30)";"West";61;"Monthly";50.21;2;81.08;1;3062.81
"CUST-3491";"Non-binary";"4. Unkownn/Missing";"West";49;"Monthly";87.83;3;65.83;0;4303.67
"CUST-3492";"Male";"2. Adult (31-50)";"South";70;"Two year";46.24;2;49.5;0;3236.8
"CUST-3493";"Male";"3. Senior (51+)";"North";7;"Monthly";45.99;1;50.29;1;321.93
"CUST-3494";"Male";"3. Senior (51+)";"West";20;"One year";26.38;0;53.01;0;527.6
"CUST-3495";"Male";"3. Senior (51+)";"North";56;"One year";82.28;2;62.76;0;4607.68
"CUST-3496";"Male";"3. Senior (51+)";"South";19;"Monthly";81.86;2;34.11;1;1555.34
"CUST-3497";"Female";"3. Senior (51+)";"South";55;"One year";112.88;0;56.08;0;6208.4
"CUST-3498";"Female";"2. Adult (31-50)";"East";5;"Monthly";22.64;0;39.54;1;113.2
"CUST-3499";"Male";"2. Adult (31-50)";"North";34;"Monthly";45.19;2;52.64;0;1536.46
"CUST-3500";"Female";"3. Senior (51+)";"North";14;"Monthly";112.49;1;50.47;0;1574.86
"CUST-3501";"Male";"1. Young Adult (18-30)";"North";18;"Monthly";96.89;0;51.92;0;1744.02
"CUST-3502";"Male";"3. Senior (51+)";"West";44;"Monthly";56.28;2;56.45;0;2476.32
"CUST-3503";"Male";"3. Senior (51+)";"North";70;"One year";37.42;0;53.03;0;2619.4
"CUST-3504";"Female";"2. Adult (31-50)";"East";26;"Two year";51.81;2;85.65;0;1347.06
"CUST-3505";"Male";"3. Senior (51+)";"West";3;"Monthly";108.3;1;42.33;0;324.9
"CUST-3506";"Female";"2. Adult (31-50)";"East";1;"Monthly";91.04;2;59.980000000000004;1;91.04
"CUST-3507";"Female";"3. Senior (51+)";"West";31;"One year";62.49;0;12.67;0;1937.19
"CUST-3508";"Female";"2. Adult (31-50)";"West";68;"Monthly";36.57;2;16.54;1;2486.76
"CUST-3509";"Male";"3. Senior (51+)";"North";38;"Two year";50.84;2;53.79;1;1931.92
"CUST-3510";"Female";"3. Senior (51+)";"North";47;"One year";91.96;0;80.28;0;4322.12
"CUST-3511";"Male";"1. Young Adult (18-30)";"West";40;"One year";64.67;2;67.84;0;2586.8
"CUST-3512";"Male";"4. Unkownn/Missing";"West";48;"One year";47.93;0;21.97;0;2300.64
"CUST-3513";"Female";"3. Senior (51+)";"West";26;"Monthly";21.94;0;61.62;1;570.44
"CUST-3514";"Female";"3. Senior (51+)";"East";13;"One year";82.68;0;87.96;0;1074.84
"CUST-3515";"Male";"3. Senior (51+)";"South";55;"Two year";41.76;0;56.08;0;2296.8
"CUST-3516";"Male";"3. Senior (51+)";"North";34;"Monthly";53.64;0;84.57;0;1823.76
"CUST-3517";"Female";"2. Adult (31-50)";"North";51;"Two year";82.16;0;78.68;0;4190.16
"CUST-3518";"Male";"3. Senior (51+)";"North";0;"One year";82.15;0;44.44;0;0.0
"CUST-3519";"Female";"2. Adult (31-50)";"West";26;"Monthly";106.23;0;75.54;1;2761.98
"CUST-3520";"Non-binary";"1. Young Adult (18-30)";"West";13;"Monthly";85.04;3;65.86;0;1105.52
"CUST-3521";"Female";"2. Adult (31-50)";"North";9;"Monthly";76.04;0;58.05;0;684.36
"CUST-3522";"Male";"3. Senior (51+)";"North";72;"One year";64.22;6;17.97;1;4623.84
"CUST-3523";"Non-binary";"3. Senior (51+)";"South";57;"One year";21.43;3;58.76;1;1221.51
"CUST-3524";"Non-binary";"3. Senior (51+)";"South";20;"Monthly";107.05;0;29.15;1;2141.0
"CUST-3525";"Female";"3. Senior (51+)";"North";9;"Monthly";65.67;3;58.05;1;591.03
"CUST-3526";"Female";"3. Senior (51+)";"South";61;"Monthly";44.25;0;91.22;1;2699.25
"CUST-3527";"Male";"1. Young Adult (18-30)";"West";58;"Two year";39.96;0;85.2;0;2317.68
"CUST-3528";"Female";"3. Senior (51+)";"South";55;"One year";37.81;0;96.6;0;2079.55
"CUST-3529";"Male";"3. Senior (51+)";"East";11;"Monthly";105.0;0;12.52;1;1155.0
"CUST-3530";"Male";"2. Adult (31-50)";"North";56;"Monthly";109.59;1;72.58;1;6137.04
"CUST-3531";"Male";"2. Adult (31-50)";"North";45;"Monthly";31.79;0;56.4;0;1430.55
"CUST-3532";"Male";"3. Senior (51+)";"North";47;"Monthly";47.83;0;52.58;0;2248.01
"CUST-3533";"Female";"3. Senior (51+)";"South";69;"One year";107.6;0;57.1;0;7424.4
"CUST-3534";"Female";"4. Unkownn/Missing";"South";42;"Two year";119.66;2;56.49;0;5025.72
"CUST-3535";"Female";"4. Unkownn/Missing";"South";10;"Two year";90.33;1;53.73;0;903.3
"CUST-3536";"Male";"2. Adult (31-50)";"East";71;"One year";49.76;0;54.72;0;3532.96
"CUST-3537";"Female";"2. Adult (31-50)";"South";29;"Monthly";22.08;0;55.42;0;640.32
"CUST-3538";"Male";"4. Unkownn/Missing";"West";22;"Monthly";82.75;0;22.95;1;1820.5
"CUST-3539";"Non-binary";"1. Young Adult (18-30)";"West";1;"One year";62.74;0;43.21;0;62.74
"CUST-3540";"Male";"4. Unkownn/Missing";"East";70;"Two year";20.34;0;18.63;0;1423.8
"CUST-3541";"Non-binary";"2. Adult (31-50)";"West";40;"Two year";21.93;0;54.99;0;877.2
"CUST-3542";"Male";"1. Young Adult (18-30)";"North";3;"Monthly";77.8;0;70.73;1;233.4
"CUST-3543";"Female";"2. Adult (31-50)";"North";61;"Two year";69.69;0;26.55;0;4251.09
"CUST-3544";"Male";"2. Adult (31-50)";"West";34;"One year";59.21;0;52.64;0;2013.14
"CUST-3545";"Female";"3. Senior (51+)";"North";42;"Monthly";111.89;0;58.5;0;4699.38
"CUST-3546";"Male";"3. Senior (51+)";"West";49;"Two year";111.85;0;31.9;0;5480.65
"CUST-3547";"Female";"2. Adult (31-50)";"North";65;"Monthly";70.21;2;55.95;0;4563.65
"CUST-3548";"Male";"2. Adult (31-50)";"East";37;"One year";59.26;0;54.96;0;2192.62
"CUST-3549";"Male";"3. Senior (51+)";"North";52;"Monthly";85.49;0;13.42;1;4445.48
"CUST-3550";"Non-binary";"1. Young Adult (18-30)";"North";25;"One year";90.76;2;57.71;0;2269.0
"CUST-3551";"Male";"3. Senior (51+)";"South";24;"One year";83.27;0;37.48;0;1998.48
"CUST-3552";"Male";"3. Senior (51+)";"North";53;"One year";89.8;0;91.83;0;4759.4
"CUST-3553";"Female";"3. Senior (51+)";"South";62;"One year";99.56;2;52.93;0;6172.72
"CUST-3554";"Female";"2. Adult (31-50)";"East";5;"Monthly";115.52;8;30.68;1;577.6
"CUST-3555";"Female";"2. Adult (31-50)";"South";8;"Monthly";68.73;3;56.44;0;549.84
"CUST-3556";"Male";"1. Young Adult (18-30)";"West";15;"Monthly";69.95;0;53.77;0;1049.25
"CUST-3557";"Male";"3. Senior (51+)";"East";67;"Monthly";62.69;0;70.62;0;4200.23
"CUST-3558";"Female";"3. Senior (51+)";"North";5;"Two year";34.31;2;39.54;0;171.55
"CUST-3559";"Non-binary";"3. Senior (51+)";"North";33;"Monthly";66.91;3;15.11;0;2208.03
"CUST-3560";"Female";"2. Adult (31-50)";"West";26;"Monthly";111.26;0;61.62;1;2892.76
"CUST-3561";"Female";"4. Unkownn/Missing";"West";31;"Monthly";63.93;4;23.21;0;1981.83
"CUST-3562";"Female";"3. Senior (51+)";"West";10;"Monthly";99.32;0;47.69;0;993.2
"CUST-3563";"Male";"3. Senior (51+)";"North";65;"One year";73.83;0;95.33;0;4798.95
"CUST-3564";"Non-binary";"3. Senior (51+)";"North";33;"Monthly";55.15;0;69.15;0;1819.95
"CUST-3565";"Male";"3. Senior (51+)";"West";18;"Two year";45.64;0;51.92;1;821.52
"CUST-3566";"Female";"3. Senior (51+)";"North";22;"Monthly";55.62;0;58.01;1;1223.64
"CUST-3567";"Male";"2. Adult (31-50)";"South";59;"Monthly";27.68;0;50.64;1;1633.12
"CUST-3568";"Male";"3. Senior (51+)";"West";59;"Monthly";83.28;0;50.64;1;4913.52
"CUST-3569";"Male";"3. Senior (51+)";"East";69;"One year";50.53;0;88.41;0;3486.57
"CUST-3570";"Female";"3. Senior (51+)";"West";46;"One year";52.69;0;25.64;1;2423.74
"CUST-3571";"Female";"1. Young Adult (18-30)";"North";0;"One year";26.38;2;82.23;0;0.0
"CUST-3572";"Male";"3. Senior (51+)";"West";0;"One year";37.65;1;25.950000000000003;0;0.0
"CUST-3573";"Non-binary";"1. Young Adult (18-30)";"East";17;"Two year";66.83;0;82.21;0;1136.11
"CUST-3574";"Female";"3. Senior (51+)";"West";42;"One year";108.57;2;58.5;1;4559.94
"CUST-3575";"Non-binary";"3. Senior (51+)";"North";68;"Two year";102.16;0;47.66;0;6946.88
"CUST-3576";"Male";"3. Senior (51+)";"South";38;"One year";77.63;0;61.11;0;2949.94
"CUST-3577";"Male";"3. Senior (51+)";"West";60;"One year";93.94;0;57.22;0;5636.4
"CUST-3578";"Male";"3. Senior (51+)";"South";66;"Monthly";41.92;0;54.83;0;2766.72
"CUST-3579";"Female";"4. Unkownn/Missing";"North";71;"Monthly";58.05;0;69.13;1;4121.55
"CUST-3580";"Male";"2. Adult (31-50)";"South";4;"Monthly";107.99;0;43.31;0;431.96
"CUST-3581";"Female";"2. Adult (31-50)";"North";59;"Monthly";67.29;0;50.64;0;3970.11
"CUST-3582";"Female";"2. Adult (31-50)";"West";31;"One year";39.43;3;51.61;0;1222.33
"CUST-3583";"Female";"4. Unkownn/Missing";"South";22;"Two year";89.51;1;58.01;0;1969.22
"CUST-3584";"Female";"2. Adult (31-50)";"North";61;"Monthly";66.4;0;55.42;0;4050.4
"CUST-3585";"Female";"1. Young Adult (18-30)";"South";17;"One year";55.18;1;40.96;0;938.06
"CUST-3586";"Male";"2. Adult (31-50)";"South";58;"Monthly";98.28;3;46.78;0;5700.24
"CUST-3587";"Non-binary";"3. Senior (51+)";"South";71;"One year";31.79;2;94.7;0;2257.09
"CUST-3588";"Female";"2. Adult (31-50)";"North";12;"Monthly";58.75;2;54.82;0;705.0
"CUST-3589";"Non-binary";"2. Adult (31-50)";"South";57;"Monthly";76.41;2;52.73;1;4355.37
"CUST-3590";"Female";"4. Unkownn/Missing";"North";45;"Monthly";31.87;0;71.56;1;1434.15
"CUST-3591";"Female";"2. Adult (31-50)";"North";32;"Monthly";83.7;0;21.61;1;2678.4
"CUST-3592";"Female";"3. Senior (51+)";"East";70;"Two year";50.28;0;58.23;0;3519.6
"CUST-3593";"Male";"3. Senior (51+)";"North";31;"One year";76.59;0;51.61;0;2374.29
"CUST-3594";"Female";"3. Senior (51+)";"South";60;"Monthly";30.44;0;57.22;1;1826.4
"CUST-3595";"Male";"4. Unkownn/Missing";"West";14;"Monthly";22.6;0;82.85;0;316.4
"CUST-3596";"Male";"2. Adult (31-50)";"South";2;"Two year";113.94;3;59.08;1;227.88
"CUST-3597";"Female";"3. Senior (51+)";"South";55;"One year";75.78;2;42.93;0;4167.9
"CUST-3598";"Male";"3. Senior (51+)";"North";11;"Monthly";84.6;4;26.31;1;930.6
"CUST-3599";"Female";"3. Senior (51+)";"West";59;"One year";104.47;0;81.18;1;6163.73
"CUST-3600";"Female";"3. Senior (51+)";"South";3;"Monthly";104.93;0;42.33;1;314.79
"CUST-3601";"Female";"3. Senior (51+)";"East";46;"One year";81.42;0;51.24;1;3745.32
"CUST-3602";"Male";"2. Adult (31-50)";"West";62;"Monthly";92.15;0;52.93;1;5713.3
"CUST-3603";"Non-binary";"2. Adult (31-50)";"West";30;"Monthly";101.31;0;69.46;1;3039.3
"CUST-3604";"Female";"1. Young Adult (18-30)";"North";36;"Two year";74.27;6;33.89;0;2673.72
"CUST-3605";"Male";"4. Unkownn/Missing";"South";17;"Monthly";38.09;0;56.0;1;647.53
"CUST-3606";"Male";"1. Young Adult (18-30)";"West";29;"Monthly";97.31;3;61.12;1;2821.99
"CUST-3607";"Male";"2. Adult (31-50)";"West";19;"One year";105.57;0;25.13;1;2005.83
"CUST-3608";"Female";"2. Adult (31-50)";"East";58;"Monthly";53.4;0;44.83;1;3097.2
"CUST-3609";"Non-binary";"2. Adult (31-50)";"West";16;"Monthly";27.52;0;78.96;0;440.32
"CUST-3610";"Female";"4. Unkownn/Missing";"North";44;"One year";58.44;0;53.03;1;2571.36
"CUST-3611";"Male";"3. Senior (51+)";"South";72;"Two year";78.59;0;61.24;0;5658.48
"CUST-3612";"Female";"3. Senior (51+)";"West";41;"One year";103.23;9;29.67;0;4232.43
"CUST-3613";"Female";"2. Adult (31-50)";"North";30;"One year";88.27;2;57.44;0;2648.1
"CUST-3614";"Female";"2. Adult (31-50)";"West";7;"Two year";71.63;3;57.54;0;501.41
"CUST-3615";"Male";"2. Adult (31-50)";"East";20;"One year";25.13;0;53.01;0;502.6
"CUST-3616";"Non-binary";"2. Adult (31-50)";"South";49;"Monthly";33.59;0;54.7;0;1645.91
"CUST-3617";"Non-binary";"2. Adult (31-50)";"East";58;"Two year";89.51;0;85.82;0;5191.58
"CUST-3618";"Non-binary";"3. Senior (51+)";"South";1;"Monthly";95.95;0;43.21;1;95.95
"CUST-3619";"Male";"3. Senior (51+)";"West";20;"Two year";25.62;1;53.01;0;512.4
"CUST-3620";"Female";"1. Young Adult (18-30)";"West";15;"Monthly";117.52;2;57.05;1;1762.8
"CUST-3621";"Male";"2. Adult (31-50)";"South";67;"Monthly";70.86;0;52.82;1;4747.62
"CUST-3622";"Female";"1. Young Adult (18-30)";"North";38;"Monthly";112.62;0;90.9;0;4279.56
"CUST-3623";"Male";"1. Young Adult (18-30)";"South";69;"Monthly";96.51;0;57.1;1;6659.19
"CUST-3624";"Female";"1. Young Adult (18-30)";"East";71;"Monthly";46.11;0;54.72;0;3273.81
"CUST-3625";"Female";"3. Senior (51+)";"South";36;"One year";21.25;0;49.15;0;765.0
"CUST-3626";"Male";"1. Young Adult (18-30)";"North";13;"Monthly";68.27;0;70.34;1;887.51
"CUST-3627";"Female";"2. Adult (31-50)";"North";39;"One year";87.29;0;31.24;1;3404.31
"CUST-3628";"Male";"2. Adult (31-50)";"West";4;"Two year";27.61;1;43.31;0;110.44
"CUST-3629";"Male";"3. Senior (51+)";"East";35;"Monthly";101.93;2;52.35;0;3567.55
"CUST-3630";"Male";"3. Senior (51+)";"North";35;"Monthly";66.68;0;98.89;1;2333.8
"CUST-3631";"Female";"3. Senior (51+)";"South";42;"Two year";53.76;2;58.5;0;2257.92
"CUST-3632";"Male";"2. Adult (31-50)";"North";13;"Monthly";97.52;0;56.82;0;1267.76
"CUST-3633";"Female";"3. Senior (51+)";"North";34;"Monthly";99.65;3;52.64;0;3388.1
"CUST-3634";"Female";"2. Adult (31-50)";"East";61;"Monthly";21.98;0;55.13;0;1340.78
"CUST-3635";"Female";"1. Young Adult (18-30)";"West";9;"Two year";64.32;0;58.05;0;578.88
"CUST-3636";"Female";"1. Young Adult (18-30)";"South";19;"Monthly";55.98;0;55.11;0;1063.62
"CUST-3637";"Non-binary";"3. Senior (51+)";"South";10;"Monthly";107.78;8;37.06;1;1077.8
"CUST-3638";"Male";"3. Senior (51+)";"South";70;"One year";106.59;1;14.84;0;7461.3
"CUST-3639";"Male";"3. Senior (51+)";"East";51;"One year";74.69;2;57.9;0;3809.19
"CUST-3640";"Female";"2. Adult (31-50)";"East";46;"Two year";65.35;0;29.8;1;3006.1
"CUST-3641";"Male";"1. Young Adult (18-30)";"West";27;"Two year";70.01;2;49.9;0;1890.27
"CUST-3642";"Male";"2. Adult (31-50)";"North";34;"Monthly";114.63;7;24.32;1;3897.42
"CUST-3643";"Female";"2. Adult (31-50)";"South";6;"Monthly";114.52;0;50.37;0;687.12
"CUST-3644";"Female";"1. Young Adult (18-30)";"North";13;"Monthly";113.98;0;56.82;0;1481.74
"CUST-3645";"Male";"2. Adult (31-50)";"South";52;"One year";113.38;3;60.85;0;5895.76
"CUST-3646";"Male";"4. Unkownn/Missing";"West";31;"One year";107.11;0;86.86;1;3320.41
"CUST-3647";"Male";"3. Senior (51+)";"North";57;"Monthly";38.98;0;58.76;1;2221.86
"CUST-3648";"Female";"2. Adult (31-50)";"North";40;"One year";42.63;0;54.99;0;1705.2
"CUST-3649";"Female";"3. Senior (51+)";"South";13;"Two year";81.48;0;18.42;0;1059.24
"CUST-3650";"Female";"2. Adult (31-50)";"South";33;"Monthly";59.64;0;12.85;0;1968.12
"CUST-3651";"Male";"3. Senior (51+)";"West";50;"One year";76.39;0;98.29;0;3819.5
"CUST-3652";"Non-binary";"3. Senior (51+)";"East";29;"Monthly";20.86;0;93.3;1;604.94
"CUST-3653";"Non-binary";"1. Young Adult (18-30)";"South";36;"Two year";62.19;0;29.97;1;2238.84
"CUST-3654";"Male";"2. Adult (31-50)";"South";62;"Monthly";76.68;0;29.71;1;4754.16
"CUST-3655";"Male";"2. Adult (31-50)";"West";71;"Two year";47.21;0;54.72;0;3351.91
"CUST-3656";"Non-binary";"3. Senior (51+)";"North";4;"Monthly";27.82;0;43.31;1;111.28
"CUST-3657";"Male";"3. Senior (51+)";"East";56;"One year";84.56;0;63.17;0;4735.36
"CUST-3658";"Male";"3. Senior (51+)";"West";14;"Monthly";103.72;0;50.47;1;1452.08
"CUST-3659";"Female";"2. Adult (31-50)";"West";4;"Monthly";26.81;0;43.31;1;107.24
"CUST-3660";"Male";"4. Unkownn/Missing";"West";54;"One year";53.76;0;56.4;0;2903.04
"CUST-3661";"Male";"2. Adult (31-50)";"East";36;"Two year";52.83;7;13.21;1;1901.88
"CUST-3662";"Female";"3. Senior (51+)";"North";2;"Two year";87.42;0;36.69;0;174.84
"CUST-3663";"Male";"1. Young Adult (18-30)";"East";68;"One year";57.5;1;56.87;0;3910.0
"CUST-3664";"Male";"3. Senior (51+)";"South";15;"One year";56.98;0;38.7;0;854.7
"CUST-3665";"Non-binary";"3. Senior (51+)";"West";42;"Monthly";44.5;1;28.81;0;1869.0
"CUST-3666";"Female";"4. Unkownn/Missing";"South";32;"Monthly";40.65;0;44.42;0;1300.8
"CUST-3667";"Male";"1. Young Adult (18-30)";"West";6;"One year";21.99;0;52.96;0;131.94
"CUST-3668";"Non-binary";"3. Senior (51+)";"North";44;"Two year";45.21;0;56.45;0;1989.24
"CUST-3669";"Female";"2. Adult (31-50)";"South";8;"Two year";60.64;1;56.44;0;485.12
"CUST-3670";"Male";"1. Young Adult (18-30)";"South";1;"Monthly";42.84;2;61.510000000000005;0;42.84
"CUST-3671";"Female";"2. Adult (31-50)";"West";31;"Two year";93.24;2;51.61;0;2890.44
"CUST-3672";"Male";"3. Senior (51+)";"North";6;"One year";110.27;0;52.96;0;661.62
"CUST-3673";"Male";"3. Senior (51+)";"West";62;"Two year";107.14;0;85.26;0;6642.68
"CUST-3674";"Male";"2. Adult (31-50)";"West";14;"Monthly";43.63;0;98.12;1;610.82
"CUST-3675";"Female";"2. Adult (31-50)";"North";71;"Monthly";53.34;0;50.59;1;3787.14
"CUST-3676";"Female";"3. Senior (51+)";"West";35;"Two year";119.21;0;56.85;0;4172.35
"CUST-3677";"Female";"3. Senior (51+)";"East";39;"One year";68.98;0;59.64;1;2690.22
"CUST-3678";"Female";"3. Senior (51+)";"East";24;"Monthly";69.55;0;50.66;1;1669.2
"CUST-3679";"Non-binary";"1. Young Adult (18-30)";"East";63;"Two year";102.74;0;54.89;0;6472.62
"CUST-3680";"Non-binary";"3. Senior (51+)";"North";63;"One year";99.29;1;54.89;1;6255.27
"CUST-3681";"Male";"3. Senior (51+)";"East";8;"Monthly";53.47;10;29.93;1;427.76
"CUST-3682";"Male";"2. Adult (31-50)";"North";69;"One year";86.84;1;57.1;0;5991.96
"CUST-3683";"Female";"3. Senior (51+)";"South";52;"One year";62.39;0;54.79;0;3244.28
"CUST-3684";"Female";"2. Adult (31-50)";"South";63;"Monthly";22.08;0;54.89;1;1391.04
"CUST-3685";"Non-binary";"3. Senior (51+)";"North";8;"Monthly";69.62;0;26.94;1;556.96
"CUST-3686";"Non-binary";"2. Adult (31-50)";"South";19;"Monthly";57.6;0;87.79;0;1094.4
"CUST-3687";"Female";"2. Adult (31-50)";"West";12;"One year";119.47;1;74.05;0;1433.64
"CUST-3688";"Female";"2. Adult (31-50)";"West";34;"Monthly";109.26;3;76.74;1;3714.84
"CUST-3689";"Male";"3. Senior (51+)";"South";38;"Two year";106.4;3;75.61;0;4043.2
"CUST-3690";"Female";"2. Adult (31-50)";"West";42;"Two year";103.83;0;87.85;0;4360.86
"CUST-3691";"Female";"2. Adult (31-50)";"North";3;"Monthly";110.26;0;29.770000000000003;1;330.78
"CUST-3692";"Non-binary";"3. Senior (51+)";"East";4;"Monthly";48.01;0;79.31;0;192.04
"CUST-3693";"Male";"3. Senior (51+)";"North";16;"Two year";34.74;0;57.1;0;555.84
"CUST-3694";"Male";"3. Senior (51+)";"West";13;"Monthly";72.33;0;31.21;1;940.29
"CUST-3695";"Female";"4. Unkownn/Missing";"North";67;"Monthly";118.08;0;81.9;1;7911.36
"CUST-3696";"Male";"2. Adult (31-50)";"North";19;"Monthly";37.42;0;55.11;1;710.98
"CUST-3697";"Female";"1. Young Adult (18-30)";"East";9;"Two year";103.34;0;58.05;0;930.06
"CUST-3698";"Male";"1. Young Adult (18-30)";"East";67;"Monthly";64.01;0;47.02;0;4288.67
"CUST-3699";"Female";"1. Young Adult (18-30)";"East";72;"Two year";82.43;3;54.68;1;5934.96
"CUST-3700";"Male";"2. Adult (31-50)";"East";21;"Monthly";118.74;7;29.14;1;2493.54
"CUST-3701";"Female";"3. Senior (51+)";"West";19;"One year";61.47;3;78.65;0;1167.93
"CUST-3702";"Male";"1. Young Adult (18-30)";"South";65;"Monthly";62.62;2;73.21;1;4070.3
"CUST-3703";"Male";"2. Adult (31-50)";"East";26;"Monthly";23.74;0;98.05;0;617.24
"CUST-3704";"Female";"3. Senior (51+)";"East";11;"Monthly";89.64;1;95.06;1;986.04
"CUST-3705";"Female";"2. Adult (31-50)";"North";34;"Monthly";22.42;2;68.03;0;762.28
"CUST-3706";"Female";"2. Adult (31-50)";"North";43;"One year";62.32;0;41.41;0;2679.76
"CUST-3707";"Female";"3. Senior (51+)";"South";18;"One year";49.16;0;65.92;0;884.88
"CUST-3708";"Female";"1. Young Adult (18-30)";"South";57;"One year";24.56;0;58.76;0;1399.92
"CUST-3709";"Female";"2. Adult (31-50)";"West";45;"One year";69.84;0;86.6;0;3142.8
"CUST-3710";"Male";"2. Adult (31-50)";"North";22;"One year";33.0;0;70.12;0;726.0
"CUST-3711";"Male";"3. Senior (51+)";"South";23;"Two year";50.62;0;56.11;0;1164.26
"CUST-3712";"Male";"1. Young Adult (18-30)";"East";55;"Monthly";98.17;0;54.14;1;5399.35
"CUST-3713";"Male";"3. Senior (51+)";"North";21;"Monthly";60.08;1;49.81;1;1261.68
"CUST-3714";"Female";"1. Young Adult (18-30)";"South";33;"One year";46.96;0;49.4;0;1549.68
"CUST-3715";"Female";"3. Senior (51+)";"North";29;"Monthly";57.07;0;55.42;0;1655.03
"CUST-3716";"Female";"2. Adult (31-50)";"West";48;"Monthly";68.41;0;58.39;0;3283.68
"CUST-3717";"Male";"3. Senior (51+)";"North";18;"Two year";99.75;0;98.25;0;1795.5
"CUST-3718";"Female";"2. Adult (31-50)";"West";24;"Two year";89.89;0;50.66;0;2157.36
"CUST-3719";"Male";"1. Young Adult (18-30)";"West";32;"Monthly";94.86;0;51.91;1;3035.52
"CUST-3720";"Female";"2. Adult (31-50)";"North";30;"One year";83.94;3;57.44;0;2518.2
"CUST-3721";"Female";"1. Young Adult (18-30)";"North";12;"Monthly";79.44;3;63.38;0;953.28
"CUST-3722";"Male";"1. Young Adult (18-30)";"West";25;"Monthly";59.19;0;57.71;1;1479.75
"CUST-3723";"Female";"3. Senior (51+)";"South";54;"Monthly";79.23;3;48.52;1;4278.42
"CUST-3724";"Male";"4. Unkownn/Missing";"South";13;"One year";38.55;0;92.43;0;501.15
"CUST-3725";"Female";"1. Young Adult (18-30)";"South";33;"Two year";79.88;0;85.34;0;2636.04
"CUST-3726";"Male";"2. Adult (31-50)";"East";55;"Monthly";103.49;0;56.08;1;5691.95
"CUST-3727";"Non-binary";"3. Senior (51+)";"North";23;"One year";77.87;2;56.11;0;1791.01
"CUST-3728";"Female";"3. Senior (51+)";"South";22;"One year";77.03;1;99.93;0;1694.66
"CUST-3729";"Non-binary";"3. Senior (51+)";"South";28;"Two year";47.02;0;53.86;0;1316.56
"CUST-3730";"Female";"2. Adult (31-50)";"North";63;"Monthly";93.62;3;83.87;1;5898.06
"CUST-3731";"Female";"2. Adult (31-50)";"West";33;"Two year";85.41;0;67.42;1;2818.53
"CUST-3732";"Male";"2. Adult (31-50)";"East";72;"Monthly";82.97;0;54.68;0;5973.84
"CUST-3733";"Non-binary";"1. Young Adult (18-30)";"North";54;"Monthly";114.9;0;56.4;0;6204.6
"CUST-3734";"Female";"1. Young Adult (18-30)";"West";38;"Monthly";38.2;0;53.79;0;1451.6
"CUST-3735";"Female";"3. Senior (51+)";"West";66;"Monthly";86.64;0;22.43;1;5718.24
"CUST-3736";"Female";"4. Unkownn/Missing";"West";56;"Monthly";45.59;3;63.17;1;2553.04
"CUST-3737";"Male";"1. Young Adult (18-30)";"West";24;"One year";87.22;0;50.66;0;2093.28
"CUST-3738";"Male";"3. Senior (51+)";"South";57;"Monthly";54.28;2;78.57;0;3093.96
"CUST-3739";"Male";"1. Young Adult (18-30)";"West";42;"Two year";92.79;0;58.5;0;3897.18
"CUST-3740";"Male";"2. Adult (31-50)";"West";31;"Two year";71.23;0;51.61;0;2208.13
"CUST-3741";"Female";"2. Adult (31-50)";"East";0;"Monthly";83.61;0;44.44;1;0.0
"CUST-3742";"Male";"3. Senior (51+)";"West";17;"One year";99.51;2;56.0;1;1691.67
"CUST-3743";"Female";"2. Adult (31-50)";"South";60;"Monthly";99.18;10;12.49;1;5950.8
"CUST-3744";"Male";"3. Senior (51+)";"North";39;"One year";31.01;2;59.64;0;1209.39
"CUST-3745";"Female";"3. Senior (51+)";"West";63;"Monthly";37.41;0;54.89;1;2356.83
"CUST-3746";"Female";"1. Young Adult (18-30)";"West";71;"Monthly";101.1;3;62.58;0;7178.1
"CUST-3747";"Non-binary";"4. Unkownn/Missing";"North";32;"Monthly";91.9;0;51.91;1;2940.8
"CUST-3748";"Non-binary";"3. Senior (51+)";"West";9;"Two year";63.88;5;21.79;0;574.92
"CUST-3749";"Non-binary";"3. Senior (51+)";"South";35;"One year";58.82;0;56.85;0;2058.7
"CUST-3750";"Male";"3. Senior (51+)";"South";26;"Monthly";100.82;0;61.62;1;2621.32
"CUST-3751";"Female";"1. Young Adult (18-30)";"East";35;"Monthly";108.18;0;56.85;0;3786.3
"CUST-3752";"Female";"4. Unkownn/Missing";"North";25;"Monthly";119.55;0;57.71;1;2988.75
"CUST-3753";"Male";"3. Senior (51+)";"North";47;"Monthly";85.9;0;46.09;0;4037.3
"CUST-3754";"Female";"3. Senior (51+)";"West";63;"Monthly";60.91;0;54.89;0;3837.33
"CUST-3755";"Female";"3. Senior (51+)";"North";16;"Two year";111.68;1;49.55;0;1786.88
"CUST-3756";"Non-binary";"2. Adult (31-50)";"South";36;"One year";64.05;0;49.15;0;2305.8
"CUST-3757";"Non-binary";"1. Young Adult (18-30)";"North";50;"Monthly";85.87;0;86.87;0;4293.5
"CUST-3758";"Non-binary";"3. Senior (51+)";"East";18;"Monthly";78.34;0;59.69;0;1410.12
"CUST-3759";"Female";"3. Senior (51+)";"North";10;"Two year";25.5;0;47.69;0;255.0
"CUST-3760";"Female";"2. Adult (31-50)";"West";1;"One year";29.33;0;43.21;0;29.33
"CUST-3761";"Female";"2. Adult (31-50)";"North";28;"Two year";89.34;1;53.86;0;2501.52
"CUST-3762";"Non-binary";"4. Unkownn/Missing";"East";52;"Monthly";45.0;0;66.41;1;2340.0
"CUST-3763";"Male";"2. Adult (31-50)";"West";58;"Monthly";76.11;1;93.82;1;4414.38
"CUST-3764";"Male";"1. Young Adult (18-30)";"West";59;"Monthly";53.2;3;50.64;0;3138.8
"CUST-3765";"Male";"2. Adult (31-50)";"South";50;"Monthly";41.1;0;54.57;0;2055.0
"CUST-3766";"Male";"3. Senior (51+)";"South";25;"Monthly";40.21;0;60.68;1;1005.25
"CUST-3767";"Male";"4. Unkownn/Missing";"West";51;"One year";30.11;0;96.58;0;1535.61
"CUST-3768";"Female";"4. Unkownn/Missing";"East";64;"Monthly";79.85;0;49.79;1;5110.4
"CUST-3769";"Female";"1. Young Adult (18-30)";"West";17;"Monthly";110.76;3;56.0;1;1882.92
"CUST-3770";"Non-binary";"2. Adult (31-50)";"North";68;"Monthly";101.13;0;57.81;1;6876.84
"CUST-3771";"Female";"3. Senior (51+)";"South";5;"One year";110.66;8;7.969999999999999;1;553.3
"CUST-3772";"Female";"3. Senior (51+)";"West";5;"Two year";41.66;0;39.54;0;208.3
"CUST-3773";"Female";"3. Senior (51+)";"South";65;"Monthly";33.74;0;55.95;1;2193.1
"CUST-3774";"Female";"3. Senior (51+)";"North";11;"Monthly";35.63;0;53.43;1;391.93
"CUST-3775";"Male";"3. Senior (51+)";"North";11;"Monthly";93.05;2;92.48;0;1023.55
"CUST-3776";"Male";"3. Senior (51+)";"North";16;"Monthly";99.19;0;79.06;0;1587.04
"CUST-3777";"Female";"3. Senior (51+)";"North";19;"Monthly";48.82;1;68.25;1;927.58
"CUST-3778";"Non-binary";"1. Young Adult (18-30)";"West";24;"Monthly";40.72;3;50.66;1;977.28
"CUST-3779";"Non-binary";"1. Young Adult (18-30)";"South";46;"One year";106.16;1;51.24;0;4883.36
"CUST-3780";"Female";"3. Senior (51+)";"East";8;"Monthly";119.48;2;56.44;0;955.84
"CUST-3781";"Female";"3. Senior (51+)";"North";72;"Two year";118.97;3;54.68;0;8565.84
"CUST-3782";"Female";"1. Young Adult (18-30)";"West";23;"Monthly";43.41;0;56.11;1;998.43
"CUST-3783";"Female";"3. Senior (51+)";"North";31;"Monthly";89.97;3;51.61;0;2789.07
"CUST-3784";"Male";"3. Senior (51+)";"North";52;"One year";110.18;0;39.41;0;5729.36
"CUST-3785";"Male";"2. Adult (31-50)";"East";70;"Two year";113.6;2;58.23;0;7952.0
"CUST-3786";"Non-binary";"2. Adult (31-50)";"South";25;"Two year";75.25;0;72.82;0;1881.25
"CUST-3787";"Female";"3. Senior (51+)";"North";8;"One year";65.21;0;18.85;1;521.68
"CUST-3788";"Male";"2. Adult (31-50)";"North";62;"Monthly";111.7;3;43.86;1;6925.4
"CUST-3789";"Female";"3. Senior (51+)";"West";46;"One year";45.92;0;51.24;0;2112.32
"CUST-3790";"Male";"2. Adult (31-50)";"North";60;"Monthly";73.6;0;57.22;1;4416.0
"CUST-3791";"Female";"2. Adult (31-50)";"West";1;"Monthly";20.78;0;65.93;1;20.78
"CUST-3792";"Male";"2. Adult (31-50)";"West";55;"One year";45.06;1;56.08;0;2478.3
"CUST-3793";"Male";"1. Young Adult (18-30)";"West";44;"Monthly";82.81;3;16.63;1;3643.64
"CUST-3794";"Female";"3. Senior (51+)";"South";25;"Monthly";22.5;0;19.71;1;562.5
"CUST-3795";"Female";"2. Adult (31-50)";"North";41;"One year";65.93;0;51.63;0;2703.13
"CUST-3796";"Female";"3. Senior (51+)";"West";18;"Monthly";69.08;0;46.66;0;1243.44
"CUST-3797";"Female";"3. Senior (51+)";"West";59;"Two year";74.42;0;50.64;0;4390.78
"CUST-3798";"Male";"2. Adult (31-50)";"East";2;"One year";48.39;3;67.43;0;96.78
"CUST-3799";"Female";"2. Adult (31-50)";"South";56;"One year";98.3;0;63.17;0;5504.8
"CUST-3800";"Male";"2. Adult (31-50)";"South";37;"Two year";47.42;3;50.83;1;1754.54
"CUST-3801";"Female";"2. Adult (31-50)";"North";71;"Monthly";87.05;0;54.72;0;6180.55
"CUST-3802";"Female";"2. Adult (31-50)";"West";38;"Monthly";65.09;0;33.27;1;2473.42
"CUST-3803";"Female";"3. Senior (51+)";"West";16;"One year";81.92;3;57.1;0;1310.72
"CUST-3804";"Female";"3. Senior (51+)";"East";16;"Monthly";31.53;0;57.1;0;504.48
"CUST-3805";"Female";"3. Senior (51+)";"North";58;"One year";114.37;0;56.15;1;6633.46
"CUST-3806";"Female";"2. Adult (31-50)";"West";50;"Monthly";61.21;0;54.57;0;3060.5
"CUST-3807";"Male";"3. Senior (51+)";"South";33;"Monthly";36.42;0;54.53;0;1201.86
"CUST-3808";"Male";"1. Young Adult (18-30)";"West";13;"Monthly";25.11;1;69.16;1;326.43
"CUST-3809";"Male";"3. Senior (51+)";"North";53;"One year";56.43;3;55.3;0;2990.79
"CUST-3810";"Non-binary";"3. Senior (51+)";"East";7;"One year";76.01;0;59.79;1;532.07
"CUST-3811";"Male";"3. Senior (51+)";"West";57;"Two year";78.69;0;53.02;0;4485.33
"CUST-3812";"Male";"4. Unkownn/Missing";"South";44;"Monthly";59.95;0;42.63;1;2637.8
"CUST-3813";"Female";"2. Adult (31-50)";"South";43;"One year";107.87;1;53.15;0;4638.41
"CUST-3814";"Female";"1. Young Adult (18-30)";"East";6;"One year";30.0;0;52.96;1;180.0
"CUST-3815";"Female";"2. Adult (31-50)";"West";48;"Monthly";59.35;1;59.96;0;2848.8
"CUST-3816";"Non-binary";"3. Senior (51+)";"North";3;"One year";67.21;3;42.33;0;201.63
"CUST-3817";"Male";"3. Senior (51+)";"East";5;"Monthly";87.35;1;39.54;0;436.75
"CUST-3818";"Male";"3. Senior (51+)";"West";11;"One year";33.44;2;53.43;0;367.84
"CUST-3819";"Male";"2. Adult (31-50)";"West";8;"Two year";105.98;0;56.44;0;847.84
"CUST-3820";"Female";"3. Senior (51+)";"North";42;"Monthly";104.01;1;58.5;1;4368.42
"CUST-3821";"Male";"3. Senior (51+)";"West";70;"Monthly";96.15;0;58.23;1;6730.5
"CUST-3822";"Non-binary";"3. Senior (51+)";"West";42;"Monthly";97.34;0;58.5;0;4088.28
"CUST-3823";"Female";"3. Senior (51+)";"West";52;"Monthly";29.11;0;31.21;1;1513.72
"CUST-3824";"Female";"3. Senior (51+)";"East";24;"Two year";93.51;1;60.97;1;2244.24
"CUST-3825";"Male";"3. Senior (51+)";"North";15;"One year";118.81;0;89.1;1;1782.15
"CUST-3826";"Male";"1. Young Adult (18-30)";"South";3;"One year";44.46;0;55.040000000000006;0;133.38
"CUST-3827";"Female";"3. Senior (51+)";"South";43;"Monthly";52.77;0;37.34;0;2269.11
"CUST-3828";"Male";"3. Senior (51+)";"South";54;"Monthly";108.94;2;56.4;0;5882.76
"CUST-3829";"Non-binary";"2. Adult (31-50)";"West";60;"Monthly";21.98;2;75.07;1;1318.8
"CUST-3830";"Male";"4. Unkownn/Missing";"South";38;"Two year";20.96;0;18.02;0;796.48
"CUST-3831";"Female";"2. Adult (31-50)";"South";15;"Two year";98.15;0;53.77;0;1472.25
"CUST-3832";"Non-binary";"1. Young Adult (18-30)";"South";19;"Monthly";40.27;2;41.51;1;765.13
"CUST-3833";"Non-binary";"1. Young Adult (18-30)";"North";47;"Monthly";111.35;0;52.58;0;5233.45
"CUST-3834";"Male";"1. Young Adult (18-30)";"North";23;"One year";79.65;0;60.56;0;1831.95
"CUST-3835";"Male";"2. Adult (31-50)";"East";53;"One year";45.6;3;49.13;1;2416.8
"CUST-3836";"Female";"1. Young Adult (18-30)";"North";17;"One year";74.69;0;89.01;0;1269.73
"CUST-3837";"Male";"3. Senior (51+)";"North";21;"Two year";29.16;0;55.93;0;612.36
"CUST-3838";"Non-binary";"2. Adult (31-50)";"West";70;"Monthly";27.1;0;23.05;1;1897.0
"CUST-3839";"Male";"1. Young Adult (18-30)";"North";35;"One year";32.65;4;25.34;0;1142.75
"CUST-3840";"Male";"1. Young Adult (18-30)";"North";19;"Two year";110.73;0;56.59;0;2103.87
"CUST-3841";"Non-binary";"4. Unkownn/Missing";"North";28;"Monthly";96.03;0;53.86;0;2688.84
"CUST-3842";"Female";"2. Adult (31-50)";"South";12;"Monthly";31.76;0;33.68;1;381.12
"CUST-3843";"Non-binary";"1. Young Adult (18-30)";"South";40;"Two year";47.97;3;55.5;0;1918.8
"CUST-3844";"Non-binary";"3. Senior (51+)";"North";7;"Monthly";89.04;0;59.79;0;623.28
"CUST-3845";"Female";"3. Senior (51+)";"East";64;"Monthly";85.2;0;49.79;0;5452.8
"CUST-3846";"Non-binary";"4. Unkownn/Missing";"East";46;"Monthly";69.04;1;51.24;0;3175.84
"CUST-3847";"Female";"2. Adult (31-50)";"West";31;"Monthly";84.93;0;43.89;1;2632.83
"CUST-3848";"Male";"3. Senior (51+)";"South";10;"Monthly";43.37;10;21.15;1;433.7
"CUST-3849";"Female";"3. Senior (51+)";"West";39;"One year";33.26;0;59.64;0;1297.14
"CUST-3850";"Female";"1. Young Adult (18-30)";"South";52;"Two year";26.63;3;97.14;0;1384.76
"CUST-3851";"Male";"1. Young Adult (18-30)";"East";63;"Two year";67.25;3;54.89;0;4236.75
"CUST-3852";"Male";"1. Young Adult (18-30)";"West";29;"Two year";32.38;0;59.84;0;939.02
"CUST-3853";"Female";"3. Senior (51+)";"South";68;"One year";53.75;0;96.58;0;3655.0
"CUST-3854";"Female";"2. Adult (31-50)";"West";57;"Monthly";102.22;0;91.37;0;5826.54
"CUST-3855";"Male";"4. Unkownn/Missing";"South";18;"Monthly";55.5;0;35.1;0;999.0
"CUST-3856";"Female";"2. Adult (31-50)";"South";26;"Monthly";53.08;2;62.62;0;1380.08
"CUST-3857";"Male";"2. Adult (31-50)";"East";18;"Monthly";94.41;2;51.92;1;1699.38
"CUST-3858";"Female";"1. Young Adult (18-30)";"West";33;"Monthly";81.04;0;60.04;0;2674.32
"CUST-3859";"Male";"3. Senior (51+)";"South";27;"One year";88.51;0;24.33;1;2389.77
"CUST-3860";"Female";"2. Adult (31-50)";"South";62;"One year";115.72;10;28.19;0;7174.64
"CUST-3861";"Non-binary";"1. Young Adult (18-30)";"East";10;"One year";43.8;3;47.69;0;438.0
"CUST-3862";"Non-binary";"4. Unkownn/Missing";"North";0;"Two year";114.84;1;44.44;0;0.0
"CUST-3863";"Female";"3. Senior (51+)";"South";39;"One year";34.67;0;53.84;0;1352.13
"CUST-3864";"Male";"4. Unkownn/Missing";"West";43;"Monthly";56.24;3;76.51;1;2418.32
"CUST-3865";"Non-binary";"3. Senior (51+)";"North";20;"One year";38.12;0;44.74;0;762.4
"CUST-3866";"Female";"3. Senior (51+)";"South";48;"Monthly";58.91;3;59.96;0;2827.68
"CUST-3867";"Male";"3. Senior (51+)";"South";18;"Monthly";90.51;2;51.92;0;1629.18
"CUST-3868";"Female";"2. Adult (31-50)";"West";44;"One year";31.57;0;40.72;0;1389.08
"CUST-3869";"Non-binary";"3. Senior (51+)";"North";19;"Monthly";29.13;0;55.11;1;553.47
"CUST-3870";"Male";"2. Adult (31-50)";"West";10;"One year";72.9;0;47.69;0;729.0
"CUST-3871";"Non-binary";"3. Senior (51+)";"East";26;"Monthly";113.14;0;61.62;1;2941.64
"CUST-3872";"Male";"3. Senior (51+)";"West";1;"Monthly";100.66;0;33.68;1;100.66
"CUST-3873";"Non-binary";"2. Adult (31-50)";"North";2;"Monthly";51.97;0;42.67;0;103.94
"CUST-3874";"Male";"2. Adult (31-50)";"West";41;"One year";89.48;0;51.63;0;3668.68
"CUST-3875";"Female";"2. Adult (31-50)";"West";68;"Monthly";85.3;1;82.74;0;5800.4
"CUST-3876";"Non-binary";"3. Senior (51+)";"South";46;"Two year";20.45;0;48.53;0;940.7
"CUST-3877";"Female";"3. Senior (51+)";"West";40;"Monthly";26.01;0;96.52;0;1040.4
"CUST-3878";"Female";"3. Senior (51+)";"South";44;"One year";83.74;0;56.45;0;3684.56
"CUST-3879";"Female";"3. Senior (51+)";"East";6;"Monthly";52.84;2;52.96;0;317.04
"CUST-3880";"Female";"4. Unkownn/Missing";"South";70;"One year";53.64;0;12.99;1;3754.8
"CUST-3881";"Non-binary";"2. Adult (31-50)";"South";29;"Two year";35.36;0;55.42;0;1025.44
"CUST-3882";"Male";"2. Adult (31-50)";"East";17;"Monthly";43.45;0;33.45;1;738.65
"CUST-3883";"Male";"3. Senior (51+)";"North";13;"Monthly";58.75;0;56.82;1;763.75
"CUST-3884";"Female";"3. Senior (51+)";"South";17;"Two year";113.75;2;68.73;1;1933.75
"CUST-3885";"Male";"1. Young Adult (18-30)";"North";51;"Two year";70.28;1;57.9;0;3584.28
"CUST-3886";"Female";"3. Senior (51+)";"North";16;"Monthly";99.41;1;27.28;1;1590.56
"CUST-3887";"Female";"1. Young Adult (18-30)";"North";5;"Monthly";118.31;2;39.54;1;591.55
"CUST-3888";"Male";"2. Adult (31-50)";"South";61;"One year";53.48;1;70.48;0;3262.28
"CUST-3889";"Female";"4. Unkownn/Missing";"East";51;"Monthly";46.28;0;14.03;0;2360.28
"CUST-3890";"Male";"2. Adult (31-50)";"South";58;"One year";30.31;2;56.15;0;1757.98
"CUST-3891";"Male";"2. Adult (31-50)";"West";37;"Two year";32.31;5;21.91;1;1195.47
"CUST-3892";"Non-binary";"3. Senior (51+)";"North";35;"Two year";32.8;3;45.99;0;1148.0
"CUST-3893";"Non-binary";"2. Adult (31-50)";"North";54;"Monthly";109.91;0;60.48;1;5935.14
"CUST-3894";"Male";"3. Senior (51+)";"West";14;"Monthly";112.6;0;50.47;1;1576.4
"CUST-3895";"Male";"3. Senior (51+)";"East";1;"Monthly";97.94;0;7.600000000000001;1;97.94
"CUST-3896";"Non-binary";"3. Senior (51+)";"West";36;"Monthly";66.61;0;49.15;1;2397.96
"CUST-3897";"Male";"1. Young Adult (18-30)";"South";70;"Monthly";104.24;0;58.23;1;7296.8
"CUST-3898";"Male";"4. Unkownn/Missing";"South";6;"One year";106.83;0;52.96;0;640.98
"CUST-3899";"Female";"1. Young Adult (18-30)";"South";51;"Two year";96.41;0;57.9;0;4916.91
"CUST-3900";"Female";"3. Senior (51+)";"South";66;"Monthly";45.35;0;84.54;0;2993.1
"CUST-3901";"Non-binary";"3. Senior (51+)";"South";28;"One year";87.8;0;14.92;0;2458.4
"CUST-3902";"Female";"4. Unkownn/Missing";"North";31;"Monthly";26.95;0;51.61;0;835.45
"CUST-3903";"Male";"2. Adult (31-50)";"North";26;"Two year";25.3;3;61.62;0;657.8
"CUST-3904";"Female";"3. Senior (51+)";"North";39;"Monthly";108.85;0;72.71;0;4245.15
"CUST-3905";"Female";"2. Adult (31-50)";"South";30;"Monthly";48.32;5;35.94;1;1449.6
"CUST-3906";"Male";"3. Senior (51+)";"West";62;"One year";91.63;2;40.33;0;5681.06
"CUST-3907";"Male";"1. Young Adult (18-30)";"South";63;"One year";88.99;2;54.89;0;5606.37
"CUST-3908";"Female";"2. Adult (31-50)";"North";23;"Two year";56.97;1;56.11;0;1310.31
"CUST-3909";"Male";"3. Senior (51+)";"South";45;"Monthly";107.63;0;56.4;1;4843.35
"CUST-3910";"Non-binary";"1. Young Adult (18-30)";"West";10;"Monthly";79.07;0;47.69;0;790.7
"CUST-3911";"Male";"2. Adult (31-50)";"North";53;"One year";22.66;0;55.3;0;1200.98
"CUST-3912";"Male";"3. Senior (51+)";"South";26;"Monthly";84.68;0;61.62;0;2201.68
"CUST-3913";"Male";"1. Young Adult (18-30)";"North";1;"Monthly";96.63;1;17.490000000000002;1;96.63
"CUST-3914";"Female";"3. Senior (51+)";"South";54;"One year";62.71;3;56.4;0;3386.34
"CUST-3915";"Non-binary";"3. Senior (51+)";"East";46;"Two year";38.94;0;51.24;0;1791.24
"CUST-3916";"Female";"4. Unkownn/Missing";"West";55;"Monthly";83.17;0;45.5;1;4574.35
"CUST-3917";"Female";"1. Young Adult (18-30)";"North";66;"One year";89.41;0;54.86;0;5901.06
"CUST-3918";"Non-binary";"2. Adult (31-50)";"West";22;"Monthly";54.6;0;58.01;1;1201.2
"CUST-3919";"Male";"3. Senior (51+)";"West";37;"Monthly";23.32;0;54.96;0;862.84
"CUST-3920";"Male";"3. Senior (51+)";"West";12;"Monthly";36.94;2;54.82;0;443.28
"CUST-3921";"Non-binary";"2. Adult (31-50)";"North";21;"One year";72.51;2;94.0;0;1522.71
"CUST-3922";"Female";"2. Adult (31-50)";"East";61;"Monthly";57.28;0;22.71;1;3494.08
"CUST-3923";"Male";"3. Senior (51+)";"North";40;"Monthly";38.91;0;54.99;0;1556.4
"CUST-3924";"Male";"1. Young Adult (18-30)";"North";59;"One year";104.0;1;50.64;0;6136.0
"CUST-3925";"Female";"2. Adult (31-50)";"East";70;"Monthly";74.35;2;58.23;0;5204.5
"CUST-3926";"Female";"3. Senior (51+)";"South";41;"Monthly";60.65;9;25.24;1;2486.65
"CUST-3927";"Female";"2. Adult (31-50)";"South";48;"Monthly";96.83;2;59.96;0;4647.84
"CUST-3928";"Non-binary";"3. Senior (51+)";"North";40;"Monthly";107.65;6;11.06;1;4306.0
"CUST-3929";"Female";"2. Adult (31-50)";"North";49;"One year";104.24;3;66.76;0;5107.76
"CUST-3930";"Non-binary";"2. Adult (31-50)";"South";30;"Monthly";92.32;0;57.44;0;2769.6
"CUST-3931";"Non-binary";"3. Senior (51+)";"South";62;"Monthly";25.15;0;52.93;0;1559.3
"CUST-3932";"Female";"3. Senior (51+)";"East";32;"Two year";53.23;0;61.19;1;1703.36
"CUST-3933";"Female";"2. Adult (31-50)";"West";4;"Two year";43.88;0;61.69;0;175.52
"CUST-3934";"Female";"2. Adult (31-50)";"South";28;"One year";90.6;3;53.86;0;2536.8
"CUST-3935";"Male";"2. Adult (31-50)";"North";53;"Monthly";34.24;0;69.15;1;1814.72
"CUST-3936";"Non-binary";"3. Senior (51+)";"East";36;"One year";52.52;3;49.15;0;1890.72
"CUST-3937";"Non-binary";"2. Adult (31-50)";"East";44;"Monthly";82.7;0;56.45;0;3638.8
"CUST-3938";"Non-binary";"2. Adult (31-50)";"North";67;"Monthly";69.91;0;52.82;1;4683.97
"CUST-3939";"Female";"2. Adult (31-50)";"North";21;"Two year";82.12;2;55.93;0;1724.52
"CUST-3940";"Female";"3. Senior (51+)";"North";70;"Monthly";48.87;7;29.73;0;3420.9
"CUST-3941";"Male";"2. Adult (31-50)";"North";2;"Monthly";51.06;0;37.92;1;102.12
"CUST-3942";"Male";"1. Young Adult (18-30)";"South";58;"Monthly";86.12;0;56.15;0;4994.96
"CUST-3943";"Male";"4. Unkownn/Missing";"East";0;"One year";89.1;0;51.61;0;0.0
"CUST-3944";"Male";"1. Young Adult (18-30)";"South";22;"One year";77.9;0;89.03;0;1713.8
"CUST-3945";"Non-binary";"3. Senior (51+)";"South";22;"One year";114.61;2;58.01;0;2521.42
"CUST-3946";"Non-binary";"4. Unkownn/Missing";"West";1;"Two year";67.1;0;23.89;0;67.1
"CUST-3947";"Non-binary";"1. Young Adult (18-30)";"West";0;"Two year";36.75;1;0.0;1;0.0
"CUST-3948";"Male";"3. Senior (51+)";"South";20;"One year";62.0;0;54.09;0;1240.0
"CUST-3949";"Female";"2. Adult (31-50)";"North";67;"Monthly";104.28;0;52.82;1;6986.76
"CUST-3950";"Male";"1. Young Adult (18-30)";"North";34;"Monthly";105.33;0;91.26;0;3581.22
"CUST-3951";"Male";"3. Senior (51+)";"South";9;"Two year";87.69;0;55.15;0;789.21
"CUST-3952";"Female";"1. Young Adult (18-30)";"South";58;"One year";39.74;0;24.97;0;2304.92
"CUST-3953";"Male";"3. Senior (51+)";"North";54;"Monthly";81.39;4;20.69;1;4395.06
"CUST-3954";"Female";"2. Adult (31-50)";"South";14;"Monthly";71.03;0;16.57;0;994.42
"CUST-3955";"Female";"3. Senior (51+)";"West";14;"One year";86.89;3;90.48;0;1216.46
"CUST-3956";"Non-binary";"2. Adult (31-50)";"East";21;"Two year";98.4;3;51.26;0;2066.4
"CUST-3957";"Non-binary";"3. Senior (51+)";"West";49;"One year";94.05;0;54.7;0;4608.45
"CUST-3958";"Female";"2. Adult (31-50)";"North";40;"Monthly";50.7;0;40.72;1;2028.0
"CUST-3959";"Male";"1. Young Adult (18-30)";"North";44;"Monthly";100.2;10;37.93;1;4408.8
"CUST-3960";"Female";"3. Senior (51+)";"South";59;"One year";87.16;3;50.64;0;5142.44
"CUST-3961";"Non-binary";"3. Senior (51+)";"South";11;"One year";91.78;0;53.43;0;1009.58
"CUST-3962";"Male";"3. Senior (51+)";"South";68;"Monthly";29.78;3;57.81;1;2025.04
"CUST-3963";"Male";"3. Senior (51+)";"West";49;"Two year";52.86;0;48.0;0;2590.14
"CUST-3964";"Female";"3. Senior (51+)";"West";26;"One year";84.74;3;61.62;1;2203.24
"CUST-3965";"Female";"1. Young Adult (18-30)";"West";27;"Two year";85.17;6;26.76;1;2299.59
"CUST-3966";"Male";"3. Senior (51+)";"West";49;"One year";80.21;1;97.21;0;3930.29
"CUST-3967";"Male";"3. Senior (51+)";"West";38;"Monthly";73.75;0;64.72;0;2802.5
"CUST-3968";"Female";"2. Adult (31-50)";"South";71;"Monthly";34.58;8;11.42;1;2455.18
"CUST-3969";"Male";"1. Young Adult (18-30)";"West";59;"Monthly";40.43;0;20.83;0;2385.37
"CUST-3970";"Male";"1. Young Adult (18-30)";"South";18;"Monthly";98.94;0;51.92;0;1780.92
"CUST-3971";"Non-binary";"3. Senior (51+)";"North";14;"Monthly";54.74;4;28.96;1;766.36
"CUST-3972";"Male";"1. Young Adult (18-30)";"North";18;"Monthly";40.34;1;22.19;1;726.12
"CUST-3973";"Female";"3. Senior (51+)";"West";48;"Two year";25.93;0;59.96;0;1244.64
"CUST-3974";"Female";"2. Adult (31-50)";"South";37;"Monthly";112.79;0;91.05;0;4173.23
"CUST-3975";"Male";"3. Senior (51+)";"North";10;"Monthly";73.36;1;87.65;1;733.6
"CUST-3976";"Male";"3. Senior (51+)";"North";35;"Monthly";25.95;0;56.85;1;908.25
"CUST-3977";"Female";"2. Adult (31-50)";"South";28;"Monthly";66.6;0;32.58;0;1864.8
"CUST-3978";"Female";"3. Senior (51+)";"East";41;"One year";73.28;0;51.63;0;3004.48
"CUST-3979";"Female";"2. Adult (31-50)";"West";56;"Monthly";77.91;1;63.17;0;4362.96
"CUST-3980";"Male";"4. Unkownn/Missing";"West";19;"Monthly";33.93;0;80.81;1;644.67
"CUST-3981";"Female";"1. Young Adult (18-30)";"West";67;"Two year";39.05;2;52.82;0;2616.35
"CUST-3982";"Non-binary";"1. Young Adult (18-30)";"North";9;"Two year";113.12;0;45.54;1;1018.08
"CUST-3983";"Male";"3. Senior (51+)";"East";15;"One year";113.3;0;34.9;1;1699.5
"CUST-3984";"Female";"2. Adult (31-50)";"East";44;"One year";44.43;0;56.45;1;1954.92
"CUST-3985";"Male";"3. Senior (51+)";"North";63;"Monthly";114.21;0;68.36;1;7195.23
"CUST-3986";"Non-binary";"2. Adult (31-50)";"North";4;"Monthly";58.0;0;40.23;0;232.0
"CUST-3987";"Male";"3. Senior (51+)";"North";40;"Monthly";119.34;2;59.36;1;4773.6
"CUST-3988";"Non-binary";"2. Adult (31-50)";"South";9;"One year";51.05;3;58.05;0;459.45
"CUST-3989";"Female";"1. Young Adult (18-30)";"West";41;"One year";53.88;0;51.63;0;2209.08
"CUST-3990";"Male";"3. Senior (51+)";"North";4;"Monthly";85.79;1;43.31;0;343.16
"CUST-3991";"Non-binary";"3. Senior (51+)";"South";0;"Monthly";31.91;0;80.46;0;0.0
"CUST-3992";"Non-binary";"3. Senior (51+)";"North";6;"Two year";25.13;0;52.96;1;150.78
"CUST-3993";"Male";"1. Young Adult (18-30)";"South";45;"Two year";20.65;0;56.4;0;929.25
"CUST-3994";"Male";"2. Adult (31-50)";"South";48;"Two year";45.61;0;59.96;1;2189.28
"CUST-3995";"Non-binary";"1. Young Adult (18-30)";"North";9;"Monthly";64.9;0;58.05;0;584.1
"CUST-3996";"Female";"3. Senior (51+)";"South";27;"One year";84.78;2;49.9;0;2289.06
"CUST-3997";"Male";"1. Young Adult (18-30)";"North";17;"One year";32.39;0;56.0;0;550.63
"CUST-3998";"Male";"3. Senior (51+)";"West";39;"One year";111.26;1;78.36;0;4339.14
"CUST-3999";"Female";"2. Adult (31-50)";"North";37;"One year";76.65;2;54.96;0;2836.05
"CUST-4000";"Non-binary";"3. Senior (51+)";"North";37;"One year";111.43;0;22.42;0;4122.91
"CUST-4001";"Female";"2. Adult (31-50)";"South";4;"One year";42.52;1;53.64;0;170.08
"CUST-4002";"Male";"3. Senior (51+)";"West";42;"Monthly";63.99;0;61.49;1;2687.58
"CUST-4003";"Non-binary";"1. Young Adult (18-30)";"North";28;"Two year";79.69;0;53.86;0;2231.32
"CUST-4004";"Non-binary";"3. Senior (51+)";"North";21;"One year";70.67;0;13.8;1;1484.07
"CUST-4005";"Male";"2. Adult (31-50)";"East";61;"Monthly";77.34;0;55.13;0;4717.74
"CUST-4006";"Male";"2. Adult (31-50)";"South";60;"Monthly";90.02;0;57.22;1;5401.2
"CUST-4007";"Female";"2. Adult (31-50)";"West";60;"One year";96.48;0;73.91;1;5788.8
"CUST-4008";"Female";"2. Adult (31-50)";"North";7;"Two year";87.76;2;59.79;0;614.32
"CUST-4009";"Female";"3. Senior (51+)";"South";16;"Two year";67.56;0;75.0;0;1080.96
"CUST-4010";"Female";"2. Adult (31-50)";"East";70;"Monthly";24.77;0;37.61;1;1733.9
"CUST-4011";"Non-binary";"1. Young Adult (18-30)";"South";26;"One year";50.94;0;49.56;0;1324.44
"CUST-4012";"Male";"1. Young Adult (18-30)";"North";15;"One year";47.88;0;53.77;0;718.2
"CUST-4013";"Male";"3. Senior (51+)";"North";12;"One year";50.24;1;54.07;0;602.88
"CUST-4014";"Male";"2. Adult (31-50)";"West";16;"One year";36.55;0;57.1;0;584.8
"CUST-4015";"Female";"2. Adult (31-50)";"North";12;"Monthly";86.5;1;54.82;1;1038.0
"CUST-4016";"Female";"3. Senior (51+)";"South";48;"Two year";52.1;2;21.36;1;2500.8
"CUST-4017";"Male";"2. Adult (31-50)";"North";8;"One year";106.01;0;56.44;0;848.08
"CUST-4018";"Female";"1. Young Adult (18-30)";"South";37;"Monthly";39.45;0;54.96;1;1459.65
"CUST-4019";"Male";"1. Young Adult (18-30)";"North";9;"Monthly";95.89;0;88.0;1;863.01
"CUST-4020";"Female";"1. Young Adult (18-30)";"North";58;"Monthly";117.29;0;56.15;0;6802.82
"CUST-4021";"Female";"2. Adult (31-50)";"South";51;"Monthly";77.88;2;57.9;1;3971.88
"CUST-4022";"Female";"1. Young Adult (18-30)";"West";37;"Monthly";97.71;0;54.96;1;3615.27
"CUST-4023";"Male";"3. Senior (51+)";"North";38;"Monthly";23.54;0;53.79;1;894.52
"CUST-4024";"Non-binary";"3. Senior (51+)";"North";37;"Two year";114.88;0;54.96;0;4250.56
"CUST-4025";"Non-binary";"2. Adult (31-50)";"East";36;"One year";29.93;0;49.15;0;1077.48
"CUST-4026";"Female";"3. Senior (51+)";"West";59;"One year";109.6;0;72.55;1;6466.4
"CUST-4027";"Non-binary";"3. Senior (51+)";"West";19;"Monthly";116.83;0;99.6;0;2219.77
"CUST-4028";"Female";"1. Young Adult (18-30)";"West";26;"Monthly";20.45;0;99.44;0;531.7
"CUST-4029";"Non-binary";"3. Senior (51+)";"West";63;"Monthly";91.47;7;38.1;1;5762.61
"CUST-4030";"Non-binary";"1. Young Adult (18-30)";"East";47;"Two year";20.71;0;52.58;0;973.37
"CUST-4031";"Male";"2. Adult (31-50)";"South";29;"Monthly";75.34;0;48.91;0;2184.86
"CUST-4032";"Female";"2. Adult (31-50)";"West";20;"Two year";49.72;2;53.01;0;994.4
"CUST-4033";"Male";"3. Senior (51+)";"West";49;"One year";34.32;1;40.78;0;1681.68
"CUST-4034";"Male";"1. Young Adult (18-30)";"South";5;"Two year";34.56;0;39.54;1;172.8
"CUST-4035";"Female";"3. Senior (51+)";"South";55;"Two year";43.96;1;77.86;0;2417.8
"CUST-4036";"Female";"3. Senior (51+)";"West";55;"Two year";78.27;3;56.08;0;4304.85
"CUST-4037";"Male";"3. Senior (51+)";"West";45;"One year";35.72;0;48.88;0;1607.4
"CUST-4038";"Female";"4. Unkownn/Missing";"North";39;"One year";85.75;3;59.64;0;3344.25
"CUST-4039";"Non-binary";"2. Adult (31-50)";"West";40;"Two year";68.77;0;54.99;0;2750.8
"CUST-4040";"Male";"3. Senior (51+)";"West";34;"Monthly";109.25;0;52.64;1;3714.5
"CUST-4041";"Female";"1. Young Adult (18-30)";"East";66;"Monthly";65.63;3;54.86;1;4331.58
"CUST-4042";"Female";"3. Senior (51+)";"North";67;"Monthly";114.58;3;52.82;1;7676.86
"CUST-4043";"Male";"1. Young Adult (18-30)";"West";60;"Two year";88.76;0;49.19;0;5325.6
"CUST-4044";"Male";"2. Adult (31-50)";"South";21;"Monthly";83.76;0;55.93;0;1758.96
"CUST-4045";"Male";"2. Adult (31-50)";"North";16;"One year";33.49;3;57.1;1;535.84
"CUST-4046";"Female";"3. Senior (51+)";"West";32;"Two year";82.35;0;96.29;0;2635.2
"CUST-4047";"Female";"3. Senior (51+)";"North";19;"Two year";22.14;0;34.87;0;420.66
"CUST-4048";"Male";"3. Senior (51+)";"East";13;"Monthly";78.61;0;56.82;1;1021.93
"CUST-4049";"Female";"3. Senior (51+)";"North";63;"Two year";26.2;0;30.54;0;1650.6
"CUST-4050";"Male";"2. Adult (31-50)";"South";58;"Monthly";100.23;0;56.15;1;5813.34
"CUST-4051";"Female";"3. Senior (51+)";"West";56;"Monthly";62.35;2;63.17;0;3491.6
"CUST-4052";"Male";"3. Senior (51+)";"North";1;"Monthly";30.01;0;39.82;0;30.01
"CUST-4053";"Female";"2. Adult (31-50)";"South";60;"One year";66.06;2;80.42;0;3963.6
"CUST-4054";"Male";"3. Senior (51+)";"West";48;"Monthly";55.19;0;59.96;1;2649.12
"CUST-4055";"Female";"3. Senior (51+)";"South";20;"Monthly";67.51;3;53.01;0;1350.2
"CUST-4056";"Female";"3. Senior (51+)";"East";30;"Monthly";79.17;6;13.28;1;2375.1
"CUST-4057";"Male";"3. Senior (51+)";"East";67;"One year";92.63;1;52.82;0;6206.21
"CUST-4058";"Female";"3. Senior (51+)";"South";60;"One year";95.77;0;57.22;1;5746.2
"CUST-4059";"Female";"3. Senior (51+)";"South";65;"Two year";81.11;0;17.45;1;5272.15
"CUST-4060";"Male";"3. Senior (51+)";"East";51;"Two year";85.4;3;57.9;0;4355.4
"CUST-4061";"Male";"3. Senior (51+)";"East";35;"One year";94.48;0;14.58;1;3306.8
"CUST-4062";"Male";"3. Senior (51+)";"North";23;"One year";105.98;1;56.11;0;2437.54
"CUST-4063";"Female";"3. Senior (51+)";"South";37;"Monthly";53.29;1;96.64;1;1971.73
"CUST-4064";"Male";"3. Senior (51+)";"West";70;"Monthly";27.25;0;58.23;1;1907.5
"CUST-4065";"Male";"3. Senior (51+)";"South";68;"Monthly";51.68;0;57.81;0;3514.24
"CUST-4066";"Female";"1. Young Adult (18-30)";"North";52;"Monthly";117.55;0;54.79;1;6112.6
"CUST-4067";"Male";"1. Young Adult (18-30)";"East";11;"Monthly";37.66;0;53.43;1;414.26
"CUST-4068";"Female";"2. Adult (31-50)";"North";3;"One year";25.01;5;8.32;1;75.03
"CUST-4069";"Female";"2. Adult (31-50)";"North";59;"Monthly";66.78;2;50.64;1;3940.02
"CUST-4070";"Male";"3. Senior (51+)";"South";32;"Monthly";119.29;0;84.74;1;3817.28
"CUST-4071";"Female";"3. Senior (51+)";"East";4;"Monthly";106.85;0;43.31;0;427.4
"CUST-4072";"Female";"2. Adult (31-50)";"South";14;"Monthly";74.29;2;69.52;1;1040.06
"CUST-4073";"Non-binary";"4. Unkownn/Missing";"West";62;"Monthly";62.33;2;52.93;1;3864.46
"CUST-4074";"Female";"2. Adult (31-50)";"North";52;"Two year";26.31;1;54.79;0;1368.12
"CUST-4075";"Male";"3. Senior (51+)";"South";66;"One year";61.63;0;23.01;1;4067.58
"CUST-4076";"Non-binary";"3. Senior (51+)";"North";64;"Monthly";65.99;3;49.11;1;4223.36
"CUST-4077";"Male";"3. Senior (51+)";"North";7;"Two year";88.14;0;59.79;1;616.98
"CUST-4078";"Male";"1. Young Adult (18-30)";"North";1;"One year";30.82;3;43.21;0;30.82
"CUST-4079";"Female";"1. Young Adult (18-30)";"North";43;"Monthly";57.97;2;87.82;1;2492.71
"CUST-4080";"Non-binary";"3. Senior (51+)";"West";56;"Monthly";52.57;1;94.01;0;2943.92
"CUST-4081";"Female";"1. Young Adult (18-30)";"North";65;"Monthly";33.34;2;92.89;0;2167.1
"CUST-4082";"Female";"3. Senior (51+)";"East";39;"Monthly";40.58;0;54.59;0;1582.62
"CUST-4083";"Female";"4. Unkownn/Missing";"East";70;"Monthly";34.46;2;70.34;0;2412.2
"CUST-4084";"Female";"3. Senior (51+)";"East";69;"Two year";91.24;2;40.34;0;6295.56
"CUST-4085";"Non-binary";"3. Senior (51+)";"West";44;"Two year";83.38;0;68.35;0;3668.72
"CUST-4086";"Male";"3. Senior (51+)";"West";27;"Monthly";42.48;0;30.37;0;1146.96
"CUST-4087";"Female";"1. Young Adult (18-30)";"North";48;"Two year";46.37;0;59.96;0;2225.76
"CUST-4088";"Female";"1. Young Adult (18-30)";"North";62;"Two year";24.18;0;52.93;0;1499.16
"CUST-4089";"Male";"3. Senior (51+)";"North";10;"Monthly";73.53;0;47.69;1;735.3
"CUST-4090";"Male";"1. Young Adult (18-30)";"South";61;"Two year";45.32;8;19.75;1;2764.52
"CUST-4091";"Male";"1. Young Adult (18-30)";"North";33;"Monthly";113.06;0;27.97;1;3730.98
"CUST-4092";"Male";"3. Senior (51+)";"North";11;"Monthly";46.2;0;53.43;1;508.2
"CUST-4093";"Female";"2. Adult (31-50)";"East";4;"Monthly";108.04;0;57.89;1;432.16
"CUST-4094";"Female";"3. Senior (51+)";"West";48;"Monthly";101.65;0;47.82;1;4879.2
"CUST-4095";"Female";"3. Senior (51+)";"South";69;"Two year";32.2;1;45.1;0;2221.8
"CUST-4096";"Female";"3. Senior (51+)";"North";57;"One year";111.57;0;58.76;1;6359.49
"CUST-4097";"Non-binary";"2. Adult (31-50)";"South";47;"One year";106.03;0;67.14;0;4983.41
"CUST-4098";"Male";"3. Senior (51+)";"South";30;"Monthly";95.21;0;58.68;0;2856.3
"CUST-4099";"Male";"3. Senior (51+)";"North";2;"Monthly";116.7;3;42.67;0;233.4
"CUST-4100";"Non-binary";"1. Young Adult (18-30)";"South";5;"One year";67.44;0;35.06;0;337.2
"CUST-4101";"Female";"3. Senior (51+)";"South";29;"One year";117.32;2;55.42;0;3402.28
"CUST-4102";"Female";"2. Adult (31-50)";"East";6;"Monthly";46.3;0;26.13;1;277.8
"CUST-4103";"Female";"3. Senior (51+)";"North";38;"Monthly";62.34;0;40.03;0;2368.92
"CUST-4104";"Male";"1. Young Adult (18-30)";"South";3;"Two year";88.59;0;42.33;0;265.77
"CUST-4105";"Female";"3. Senior (51+)";"West";57;"One year";119.02;2;58.76;0;6784.14
"CUST-4106";"Female";"2. Adult (31-50)";"East";48;"Monthly";93.87;0;70.75;0;4505.76
"CUST-4107";"Male";"3. Senior (51+)";"North";0;"Monthly";104.05;0;73.14;1;0.0
"CUST-4108";"Male";"2. Adult (31-50)";"North";3;"Monthly";41.15;2;42.33;0;123.45
"CUST-4109";"Male";"2. Adult (31-50)";"South";28;"Two year";44.51;5;35.06;0;1246.28
"CUST-4110";"Non-binary";"2. Adult (31-50)";"West";45;"Monthly";97.78;3;73.57;1;4400.1
"CUST-4111";"Female";"2. Adult (31-50)";"West";30;"Monthly";39.87;2;57.44;0;1196.1
"CUST-4112";"Male";"3. Senior (51+)";"West";41;"Monthly";118.64;10;24.4;1;4864.24
"CUST-4113";"Male";"2. Adult (31-50)";"South";4;"One year";74.06;0;43.31;0;296.24
"CUST-4114";"Female";"2. Adult (31-50)";"North";53;"Monthly";36.56;3;86.98;1;1937.68
"CUST-4115";"Female";"3. Senior (51+)";"North";34;"One year";82.94;0;51.4;0;2819.96
"CUST-4116";"Male";"2. Adult (31-50)";"West";15;"One year";57.64;3;53.77;0;864.6
"CUST-4117";"Male";"2. Adult (31-50)";"South";60;"Two year";75.79;1;62.25;0;4547.4
"CUST-4118";"Male";"4. Unkownn/Missing";"East";1;"One year";84.88;1;67.98;1;84.88
"CUST-4119";"Male";"3. Senior (51+)";"South";47;"One year";70.9;1;34.63;0;3332.3
"CUST-4120";"Female";"3. Senior (51+)";"South";32;"Two year";22.72;0;15.19;0;727.04
"CUST-4121";"Male";"2. Adult (31-50)";"West";59;"Two year";68.52;0;81.96;0;4042.68
"CUST-4122";"Male";"3. Senior (51+)";"North";50;"Monthly";66.57;3;82.85;0;3328.5
"CUST-4123";"Male";"1. Young Adult (18-30)";"South";28;"One year";36.28;2;53.86;0;1015.84
"CUST-4124";"Female";"3. Senior (51+)";"North";68;"Two year";100.39;0;60.02;0;6826.52
"CUST-4125";"Non-binary";"2. Adult (31-50)";"East";12;"Two year";108.54;2;54.82;0;1302.48
"CUST-4126";"Female";"3. Senior (51+)";"West";19;"Monthly";62.89;0;68.23;0;1194.91
"CUST-4127";"Female";"2. Adult (31-50)";"West";64;"Two year";92.76;0;49.79;0;5936.64
"CUST-4128";"Non-binary";"3. Senior (51+)";"North";45;"Monthly";89.26;0;21.84;1;4016.7
"CUST-4129";"Female";"3. Senior (51+)";"North";18;"Two year";99.79;8;31.53;1;1796.22
"CUST-4130";"Male";"3. Senior (51+)";"South";7;"Monthly";39.57;3;59.79;0;276.99
"CUST-4131";"Female";"3. Senior (51+)";"South";46;"Monthly";28.65;9;18.75;1;1317.9
"CUST-4132";"Female";"3. Senior (51+)";"West";6;"Monthly";74.8;0;52.96;1;448.8
"CUST-4133";"Male";"3. Senior (51+)";"West";15;"Monthly";32.31;0;53.77;0;484.65
"CUST-4134";"Female";"2. Adult (31-50)";"North";21;"Monthly";98.1;0;59.29;0;2060.1
"CUST-4135";"Male";"3. Senior (51+)";"West";27;"Two year";56.47;0;41.1;0;1524.69
"CUST-4136";"Male";"2. Adult (31-50)";"North";34;"Monthly";54.78;0;85.93;1;1862.52
"CUST-4137";"Female";"3. Senior (51+)";"North";71;"Two year";101.96;3;54.72;1;7239.16
"CUST-4138";"Non-binary";"4. Unkownn/Missing";"West";25;"One year";73.94;2;96.65;0;1848.5
"CUST-4139";"Male";"2. Adult (31-50)";"West";32;"Monthly";27.84;0;51.6;0;890.88
"CUST-4140";"Non-binary";"1. Young Adult (18-30)";"North";32;"One year";26.49;0;90.98;0;847.68
"CUST-4141";"Non-binary";"1. Young Adult (18-30)";"West";72;"One year";57.63;1;42.03;0;4149.36
"CUST-4142";"Non-binary";"2. Adult (31-50)";"North";24;"Monthly";32.35;0;78.61;0;776.4
"CUST-4143";"Female";"3. Senior (51+)";"North";64;"Monthly";47.09;0;10.68;0;3013.76
"CUST-4144";"Female";"3. Senior (51+)";"West";17;"Monthly";50.9;0;48.77;0;865.3
"CUST-4145";"Female";"2. Adult (31-50)";"South";8;"One year";51.76;1;56.44;0;414.08
"CUST-4146";"Non-binary";"1. Young Adult (18-30)";"West";12;"One year";79.01;0;54.82;0;948.12
"CUST-4147";"Male";"2. Adult (31-50)";"South";18;"Monthly";66.99;0;51.92;1;1205.82
"CUST-4148";"Male";"2. Adult (31-50)";"West";65;"Monthly";52.24;0;90.28;1;3395.6
"CUST-4149";"Female";"4. Unkownn/Missing";"West";33;"Monthly";108.89;0;54.53;1;3593.37
"CUST-4150";"Female";"3. Senior (51+)";"South";49;"One year";65.15;1;36.05;0;3192.35
"CUST-4151";"Male";"3. Senior (51+)";"West";67;"Two year";63.78;0;46.76;0;4273.26
"CUST-4152";"Non-binary";"3. Senior (51+)";"West";9;"One year";46.52;0;49.46;0;418.68
"CUST-4153";"Male";"1. Young Adult (18-30)";"South";58;"Monthly";66.38;1;56.15;0;3850.04
"CUST-4154";"Non-binary";"3. Senior (51+)";"North";10;"Two year";40.47;2;67.75;0;404.7
"CUST-4155";"Male";"1. Young Adult (18-30)";"South";33;"Two year";114.97;3;54.53;1;3794.01
"CUST-4156";"Female";"2. Adult (31-50)";"North";13;"Monthly";66.04;0;56.82;0;858.52
"CUST-4157";"Male";"2. Adult (31-50)";"East";68;"One year";60.01;3;98.67;0;4080.68
"CUST-4158";"Female";"3. Senior (51+)";"North";23;"One year";93.83;2;56.11;1;2158.09
"CUST-4159";"Non-binary";"1. Young Adult (18-30)";"East";10;"Monthly";111.9;0;47.69;0;1119.0
"CUST-4160";"Non-binary";"1. Young Adult (18-30)";"West";6;"Monthly";91.11;0;95.2;1;546.66
"CUST-4161";"Female";"3. Senior (51+)";"South";4;"One year";71.16;3;43.31;0;284.64
"CUST-4162";"Female";"3. Senior (51+)";"North";55;"Two year";96.03;0;66.63;0;5281.65
"CUST-4163";"Non-binary";"3. Senior (51+)";"West";67;"Two year";65.43;0;27.47;0;4383.81
"CUST-4164";"Male";"3. Senior (51+)";"South";16;"Two year";52.81;0;90.9;0;844.96
"CUST-4165";"Female";"3. Senior (51+)";"North";8;"One year";104.24;0;58.31;0;833.92
"CUST-4166";"Non-binary";"2. Adult (31-50)";"South";39;"Monthly";36.16;0;22.51;1;1410.24
"CUST-4167";"Male";"1. Young Adult (18-30)";"South";17;"Monthly";47.24;0;91.1;0;803.08
"CUST-4168";"Female";"3. Senior (51+)";"South";51;"Monthly";38.24;0;57.9;0;1950.24
"CUST-4169";"Female";"2. Adult (31-50)";"South";26;"One year";117.47;3;61.62;1;3054.22
"CUST-4170";"Female";"3. Senior (51+)";"North";24;"Monthly";27.37;3;50.66;1;656.88
"CUST-4171";"Male";"3. Senior (51+)";"West";59;"Monthly";30.48;0;42.19;1;1798.32
"CUST-4172";"Male";"3. Senior (51+)";"East";67;"One year";110.62;1;52.82;0;7411.54
"CUST-4173";"Female";"1. Young Adult (18-30)";"North";4;"Two year";101.97;8;25.86;1;407.88
"CUST-4174";"Non-binary";"2. Adult (31-50)";"West";27;"One year";66.1;0;49.9;0;1784.7
"CUST-4175";"Female";"3. Senior (51+)";"East";50;"Monthly";73.43;0;54.57;0;3671.5
"CUST-4176";"Male";"1. Young Adult (18-30)";"East";55;"Monthly";49.72;0;16.02;1;2734.6
"CUST-4177";"Female";"3. Senior (51+)";"North";4;"Two year";34.34;4;39.67;0;137.36
"CUST-4178";"Male";"2. Adult (31-50)";"South";19;"Monthly";36.74;0;55.11;1;698.06
"CUST-4179";"Male";"4. Unkownn/Missing";"East";67;"Monthly";116.56;0;97.98;0;7809.52
"CUST-4180";"Female";"3. Senior (51+)";"South";8;"Two year";24.98;3;56.44;0;199.84
"CUST-4181";"Male";"2. Adult (31-50)";"West";1;"Monthly";25.55;0;43.21;0;25.55
"CUST-4182";"Female";"2. Adult (31-50)";"South";56;"One year";37.38;0;15.33;0;2093.28
"CUST-4183";"Non-binary";"2. Adult (31-50)";"West";1;"One year";94.47;10;29.67;1;94.47
"CUST-4184";"Female";"3. Senior (51+)";"East";59;"Monthly";72.25;0;76.87;1;4262.75
"CUST-4185";"Female";"1. Young Adult (18-30)";"North";44;"One year";80.52;3;81.39;0;3542.88
"CUST-4186";"Male";"3. Senior (51+)";"West";28;"Monthly";67.91;0;19.7;1;1901.48
"CUST-4187";"Non-binary";"3. Senior (51+)";"North";18;"One year";119.6;3;55.34;0;2152.8
"CUST-4188";"Male";"2. Adult (31-50)";"West";62;"One year";58.07;0;18.54;0;3600.34
"CUST-4189";"Male";"3. Senior (51+)";"West";61;"Monthly";37.14;0;55.13;1;2265.54
"CUST-4190";"Male";"1. Young Adult (18-30)";"North";36;"Monthly";94.01;3;49.15;1;3384.36
"CUST-4191";"Male";"1. Young Adult (18-30)";"North";51;"Two year";99.68;0;57.9;1;5083.68
"CUST-4192";"Female";"3. Senior (51+)";"South";17;"Monthly";66.5;0;56.0;1;1130.5
"CUST-4193";"Female";"3. Senior (51+)";"North";62;"Monthly";33.4;0;74.93;1;2070.8
"CUST-4194";"Male";"3. Senior (51+)";"West";70;"Two year";69.33;0;44.03;0;4853.1
"CUST-4195";"Male";"3. Senior (51+)";"North";50;"Monthly";99.73;0;54.57;1;4986.5
"CUST-4196";"Female";"2. Adult (31-50)";"North";69;"Two year";84.16;0;57.1;0;5807.04
"CUST-4197";"Male";"3. Senior (51+)";"West";72;"Monthly";69.84;0;54.68;0;5028.48
"CUST-4198";"Male";"2. Adult (31-50)";"South";38;"One year";73.76;0;53.79;1;2802.88
"CUST-4199";"Non-binary";"3. Senior (51+)";"South";26;"Monthly";38.84;0;60.63;0;1009.84
"CUST-4200";"Female";"1. Young Adult (18-30)";"South";20;"Monthly";30.76;0;53.01;0;615.2
"CUST-4201";"Male";"2. Adult (31-50)";"West";29;"One year";60.32;0;56.64;0;1749.28
"CUST-4202";"Male";"2. Adult (31-50)";"North";29;"Monthly";93.77;0;13.82;1;2719.33
"CUST-4203";"Non-binary";"1. Young Adult (18-30)";"West";1;"Two year";91.73;0;58.59;0;91.73
"CUST-4204";"Male";"1. Young Adult (18-30)";"North";28;"Monthly";102.93;2;52.07;0;2882.04
"CUST-4205";"Female";"3. Senior (51+)";"North";69;"Monthly";69.6;0;57.1;0;4802.4
"CUST-4206";"Female";"1. Young Adult (18-30)";"West";68;"Monthly";52.86;0;57.81;1;3594.48
"CUST-4207";"Male";"2. Adult (31-50)";"South";47;"Two year";53.23;0;52.58;1;2501.81
"CUST-4208";"Male";"1. Young Adult (18-30)";"North";17;"Monthly";109.91;1;69.63;0;1868.47
"CUST-4209";"Male";"2. Adult (31-50)";"East";45;"Monthly";119.16;5;12.14;1;5362.2
"CUST-4210";"Male";"3. Senior (51+)";"South";31;"Monthly";73.23;0;39.62;0;2270.13
"CUST-4211";"Female";"2. Adult (31-50)";"East";38;"Monthly";90.59;0;53.79;1;3442.42
"CUST-4212";"Female";"3. Senior (51+)";"North";57;"Monthly";103.1;0;30.41;0;5876.7
"CUST-4213";"Non-binary";"2. Adult (31-50)";"East";31;"One year";93.01;1;66.08;1;2883.31
"CUST-4214";"Male";"3. Senior (51+)";"North";41;"Monthly";68.06;0;89.75;0;2790.46
"CUST-4215";"Female";"3. Senior (51+)";"East";13;"Monthly";35.54;0;56.82;1;462.02
"CUST-4216";"Non-binary";"2. Adult (31-50)";"North";63;"Monthly";110.24;0;54.89;1;6945.12
"CUST-4217";"Female";"3. Senior (51+)";"East";57;"Two year";112.21;2;53.97;0;6395.97
"CUST-4218";"Male";"3. Senior (51+)";"West";10;"One year";35.4;0;41.7;0;354.0
"CUST-4219";"Female";"3. Senior (51+)";"South";52;"Monthly";118.67;2;91.02;0;6170.84
"CUST-4220";"Female";"3. Senior (51+)";"South";35;"One year";52.98;0;56.85;0;1854.3
"CUST-4221";"Non-binary";"1. Young Adult (18-30)";"East";71;"Monthly";46.93;1;54.72;1;3332.03
"CUST-4222";"Male";"3. Senior (51+)";"East";5;"One year";73.37;0;51.94;0;366.85
"CUST-4223";"Female";"2. Adult (31-50)";"North";25;"Monthly";106.17;0;73.68;1;2654.25
"CUST-4224";"Male";"3. Senior (51+)";"West";62;"Monthly";37.25;0;52.93;0;2309.5
"CUST-4225";"Male";"3. Senior (51+)";"West";67;"One year";36.23;0;73.82;0;2427.41
"CUST-4226";"Male";"3. Senior (51+)";"South";68;"Two year";54.16;0;71.81;0;3682.88
"CUST-4227";"Non-binary";"3. Senior (51+)";"South";1;"Monthly";59.1;2;57.290000000000006;1;59.1
"CUST-4228";"Male";"2. Adult (31-50)";"South";45;"Monthly";89.3;3;88.25;0;4018.5
"CUST-4229";"Female";"4. Unkownn/Missing";"South";39;"One year";89.52;0;32.53;1;3491.28
"CUST-4230";"Non-binary";"3. Senior (51+)";"North";60;"One year";109.17;7;17.26;1;6550.2
"CUST-4231";"Male";"3. Senior (51+)";"North";32;"Monthly";34.61;2;85.19;0;1107.52
"CUST-4232";"Female";"2. Adult (31-50)";"East";38;"Two year";30.02;5;35.28;0;1140.76
"CUST-4233";"Female";"3. Senior (51+)";"North";34;"One year";28.57;0;52.64;0;971.38
"CUST-4234";"Non-binary";"3. Senior (51+)";"West";38;"One year";49.95;0;52.84;0;1898.1
"CUST-4235";"Female";"2. Adult (31-50)";"North";33;"One year";25.64;1;54.53;0;846.12
"CUST-4236";"Female";"3. Senior (51+)";"West";45;"Monthly";77.43;3;56.4;0;3484.35
"CUST-4237";"Female";"2. Adult (31-50)";"West";42;"One year";35.83;0;28.92;1;1504.86
"CUST-4238";"Female";"3. Senior (51+)";"West";20;"One year";94.01;3;71.45;0;1880.2
"CUST-4239";"Female";"3. Senior (51+)";"East";21;"Two year";115.1;3;16.51;0;2417.1
"CUST-4240";"Non-binary";"1. Young Adult (18-30)";"North";28;"Monthly";106.72;1;53.86;1;2988.16
"CUST-4241";"Non-binary";"2. Adult (31-50)";"West";42;"One year";82.12;0;58.5;0;3449.04
"CUST-4242";"Male";"3. Senior (51+)";"South";30;"Monthly";106.36;0;57.44;1;3190.8
"CUST-4243";"Female";"3. Senior (51+)";"South";37;"One year";26.18;0;54.96;0;968.66
"CUST-4244";"Male";"3. Senior (51+)";"North";23;"One year";62.84;9;26.35;1;1445.32
"CUST-4245";"Male";"3. Senior (51+)";"South";27;"One year";58.93;0;49.9;0;1591.11
"CUST-4246";"Male";"3. Senior (51+)";"West";32;"Monthly";112.55;1;51.91;1;3601.6
"CUST-4247";"Non-binary";"1. Young Adult (18-30)";"West";13;"One year";113.05;0;94.88;0;1469.65
"CUST-4248";"Female";"3. Senior (51+)";"West";17;"Monthly";42.49;1;56.0;1;722.33
"CUST-4249";"Non-binary";"1. Young Adult (18-30)";"South";28;"Monthly";71.27;10;12.51;1;1995.56
"CUST-4250";"Female";"3. Senior (51+)";"South";4;"Monthly";45.66;3;25.590000000000003;1;182.64
"CUST-4251";"Female";"4. Unkownn/Missing";"North";13;"Monthly";73.96;0;56.82;0;961.48
"CUST-4252";"Male";"4. Unkownn/Missing";"East";72;"Monthly";100.49;0;97.34;1;7235.28
"CUST-4253";"Male";"3. Senior (51+)";"West";28;"Monthly";88.66;0;43.4;1;2482.48
"CUST-4254";"Non-binary";"1. Young Adult (18-30)";"South";51;"Monthly";53.55;10;13.15;1;2731.05
"CUST-4255";"Male";"2. Adult (31-50)";"West";14;"One year";71.18;0;50.47;0;996.52
"CUST-4256";"Non-binary";"3. Senior (51+)";"North";46;"Monthly";107.21;0;51.24;1;4931.66
"CUST-4257";"Male";"3. Senior (51+)";"West";28;"Monthly";46.32;0;53.86;0;1296.96
"CUST-4258";"Female";"2. Adult (31-50)";"West";28;"One year";74.07;0;22.42;1;2073.96
"CUST-4259";"Female";"3. Senior (51+)";"East";53;"One year";105.34;0;17.45;0;5583.02
"CUST-4260";"Male";"3. Senior (51+)";"North";3;"Monthly";51.09;0;27.369999999999997;0;153.27
"CUST-4261";"Male";"1. Young Adult (18-30)";"South";60;"One year";32.37;0;57.22;0;1942.2
"CUST-4262";"Female";"3. Senior (51+)";"West";47;"Monthly";34.2;0;52.58;0;1607.4
"CUST-4263";"Female";"3. Senior (51+)";"West";8;"One year";29.55;0;12.09;1;236.4
"CUST-4264";"Non-binary";"2. Adult (31-50)";"West";15;"One year";83.13;0;72.04;0;1246.95
"CUST-4265";"Female";"1. Young Adult (18-30)";"East";35;"Two year";26.35;2;56.85;0;922.25
"CUST-4266";"Male";"3. Senior (51+)";"North";24;"Monthly";92.76;0;50.66;0;2226.24
"CUST-4267";"Male";"2. Adult (31-50)";"North";5;"Monthly";22.39;0;39.54;0;111.95
"CUST-4268";"Male";"3. Senior (51+)";"South";22;"One year";32.45;0;85.96;0;713.9
"CUST-4269";"Female";"3. Senior (51+)";"North";44;"Monthly";24.63;0;53.59;1;1083.72
"CUST-4270";"Female";"3. Senior (51+)";"West";68;"Monthly";103.44;3;15.67;1;7033.92
"CUST-4271";"Male";"2. Adult (31-50)";"North";2;"Two year";54.74;0;15.239999999999998;0;109.48
"CUST-4272";"Male";"2. Adult (31-50)";"West";14;"Monthly";20.8;0;50.47;0;291.2
"CUST-4273";"Male";"1. Young Adult (18-30)";"North";15;"Monthly";83.88;0;53.77;1;1258.2
"CUST-4274";"Female";"3. Senior (51+)";"North";1;"Two year";23.69;0;2.1999999999999993;0;23.69
"CUST-4275";"Female";"2. Adult (31-50)";"East";46;"One year";56.97;2;51.24;0;2620.62
"CUST-4276";"Male";"3. Senior (51+)";"North";72;"One year";69.84;0;84.88;0;5028.48
"CUST-4277";"Non-binary";"3. Senior (51+)";"North";46;"Monthly";102.9;0;51.24;0;4733.4
"CUST-4278";"Female";"3. Senior (51+)";"West";36;"One year";106.03;2;49.15;0;3817.08
"CUST-4279";"Male";"3. Senior (51+)";"North";47;"Two year";55.21;6;14.91;0;2594.87
"CUST-4280";"Non-binary";"4. Unkownn/Missing";"North";51;"Two year";109.94;2;67.15;0;5606.94
"CUST-4281";"Non-binary";"2. Adult (31-50)";"South";31;"One year";24.41;1;51.61;0;756.71
"CUST-4282";"Non-binary";"3. Senior (51+)";"South";50;"One year";98.3;1;54.57;0;4915.0
"CUST-4283";"Male";"3. Senior (51+)";"South";59;"Two year";61.65;0;50.64;0;3637.35
"CUST-4284";"Non-binary";"3. Senior (51+)";"West";60;"Two year";45.26;0;57.22;0;2715.6
"CUST-4285";"Non-binary";"3. Senior (51+)";"North";60;"Two year";25.85;10;35.0;0;1551.0
"CUST-4286";"Male";"3. Senior (51+)";"West";0;"One year";103.78;0;44.44;1;0.0
"CUST-4287";"Female";"3. Senior (51+)";"West";28;"One year";58.46;0;53.86;0;1636.88
"CUST-4288";"Male";"3. Senior (51+)";"West";40;"One year";31.38;0;77.8;0;1255.2
"CUST-4289";"Non-binary";"1. Young Adult (18-30)";"East";10;"Two year";58.68;1;45.01;0;586.8
"CUST-4290";"Male";"1. Young Adult (18-30)";"West";44;"One year";94.33;2;56.45;0;4150.52
"CUST-4291";"Male";"4. Unkownn/Missing";"North";63;"One year";83.72;0;17.81;0;5274.36
"CUST-4292";"Male";"3. Senior (51+)";"South";70;"Monthly";23.03;3;82.99;0;1612.1
"CUST-4293";"Male";"1. Young Adult (18-30)";"North";57;"Monthly";60.22;0;69.78;0;3432.54
"CUST-4294";"Male";"2. Adult (31-50)";"North";44;"Two year";101.51;0;95.71;0;4466.44
"CUST-4295";"Female";"2. Adult (31-50)";"West";59;"One year";73.7;0;76.02;0;4348.3
"CUST-4296";"Female";"2. Adult (31-50)";"West";6;"One year";28.76;0;52.96;0;172.56
"CUST-4297";"Male";"2. Adult (31-50)";"East";37;"Monthly";31.77;0;54.96;1;1175.49
"CUST-4298";"Female";"3. Senior (51+)";"West";68;"Two year";39.4;1;11.17;0;2679.2
"CUST-4299";"Male";"4. Unkownn/Missing";"South";22;"One year";62.14;2;58.01;0;1367.08
"CUST-4300";"Female";"2. Adult (31-50)";"East";57;"One year";103.85;0;89.56;0;5919.45
"CUST-4301";"Female";"1. Young Adult (18-30)";"South";36;"Monthly";59.98;2;49.15;1;2159.28
"CUST-4302";"Non-binary";"3. Senior (51+)";"North";68;"Two year";64.77;0;57.81;0;4404.36
"CUST-4303";"Female";"2. Adult (31-50)";"West";17;"One year";92.5;0;47.43;0;1572.5
"CUST-4304";"Female";"3. Senior (51+)";"North";29;"Monthly";57.8;2;55.42;1;1676.2
"CUST-4305";"Female";"3. Senior (51+)";"North";31;"Monthly";99.35;2;51.61;0;3079.85
"CUST-4306";"Non-binary";"2. Adult (31-50)";"South";7;"One year";39.22;2;83.28;1;274.54
"CUST-4307";"Non-binary";"1. Young Adult (18-30)";"East";57;"Monthly";86.12;0;49.18;1;4908.84
"CUST-4308";"Non-binary";"3. Senior (51+)";"West";10;"Two year";59.46;0;47.69;0;594.6
"CUST-4309";"Male";"3. Senior (51+)";"West";45;"Monthly";28.31;1;11.19;1;1273.95
"CUST-4310";"Male";"3. Senior (51+)";"West";20;"One year";58.77;0;15.59;1;1175.4
"CUST-4311";"Non-binary";"3. Senior (51+)";"East";41;"Two year";42.75;0;51.63;0;1752.75
"CUST-4312";"Non-binary";"3. Senior (51+)";"West";36;"Monthly";51.86;10;34.73;1;1866.96
"CUST-4313";"Female";"2. Adult (31-50)";"North";28;"Monthly";80.22;0;53.86;1;2246.16
"CUST-4314";"Male";"2. Adult (31-50)";"South";70;"One year";61.18;0;74.41;0;4282.6
"CUST-4315";"Non-binary";"2. Adult (31-50)";"West";28;"Monthly";77.79;0;53.86;0;2178.12
"CUST-4316";"Non-binary";"3. Senior (51+)";"South";25;"One year";92.88;0;57.71;0;2322.0
"CUST-4317";"Non-binary";"3. Senior (51+)";"East";31;"Two year";119.52;0;63.91;1;3705.12
"CUST-4318";"Male";"1. Young Adult (18-30)";"East";7;"Monthly";85.91;7;32.97;1;601.37
"CUST-4319";"Male";"2. Adult (31-50)";"West";13;"Two year";52.54;0;56.82;0;683.02
"CUST-4320";"Female";"3. Senior (51+)";"West";22;"Monthly";54.48;0;58.01;1;1198.56
"CUST-4321";"Female";"2. Adult (31-50)";"North";68;"Monthly";82.34;0;57.81;1;5599.12
"CUST-4322";"Male";"3. Senior (51+)";"North";67;"One year";90.47;2;52.82;0;6061.49
"CUST-4323";"Male";"3. Senior (51+)";"North";48;"One year";46.54;0;46.15;0;2233.92
"CUST-4324";"Male";"3. Senior (51+)";"West";40;"One year";86.44;0;54.99;1;3457.6
"CUST-4325";"Male";"2. Adult (31-50)";"West";52;"One year";100.82;0;65.18;0;5242.64
"CUST-4326";"Male";"2. Adult (31-50)";"West";15;"One year";85.71;0;50.12;0;1285.65
"CUST-4327";"Female";"3. Senior (51+)";"West";0;"Monthly";53.32;0;44.44;0;0.0
"CUST-4328";"Female";"3. Senior (51+)";"West";15;"Monthly";23.64;2;38.01;0;354.6
"CUST-4329";"Male";"1. Young Adult (18-30)";"West";69;"One year";68.11;0;57.1;0;4699.59
"CUST-4330";"Non-binary";"3. Senior (51+)";"North";46;"One year";114.26;0;47.55;0;5255.96
"CUST-4331";"Female";"3. Senior (51+)";"East";70;"Monthly";100.1;0;58.23;0;7007.0
"CUST-4332";"Male";"2. Adult (31-50)";"South";2;"Two year";86.1;0;42.67;0;172.2
"CUST-4333";"Female";"3. Senior (51+)";"North";70;"Monthly";110.02;0;58.23;0;7701.4
"CUST-4334";"Female";"3. Senior (51+)";"North";47;"One year";106.95;0;25.36;0;5026.65
"CUST-4335";"Male";"2. Adult (31-50)";"West";26;"Two year";91.13;0;61.62;0;2369.38
"CUST-4336";"Male";"2. Adult (31-50)";"North";21;"Monthly";53.32;0;29.41;1;1119.72
"CUST-4337";"Non-binary";"3. Senior (51+)";"North";38;"Monthly";117.16;1;53.79;1;4452.08
"CUST-4338";"Female";"1. Young Adult (18-30)";"West";48;"Monthly";45.36;2;86.25;0;2177.28
"CUST-4339";"Male";"1. Young Adult (18-30)";"South";46;"Two year";34.94;0;51.24;0;1607.24
"CUST-4340";"Male";"3. Senior (51+)";"North";55;"One year";83.87;2;72.91;0;4612.85
"CUST-4341";"Non-binary";"3. Senior (51+)";"West";70;"Monthly";109.54;0;58.23;0;7667.8
"CUST-4342";"Non-binary";"3. Senior (51+)";"West";10;"Two year";119.85;0;85.24;0;1198.5
"CUST-4343";"Female";"3. Senior (51+)";"West";54;"One year";52.71;0;62.87;0;2846.34
"CUST-4344";"Male";"2. Adult (31-50)";"North";40;"Two year";88.15;1;78.45;0;3526.0
"CUST-4345";"Female";"3. Senior (51+)";"West";28;"One year";68.99;0;53.86;0;1931.72
"CUST-4346";"Male";"2. Adult (31-50)";"West";15;"Two year";21.97;0;56.36;0;329.55
"CUST-4347";"Male";"1. Young Adult (18-30)";"West";16;"Monthly";24.3;0;20.39;0;388.8
"CUST-4348";"Non-binary";"3. Senior (51+)";"North";34;"Monthly";100.23;0;82.16;1;3407.82
"CUST-4349";"Non-binary";"3. Senior (51+)";"West";1;"Monthly";26.04;0;56.78;0;26.04
"CUST-4350";"Male";"2. Adult (31-50)";"South";5;"Monthly";29.87;2;76.17;0;149.35
"CUST-4351";"Female";"3. Senior (51+)";"South";14;"Two year";113.51;0;50.47;0;1589.14
"CUST-4352";"Male";"3. Senior (51+)";"North";4;"Monthly";48.99;0;81.58;0;195.96
"CUST-4353";"Female";"1. Young Adult (18-30)";"South";12;"Monthly";61.36;0;71.05;0;736.32
"CUST-4354";"Female";"3. Senior (51+)";"West";19;"Monthly";95.07;3;40.17;1;1806.33
"CUST-4355";"Female";"3. Senior (51+)";"South";12;"Monthly";56.06;3;98.66;1;672.72
"CUST-4356";"Male";"3. Senior (51+)";"West";39;"One year";38.74;3;59.64;0;1510.86
"CUST-4357";"Male";"1. Young Adult (18-30)";"East";0;"Two year";74.29;3;38.93;0;0.0
"CUST-4358";"Female";"1. Young Adult (18-30)";"North";53;"One year";40.37;0;55.3;0;2139.61
"CUST-4359";"Male";"2. Adult (31-50)";"West";7;"One year";59.44;0;59.79;0;416.08
"CUST-4360";"Male";"2. Adult (31-50)";"West";37;"Two year";107.64;0;54.96;0;3982.68
"CUST-4361";"Female";"2. Adult (31-50)";"East";19;"Monthly";29.6;0;55.11;0;562.4
"CUST-4362";"Female";"2. Adult (31-50)";"South";17;"Two year";106.74;3;88.92;0;1814.58
"CUST-4363";"Female";"2. Adult (31-50)";"West";41;"Monthly";99.58;0;53.47;1;4082.78
"CUST-4364";"Male";"1. Young Adult (18-30)";"East";58;"One year";98.54;0;62.71;0;5715.32
"CUST-4365";"Non-binary";"2. Adult (31-50)";"West";28;"One year";61.65;0;24.29;0;1726.2
"CUST-4366";"Non-binary";"3. Senior (51+)";"North";64;"Two year";21.06;0;42.68;1;1347.84
"CUST-4367";"Female";"2. Adult (31-50)";"North";26;"One year";36.42;3;61.62;0;946.92
"CUST-4368";"Non-binary";"3. Senior (51+)";"East";22;"Monthly";61.35;2;84.12;1;1349.7
"CUST-4369";"Male";"3. Senior (51+)";"West";18;"Monthly";42.49;3;43.98;0;764.82
"CUST-4370";"Non-binary";"3. Senior (51+)";"West";18;"One year";114.21;0;51.92;0;2055.78
"CUST-4371";"Male";"3. Senior (51+)";"South";38;"Two year";86.28;0;53.79;0;3278.64
"CUST-4372";"Female";"2. Adult (31-50)";"West";39;"Monthly";24.19;3;48.4;0;943.41
"CUST-4373";"Non-binary";"3. Senior (51+)";"North";51;"Monthly";101.06;3;57.9;0;5154.06
"CUST-4374";"Female";"2. Adult (31-50)";"West";8;"Monthly";46.76;2;71.61;0;374.08
"CUST-4375";"Male";"3. Senior (51+)";"South";9;"Monthly";61.37;3;58.05;0;552.33
"CUST-4376";"Male";"2. Adult (31-50)";"North";7;"Two year";115.3;0;57.55;1;807.1
"CUST-4377";"Male";"1. Young Adult (18-30)";"East";20;"One year";91.11;0;22.52;1;1822.2
"CUST-4378";"Non-binary";"3. Senior (51+)";"South";27;"One year";55.46;0;23.27;1;1497.42
"CUST-4379";"Male";"4. Unkownn/Missing";"East";14;"Monthly";65.47;0;76.5;0;916.58
"CUST-4380";"Female";"3. Senior (51+)";"West";59;"Two year";30.32;3;50.64;0;1788.88
"CUST-4381";"Male";"3. Senior (51+)";"West";11;"Monthly";48.77;0;53.43;0;536.47
"CUST-4382";"Female";"3. Senior (51+)";"North";67;"Monthly";80.22;4;33.98;0;5374.74
"CUST-4383";"Male";"3. Senior (51+)";"East";50;"Monthly";96.56;0;40.17;1;4828.0
"CUST-4384";"Female";"3. Senior (51+)";"West";65;"Monthly";73.58;0;75.36;1;4782.7
"CUST-4385";"Female";"2. Adult (31-50)";"South";19;"Monthly";82.94;0;76.16;1;1575.86
"CUST-4386";"Female";"3. Senior (51+)";"South";66;"Monthly";101.84;0;54.86;0;6721.44
"CUST-4387";"Female";"2. Adult (31-50)";"South";57;"One year";50.8;0;34.56;1;2895.6
"CUST-4388";"Non-binary";"3. Senior (51+)";"East";44;"Monthly";34.04;2;56.45;1;1497.76
"CUST-4389";"Female";"1. Young Adult (18-30)";"East";2;"Monthly";41.81;0;50.8;1;83.62
"CUST-4390";"Female";"3. Senior (51+)";"North";67;"One year";22.97;4;24.98;1;1538.99
"CUST-4391";"Male";"1. Young Adult (18-30)";"East";36;"Monthly";53.17;3;49.15;0;1914.12
"CUST-4392";"Female";"1. Young Adult (18-30)";"West";64;"One year";55.29;0;49.79;0;3538.56
"CUST-4393";"Female";"1. Young Adult (18-30)";"North";60;"One year";110.58;0;57.22;0;6634.8
"CUST-4394";"Female";"4. Unkownn/Missing";"North";55;"One year";33.2;0;65.32;0;1826.0
"CUST-4395";"Male";"2. Adult (31-50)";"South";0;"Two year";62.8;3;74.84;0;0.0
"CUST-4396";"Female";"3. Senior (51+)";"East";54;"Monthly";78.72;0;56.4;1;4250.88
"CUST-4397";"Male";"1. Young Adult (18-30)";"West";19;"Monthly";31.72;0;55.11;1;602.68
"CUST-4398";"Male";"1. Young Adult (18-30)";"South";37;"Two year";111.22;0;54.96;0;4115.14
"CUST-4399";"Non-binary";"2. Adult (31-50)";"South";45;"Monthly";50.31;7;32.79;1;2263.95
"CUST-4400";"Male";"2. Adult (31-50)";"West";5;"Monthly";114.26;8;37.8;1;571.3
"CUST-4401";"Non-binary";"2. Adult (31-50)";"East";70;"Monthly";103.38;2;50.18;1;7236.6
"CUST-4402";"Male";"3. Senior (51+)";"South";6;"Monthly";96.78;0;96.4;1;580.68
"CUST-4403";"Female";"3. Senior (51+)";"North";33;"One year";32.44;3;56.22;0;1070.52
"CUST-4404";"Male";"4. Unkownn/Missing";"West";42;"Monthly";104.62;0;25.44;1;4394.04
"CUST-4405";"Male";"3. Senior (51+)";"South";41;"One year";101.3;2;51.63;0;4153.3
"CUST-4406";"Female";"2. Adult (31-50)";"West";71;"Monthly";52.98;0;63.85;1;3761.58
"CUST-4407";"Female";"1. Young Adult (18-30)";"North";15;"Two year";118.67;0;30.93;0;1780.05
"CUST-4408";"Male";"4. Unkownn/Missing";"South";10;"Monthly";76.51;1;47.69;0;765.1
"CUST-4409";"Male";"2. Adult (31-50)";"East";43;"One year";110.15;0;53.15;0;4736.45
"CUST-4410";"Non-binary";"1. Young Adult (18-30)";"North";27;"Two year";35.17;0;49.9;0;949.59
"CUST-4411";"Male";"3. Senior (51+)";"South";27;"Monthly";99.61;0;49.9;0;2689.47
"CUST-4412";"Non-binary";"1. Young Adult (18-30)";"South";45;"Monthly";80.02;0;56.4;0;3600.9
"CUST-4413";"Male";"4. Unkownn/Missing";"South";44;"One year";94.9;1;47.61;0;4175.6
"CUST-4414";"Female";"1. Young Adult (18-30)";"North";15;"One year";48.67;1;65.92;0;730.05
"CUST-4415";"Non-binary";"1. Young Adult (18-30)";"North";70;"Monthly";100.34;1;58.23;1;7023.8
"CUST-4416";"Non-binary";"3. Senior (51+)";"South";63;"Monthly";22.82;0;11.67;0;1437.66
"CUST-4417";"Male";"1. Young Adult (18-30)";"West";42;"Monthly";55.03;2;58.5;0;2311.26
"CUST-4418";"Female";"3. Senior (51+)";"South";8;"Monthly";63.32;2;94.75;0;506.56
"CUST-4419";"Female";"2. Adult (31-50)";"South";32;"Monthly";53.29;0;83.51;1;1705.28
"CUST-4420";"Male";"3. Senior (51+)";"North";19;"Monthly";45.14;0;81.19;1;857.66
"CUST-4421";"Female";"3. Senior (51+)";"North";69;"Two year";29.49;0;57.1;0;2034.81
"CUST-4422";"Male";"2. Adult (31-50)";"West";38;"One year";55.3;0;53.79;0;2101.4
"CUST-4423";"Non-binary";"3. Senior (51+)";"West";4;"Monthly";53.26;0;63.55;1;213.04
"CUST-4424";"Female";"4. Unkownn/Missing";"South";56;"Monthly";64.95;3;63.17;0;3637.2
"CUST-4425";"Male";"4. Unkownn/Missing";"East";60;"Two year";114.16;1;57.22;1;6849.6
"CUST-4426";"Non-binary";"2. Adult (31-50)";"West";15;"Two year";86.24;2;53.77;0;1293.6
"CUST-4427";"Non-binary";"1. Young Adult (18-30)";"South";29;"Monthly";54.98;1;55.42;1;1594.42
"CUST-4428";"Male";"2. Adult (31-50)";"South";37;"One year";81.15;2;54.96;0;3002.55
"CUST-4429";"Female";"3. Senior (51+)";"East";67;"Monthly";44.74;0;52.82;0;2997.58
"CUST-4430";"Male";"3. Senior (51+)";"West";44;"Monthly";45.03;3;85.02;0;1981.32
"CUST-4431";"Female";"3. Senior (51+)";"North";8;"Monthly";35.7;0;39.33;1;285.6
"CUST-4432";"Female";"2. Adult (31-50)";"South";33;"Monthly";24.21;0;91.33;1;798.93
"CUST-4433";"Male";"3. Senior (51+)";"South";62;"Monthly";92.46;8;10.27;1;5732.52
"CUST-4434";"Male";"1. Young Adult (18-30)";"South";72;"Monthly";71.63;0;54.68;0;5157.36
"CUST-4435";"Non-binary";"1. Young Adult (18-30)";"West";32;"One year";64.2;0;51.91;0;2054.4
"CUST-4436";"Non-binary";"3. Senior (51+)";"West";56;"One year";115.87;0;63.17;0;6488.72
"CUST-4437";"Male";"3. Senior (51+)";"West";44;"Monthly";98.1;0;78.66;0;4316.4
"CUST-4438";"Male";"2. Adult (31-50)";"North";38;"One year";90.95;0;53.79;0;3456.1
"CUST-4439";"Female";"2. Adult (31-50)";"South";34;"Two year";21.63;2;61.52;0;735.42
"CUST-4440";"Female";"3. Senior (51+)";"West";41;"Two year";111.96;0;45.51;0;4590.36
"CUST-4441";"Non-binary";"3. Senior (51+)";"South";18;"One year";30.04;0;45.91;0;540.72
"CUST-4442";"Male";"2. Adult (31-50)";"West";14;"One year";113.53;0;50.47;1;1589.42
"CUST-4443";"Male";"2. Adult (31-50)";"South";68;"One year";64.84;3;61.44;0;4409.12
"CUST-4444";"Non-binary";"1. Young Adult (18-30)";"North";22;"Monthly";61.14;3;58.01;0;1345.08
"CUST-4445";"Male";"2. Adult (31-50)";"South";21;"Two year";93.95;2;62.19;0;1972.95
"CUST-4446";"Non-binary";"2. Adult (31-50)";"South";62;"Monthly";61.71;0;63.41;0;3826.02
"CUST-4447";"Female";"3. Senior (51+)";"North";33;"One year";34.52;0;43.18;0;1139.16
"CUST-4448";"Female";"2. Adult (31-50)";"North";54;"Monthly";51.51;0;56.4;0;2781.54
"CUST-4449";"Non-binary";"1. Young Adult (18-30)";"West";4;"Monthly";54.95;0;28.78;1;219.8
"CUST-4450";"Male";"2. Adult (31-50)";"North";15;"One year";61.12;0;13.66;0;916.8
"CUST-4451";"Male";"1. Young Adult (18-30)";"South";21;"One year";116.07;0;26.82;1;2437.47
"CUST-4452";"Male";"3. Senior (51+)";"North";39;"Monthly";114.97;0;59.64;1;4483.83
"CUST-4453";"Female";"4. Unkownn/Missing";"West";54;"One year";72.23;3;13.89;0;3900.42
"CUST-4454";"Male";"3. Senior (51+)";"East";68;"Monthly";37.33;0;27.28;0;2538.44
"CUST-4455";"Male";"3. Senior (51+)";"North";64;"One year";36.95;0;49.34;0;2364.8
"CUST-4456";"Female";"3. Senior (51+)";"South";41;"Monthly";98.81;0;20.77;1;4051.21
"CUST-4457";"Female";"2. Adult (31-50)";"West";4;"Monthly";56.99;0;69.17;0;227.96
"CUST-4458";"Female";"2. Adult (31-50)";"South";59;"Monthly";94.19;0;50.64;0;5557.21
"CUST-4459";"Male";"4. Unkownn/Missing";"North";53;"Two year";40.55;0;55.3;0;2149.15
"CUST-4460";"Female";"3. Senior (51+)";"South";22;"Monthly";40.67;0;65.88;0;894.74
"CUST-4461";"Female";"3. Senior (51+)";"South";34;"Monthly";84.7;1;52.64;1;2879.8
"CUST-4462";"Male";"1. Young Adult (18-30)";"East";61;"One year";84.45;0;67.24;1;5151.45
"CUST-4463";"Female";"1. Young Adult (18-30)";"West";13;"Two year";111.76;3;56.82;1;1452.88
"CUST-4464";"Male";"4. Unkownn/Missing";"West";59;"One year";100.04;1;50.64;0;5902.36
"CUST-4465";"Female";"3. Senior (51+)";"South";51;"Two year";33.1;0;51.95;0;1688.1
"CUST-4466";"Male";"2. Adult (31-50)";"South";40;"Two year";33.76;0;54.99;0;1350.4
"CUST-4467";"Male";"3. Senior (51+)";"North";60;"Monthly";32.4;0;57.22;0;1944.0
"CUST-4468";"Female";"2. Adult (31-50)";"South";2;"Monthly";66.07;0;13.940000000000001;1;132.14
"CUST-4469";"Male";"3. Senior (51+)";"North";70;"One year";46.8;0;51.42;1;3276.0
"CUST-4470";"Female";"3. Senior (51+)";"West";22;"One year";119.04;2;58.01;1;2618.88
"CUST-4471";"Female";"2. Adult (31-50)";"North";3;"Monthly";88.15;0;33.4;1;264.45
"CUST-4472";"Male";"3. Senior (51+)";"North";15;"Monthly";99.12;0;53.77;1;1486.8
"CUST-4473";"Male";"3. Senior (51+)";"West";43;"One year";41.34;0;68.88;0;1777.62
"CUST-4474";"Male";"4. Unkownn/Missing";"North";23;"Monthly";63.83;0;30.2;1;1468.09
"CUST-4475";"Female";"3. Senior (51+)";"West";4;"Two year";48.26;0;43.31;0;193.04
"CUST-4476";"Male";"2. Adult (31-50)";"East";1;"One year";24.27;0;24.33;1;24.27
"CUST-4477";"Non-binary";"3. Senior (51+)";"East";46;"Monthly";86.51;8;18.28;1;3979.46
"CUST-4478";"Non-binary";"2. Adult (31-50)";"South";20;"Monthly";21.43;1;93.79;0;428.6
"CUST-4479";"Non-binary";"3. Senior (51+)";"East";12;"One year";79.87;0;54.82;0;958.44
"CUST-4480";"Non-binary";"2. Adult (31-50)";"South";58;"One year";91.07;0;19.86;1;5282.06
"CUST-4481";"Female";"3. Senior (51+)";"West";45;"Two year";91.11;0;66.39;1;4099.95
"CUST-4482";"Male";"1. Young Adult (18-30)";"North";39;"Two year";24.45;3;84.9;0;953.55
"CUST-4483";"Female";"3. Senior (51+)";"South";3;"Monthly";44.7;0;42.33;1;134.1
"CUST-4484";"Non-binary";"4. Unkownn/Missing";"North";9;"One year";62.62;0;20.35;1;563.58
"CUST-4485";"Male";"3. Senior (51+)";"West";54;"Two year";67.67;1;56.4;0;3654.18
"CUST-4486";"Non-binary";"4. Unkownn/Missing";"South";17;"Two year";35.81;0;62.11;0;608.77
"CUST-4487";"Non-binary";"1. Young Adult (18-30)";"South";1;"One year";45.75;0;71.76;0;45.75
"CUST-4488";"Female";"4. Unkownn/Missing";"South";28;"Monthly";42.75;0;53.86;1;1197.0
"CUST-4489";"Male";"3. Senior (51+)";"South";14;"Monthly";100.56;1;50.47;0;1407.84
"CUST-4490";"Male";"3. Senior (51+)";"West";57;"Two year";85.47;0;88.67;0;4871.79
"CUST-4491";"Female";"2. Adult (31-50)";"East";15;"Two year";107.75;0;37.12;0;1616.25
"CUST-4492";"Female";"4. Unkownn/Missing";"South";16;"One year";115.87;3;59.78;0;1853.92
"CUST-4493";"Male";"1. Young Adult (18-30)";"North";26;"One year";116.36;2;61.62;1;3025.36
"CUST-4494";"Female";"3. Senior (51+)";"West";30;"One year";109.1;3;57.44;1;3273.0
"CUST-4495";"Female";"1. Young Adult (18-30)";"West";65;"One year";67.26;0;93.71;0;4371.9
"CUST-4496";"Female";"2. Adult (31-50)";"East";8;"Monthly";103.4;0;91.34;1;827.2
"CUST-4497";"Male";"3. Senior (51+)";"North";68;"One year";38.86;0;68.03;0;2642.48
"CUST-4498";"Male";"3. Senior (51+)";"North";32;"One year";82.7;0;72.26;0;2646.4
"CUST-4499";"Female";"2. Adult (31-50)";"South";1;"Two year";99.91;0;29.18;0;99.91
"CUST-4500";"Non-binary";"1. Young Adult (18-30)";"South";38;"Two year";91.03;2;66.73;0;3459.14
"CUST-4501";"Female";"2. Adult (31-50)";"West";56;"One year";70.05;0;93.45;0;3922.8
"CUST-4502";"Non-binary";"3. Senior (51+)";"North";29;"Two year";110.54;6;22.38;1;3205.66
"CUST-4503";"Male";"3. Senior (51+)";"West";43;"Monthly";94.99;0;53.15;1;4084.57
"CUST-4504";"Male";"4. Unkownn/Missing";"West";25;"Two year";21.62;3;81.67;0;540.5
"CUST-4505";"Female";"3. Senior (51+)";"North";23;"One year";86.28;2;92.98;0;1984.44
"CUST-4506";"Female";"3. Senior (51+)";"South";9;"Two year";38.92;6;11.37;0;350.28
"CUST-4507";"Non-binary";"2. Adult (31-50)";"West";32;"One year";33.57;1;36.17;0;1074.24
"CUST-4508";"Female";"3. Senior (51+)";"East";39;"Two year";74.51;0;84.27;0;2905.89
"CUST-4509";"Male";"2. Adult (31-50)";"West";71;"Monthly";98.87;2;48.91;0;7019.77
"CUST-4510";"Female";"1. Young Adult (18-30)";"North";54;"Monthly";23.31;0;56.4;0;1258.74
"CUST-4511";"Male";"1. Young Adult (18-30)";"East";34;"Two year";39.18;3;37.99;0;1332.12
"CUST-4512";"Male";"3. Senior (51+)";"South";48;"Monthly";66.25;2;59.96;0;3180.0
"CUST-4513";"Male";"3. Senior (51+)";"West";13;"Monthly";78.98;2;53.54;1;1026.74
"CUST-4514";"Non-binary";"3. Senior (51+)";"South";40;"One year";110.52;0;54.99;1;4420.8
"CUST-4515";"Male";"3. Senior (51+)";"West";33;"One year";60.59;0;54.53;0;1999.47
"CUST-4516";"Female";"2. Adult (31-50)";"East";70;"One year";85.67;0;58.23;1;5996.9
"CUST-4517";"Non-binary";"2. Adult (31-50)";"West";33;"Monthly";46.07;1;54.53;0;1520.31
"CUST-4518";"Male";"1. Young Adult (18-30)";"West";65;"One year";64.44;0;55.95;0;4188.6
"CUST-4519";"Female";"3. Senior (51+)";"West";8;"Monthly";70.06;0;68.18;0;560.48
"CUST-4520";"Female";"3. Senior (51+)";"North";68;"Monthly";74.13;1;57.81;0;5040.84
"CUST-4521";"Non-binary";"2. Adult (31-50)";"West";54;"Monthly";99.24;0;56.4;1;5358.96
"CUST-4522";"Male";"1. Young Adult (18-30)";"South";36;"Monthly";61.88;0;49.15;1;2227.68
"CUST-4523";"Female";"2. Adult (31-50)";"South";48;"One year";59.79;0;59.96;0;2869.92
"CUST-4524";"Non-binary";"1. Young Adult (18-30)";"East";27;"Monthly";75.15;6;12.41;1;2029.05
"CUST-4525";"Male";"3. Senior (51+)";"West";2;"Monthly";26.32;0;30.18;1;52.64
"CUST-4526";"Non-binary";"2. Adult (31-50)";"East";64;"Monthly";98.72;0;49.79;0;6318.08
"CUST-4527";"Male";"3. Senior (51+)";"West";69;"Monthly";61.49;0;67.1;1;4242.81
"CUST-4528";"Male";"2. Adult (31-50)";"South";14;"Monthly";38.45;3;58.45;0;538.3
"CUST-4529";"Non-binary";"2. Adult (31-50)";"North";57;"One year";24.76;3;58.76;1;1411.32
"CUST-4530";"Female";"2. Adult (31-50)";"North";4;"Monthly";107.55;0;43.31;1;430.2
"CUST-4531";"Male";"3. Senior (51+)";"North";42;"One year";56.33;9;39.21;1;2365.86
"CUST-4532";"Male";"1. Young Adult (18-30)";"North";11;"Monthly";26.34;0;53.43;1;289.74
"CUST-4533";"Non-binary";"1. Young Adult (18-30)";"North";70;"One year";114.93;0;58.23;0;8045.1
"CUST-4534";"Female";"4. Unkownn/Missing";"East";27;"Monthly";48.87;0;63.12;1;1319.49
"CUST-4535";"Male";"3. Senior (51+)";"West";64;"One year";48.57;0;64.95;1;3108.48
"CUST-4536";"Female";"2. Adult (31-50)";"North";48;"Monthly";66.57;3;43.82;0;3195.36
"CUST-4537";"Male";"3. Senior (51+)";"East";24;"One year";39.49;0;50.66;0;947.76
"CUST-4538";"Non-binary";"1. Young Adult (18-30)";"North";14;"Monthly";103.27;0;11.33;0;1445.78
"CUST-4539";"Male";"3. Senior (51+)";"West";10;"Two year";104.05;0;47.69;0;1040.5
"CUST-4540";"Female";"3. Senior (51+)";"West";42;"One year";61.34;0;58.5;0;2576.28
"CUST-4541";"Male";"3. Senior (51+)";"South";49;"Two year";104.05;0;47.94;0;5098.45
"CUST-4542";"Male";"3. Senior (51+)";"South";43;"One year";81.12;3;38.2;0;3488.16
"CUST-4543";"Female";"3. Senior (51+)";"West";17;"One year";97.86;0;56.0;0;1663.62
"CUST-4544";"Female";"1. Young Adult (18-30)";"North";12;"Two year";38.99;3;35.19;0;467.88
"CUST-4545";"Non-binary";"3. Senior (51+)";"East";61;"One year";42.02;0;55.13;1;2563.22
"CUST-4546";"Non-binary";"2. Adult (31-50)";"West";18;"One year";103.99;0;53.94;0;1871.82
"CUST-4547";"Male";"1. Young Adult (18-30)";"West";58;"Monthly";91.78;0;56.15;1;5323.24
"CUST-4548";"Male";"3. Senior (51+)";"South";46;"Monthly";24.26;0;18.86;0;1115.96
"CUST-4549";"Female";"3. Senior (51+)";"South";54;"Two year";115.98;1;56.4;1;6262.92
"CUST-4550";"Female";"2. Adult (31-50)";"South";45;"Monthly";26.71;0;30.47;0;1201.95
"CUST-4551";"Non-binary";"1. Young Adult (18-30)";"North";1;"One year";40.25;0;43.21;0;40.25
"CUST-4552";"Non-binary";"1. Young Adult (18-30)";"North";17;"One year";110.13;2;56.0;1;1872.21
"CUST-4553";"Non-binary";"3. Senior (51+)";"West";53;"One year";88.22;0;55.3;0;4675.66
"CUST-4554";"Female";"1. Young Adult (18-30)";"North";16;"Monthly";25.33;2;57.72;1;405.28
"CUST-4555";"Male";"1. Young Adult (18-30)";"West";38;"Monthly";115.54;1;53.79;1;4390.52
"CUST-4556";"Male";"2. Adult (31-50)";"South";53;"One year";33.56;0;55.3;0;1778.68
"CUST-4557";"Male";"3. Senior (51+)";"North";60;"Monthly";69.73;0;69.58;1;4183.8
"CUST-4558";"Female";"3. Senior (51+)";"West";18;"Monthly";35.38;0;51.92;0;636.84
"CUST-4559";"Female";"3. Senior (51+)";"West";57;"Monthly";21.36;0;58.76;1;1217.52
"CUST-4560";"Female";"1. Young Adult (18-30)";"West";0;"Monthly";40.51;0;44.44;1;0.0
"CUST-4561";"Male";"3. Senior (51+)";"North";6;"One year";100.86;2;65.37;0;605.16
"CUST-4562";"Male";"3. Senior (51+)";"North";20;"Two year";29.39;2;53.01;0;587.8
"CUST-4563";"Male";"2. Adult (31-50)";"West";6;"One year";35.17;0;90.11;0;211.02
"CUST-4564";"Non-binary";"3. Senior (51+)";"North";37;"Two year";119.87;0;77.99;0;4435.19
"CUST-4565";"Female";"3. Senior (51+)";"West";55;"One year";77.95;0;56.08;0;4287.25
"CUST-4566";"Female";"1. Young Adult (18-30)";"East";18;"Monthly";97.93;0;51.92;1;1762.74
"CUST-4567";"Female";"3. Senior (51+)";"East";63;"Two year";58.85;0;54.89;0;3707.55
"CUST-4568";"Male";"3. Senior (51+)";"West";61;"One year";111.37;0;84.26;0;6793.57
"CUST-4569";"Male";"2. Adult (31-50)";"West";40;"Monthly";60.83;3;81.07;0;2433.2
"CUST-4570";"Female";"3. Senior (51+)";"North";21;"One year";106.19;1;55.93;0;2229.99
"CUST-4571";"Male";"2. Adult (31-50)";"North";40;"Monthly";101.29;1;54.99;1;4051.6
"CUST-4572";"Female";"2. Adult (31-50)";"West";37;"One year";63.57;1;54.96;0;2352.09
"CUST-4573";"Female";"1. Young Adult (18-30)";"South";14;"One year";67.5;3;84.45;0;945.0
"CUST-4574";"Female";"2. Adult (31-50)";"North";26;"One year";62.75;0;83.64;0;1631.5
"CUST-4575";"Female";"3. Senior (51+)";"South";43;"Two year";76.13;0;52.1;0;3273.59
"CUST-4576";"Female";"3. Senior (51+)";"North";57;"One year";116.29;0;58.76;0;6628.53
"CUST-4577";"Female";"3. Senior (51+)";"West";24;"Two year";117.33;0;46.5;0;2815.92
"CUST-4578";"Non-binary";"3. Senior (51+)";"East";3;"Monthly";26.86;0;55.480000000000004;1;80.58
"CUST-4579";"Non-binary";"2. Adult (31-50)";"North";8;"Two year";95.11;2;88.83;1;760.88
"CUST-4580";"Male";"3. Senior (51+)";"West";49;"Monthly";32.11;0;89.06;1;1573.39
"CUST-4581";"Male";"3. Senior (51+)";"South";26;"Monthly";51.25;0;66.46;0;1332.5
"CUST-4582";"Female";"3. Senior (51+)";"South";28;"Monthly";53.41;0;53.86;0;1495.48
"CUST-4583";"Non-binary";"4. Unkownn/Missing";"South";53;"Monthly";51.78;3;55.3;0;2744.34
"CUST-4584";"Female";"1. Young Adult (18-30)";"South";10;"Monthly";54.45;0;86.91;1;544.5
"CUST-4585";"Female";"2. Adult (31-50)";"North";6;"Monthly";110.5;0;52.96;0;663.0
"CUST-4586";"Male";"1. Young Adult (18-30)";"North";8;"One year";95.47;0;56.44;0;763.76
"CUST-4587";"Male";"2. Adult (31-50)";"West";44;"Two year";48.82;0;56.45;0;2148.08
"CUST-4588";"Female";"2. Adult (31-50)";"South";62;"One year";66.01;3;52.93;0;4092.62
"CUST-4589";"Non-binary";"3. Senior (51+)";"East";30;"Two year";91.44;3;96.93;0;2743.2
"CUST-4590";"Female";"3. Senior (51+)";"South";67;"One year";25.53;0;94.99;0;1710.51
"CUST-4591";"Non-binary";"3. Senior (51+)";"West";30;"Monthly";43.0;3;57.44;1;1290.0
"CUST-4592";"Female";"3. Senior (51+)";"North";57;"Two year";104.59;0;54.18;0;5961.63
"CUST-4593";"Female";"2. Adult (31-50)";"North";44;"One year";86.87;0;33.75;0;3822.28
"CUST-4594";"Male";"2. Adult (31-50)";"East";40;"Two year";45.03;0;30.04;0;1801.2
"CUST-4595";"Female";"3. Senior (51+)";"West";33;"One year";60.45;4;32.53;0;1994.85
"CUST-4596";"Male";"2. Adult (31-50)";"South";32;"One year";73.73;2;82.32;0;2359.36
"CUST-4597";"Female";"4. Unkownn/Missing";"West";39;"One year";28.36;0;59.64;0;1106.04
"CUST-4598";"Male";"3. Senior (51+)";"South";44;"Monthly";48.24;1;66.8;0;2122.56
"CUST-4599";"Non-binary";"3. Senior (51+)";"South";62;"Monthly";47.65;0;52.93;1;2954.3
"CUST-4600";"Non-binary";"4. Unkownn/Missing";"South";31;"Monthly";85.7;0;41.39;1;2656.7
"CUST-4601";"Male";"3. Senior (51+)";"West";16;"Monthly";77.5;0;57.1;1;1240.0
"CUST-4602";"Male";"2. Adult (31-50)";"North";64;"Monthly";46.89;3;97.17;1;3000.96
"CUST-4603";"Non-binary";"2. Adult (31-50)";"South";57;"One year";46.38;7;11.8;1;2643.66
"CUST-4604";"Female";"2. Adult (31-50)";"East";59;"Two year";24.83;1;64.73;0;1464.97
"CUST-4605";"Non-binary";"3. Senior (51+)";"North";39;"Monthly";71.39;0;59.64;1;2784.21
"CUST-4606";"Non-binary";"3. Senior (51+)";"North";49;"Monthly";97.99;1;54.7;0;4801.51
"CUST-4607";"Female";"2. Adult (31-50)";"South";58;"Two year";105.99;3;56.15;0;6147.42
"CUST-4608";"Female";"3. Senior (51+)";"West";64;"One year";105.47;3;49.79;1;6750.08
"CUST-4609";"Non-binary";"3. Senior (51+)";"West";5;"One year";113.07;0;65.55;0;565.35
"CUST-4610";"Male";"3. Senior (51+)";"West";63;"One year";69.42;0;55.5;0;4373.46
"CUST-4611";"Female";"3. Senior (51+)";"South";46;"One year";105.25;0;18.51;0;4841.5
"CUST-4612";"Female";"1. Young Adult (18-30)";"East";45;"One year";106.81;1;56.4;0;4806.45
"CUST-4613";"Non-binary";"1. Young Adult (18-30)";"North";69;"Two year";66.07;0;59.36;0;4558.83
"CUST-4614";"Female";"3. Senior (51+)";"West";13;"Monthly";69.22;0;84.99;0;899.86
"CUST-4615";"Non-binary";"3. Senior (51+)";"West";5;"One year";65.29;8;6.460000000000001;0;326.45
"CUST-4616";"Male";"3. Senior (51+)";"West";0;"Two year";108.02;0;32.29;1;0.0
"CUST-4617";"Female";"3. Senior (51+)";"South";72;"One year";111.34;3;78.7;0;8016.48
"CUST-4618";"Non-binary";"1. Young Adult (18-30)";"East";43;"One year";68.43;0;53.15;0;2942.49
"CUST-4619";"Non-binary";"3. Senior (51+)";"South";14;"One year";37.26;0;50.47;0;521.64
"CUST-4620";"Non-binary";"3. Senior (51+)";"West";70;"One year";49.12;3;86.7;0;3438.4
"CUST-4621";"Female";"3. Senior (51+)";"West";5;"Monthly";105.9;0;39.54;0;529.5
"CUST-4622";"Non-binary";"2. Adult (31-50)";"East";22;"Two year";71.46;0;58.01;0;1572.12
"CUST-4623";"Male";"2. Adult (31-50)";"North";41;"One year";115.13;0;51.63;1;4720.33
"CUST-4624";"Female";"3. Senior (51+)";"East";58;"Monthly";96.77;0;56.15;0;5612.66
"CUST-4625";"Female";"2. Adult (31-50)";"West";36;"Monthly";74.04;1;62.15;0;2665.44
"CUST-4626";"Male";"1. Young Adult (18-30)";"North";59;"Monthly";41.04;0;39.25;0;2421.36
"CUST-4627";"Non-binary";"3. Senior (51+)";"North";14;"Monthly";73.57;0;50.47;0;1029.98
"CUST-4628";"Female";"3. Senior (51+)";"East";14;"One year";20.93;0;39.99;1;293.02
"CUST-4629";"Non-binary";"3. Senior (51+)";"South";21;"One year";43.88;2;55.93;0;921.48
"CUST-4630";"Male";"3. Senior (51+)";"West";1;"Monthly";103.62;0;43.21;0;103.62
"CUST-4631";"Male";"2. Adult (31-50)";"West";13;"One year";37.5;9;14.09;0;487.5
"CUST-4632";"Female";"4. Unkownn/Missing";"West";12;"One year";72.44;0;54.82;0;869.28
"CUST-4633";"Male";"2. Adult (31-50)";"South";1;"Monthly";74.23;1;83.65;0;74.23
"CUST-4634";"Male";"2. Adult (31-50)";"West";67;"Monthly";116.26;0;52.82;1;7789.42
"CUST-4635";"Non-binary";"2. Adult (31-50)";"South";49;"Monthly";22.11;1;54.7;0;1083.39
"CUST-4636";"Male";"3. Senior (51+)";"South";10;"Monthly";69.35;0;47.69;1;693.5
"CUST-4637";"Non-binary";"2. Adult (31-50)";"South";16;"Monthly";118.92;0;53.71;0;1902.72
"CUST-4638";"Non-binary";"1. Young Adult (18-30)";"North";23;"Monthly";45.11;0;56.11;0;1037.53
"CUST-4639";"Non-binary";"2. Adult (31-50)";"East";4;"Monthly";68.9;0;84.42;1;275.6
"CUST-4640";"Non-binary";"2. Adult (31-50)";"South";16;"Two year";86.45;0;23.7;0;1383.2
"CUST-4641";"Female";"2. Adult (31-50)";"West";43;"Two year";55.37;0;84.8;0;2380.91
"CUST-4642";"Non-binary";"4. Unkownn/Missing";"South";41;"Monthly";72.2;7;25.06;0;2960.2
"CUST-4643";"Female";"1. Young Adult (18-30)";"East";54;"Monthly";36.38;1;56.4;1;1964.52
"CUST-4644";"Male";"2. Adult (31-50)";"West";11;"Monthly";108.13;3;73.39;0;1189.43
"CUST-4645";"Female";"2. Adult (31-50)";"South";52;"One year";65.76;2;24.72;0;3419.52
"CUST-4646";"Female";"3. Senior (51+)";"South";13;"One year";35.35;1;44.93;0;459.55
"CUST-4647";"Female";"1. Young Adult (18-30)";"North";0;"Two year";95.4;0;44.44;0;0.0
"CUST-4648";"Male";"3. Senior (51+)";"West";18;"One year";102.3;0;51.92;0;1841.4
"CUST-4649";"Female";"3. Senior (51+)";"North";9;"Monthly";88.11;3;58.05;1;792.99
"CUST-4650";"Female";"3. Senior (51+)";"South";21;"Two year";104.99;0;65.55;0;2204.79
"CUST-4651";"Female";"3. Senior (51+)";"West";25;"Two year";114.33;1;64.38;1;2858.25
"CUST-4652";"Non-binary";"3. Senior (51+)";"North";1;"Monthly";20.19;0;43.21;1;20.19
"CUST-4653";"Male";"3. Senior (51+)";"West";38;"Monthly";37.94;9;14.77;1;1441.72
"CUST-4654";"Female";"3. Senior (51+)";"South";33;"Monthly";39.34;2;54.53;1;1298.22
"CUST-4655";"Male";"1. Young Adult (18-30)";"East";7;"Monthly";112.83;1;59.79;1;789.81
"CUST-4656";"Female";"1. Young Adult (18-30)";"West";64;"Two year";38.63;0;49.79;0;2472.32
"CUST-4657";"Male";"3. Senior (51+)";"South";46;"Monthly";114.54;1;51.24;1;5268.84
"CUST-4658";"Female";"2. Adult (31-50)";"North";27;"One year";37.12;1;49.9;0;1002.24
"CUST-4659";"Male";"1. Young Adult (18-30)";"North";26;"Monthly";45.44;0;61.62;0;1181.44
"CUST-4660";"Female";"3. Senior (51+)";"East";37;"Monthly";113.85;0;43.07;1;4212.45
"CUST-4661";"Female";"2. Adult (31-50)";"East";24;"One year";86.56;0;84.19;1;2077.44
"CUST-4662";"Male";"1. Young Adult (18-30)";"West";4;"Monthly";57.52;0;43.31;1;230.08
"CUST-4663";"Non-binary";"3. Senior (51+)";"East";18;"Monthly";26.24;3;51.92;0;472.32
"CUST-4664";"Male";"2. Adult (31-50)";"West";29;"Monthly";44.3;0;41.65;0;1284.7
"CUST-4665";"Male";"3. Senior (51+)";"East";65;"Monthly";82.51;0;55.95;0;5363.15
"CUST-4666";"Female";"2. Adult (31-50)";"North";58;"One year";94.9;0;17.85;0;5504.2
"CUST-4667";"Female";"2. Adult (31-50)";"North";70;"Two year";106.61;0;83.24;1;7462.7
"CUST-4668";"Non-binary";"2. Adult (31-50)";"North";58;"Monthly";51.4;3;56.15;0;2981.2
"CUST-4669";"Female";"1. Young Adult (18-30)";"West";45;"Two year";59.76;0;56.4;0;2689.2
"CUST-4670";"Female";"2. Adult (31-50)";"North";45;"Monthly";99.32;3;56.4;1;4469.4
"CUST-4671";"Non-binary";"2. Adult (31-50)";"West";65;"One year";45.16;1;55.95;0;2935.4
"CUST-4672";"Male";"3. Senior (51+)";"West";49;"Monthly";86.78;5;10.63;1;4252.22
"CUST-4673";"Male";"3. Senior (51+)";"West";14;"Monthly";39.3;3;50.47;0;550.2
"CUST-4674";"Male";"3. Senior (51+)";"West";31;"Monthly";27.91;2;51.61;0;865.21
"CUST-4675";"Male";"2. Adult (31-50)";"West";7;"Monthly";61.45;1;45.81;0;430.15
"CUST-4676";"Female";"3. Senior (51+)";"East";56;"One year";68.32;2;63.17;0;3825.92
"CUST-4677";"Non-binary";"2. Adult (31-50)";"West";30;"One year";34.23;3;57.44;0;1026.9
"CUST-4678";"Non-binary";"1. Young Adult (18-30)";"South";54;"One year";86.37;0;56.4;0;4663.98
"CUST-4679";"Male";"2. Adult (31-50)";"South";11;"Monthly";102.0;0;53.43;1;1122.0
"CUST-4680";"Non-binary";"3. Senior (51+)";"West";15;"One year";20.15;0;53.77;0;302.25
"CUST-4681";"Female";"1. Young Adult (18-30)";"North";51;"Two year";90.81;1;57.9;0;4631.31
"CUST-4682";"Female";"2. Adult (31-50)";"North";43;"Two year";97.03;1;53.15;1;4172.29
"CUST-4683";"Male";"4. Unkownn/Missing";"West";29;"Monthly";24.95;0;70.68;0;723.55
"CUST-4684";"Female";"3. Senior (51+)";"North";71;"One year";26.05;1;54.72;0;1849.55
"CUST-4685";"Female";"3. Senior (51+)";"South";32;"One year";117.59;8;14.07;0;3762.88
"CUST-4686";"Female";"3. Senior (51+)";"East";69;"One year";58.61;2;57.1;0;4044.09
"CUST-4687";"Male";"2. Adult (31-50)";"East";67;"One year";40.73;1;62.9;1;2728.91
"CUST-4688";"Male";"2. Adult (31-50)";"East";27;"Monthly";97.01;0;41.08;1;2619.27
"CUST-4689";"Non-binary";"2. Adult (31-50)";"North";65;"Monthly";77.02;0;55.95;0;5006.3
"CUST-4690";"Non-binary";"3. Senior (51+)";"North";43;"Two year";92.98;0;73.08;0;3998.14
"CUST-4691";"Male";"3. Senior (51+)";"North";53;"One year";109.56;2;54.91;0;5806.68
"CUST-4692";"Male";"3. Senior (51+)";"South";13;"One year";26.32;0;56.82;0;342.16
"CUST-4693";"Female";"4. Unkownn/Missing";"East";63;"One year";58.48;0;70.68;0;3684.24
"CUST-4694";"Female";"3. Senior (51+)";"South";72;"Monthly";38.25;0;54.68;1;2754.0
"CUST-4695";"Female";"3. Senior (51+)";"North";18;"Monthly";55.67;0;51.92;1;1002.06
"CUST-4696";"Female";"4. Unkownn/Missing";"North";0;"Monthly";112.44;0;42.39;0;0.0
"CUST-4697";"Male";"3. Senior (51+)";"East";65;"Monthly";108.67;0;55.95;0;7063.55
"CUST-4698";"Female";"4. Unkownn/Missing";"East";29;"Monthly";96.53;3;67.22;1;2799.37
"CUST-4699";"Male";"1. Young Adult (18-30)";"West";45;"One year";52.37;0;56.4;1;2356.65
"CUST-4700";"Male";"3. Senior (51+)";"South";11;"One year";47.74;3;22.61;0;525.14
"CUST-4701";"Male";"3. Senior (51+)";"North";54;"Two year";111.81;0;56.4;1;6037.74
"CUST-4702";"Female";"1. Young Adult (18-30)";"South";16;"Monthly";88.66;0;57.1;1;1418.56
"CUST-4703";"Female";"1. Young Adult (18-30)";"North";69;"Monthly";82.47;0;57.1;0;5690.43
"CUST-4704";"Male";"2. Adult (31-50)";"North";7;"One year";66.06;0;24.53;1;462.42
"CUST-4705";"Female";"2. Adult (31-50)";"South";24;"Monthly";77.55;3;21.08;1;1861.2
"CUST-4706";"Non-binary";"1. Young Adult (18-30)";"West";51;"Two year";50.37;0;57.9;0;2568.87
"CUST-4707";"Female";"1. Young Adult (18-30)";"West";20;"Monthly";73.95;0;95.09;0;1479.0
"CUST-4708";"Non-binary";"3. Senior (51+)";"East";60;"Monthly";22.19;0;47.21;0;1331.4
"CUST-4709";"Male";"3. Senior (51+)";"North";32;"One year";109.64;2;53.83;0;3508.48
"CUST-4710";"Female";"3. Senior (51+)";"South";0;"One year";55.77;0;11.52;0;0.0
"CUST-4711";"Female";"1. Young Adult (18-30)";"East";8;"One year";56.16;0;89.44;1;449.28
"CUST-4712";"Male";"4. Unkownn/Missing";"West";41;"Monthly";113.51;0;74.8;0;4653.91
"CUST-4713";"Male";"2. Adult (31-50)";"South";35;"Two year";87.67;1;68.42;0;3068.45
"CUST-4714";"Male";"3. Senior (51+)";"West";30;"Two year";38.76;3;57.44;1;1162.8
"CUST-4715";"Non-binary";"2. Adult (31-50)";"North";59;"One year";107.87;0;50.64;0;6364.33
"CUST-4716";"Male";"2. Adult (31-50)";"South";18;"Monthly";44.37;2;25.77;1;798.66
"CUST-4717";"Male";"2. Adult (31-50)";"West";9;"Monthly";30.88;0;76.08;0;277.92
"CUST-4718";"Non-binary";"2. Adult (31-50)";"North";71;"Monthly";119.52;0;54.72;0;8485.92
"CUST-4719";"Male";"3. Senior (51+)";"South";68;"Monthly";118.92;0;57.81;1;8086.56
"CUST-4720";"Male";"1. Young Adult (18-30)";"West";55;"Two year";103.82;2;79.46;0;5710.1
"CUST-4721";"Female";"4. Unkownn/Missing";"South";46;"Monthly";40.2;3;51.24;1;1849.2
"CUST-4722";"Male";"3. Senior (51+)";"East";57;"Monthly";54.5;2;70.38;0;3106.5
"CUST-4723";"Non-binary";"2. Adult (31-50)";"South";16;"Monthly";86.35;2;88.18;0;1381.6
"CUST-4724";"Non-binary";"2. Adult (31-50)";"South";53;"Monthly";72.3;7;15.34;1;3831.9
"CUST-4725";"Male";"1. Young Adult (18-30)";"South";6;"Two year";80.85;0;44.82;1;485.1
"CUST-4726";"Female";"2. Adult (31-50)";"West";8;"One year";77.32;1;32.21;1;618.56
"CUST-4727";"Non-binary";"3. Senior (51+)";"East";66;"Monthly";21.77;2;26.02;0;1436.82
"CUST-4728";"Female";"3. Senior (51+)";"North";32;"Monthly";85.38;0;98.41;1;2732.16
"CUST-4729";"Male";"3. Senior (51+)";"North";46;"Two year";55.17;2;51.24;1;2537.82
"CUST-4730";"Male";"2. Adult (31-50)";"South";15;"Monthly";28.72;1;53.77;1;430.8
"CUST-4731";"Male";"3. Senior (51+)";"West";5;"Two year";38.94;5;37.26;0;194.7
"CUST-4732";"Female";"2. Adult (31-50)";"South";49;"One year";37.59;0;56.81;0;1841.91
"CUST-4733";"Female";"1. Young Adult (18-30)";"West";48;"One year";88.35;0;59.96;0;4240.8
"CUST-4734";"Female";"2. Adult (31-50)";"East";57;"Two year";87.55;0;58.76;0;4990.35
"CUST-4735";"Female";"1. Young Adult (18-30)";"East";17;"Monthly";31.46;0;56.0;1;534.82
"CUST-4736";"Male";"2. Adult (31-50)";"West";38;"Two year";82.08;2;53.79;0;3119.04
"CUST-4737";"Male";"3. Senior (51+)";"South";33;"Monthly";46.27;0;54.53;1;1526.91
"CUST-4738";"Female";"3. Senior (51+)";"North";52;"One year";31.17;0;46.05;0;1620.84
"CUST-4739";"Male";"2. Adult (31-50)";"East";67;"Monthly";20.55;3;52.82;1;1376.85
"CUST-4740";"Male";"3. Senior (51+)";"West";42;"Monthly";105.05;0;58.5;0;4412.1
"CUST-4741";"Male";"1. Young Adult (18-30)";"South";17;"Monthly";103.04;1;56.0;0;1751.68
"CUST-4742";"Male";"1. Young Adult (18-30)";"South";38;"One year";47.68;0;38.41;0;1811.84
"CUST-4743";"Female";"2. Adult (31-50)";"West";46;"Monthly";63.77;1;65.35;0;2933.42
"CUST-4744";"Male";"3. Senior (51+)";"North";39;"Monthly";92.13;1;59.64;1;3593.07
"CUST-4745";"Male";"1. Young Adult (18-30)";"West";19;"Monthly";76.69;0;55.11;0;1457.11
"CUST-4746";"Female";"3. Senior (51+)";"South";60;"Monthly";62.38;0;43.63;0;3742.8
"CUST-4747";"Male";"2. Adult (31-50)";"North";68;"One year";38.82;0;57.81;0;2639.76
"CUST-4748";"Non-binary";"1. Young Adult (18-30)";"North";4;"Monthly";115.55;2;43.31;0;462.2
"CUST-4749";"Non-binary";"3. Senior (51+)";"South";68;"One year";36.66;3;64.51;0;2492.88
"CUST-4750";"Non-binary";"3. Senior (51+)";"West";19;"Two year";116.34;0;55.11;1;2210.46
"CUST-4751";"Male";"3. Senior (51+)";"North";69;"Monthly";27.46;0;89.08;1;1894.74
"CUST-4752";"Non-binary";"3. Senior (51+)";"North";37;"One year";76.02;1;52.66;0;2812.74
"CUST-4753";"Female";"3. Senior (51+)";"North";49;"Two year";82.57;0;54.7;0;4045.93
"CUST-4754";"Male";"3. Senior (51+)";"East";0;"Two year";119.28;0;44.44;0;0.0
"CUST-4755";"Non-binary";"2. Adult (31-50)";"West";31;"Two year";93.66;3;42.47;1;2903.46
"CUST-4756";"Non-binary";"2. Adult (31-50)";"South";33;"Monthly";113.45;0;54.53;0;3743.85
"CUST-4757";"Female";"3. Senior (51+)";"North";39;"One year";99.89;0;14.25;1;3895.71
"CUST-4758";"Female";"3. Senior (51+)";"South";40;"Monthly";66.0;0;82.32;0;2640.0
"CUST-4759";"Female";"3. Senior (51+)";"West";11;"Two year";45.73;0;21.56;1;503.03
"CUST-4760";"Female";"3. Senior (51+)";"North";63;"Monthly";108.84;0;73.59;0;6856.92
"CUST-4761";"Male";"1. Young Adult (18-30)";"East";68;"One year";117.0;0;22.03;1;7956.0
"CUST-4762";"Female";"3. Senior (51+)";"North";21;"Monthly";92.09;0;55.93;0;1933.89
"CUST-4763";"Male";"3. Senior (51+)";"North";64;"One year";119.44;0;17.96;1;7644.16
"CUST-4764";"Male";"3. Senior (51+)";"North";29;"One year";101.54;0;28.22;0;2944.66
"CUST-4765";"Female";"1. Young Adult (18-30)";"South";30;"Monthly";118.29;0;57.44;1;3548.7
"CUST-4766";"Female";"3. Senior (51+)";"North";38;"Two year";26.04;2;71.78;0;989.52
"CUST-4767";"Female";"3. Senior (51+)";"West";50;"Monthly";34.18;1;54.57;0;1709.0
"CUST-4768";"Female";"2. Adult (31-50)";"South";39;"One year";36.73;3;59.64;0;1432.47
"CUST-4769";"Male";"3. Senior (51+)";"North";21;"One year";112.51;0;90.79;1;2362.71
"CUST-4770";"Female";"2. Adult (31-50)";"West";48;"Two year";114.62;0;90.58;0;5501.76
"CUST-4771";"Male";"3. Senior (51+)";"West";50;"Monthly";70.11;0;54.57;0;3505.5
"CUST-4772";"Female";"3. Senior (51+)";"North";6;"Monthly";94.99;3;43.34;0;569.94
"CUST-4773";"Non-binary";"2. Adult (31-50)";"East";64;"One year";55.59;2;90.55;0;3557.76
"CUST-4774";"Male";"3. Senior (51+)";"West";69;"Monthly";83.59;3;74.22;0;5767.71
"CUST-4775";"Female";"2. Adult (31-50)";"North";16;"Two year";39.11;0;57.1;0;625.76
"CUST-4776";"Male";"3. Senior (51+)";"East";23;"Two year";89.16;0;56.11;0;2050.68
"CUST-4777";"Male";"3. Senior (51+)";"East";39;"One year";71.05;0;52.72;0;2770.95
"CUST-4778";"Non-binary";"1. Young Adult (18-30)";"East";12;"One year";80.05;0;54.82;0;960.6
"CUST-4779";"Female";"3. Senior (51+)";"North";14;"Monthly";41.9;2;25.72;1;586.6
"CUST-4780";"Male";"3. Senior (51+)";"North";47;"Monthly";80.72;0;52.58;0;3793.84
"CUST-4781";"Male";"3. Senior (51+)";"North";52;"Monthly";34.33;0;54.79;0;1785.16
"CUST-4782";"Non-binary";"3. Senior (51+)";"East";59;"Monthly";110.22;0;50.64;1;6502.98
"CUST-4783";"Non-binary";"2. Adult (31-50)";"East";14;"Monthly";111.62;0;67.24;0;1562.68
"CUST-4784";"Male";"3. Senior (51+)";"South";42;"Monthly";87.07;0;45.88;0;3656.94
"CUST-4785";"Female";"1. Young Adult (18-30)";"West";43;"Monthly";97.09;0;53.15;1;4174.87
"CUST-4786";"Male";"1. Young Adult (18-30)";"South";43;"One year";57.45;2;53.15;0;2470.35
"CUST-4787";"Male";"1. Young Adult (18-30)";"South";44;"Two year";33.71;0;56.45;1;1483.24
"CUST-4788";"Female";"3. Senior (51+)";"North";69;"One year";31.61;0;12.27;0;2181.09
"CUST-4789";"Male";"3. Senior (51+)";"West";1;"Two year";86.46;0;43.21;0;86.46
"CUST-4790";"Female";"2. Adult (31-50)";"North";34;"One year";88.46;3;52.64;0;3007.64
"CUST-4791";"Male";"1. Young Adult (18-30)";"North";27;"Monthly";72.39;0;49.9;1;1954.53
"CUST-4792";"Female";"1. Young Adult (18-30)";"East";72;"One year";30.84;3;66.04;0;2220.48
"CUST-4793";"Female";"2. Adult (31-50)";"West";67;"Monthly";80.67;1;88.71;0;5404.89
"CUST-4794";"Non-binary";"3. Senior (51+)";"West";5;"One year";58.21;0;19.799999999999997;0;291.05
"CUST-4795";"Male";"1. Young Adult (18-30)";"South";14;"Monthly";56.54;3;59.9;0;791.56
"CUST-4796";"Male";"2. Adult (31-50)";"North";55;"Monthly";37.47;3;17.8;1;2060.85
"CUST-4797";"Female";"3. Senior (51+)";"East";31;"One year";42.55;3;51.61;0;1319.05
"CUST-4798";"Female";"3. Senior (51+)";"South";5;"Monthly";38.43;0;67.45;1;192.15
"CUST-4799";"Non-binary";"2. Adult (31-50)";"South";40;"One year";103.59;0;75.22;0;4143.6
"CUST-4800";"Non-binary";"3. Senior (51+)";"North";27;"Two year";75.32;3;49.9;0;2033.64
"CUST-4801";"Female";"1. Young Adult (18-30)";"West";36;"Two year";63.61;0;49.15;1;2289.96
"CUST-4802";"Female";"2. Adult (31-50)";"West";10;"One year";118.29;8;35.57;1;1182.9
"CUST-4803";"Male";"1. Young Adult (18-30)";"East";50;"Monthly";78.3;0;54.57;0;3915.0
"CUST-4804";"Male";"2. Adult (31-50)";"West";58;"One year";80.7;0;17.17;0;4680.6
"CUST-4805";"Male";"3. Senior (51+)";"West";32;"Monthly";60.95;0;25.37;1;1950.4
"CUST-4806";"Female";"1. Young Adult (18-30)";"South";65;"Two year";31.47;0;35.88;0;2045.55
"CUST-4807";"Female";"3. Senior (51+)";"North";57;"Monthly";36.09;1;58.76;0;2057.13
"CUST-4808";"Male";"3. Senior (51+)";"West";59;"Monthly";51.71;0;41.32;1;3050.89
"CUST-4809";"Non-binary";"3. Senior (51+)";"North";60;"One year";27.01;1;17.55;0;1620.6
"CUST-4810";"Female";"3. Senior (51+)";"North";40;"Monthly";92.06;3;54.99;0;3682.4
"CUST-4811";"Female";"1. Young Adult (18-30)";"West";28;"Monthly";106.11;2;53.86;0;2971.08
"CUST-4812";"Non-binary";"2. Adult (31-50)";"North";69;"One year";43.73;3;78.24;0;3017.37
"CUST-4813";"Female";"3. Senior (51+)";"East";2;"Monthly";73.11;0;22.990000000000002;1;146.22
"CUST-4814";"Male";"2. Adult (31-50)";"South";72;"Monthly";55.07;0;54.68;0;3965.04
"CUST-4815";"Male";"1. Young Adult (18-30)";"West";39;"Monthly";50.51;1;79.3;1;1969.89
"CUST-4816";"Male";"1. Young Adult (18-30)";"West";7;"One year";66.33;3;59.79;0;464.31
"CUST-4817";"Male";"1. Young Adult (18-30)";"South";34;"Monthly";42.65;1;46.35;1;1450.1
"CUST-4818";"Non-binary";"3. Senior (51+)";"North";7;"Two year";107.36;3;59.79;1;751.52
"CUST-4819";"Female";"3. Senior (51+)";"East";66;"One year";102.5;8;39.87;1;6765.0
"CUST-4820";"Female";"2. Adult (31-50)";"South";72;"Two year";118.5;0;54.68;0;8532.0
"CUST-4821";"Male";"2. Adult (31-50)";"West";69;"Monthly";99.0;3;57.1;1;6831.0
"CUST-4822";"Male";"3. Senior (51+)";"West";2;"Monthly";97.53;2;42.67;0;195.06
"CUST-4823";"Male";"3. Senior (51+)";"North";57;"One year";28.33;8;14.89;1;1614.81
"CUST-4824";"Male";"2. Adult (31-50)";"West";6;"Monthly";96.31;2;37.89;1;577.86
"CUST-4825";"Male";"2. Adult (31-50)";"North";35;"One year";104.98;1;77.03;1;3674.3
"CUST-4826";"Female";"3. Senior (51+)";"South";10;"One year";28.21;0;47.69;0;282.1
"CUST-4827";"Male";"3. Senior (51+)";"South";33;"One year";48.49;0;86.4;0;1600.17
"CUST-4828";"Male";"3. Senior (51+)";"West";3;"One year";37.59;0;0.0;1;112.77
"CUST-4829";"Female";"1. Young Adult (18-30)";"West";65;"Monthly";88.79;0;19.92;0;5771.35
"CUST-4830";"Male";"1. Young Adult (18-30)";"West";29;"Monthly";59.97;0;98.09;0;1739.13
"CUST-4831";"Male";"2. Adult (31-50)";"North";66;"Monthly";32.77;1;42.9;1;2162.82
"CUST-4832";"Non-binary";"1. Young Adult (18-30)";"South";44;"Two year";108.09;2;56.45;0;4755.96
"CUST-4833";"Female";"2. Adult (31-50)";"West";46;"Two year";88.02;0;51.24;1;4048.92
"CUST-4834";"Male";"2. Adult (31-50)";"West";23;"One year";72.35;0;53.01;0;1664.05
"CUST-4835";"Male";"3. Senior (51+)";"West";41;"One year";106.98;1;45.52;0;4386.18
"CUST-4836";"Male";"2. Adult (31-50)";"West";43;"Monthly";119.16;0;53.15;1;5123.88
"CUST-4837";"Non-binary";"1. Young Adult (18-30)";"West";16;"Monthly";94.38;1;15.83;1;1510.08
"CUST-4838";"Female";"2. Adult (31-50)";"South";45;"Monthly";25.04;0;56.4;0;1126.8
"CUST-4839";"Male";"3. Senior (51+)";"East";57;"One year";55.58;0;58.76;0;3168.06
"CUST-4840";"Male";"3. Senior (51+)";"West";48;"Monthly";58.42;0;62.43;1;2804.16
"CUST-4841";"Non-binary";"3. Senior (51+)";"West";57;"Monthly";98.31;0;90.85;0;5603.67
"CUST-4842";"Male";"1. Young Adult (18-30)";"East";57;"Two year";78.88;0;58.76;0;4496.16
"CUST-4843";"Male";"3. Senior (51+)";"East";34;"Monthly";71.7;9;21.51;1;2437.8
"CUST-4844";"Male";"1. Young Adult (18-30)";"West";45;"One year";63.14;0;56.4;0;2841.3
"CUST-4845";"Female";"3. Senior (51+)";"West";7;"One year";111.78;1;60.11;1;782.46
"CUST-4846";"Female";"3. Senior (51+)";"East";61;"Monthly";31.65;0;55.13;0;1930.65
"CUST-4847";"Male";"1. Young Adult (18-30)";"South";41;"One year";83.07;0;51.63;0;3405.87
"CUST-4848";"Female";"2. Adult (31-50)";"North";72;"Two year";97.96;1;42.41;0;7053.12
"CUST-4849";"Male";"2. Adult (31-50)";"South";44;"One year";61.46;3;56.45;0;2704.24
"CUST-4850";"Male";"3. Senior (51+)";"North";9;"Two year";113.73;2;55.28;1;1023.57
"CUST-4851";"Female";"3. Senior (51+)";"East";40;"One year";53.11;1;54.99;0;2124.4
"CUST-4852";"Female";"1. Young Adult (18-30)";"East";56;"Monthly";101.9;0;80.39;0;5706.4
"CUST-4853";"Non-binary";"2. Adult (31-50)";"East";24;"Two year";55.87;0;50.66;0;1340.88
"CUST-4854";"Non-binary";"3. Senior (51+)";"East";52;"Monthly";32.02;1;54.79;1;1665.04
"CUST-4855";"Male";"3. Senior (51+)";"North";58;"Monthly";44.78;0;56.15;1;2597.24
"CUST-4856";"Non-binary";"1. Young Adult (18-30)";"South";50;"One year";88.96;0;98.25;0;4448.0
"CUST-4857";"Male";"2. Adult (31-50)";"North";29;"Monthly";100.46;0;55.42;1;2913.34
"CUST-4858";"Non-binary";"3. Senior (51+)";"East";28;"Monthly";97.38;0;78.38;1;2726.64
"CUST-4859";"Female";"3. Senior (51+)";"North";52;"One year";64.54;1;82.3;1;3356.08
"CUST-4860";"Non-binary";"3. Senior (51+)";"South";64;"Monthly";90.61;0;68.09;0;5799.04
"CUST-4861";"Non-binary";"3. Senior (51+)";"North";54;"Monthly";51.77;3;56.4;0;2795.58
"CUST-4862";"Female";"2. Adult (31-50)";"North";14;"Monthly";32.81;0;50.47;0;459.34
"CUST-4863";"Non-binary";"1. Young Adult (18-30)";"East";19;"One year";55.85;3;83.58;0;1061.15
"CUST-4864";"Male";"2. Adult (31-50)";"North";27;"One year";70.12;3;49.9;0;1893.24
"CUST-4865";"Male";"3. Senior (51+)";"North";32;"One year";78.52;1;83.39;1;2512.64
"CUST-4866";"Female";"3. Senior (51+)";"West";18;"One year";95.04;0;51.92;0;1710.72
"CUST-4867";"Non-binary";"2. Adult (31-50)";"West";27;"Monthly";83.45;0;29.58;1;2253.15
"CUST-4868";"Male";"1. Young Adult (18-30)";"East";32;"Two year";88.8;0;51.91;0;2841.6
"CUST-4869";"Female";"3. Senior (51+)";"North";50;"One year";63.67;1;67.23;0;3183.5
"CUST-4870";"Female";"3. Senior (51+)";"West";55;"Two year";40.29;0;56.08;0;2215.95
"CUST-4871";"Female";"4. Unkownn/Missing";"South";18;"Monthly";30.2;2;51.92;1;543.6
"CUST-4872";"Female";"3. Senior (51+)";"West";4;"One year";40.18;0;26.43;0;160.72
"CUST-4873";"Male";"3. Senior (51+)";"West";7;"Monthly";64.56;3;59.79;1;451.92
"CUST-4874";"Non-binary";"2. Adult (31-50)";"West";72;"Monthly";63.66;0;54.68;1;4583.52
"CUST-4875";"Male";"1. Young Adult (18-30)";"West";25;"One year";30.19;1;41.82;1;754.75
"CUST-4876";"Male";"2. Adult (31-50)";"East";3;"One year";103.85;2;42.33;0;311.55
"CUST-4877";"Non-binary";"1. Young Adult (18-30)";"North";46;"Two year";27.52;1;19.02;1;1265.92
"CUST-4878";"Non-binary";"3. Senior (51+)";"East";10;"One year";40.54;1;47.69;0;405.4
"CUST-4879";"Female";"3. Senior (51+)";"South";67;"One year";64.96;0;52.82;0;4352.32
"CUST-4880";"Female";"3. Senior (51+)";"South";44;"Monthly";86.88;0;56.45;0;3822.72
"CUST-4881";"Female";"1. Young Adult (18-30)";"West";8;"One year";29.46;0;56.44;0;235.68
"CUST-4882";"Male";"3. Senior (51+)";"North";43;"One year";44.97;2;53.15;0;1933.71
"CUST-4883";"Male";"1. Young Adult (18-30)";"North";44;"Monthly";113.15;1;84.95;0;4978.6
"CUST-4884";"Non-binary";"2. Adult (31-50)";"West";68;"Monthly";36.14;0;57.81;1;2457.52
"CUST-4885";"Female";"1. Young Adult (18-30)";"South";20;"Monthly";85.87;0;69.98;1;1717.4
"CUST-4886";"Male";"3. Senior (51+)";"West";53;"Monthly";92.71;0;75.94;1;4913.63
"CUST-4887";"Non-binary";"3. Senior (51+)";"South";4;"Monthly";103.3;1;43.31;1;413.2
"CUST-4888";"Female";"3. Senior (51+)";"North";67;"Monthly";112.05;0;52.82;0;7507.35
"CUST-4889";"Male";"3. Senior (51+)";"West";70;"One year";25.7;3;95.85;0;1799.0
"CUST-4890";"Male";"2. Adult (31-50)";"North";35;"One year";54.18;3;56.85;0;1896.3
"CUST-4891";"Male";"3. Senior (51+)";"South";52;"Two year";55.59;0;87.42;1;2890.68
"CUST-4892";"Female";"3. Senior (51+)";"South";42;"One year";37.42;1;66.93;0;1571.64
"CUST-4893";"Male";"2. Adult (31-50)";"East";68;"Two year";84.7;0;57.81;1;5759.6
"CUST-4894";"Female";"2. Adult (31-50)";"South";44;"Monthly";83.43;0;86.07;0;3670.92
"CUST-4895";"Male";"2. Adult (31-50)";"West";20;"Monthly";113.82;9;26.73;1;2276.4
"CUST-4896";"Male";"1. Young Adult (18-30)";"South";13;"One year";32.42;2;56.82;0;421.46
"CUST-4897";"Female";"3. Senior (51+)";"South";1;"Monthly";24.04;0;33.33;0;24.04
"CUST-4898";"Male";"1. Young Adult (18-30)";"South";32;"Monthly";31.2;0;51.91;0;998.4
"CUST-4899";"Female";"3. Senior (51+)";"West";40;"Monthly";58.87;1;81.89;1;2354.8
"CUST-4900";"Non-binary";"3. Senior (51+)";"North";26;"Monthly";60.78;0;61.62;0;1580.28
"CUST-4901";"Female";"3. Senior (51+)";"West";33;"One year";109.53;0;54.53;0;3614.49
"CUST-4902";"Male";"3. Senior (51+)";"North";60;"One year";33.53;0;80.84;0;2011.8
"CUST-4903";"Male";"3. Senior (51+)";"North";36;"One year";115.61;1;49.15;0;4161.96
"CUST-4904";"Female";"3. Senior (51+)";"North";17;"Two year";54.82;0;85.01;0;931.94
"CUST-4905";"Female";"2. Adult (31-50)";"South";56;"One year";56.74;1;63.17;0;3177.44
"CUST-4906";"Female";"3. Senior (51+)";"South";16;"Monthly";66.67;4;37.64;1;1066.72
"CUST-4907";"Male";"3. Senior (51+)";"South";57;"Monthly";60.48;1;58.76;0;3447.36
"CUST-4908";"Female";"1. Young Adult (18-30)";"North";13;"One year";64.2;2;56.82;0;834.6
"CUST-4909";"Female";"3. Senior (51+)";"South";37;"Monthly";68.91;1;54.96;1;2549.67
"CUST-4910";"Female";"3. Senior (51+)";"West";40;"Two year";105.38;0;54.99;0;4215.2
"CUST-4911";"Male";"3. Senior (51+)";"West";3;"One year";77.5;2;42.33;0;232.5
"CUST-4912";"Male";"2. Adult (31-50)";"West";45;"Monthly";114.64;3;56.4;1;5158.8
"CUST-4913";"Non-binary";"3. Senior (51+)";"South";17;"Two year";64.8;0;46.17;0;1101.6
"CUST-4914";"Female";"3. Senior (51+)";"North";27;"Two year";58.66;0;49.9;0;1583.82
"CUST-4915";"Female";"3. Senior (51+)";"South";61;"Monthly";112.01;0;37.18;0;6832.61
"CUST-4916";"Non-binary";"3. Senior (51+)";"West";41;"One year";22.42;0;94.01;0;919.22
"CUST-4917";"Female";"3. Senior (51+)";"West";6;"Two year";28.99;0;52.96;0;173.94
"CUST-4918";"Female";"3. Senior (51+)";"North";17;"Monthly";46.75;0;58.76;0;794.75
"CUST-4919";"Female";"2. Adult (31-50)";"East";56;"One year";115.74;1;63.17;0;6481.44
"CUST-4920";"Female";"1. Young Adult (18-30)";"North";5;"One year";58.34;0;39.54;0;291.7
"CUST-4921";"Non-binary";"2. Adult (31-50)";"East";37;"One year";71.87;0;70.38;0;2659.19
"CUST-4922";"Male";"3. Senior (51+)";"North";72;"Monthly";63.64;6;31.3;0;4582.08
"CUST-4923";"Non-binary";"3. Senior (51+)";"East";59;"Two year";55.3;0;50.64;0;3262.7
"CUST-4924";"Male";"3. Senior (51+)";"West";36;"Monthly";95.16;0;82.5;1;3425.76
"CUST-4925";"Non-binary";"3. Senior (51+)";"South";27;"One year";118.16;3;52.08;0;3190.32
"CUST-4926";"Male";"3. Senior (51+)";"East";50;"One year";64.38;0;54.57;0;3219.0
"CUST-4927";"Female";"3. Senior (51+)";"South";13;"One year";88.5;3;71.67;0;1150.5
"CUST-4928";"Female";"1. Young Adult (18-30)";"South";8;"One year";68.09;0;56.44;0;544.72
"CUST-4929";"Female";"3. Senior (51+)";"North";71;"Monthly";30.21;0;71.43;1;2144.91
"CUST-4930";"Female";"3. Senior (51+)";"West";69;"Monthly";63.26;2;46.73;1;4364.94
"CUST-4931";"Female";"2. Adult (31-50)";"South";13;"Monthly";60.53;2;92.1;0;786.89
"CUST-4932";"Male";"3. Senior (51+)";"North";54;"One year";54.18;0;56.4;0;2925.72
"CUST-4933";"Female";"2. Adult (31-50)";"West";38;"One year";88.73;0;47.4;0;3371.74
"CUST-4934";"Non-binary";"3. Senior (51+)";"West";71;"One year";108.5;1;19.08;0;7703.5
"CUST-4935";"Female";"1. Young Adult (18-30)";"West";56;"One year";72.79;0;63.17;0;4076.24
"CUST-4936";"Male";"3. Senior (51+)";"South";64;"Monthly";46.36;1;49.79;0;2967.04
"CUST-4937";"Non-binary";"3. Senior (51+)";"South";65;"Two year";46.09;0;55.95;0;2995.85
"CUST-4938";"Male";"3. Senior (51+)";"South";32;"Monthly";41.35;1;51.91;0;1323.2
"CUST-4939";"Non-binary";"3. Senior (51+)";"North";51;"Two year";56.17;0;66.71;0;2864.67
"CUST-4940";"Female";"2. Adult (31-50)";"East";12;"One year";54.79;3;53.95;0;657.48
"CUST-4941";"Male";"3. Senior (51+)";"South";29;"Monthly";48.18;0;55.42;0;1397.22
"CUST-4942";"Non-binary";"2. Adult (31-50)";"South";33;"Two year";118.58;0;46.93;1;3913.14
"CUST-4943";"Female";"1. Young Adult (18-30)";"South";33;"One year";50.56;3;54.53;1;1668.48
"CUST-4944";"Female";"3. Senior (51+)";"North";55;"Monthly";78.3;0;46.27;1;4306.5
"CUST-4945";"Female";"3. Senior (51+)";"South";50;"Two year";83.44;4;37.78;0;4172.0
"CUST-4946";"Male";"3. Senior (51+)";"West";29;"Monthly";59.04;3;55.42;0;1712.16
"CUST-4947";"Male";"2. Adult (31-50)";"West";30;"One year";48.07;1;57.44;0;1442.1
"CUST-4948";"Female";"1. Young Adult (18-30)";"West";16;"Monthly";30.01;2;14.31;0;480.16
"CUST-4949";"Female";"2. Adult (31-50)";"North";53;"Monthly";24.5;0;55.94;0;1298.5
"CUST-4950";"Female";"3. Senior (51+)";"West";57;"Two year";89.62;2;50.2;0;5108.34
"CUST-4951";"Male";"3. Senior (51+)";"East";42;"Monthly";73.17;2;58.5;1;3073.14
"CUST-4952";"Male";"2. Adult (31-50)";"North";30;"Two year";113.67;10;38.65;1;3410.1
"CUST-4953";"Female";"2. Adult (31-50)";"North";6;"One year";118.12;1;52.96;0;708.72
"CUST-4954";"Non-binary";"3. Senior (51+)";"West";58;"Two year";77.12;0;56.15;0;4472.96
"CUST-4955";"Male";"3. Senior (51+)";"South";17;"Monthly";74.15;10;36.96;0;1260.55
"CUST-4956";"Male";"1. Young Adult (18-30)";"East";70;"Monthly";35.79;0;10.12;0;2505.3
"CUST-4957";"Female";"2. Adult (31-50)";"South";49;"Monthly";58.12;8;22.42;1;2847.88
"CUST-4958";"Male";"2. Adult (31-50)";"West";39;"Monthly";87.99;0;82.35;1;3431.61
"CUST-4959";"Non-binary";"3. Senior (51+)";"North";45;"Monthly";52.55;2;56.4;1;2364.75
"CUST-4960";"Non-binary";"3. Senior (51+)";"North";20;"Monthly";109.67;1;53.01;1;2193.4
"CUST-4961";"Male";"3. Senior (51+)";"West";45;"Two year";106.52;0;56.4;0;4793.4
"CUST-4962";"Non-binary";"1. Young Adult (18-30)";"North";50;"Monthly";26.71;0;54.57;0;1335.5
"CUST-4963";"Female";"3. Senior (51+)";"South";40;"Monthly";83.06;3;54.99;0;3322.4
"CUST-4964";"Non-binary";"1. Young Adult (18-30)";"North";6;"Monthly";73.48;0;52.96;0;440.88
"CUST-4965";"Female";"3. Senior (51+)";"South";49;"Monthly";86.79;0;54.7;1;4252.71
"CUST-4966";"Male";"3. Senior (51+)";"West";59;"Monthly";37.07;2;50.64;1;2187.13
"CUST-4967";"Male";"3. Senior (51+)";"North";67;"Monthly";87.88;3;95.58;1;5887.96
"CUST-4968";"Female";"2. Adult (31-50)";"West";34;"One year";74.77;1;52.64;0;2542.18
"CUST-4969";"Male";"3. Senior (51+)";"East";65;"Monthly";20.29;0;55.95;1;1318.85
"CUST-4970";"Non-binary";"1. Young Adult (18-30)";"North";62;"Two year";67.05;8;38.27;1;4157.1
"CUST-4971";"Male";"1. Young Adult (18-30)";"North";72;"One year";93.91;2;97.71;0;6761.52
"CUST-4972";"Male";"1. Young Adult (18-30)";"North";44;"One year";100.06;3;56.45;1;4402.64
"CUST-4973";"Female";"2. Adult (31-50)";"West";39;"Monthly";46.26;1;59.64;0;1804.14
"CUST-4974";"Female";"3. Senior (51+)";"South";33;"Two year";57.37;2;54.53;0;1893.21
"CUST-4975";"Non-binary";"2. Adult (31-50)";"West";20;"Two year";62.49;0;61.42;0;1249.8
"CUST-4976";"Non-binary";"1. Young Adult (18-30)";"South";60;"One year";85.69;0;57.22;0;5141.4
"CUST-4977";"Female";"4. Unkownn/Missing";"East";53;"Monthly";34.44;2;55.3;1;1825.32
"CUST-4978";"Female";"2. Adult (31-50)";"South";54;"Two year";111.27;0;85.47;1;6008.58
"CUST-4979";"Female";"1. Young Adult (18-30)";"West";69;"Monthly";26.46;0;57.1;0;1825.74
"CUST-4980";"Non-binary";"2. Adult (31-50)";"West";12;"Monthly";102.05;0;21.9;1;1224.6
"CUST-4981";"Female";"1. Young Adult (18-30)";"South";9;"Monthly";97.64;0;74.08;0;878.76
"CUST-4982";"Non-binary";"2. Adult (31-50)";"South";18;"Monthly";90.54;1;51.92;1;1629.72
"CUST-4983";"Male";"2. Adult (31-50)";"South";38;"Monthly";82.54;0;53.79;0;3136.52
"CUST-4984";"Male";"4. Unkownn/Missing";"North";30;"One year";25.88;3;57.44;0;776.4
"CUST-4985";"Female";"3. Senior (51+)";"North";47;"Monthly";26.51;1;52.58;0;1245.97
"CUST-4986";"Male";"1. Young Adult (18-30)";"East";56;"Two year";33.48;1;63.17;1;1874.88
"CUST-4987";"Female";"1. Young Adult (18-30)";"South";18;"One year";49.06;0;51.92;0;883.08
"CUST-4988";"Male";"3. Senior (51+)";"West";50;"Monthly";56.18;3;54.57;1;2809.0
"CUST-4989";"Female";"2. Adult (31-50)";"South";40;"One year";30.02;3;54.99;0;1200.8
"CUST-4990";"Female";"2. Adult (31-50)";"East";23;"One year";98.49;0;56.11;0;2265.27
"CUST-4991";"Female";"1. Young Adult (18-30)";"South";39;"One year";72.27;0;59.64;0;2818.53
"CUST-4992";"Male";"2. Adult (31-50)";"East";20;"Monthly";99.08;0;53.01;1;1981.6
"CUST-4993";"Female";"3. Senior (51+)";"East";29;"Monthly";70.02;3;60.59;0;2030.58
"CUST-4994";"Female";"1. Young Adult (18-30)";"North";23;"Monthly";85.35;3;79.24;0;1963.05
"CUST-4995";"Female";"3. Senior (51+)";"South";7;"Monthly";79.48;2;59.79;0;556.36
"CUST-4996";"Male";"2. Adult (31-50)";"South";34;"Monthly";47.76;3;52.64;1;1623.84
"CUST-4997";"Male";"2. Adult (31-50)";"West";58;"Two year";45.23;3;39.0;0;2623.34
"CUST-4998";"Male";"2. Adult (31-50)";"East";61;"Two year";42.53;0;81.01;0;2594.33
"CUST-4999";"Female";"1. Young Adult (18-30)";"South";37;"One year";41.87;0;54.96;0;1549.19
"CUST-5000";"Female";"2. Adult (31-50)";"West";15;"Monthly";81.96;2;53.77;1;1229.4
"CUST-5001";"Female";"2. Adult (31-50)";"North";13;"One year";50.92;9;23.64;0;661.96
"CUST-5002";"Female";"2. Adult (31-50)";"North";12;"Monthly";107.87;0;61.39;0;1294.44
"CUST-5003";"Female";"3. Senior (51+)";"South";61;"One year";69.57;0;55.13;0;4243.77
"CUST-5004";"Female";"2. Adult (31-50)";"South";44;"Two year";79.9;3;56.45;0;3515.6
"CUST-5005";"Male";"3. Senior (51+)";"East";2;"Monthly";109.19;0;66.31;1;218.38
"CUST-5006";"Female";"3. Senior (51+)";"West";34;"One year";90.13;0;27.29;0;3064.42
"CUST-5007";"Male";"3. Senior (51+)";"South";24;"One year";115.4;0;50.66;0;2769.6
"CUST-5008";"Female";"2. Adult (31-50)";"North";28;"Monthly";102.2;0;53.86;1;2861.6
"CUST-5009";"Male";"3. Senior (51+)";"East";58;"Monthly";91.4;0;56.15;0;5301.2
"CUST-5010";"Non-binary";"1. Young Adult (18-30)";"East";59;"Monthly";45.45;0;50.64;1;2681.55
"CUST-5011";"Male";"2. Adult (31-50)";"North";52;"One year";60.81;3;54.79;0;3162.12
"CUST-5012";"Female";"2. Adult (31-50)";"West";15;"Monthly";99.5;0;53.77;1;1492.5
"CUST-5013";"Male";"3. Senior (51+)";"South";5;"One year";80.39;0;4.280000000000001;1;401.95
"CUST-5014";"Non-binary";"3. Senior (51+)";"West";52;"Two year";30.14;0;84.13;1;1567.28
"CUST-5015";"Male";"3. Senior (51+)";"South";66;"One year";100.27;0;54.86;1;6617.82
"CUST-5016";"Male";"3. Senior (51+)";"East";67;"Monthly";106.36;1;52.82;1;7126.12
"CUST-5017";"Female";"2. Adult (31-50)";"West";49;"Two year";65.39;0;26.76;0;3204.11
"CUST-5018";"Non-binary";"2. Adult (31-50)";"West";55;"Monthly";62.06;1;89.48;1;3413.3
"CUST-5019";"Non-binary";"1. Young Adult (18-30)";"North";51;"Two year";102.84;2;57.9;0;5244.84
"CUST-5020";"Non-binary";"1. Young Adult (18-30)";"West";59;"Monthly";60.0;0;58.52;0;3540.0
"CUST-5021";"Female";"2. Adult (31-50)";"North";59;"Monthly";107.4;0;50.64;0;6336.6
"CUST-5022";"Female";"3. Senior (51+)";"North";22;"One year";103.33;2;58.01;1;2273.26
"CUST-5023";"Male";"3. Senior (51+)";"South";44;"Monthly";64.67;2;56.45;0;2845.48
"CUST-5024";"Non-binary";"3. Senior (51+)";"South";50;"Monthly";115.86;0;88.07;0;5793.0
"CUST-5025";"Male";"3. Senior (51+)";"West";11;"Monthly";39.44;1;42.83;1;433.84
"CUST-5026";"Non-binary";"3. Senior (51+)";"South";38;"Two year";85.11;1;53.79;0;3234.18
"CUST-5027";"Female";"2. Adult (31-50)";"South";1;"One year";82.53;1;35.05;0;82.53
"CUST-5028";"Male";"3. Senior (51+)";"West";65;"One year";73.14;0;48.57;0;4754.1
"CUST-5029";"Non-binary";"4. Unkownn/Missing";"West";29;"One year";90.25;2;55.42;1;2617.25
"CUST-5030";"Female";"1. Young Adult (18-30)";"South";15;"Monthly";114.47;2;66.63;0;1717.05
"CUST-5031";"Non-binary";"3. Senior (51+)";"East";7;"One year";115.48;0;39.76;0;808.36
"CUST-5032";"Female";"3. Senior (51+)";"North";18;"Two year";103.84;0;75.27;1;1869.12
"CUST-5033";"Non-binary";"2. Adult (31-50)";"North";72;"Monthly";54.97;3;54.68;0;3957.84
"CUST-5034";"Non-binary";"3. Senior (51+)";"South";31;"Monthly";112.91;6;36.85;0;3500.21
"CUST-5035";"Female";"2. Adult (31-50)";"West";30;"Two year";22.89;0;53.14;0;686.7
"CUST-5036";"Male";"3. Senior (51+)";"West";48;"Two year";75.08;0;59.96;0;3603.84
"CUST-5037";"Male";"2. Adult (31-50)";"East";53;"Monthly";39.96;0;55.36;1;2117.88
"CUST-5038";"Female";"2. Adult (31-50)";"West";68;"One year";49.52;1;86.18;0;3367.36
"CUST-5039";"Male";"2. Adult (31-50)";"North";20;"Monthly";37.92;0;53.01;0;758.4
"CUST-5040";"Female";"2. Adult (31-50)";"West";38;"Monthly";99.05;3;43.38;0;3763.9
"CUST-5041";"Female";"2. Adult (31-50)";"North";52;"Two year";94.65;0;83.88;0;4921.8
"CUST-5042";"Female";"3. Senior (51+)";"West";8;"Monthly";69.94;0;56.44;1;559.52
"CUST-5043";"Male";"4. Unkownn/Missing";"West";34;"Monthly";75.82;0;52.64;0;2577.88
"CUST-5044";"Female";"2. Adult (31-50)";"South";72;"Monthly";46.37;1;33.57;1;3338.64
"CUST-5045";"Female";"2. Adult (31-50)";"East";52;"Monthly";37.22;0;54.79;1;1935.44
"CUST-5046";"Non-binary";"3. Senior (51+)";"North";45;"Monthly";49.94;0;74.25;1;2247.3
"CUST-5047";"Non-binary";"3. Senior (51+)";"North";38;"Monthly";105.83;0;55.96;0;4021.54
"CUST-5048";"Female";"2. Adult (31-50)";"West";4;"Monthly";86.46;0;43.31;0;345.84
"CUST-5049";"Non-binary";"2. Adult (31-50)";"West";58;"Monthly";57.41;0;56.15;0;3329.78
"CUST-5050";"Male";"3. Senior (51+)";"West";55;"One year";92.15;1;22.89;0;5068.25
"CUST-5051";"Female";"1. Young Adult (18-30)";"North";16;"One year";25.68;0;57.1;0;410.88
"CUST-5052";"Female";"3. Senior (51+)";"West";48;"Monthly";60.11;1;99.97;1;2885.28
"CUST-5053";"Male";"3. Senior (51+)";"South";8;"Monthly";100.5;0;45.58;0;804.0
"CUST-5054";"Female";"1. Young Adult (18-30)";"North";38;"Two year";100.89;0;31.33;0;3833.82
"CUST-5055";"Non-binary";"3. Senior (51+)";"North";41;"Two year";58.34;0;51.63;0;2391.94
"CUST-5056";"Male";"2. Adult (31-50)";"East";1;"Monthly";49.65;1;73.11;1;49.65
"CUST-5057";"Male";"3. Senior (51+)";"East";10;"One year";72.76;10;24.01;1;727.6
"CUST-5058";"Female";"3. Senior (51+)";"West";10;"Monthly";80.99;0;47.69;0;809.9
"CUST-5059";"Male";"2. Adult (31-50)";"South";22;"Monthly";40.89;0;42.63;0;899.58
"CUST-5060";"Male";"3. Senior (51+)";"South";10;"Two year";61.7;0;12.2;0;617.0
"CUST-5061";"Non-binary";"1. Young Adult (18-30)";"North";3;"Monthly";70.78;2;42.33;0;212.34
"CUST-5062";"Female";"3. Senior (51+)";"South";36;"One year";102.53;0;49.15;0;3691.08
"CUST-5063";"Male";"4. Unkownn/Missing";"North";41;"Monthly";72.15;0;92.68;0;2958.15
"CUST-5064";"Female";"3. Senior (51+)";"North";52;"Monthly";61.61;0;27.56;1;3203.72
"CUST-5065";"Female";"2. Adult (31-50)";"South";63;"One year";78.45;0;24.77;1;4942.35
"CUST-5066";"Female";"3. Senior (51+)";"West";2;"Monthly";108.7;0;42.67;1;217.4
"CUST-5067";"Female";"1. Young Adult (18-30)";"West";19;"Monthly";72.08;0;24.8;0;1369.52
"CUST-5068";"Male";"3. Senior (51+)";"West";24;"Two year";45.01;3;50.66;0;1080.24
"CUST-5069";"Female";"3. Senior (51+)";"North";30;"Monthly";116.69;3;95.28;0;3500.7
"CUST-5070";"Non-binary";"2. Adult (31-50)";"North";21;"Monthly";64.83;0;55.93;0;1361.43
"CUST-5071";"Female";"3. Senior (51+)";"North";47;"Monthly";72.45;1;52.58;0;3405.15
"CUST-5072";"Non-binary";"2. Adult (31-50)";"South";24;"Monthly";104.24;7;23.84;1;2501.76
"CUST-5073";"Male";"3. Senior (51+)";"East";2;"Monthly";66.17;1;42.67;0;132.34
"CUST-5074";"Female";"3. Senior (51+)";"South";50;"Monthly";25.54;1;90.08;0;1277.0
"CUST-5075";"Female";"2. Adult (31-50)";"South";42;"Monthly";50.33;3;58.5;1;2113.86
"CUST-5076";"Male";"3. Senior (51+)";"South";50;"Monthly";35.3;0;54.57;0;1765.0
"CUST-5077";"Female";"2. Adult (31-50)";"North";65;"Two year";75.43;2;25.79;0;4902.95
"CUST-5078";"Non-binary";"3. Senior (51+)";"East";32;"Monthly";114.6;0;51.91;1;3667.2
"CUST-5079";"Female";"3. Senior (51+)";"West";42;"One year";68.67;0;54.12;0;2884.14
"CUST-5080";"Female";"2. Adult (31-50)";"North";49;"One year";111.87;0;51.62;0;5481.63
"CUST-5081";"Male";"4. Unkownn/Missing";"North";9;"One year";96.87;5;17.61;1;871.83
"CUST-5082";"Male";"3. Senior (51+)";"North";7;"Monthly";88.59;0;54.92;1;620.13
"CUST-5083";"Female";"4. Unkownn/Missing";"South";37;"Monthly";44.78;0;54.96;0;1656.86
"CUST-5084";"Female";"4. Unkownn/Missing";"West";28;"Monthly";96.92;0;10.09;1;2713.76
"CUST-5085";"Male";"3. Senior (51+)";"South";38;"Two year";81.05;0;53.79;0;3079.9
"CUST-5086";"Male";"2. Adult (31-50)";"West";62;"Monthly";57.38;0;78.83;1;3557.56
"CUST-5087";"Female";"4. Unkownn/Missing";"West";43;"Monthly";114.17;0;93.88;1;4909.31
"CUST-5088";"Non-binary";"1. Young Adult (18-30)";"East";16;"Two year";59.55;2;17.81;0;952.8
"CUST-5089";"Female";"2. Adult (31-50)";"South";70;"Monthly";85.69;2;58.23;1;5998.3
"CUST-5090";"Male";"3. Senior (51+)";"South";35;"Monthly";40.16;0;23.14;1;1405.6
"CUST-5091";"Female";"3. Senior (51+)";"North";9;"Two year";32.28;0;58.05;0;290.52
"CUST-5092";"Female";"3. Senior (51+)";"South";42;"One year";68.02;1;70.85;0;2856.84
"CUST-5093";"Male";"3. Senior (51+)";"East";38;"One year";87.18;2;65.37;0;3312.84
"CUST-5094";"Male";"3. Senior (51+)";"South";47;"Monthly";51.75;2;81.9;0;2432.25
"CUST-5095";"Female";"2. Adult (31-50)";"East";19;"One year";93.94;0;31.39;1;1784.86
"CUST-5096";"Female";"3. Senior (51+)";"East";44;"Two year";33.83;0;56.45;0;1488.52
"CUST-5097";"Female";"2. Adult (31-50)";"East";10;"One year";68.19;0;47.69;0;681.9
"CUST-5098";"Female";"3. Senior (51+)";"West";64;"Monthly";38.78;0;49.79;0;2481.92
"CUST-5099";"Female";"3. Senior (51+)";"South";21;"Monthly";54.17;0;65.39;0;1137.57
"CUST-5100";"Non-binary";"2. Adult (31-50)";"South";18;"Monthly";71.83;0;13.69;0;1292.94
"CUST-5101";"Female";"2. Adult (31-50)";"West";62;"One year";30.56;3;52.93;0;1894.72
"CUST-5102";"Female";"3. Senior (51+)";"West";8;"One year";116.91;3;56.44;0;935.28
"CUST-5103";"Male";"1. Young Adult (18-30)";"West";27;"One year";118.35;0;87.74;0;3195.45
"CUST-5104";"Male";"4. Unkownn/Missing";"North";23;"Monthly";70.46;2;56.11;1;1620.58
"CUST-5105";"Non-binary";"3. Senior (51+)";"South";33;"Monthly";110.93;0;54.53;1;3660.69
"CUST-5106";"Male";"3. Senior (51+)";"East";28;"Two year";49.21;0;53.86;0;1377.88
"CUST-5107";"Male";"2. Adult (31-50)";"West";53;"One year";20.65;0;53.75;0;1094.45
"CUST-5108";"Female";"2. Adult (31-50)";"South";23;"One year";34.38;3;56.11;0;790.74
"CUST-5109";"Female";"3. Senior (51+)";"West";57;"One year";107.35;0;58.76;0;6118.95
"CUST-5110";"Female";"4. Unkownn/Missing";"East";0;"Two year";93.13;2;44.44;0;0.0
"CUST-5111";"Non-binary";"1. Young Adult (18-30)";"East";43;"One year";39.19;8;30.67;1;1685.17
"CUST-5112";"Female";"3. Senior (51+)";"North";16;"Monthly";39.7;2;57.1;0;635.2
"CUST-5113";"Non-binary";"2. Adult (31-50)";"West";40;"One year";108.37;8;15.51;1;4334.8
"CUST-5114";"Male";"3. Senior (51+)";"East";46;"Two year";107.7;0;31.16;1;4954.2
"CUST-5115";"Female";"1. Young Adult (18-30)";"South";62;"Two year";23.94;2;52.93;0;1484.28
"CUST-5116";"Female";"3. Senior (51+)";"East";4;"Monthly";45.5;0;82.42;0;182.0
"CUST-5117";"Non-binary";"2. Adult (31-50)";"South";59;"One year";83.99;0;14.44;1;4955.41
"CUST-5118";"Female";"2. Adult (31-50)";"North";24;"Monthly";76.63;0;16.77;1;1839.12
"CUST-5119";"Male";"3. Senior (51+)";"West";4;"One year";86.35;0;45.76;0;345.4
"CUST-5120";"Female";"2. Adult (31-50)";"West";1;"Two year";55.54;2;43.21;0;55.54
"CUST-5121";"Female";"2. Adult (31-50)";"South";10;"Monthly";36.17;3;47.69;0;361.7
"CUST-5122";"Female";"3. Senior (51+)";"South";22;"Monthly";79.35;0;48.57;1;1745.7
"CUST-5123";"Non-binary";"3. Senior (51+)";"North";68;"Monthly";33.58;1;58.58;0;2283.44
"CUST-5124";"Non-binary";"1. Young Adult (18-30)";"East";47;"Monthly";27.8;0;52.58;1;1306.6
"CUST-5125";"Non-binary";"1. Young Adult (18-30)";"West";8;"One year";54.54;0;63.99;0;436.32
"CUST-5126";"Female";"2. Adult (31-50)";"West";10;"Two year";81.52;0;15.68;0;815.2
"CUST-5127";"Female";"3. Senior (51+)";"West";65;"One year";77.23;1;71.4;0;5019.95
"CUST-5128";"Female";"3. Senior (51+)";"South";39;"Monthly";65.53;0;98.64;1;2555.67
"CUST-5129";"Male";"3. Senior (51+)";"North";9;"One year";88.88;0;58.05;0;799.92
"CUST-5130";"Female";"3. Senior (51+)";"West";25;"Monthly";74.81;0;57.71;1;1870.25
"CUST-5131";"Female";"3. Senior (51+)";"South";53;"Two year";116.32;1;87.01;0;6164.96
"CUST-5132";"Female";"3. Senior (51+)";"South";10;"Monthly";39.78;3;57.39;0;397.8
"CUST-5133";"Female";"3. Senior (51+)";"West";8;"Two year";39.92;0;75.77;0;319.36
"CUST-5134";"Non-binary";"2. Adult (31-50)";"North";12;"Monthly";62.0;0;98.95;0;744.0
"CUST-5135";"Male";"1. Young Adult (18-30)";"West";14;"One year";115.91;0;50.47;1;1622.74
"CUST-5136";"Male";"3. Senior (51+)";"West";33;"Monthly";89.89;3;54.53;1;2966.37
"CUST-5137";"Female";"3. Senior (51+)";"South";49;"One year";111.15;0;89.91;1;5446.35
"CUST-5138";"Non-binary";"1. Young Adult (18-30)";"North";30;"One year";99.6;3;57.44;0;2988.0
"CUST-5139";"Male";"3. Senior (51+)";"West";4;"Two year";99.16;2;46.91;1;396.64
"CUST-5140";"Female";"2. Adult (31-50)";"North";8;"Two year";28.22;0;55.14;0;225.76
"CUST-5141";"Male";"3. Senior (51+)";"North";28;"Monthly";93.76;3;80.03;1;2625.28
"CUST-5142";"Male";"1. Young Adult (18-30)";"North";60;"Two year";33.07;2;67.88;0;1984.2
"CUST-5143";"Male";"3. Senior (51+)";"North";22;"Monthly";98.9;0;58.01;0;2175.8
"CUST-5144";"Male";"1. Young Adult (18-30)";"West";54;"One year";69.62;0;71.16;0;3759.48
"CUST-5145";"Female";"2. Adult (31-50)";"West";15;"One year";53.98;3;56.29;0;809.7
"CUST-5146";"Non-binary";"1. Young Adult (18-30)";"West";2;"Monthly";23.53;0;42.67;1;47.06
"CUST-5147";"Female";"2. Adult (31-50)";"East";68;"Monthly";55.94;0;57.81;0;3803.92
"CUST-5148";"Female";"3. Senior (51+)";"South";67;"Monthly";103.38;0;69.79;0;6926.46
"CUST-5149";"Male";"1. Young Adult (18-30)";"East";36;"Monthly";23.24;2;49.15;1;836.64
"CUST-5150";"Male";"1. Young Adult (18-30)";"North";37;"Monthly";55.13;0;54.96;0;2039.81
"CUST-5151";"Female";"2. Adult (31-50)";"East";1;"One year";34.32;0;43.21;1;34.32
"CUST-5152";"Female";"3. Senior (51+)";"West";12;"One year";45.21;0;54.82;0;542.52
"CUST-5153";"Female";"2. Adult (31-50)";"North";33;"Monthly";110.07;0;22.44;1;3632.31
"CUST-5154";"Female";"2. Adult (31-50)";"South";71;"Monthly";92.17;1;37.76;0;6544.07
"CUST-5155";"Female";"3. Senior (51+)";"West";30;"Monthly";27.8;10;31.63;1;834.0
"CUST-5156";"Male";"2. Adult (31-50)";"East";41;"One year";103.19;0;51.63;0;4230.79
"CUST-5157";"Non-binary";"3. Senior (51+)";"West";11;"Two year";102.39;3;59.86;0;1126.29
"CUST-5158";"Male";"2. Adult (31-50)";"South";2;"Two year";110.58;3;42.67;0;221.16
"CUST-5159";"Male";"2. Adult (31-50)";"West";45;"Monthly";36.78;0;56.4;1;1655.1
"CUST-5160";"Male";"2. Adult (31-50)";"West";36;"Monthly";56.57;2;49.15;0;2036.52
"CUST-5161";"Non-binary";"2. Adult (31-50)";"North";37;"Monthly";81.24;0;54.96;1;3005.88
"CUST-5162";"Female";"3. Senior (51+)";"North";0;"Two year";97.59;0;44.44;1;0.0
"CUST-5163";"Non-binary";"3. Senior (51+)";"East";31;"Monthly";79.12;0;51.61;1;2452.72
"CUST-5164";"Male";"3. Senior (51+)";"South";11;"Two year";30.63;9;19.41;1;336.93
"CUST-5165";"Female";"1. Young Adult (18-30)";"North";61;"Monthly";52.19;0;74.32;1;3183.59
"CUST-5166";"Male";"3. Senior (51+)";"West";63;"One year";51.95;0;80.69;1;3272.85
"CUST-5167";"Female";"3. Senior (51+)";"North";2;"One year";31.0;0;42.67;0;62.0
"CUST-5168";"Male";"3. Senior (51+)";"South";62;"Monthly";46.69;3;14.49;1;2894.78
"CUST-5169";"Male";"3. Senior (51+)";"South";33;"Two year";119.46;0;81.94;0;3942.18
"CUST-5170";"Non-binary";"2. Adult (31-50)";"South";44;"Monthly";40.6;0;80.16;0;1786.4
"CUST-5171";"Non-binary";"3. Senior (51+)";"West";68;"Two year";31.14;2;93.46;0;2117.52
"CUST-5172";"Male";"2. Adult (31-50)";"South";28;"Two year";97.13;0;22.25;1;2719.64
"CUST-5173";"Male";"3. Senior (51+)";"West";72;"One year";43.3;0;48.79;0;3117.6
"CUST-5174";"Male";"3. Senior (51+)";"West";16;"Monthly";85.07;1;83.07;1;1361.12
"CUST-5175";"Female";"3. Senior (51+)";"East";6;"Two year";107.29;0;52.96;0;643.74
"CUST-5176";"Female";"3. Senior (51+)";"East";15;"One year";90.39;3;53.77;1;1355.85
"CUST-5177";"Non-binary";"3. Senior (51+)";"North";32;"Two year";64.65;0;28.21;1;2068.8
"CUST-5178";"Non-binary";"2. Adult (31-50)";"East";41;"One year";101.18;0;51.63;0;4148.38
"CUST-5179";"Female";"2. Adult (31-50)";"South";24;"Monthly";81.73;10;28.0;1;1961.52
"CUST-5180";"Male";"3. Senior (51+)";"South";64;"One year";89.72;0;49.79;1;5742.08
"CUST-5181";"Male";"1. Young Adult (18-30)";"East";63;"One year";40.65;0;54.89;0;2560.95
"CUST-5182";"Male";"3. Senior (51+)";"East";16;"One year";25.64;10;20.9;1;410.24
"CUST-5183";"Male";"1. Young Adult (18-30)";"East";26;"One year";29.68;0;37.33;0;771.68
"CUST-5184";"Male";"3. Senior (51+)";"North";21;"One year";84.75;0;55.93;1;1779.75
"CUST-5185";"Male";"3. Senior (51+)";"South";68;"One year";86.87;0;57.81;0;5907.16
"CUST-5186";"Non-binary";"3. Senior (51+)";"South";62;"Monthly";104.36;3;47.62;1;6470.32
"CUST-5187";"Female";"3. Senior (51+)";"West";12;"One year";111.69;2;65.3;1;1340.28
"CUST-5188";"Female";"2. Adult (31-50)";"West";22;"One year";42.59;0;92.81;0;936.98
"CUST-5189";"Female";"2. Adult (31-50)";"West";0;"Monthly";30.95;0;44.44;1;0.0
"CUST-5190";"Male";"2. Adult (31-50)";"North";14;"Monthly";79.13;9;16.09;1;1107.82
"CUST-5191";"Female";"3. Senior (51+)";"East";0;"One year";112.63;2;61.8;0;0.0
"CUST-5192";"Female";"3. Senior (51+)";"North";8;"Monthly";77.95;0;74.59;1;623.6
"CUST-5193";"Female";"1. Young Adult (18-30)";"East";2;"One year";44.3;0;42.67;0;88.6
"CUST-5194";"Female";"1. Young Adult (18-30)";"North";28;"Monthly";68.73;1;53.86;1;1924.44
"CUST-5195";"Female";"2. Adult (31-50)";"North";19;"One year";48.19;0;55.11;0;915.61
"CUST-5196";"Male";"3. Senior (51+)";"East";0;"Two year";65.91;1;57.849999999999994;0;0.0
"CUST-5197";"Male";"1. Young Adult (18-30)";"South";23;"Monthly";51.97;0;84.98;0;1195.31
"CUST-5198";"Female";"2. Adult (31-50)";"North";72;"One year";80.65;0;20.62;0;5806.8
"CUST-5199";"Male";"3. Senior (51+)";"North";59;"Monthly";80.29;0;10.31;0;4737.11
"CUST-5200";"Female";"3. Senior (51+)";"North";46;"Two year";108.87;0;92.52;0;5008.02
"CUST-5201";"Female";"3. Senior (51+)";"South";70;"One year";38.59;0;58.23;0;2701.3
"CUST-5202";"Female";"3. Senior (51+)";"North";40;"Two year";51.47;1;44.74;0;2058.8
"CUST-5203";"Male";"2. Adult (31-50)";"South";65;"Monthly";40.76;0;83.5;0;2649.4
"CUST-5204";"Male";"1. Young Adult (18-30)";"West";37;"Monthly";83.56;0;79.13;0;3091.72
"CUST-5205";"Female";"2. Adult (31-50)";"South";39;"Monthly";116.27;1;59.64;1;4534.53
"CUST-5206";"Female";"1. Young Adult (18-30)";"West";17;"Two year";100.9;0;56.0;0;1715.3
"CUST-5207";"Male";"3. Senior (51+)";"West";68;"Two year";31.81;0;41.61;0;2163.08
"CUST-5208";"Male";"3. Senior (51+)";"North";63;"Two year";41.7;0;54.89;0;2627.1
"CUST-5209";"Female";"3. Senior (51+)";"West";62;"Monthly";63.47;6;15.28;1;3935.14
"CUST-5210";"Non-binary";"4. Unkownn/Missing";"West";42;"Two year";23.74;0;85.35;0;997.08
"CUST-5211";"Male";"3. Senior (51+)";"South";42;"One year";32.75;0;36.19;0;1375.5
"CUST-5212";"Male";"2. Adult (31-50)";"West";63;"Two year";24.09;0;94.54;1;1517.67
"CUST-5213";"Male";"3. Senior (51+)";"North";46;"Monthly";53.59;2;45.78;1;2465.14
"CUST-5214";"Non-binary";"2. Adult (31-50)";"West";35;"One year";98.09;0;56.85;0;3433.15
"CUST-5215";"Non-binary";"1. Young Adult (18-30)";"North";14;"Monthly";70.5;0;11.29;1;987.0
"CUST-5216";"Female";"2. Adult (31-50)";"North";64;"Monthly";72.33;0;25.17;1;4629.12
"CUST-5217";"Male";"3. Senior (51+)";"West";48;"Monthly";89.7;1;59.96;0;4305.6
"CUST-5218";"Non-binary";"2. Adult (31-50)";"West";41;"Monthly";95.3;0;13.25;1;3907.3
"CUST-5219";"Female";"2. Adult (31-50)";"East";8;"Monthly";43.46;0;99.52;1;347.68
"CUST-5220";"Female";"2. Adult (31-50)";"South";2;"Monthly";117.19;0;42.67;0;234.38
"CUST-5221";"Male";"2. Adult (31-50)";"South";8;"Monthly";24.17;0;56.44;0;193.36
"CUST-5222";"Male";"1. Young Adult (18-30)";"West";71;"One year";85.98;0;54.72;0;6104.58
"CUST-5223";"Male";"2. Adult (31-50)";"North";52;"Monthly";115.37;3;54.79;1;5999.24
"CUST-5224";"Female";"1. Young Adult (18-30)";"West";24;"Monthly";102.41;0;60.2;1;2457.84
"CUST-5225";"Male";"2. Adult (31-50)";"South";9;"Monthly";114.5;0;62.03;0;1030.5
"CUST-5226";"Male";"1. Young Adult (18-30)";"West";56;"Monthly";92.03;0;13.54;1;5153.68
"CUST-5227";"Female";"3. Senior (51+)";"West";41;"One year";54.17;0;57.65;0;2220.97
"CUST-5228";"Female";"2. Adult (31-50)";"East";52;"Monthly";59.45;2;54.79;0;3091.4
"CUST-5229";"Male";"2. Adult (31-50)";"South";20;"Monthly";24.56;0;53.01;1;491.2
"CUST-5230";"Female";"3. Senior (51+)";"North";35;"Monthly";101.78;6;27.74;1;3562.3
"CUST-5231";"Male";"3. Senior (51+)";"North";63;"One year";42.17;2;54.89;0;2656.71
"CUST-5232";"Male";"1. Young Adult (18-30)";"North";44;"One year";58.42;1;56.45;0;2570.48
"CUST-5233";"Male";"2. Adult (31-50)";"South";15;"Monthly";85.72;0;53.77;0;1285.8
"CUST-5234";"Female";"3. Senior (51+)";"North";40;"Monthly";77.16;2;64.79;0;3086.4
"CUST-5235";"Non-binary";"3. Senior (51+)";"North";69;"Monthly";29.11;0;32.07;1;2008.59
"CUST-5236";"Female";"1. Young Adult (18-30)";"North";53;"One year";69.78;0;55.3;0;3698.34
"CUST-5237";"Female";"3. Senior (51+)";"North";52;"One year";110.84;0;53.36;0;5763.68
"CUST-5238";"Male";"1. Young Adult (18-30)";"South";34;"Monthly";88.49;0;34.43;1;3008.66
"CUST-5239";"Female";"3. Senior (51+)";"East";11;"One year";39.36;3;53.43;0;432.96
"CUST-5240";"Male";"2. Adult (31-50)";"East";17;"Two year";72.11;0;56.0;0;1225.87
"CUST-5241";"Non-binary";"3. Senior (51+)";"North";64;"Monthly";114.95;3;49.79;0;7356.8
"CUST-5242";"Male";"1. Young Adult (18-30)";"East";42;"Monthly";65.28;0;90.87;0;2741.76
"CUST-5243";"Non-binary";"1. Young Adult (18-30)";"West";34;"Monthly";92.04;0;59.27;1;3129.36
"CUST-5244";"Male";"3. Senior (51+)";"North";10;"Monthly";108.81;0;59.03;1;1088.1
"CUST-5245";"Male";"3. Senior (51+)";"West";7;"One year";118.27;0;38.46;0;827.89
"CUST-5246";"Non-binary";"3. Senior (51+)";"East";32;"One year";105.29;0;74.71;0;3369.28
"CUST-5247";"Non-binary";"2. Adult (31-50)";"East";28;"Monthly";74.32;0;53.86;1;2080.96
"CUST-5248";"Non-binary";"3. Senior (51+)";"North";58;"Monthly";108.76;0;56.15;1;6308.08
"CUST-5249";"Male";"1. Young Adult (18-30)";"West";34;"Two year";39.78;3;52.64;0;1352.52
"CUST-5250";"Male";"1. Young Adult (18-30)";"West";68;"Monthly";41.91;0;57.81;0;2849.88
"CUST-5251";"Male";"4. Unkownn/Missing";"North";6;"One year";119.77;1;52.96;0;718.62
"CUST-5252";"Non-binary";"2. Adult (31-50)";"East";61;"Two year";83.93;2;55.13;1;5119.73
"CUST-5253";"Male";"1. Young Adult (18-30)";"East";30;"Monthly";91.99;0;84.41;0;2759.7
"CUST-5254";"Female";"1. Young Adult (18-30)";"South";4;"Monthly";74.52;0;43.31;1;298.08
"CUST-5255";"Male";"3. Senior (51+)";"West";2;"Monthly";32.08;1;42.67;0;64.16
"CUST-5256";"Male";"3. Senior (51+)";"East";40;"Monthly";119.69;0;58.6;0;4787.6
"CUST-5257";"Male";"3. Senior (51+)";"South";58;"Two year";99.42;0;56.15;0;5766.36
"CUST-5258";"Non-binary";"1. Young Adult (18-30)";"North";43;"Two year";71.48;0;53.15;0;3073.64
"CUST-5259";"Female";"2. Adult (31-50)";"West";1;"Monthly";79.71;3;50.480000000000004;0;79.71
"CUST-5260";"Female";"1. Young Adult (18-30)";"West";41;"One year";94.47;9;17.21;1;3873.27
"CUST-5261";"Non-binary";"3. Senior (51+)";"West";0;"Monthly";75.85;0;44.35;0;0.0
"CUST-5262";"Female";"2. Adult (31-50)";"West";61;"Monthly";73.11;0;90.61;0;4459.71
"CUST-5263";"Non-binary";"4. Unkownn/Missing";"West";36;"Two year";119.23;7;31.48;1;4292.28
"CUST-5264";"Female";"3. Senior (51+)";"North";55;"Monthly";113.01;0;54.66;1;6215.55
"CUST-5265";"Non-binary";"1. Young Adult (18-30)";"West";17;"Monthly";24.22;0;56.0;0;411.74
"CUST-5266";"Non-binary";"3. Senior (51+)";"West";17;"One year";69.74;5;11.49;0;1185.58
"CUST-5267";"Female";"3. Senior (51+)";"South";72;"One year";64.85;0;47.89;0;4669.2
"CUST-5268";"Female";"1. Young Adult (18-30)";"North";41;"One year";109.99;3;16.14;0;4509.59
"CUST-5269";"Female";"1. Young Adult (18-30)";"North";32;"Monthly";55.8;0;51.91;0;1785.6
"CUST-5270";"Non-binary";"2. Adult (31-50)";"West";43;"Monthly";43.62;0;53.15;1;1875.66
"CUST-5271";"Male";"2. Adult (31-50)";"South";49;"Monthly";79.9;0;54.7;1;3915.1
"CUST-5272";"Male";"3. Senior (51+)";"West";57;"Monthly";63.3;1;91.39;0;3608.1
"CUST-5273";"Female";"2. Adult (31-50)";"South";65;"Two year";88.07;0;18.59;0;5724.55
"CUST-5274";"Male";"3. Senior (51+)";"West";17;"Monthly";88.91;1;88.45;0;1511.47
"CUST-5275";"Female";"2. Adult (31-50)";"South";36;"Monthly";117.73;3;54.82;1;4238.28
"CUST-5276";"Male";"3. Senior (51+)";"East";64;"One year";42.31;0;49.79;0;2707.84
"CUST-5277";"Male";"2. Adult (31-50)";"East";35;"One year";50.67;0;56.85;1;1773.45
"CUST-5278";"Non-binary";"3. Senior (51+)";"South";9;"One year";98.47;0;58.05;0;886.23
"CUST-5279";"Female";"3. Senior (51+)";"East";4;"Two year";103.77;0;43.31;1;415.08
"CUST-5280";"Male";"2. Adult (31-50)";"North";19;"One year";88.88;2;56.56;0;1688.72
"CUST-5281";"Female";"2. Adult (31-50)";"North";47;"Monthly";63.73;0;52.58;1;2995.31
"CUST-5282";"Female";"2. Adult (31-50)";"West";15;"Two year";99.42;0;53.77;0;1491.3
"CUST-5283";"Male";"3. Senior (51+)";"South";31;"Monthly";97.0;1;51.61;1;3007.0
"CUST-5284";"Non-binary";"3. Senior (51+)";"West";28;"Monthly";26.01;0;53.86;1;728.28
"CUST-5285";"Male";"2. Adult (31-50)";"South";15;"Two year";49.32;0;53.77;0;739.8
"CUST-5286";"Non-binary";"2. Adult (31-50)";"West";44;"One year";34.27;0;56.45;0;1507.88
"CUST-5287";"Female";"2. Adult (31-50)";"South";42;"One year";84.61;0;58.5;0;3553.62
"CUST-5288";"Male";"3. Senior (51+)";"West";24;"Monthly";106.78;2;50.66;1;2562.72
"CUST-5289";"Male";"2. Adult (31-50)";"West";36;"One year";91.65;0;49.15;0;3299.4
"CUST-5290";"Non-binary";"3. Senior (51+)";"West";28;"Monthly";88.35;2;53.86;0;2473.8
"CUST-5291";"Male";"3. Senior (51+)";"South";48;"Monthly";39.31;0;59.96;1;1886.88
"CUST-5292";"Female";"2. Adult (31-50)";"West";34;"One year";106.97;0;52.64;0;3636.98
"CUST-5293";"Female";"2. Adult (31-50)";"North";3;"Two year";115.05;1;72.04;0;345.15
"CUST-5294";"Male";"3. Senior (51+)";"East";52;"Monthly";112.71;0;81.05;1;5860.92
"CUST-5295";"Female";"2. Adult (31-50)";"West";15;"Monthly";110.52;0;53.77;1;1657.8
"CUST-5296";"Male";"2. Adult (31-50)";"West";31;"Two year";94.61;2;51.61;0;2932.91
"CUST-5297";"Female";"3. Senior (51+)";"South";30;"Monthly";72.15;0;57.44;0;2164.5
"CUST-5298";"Female";"3. Senior (51+)";"East";3;"Monthly";80.32;0;42.33;1;240.96
"CUST-5299";"Female";"3. Senior (51+)";"West";23;"Monthly";104.45;0;56.11;1;2402.35
"CUST-5300";"Male";"3. Senior (51+)";"West";16;"Monthly";112.17;0;37.11;0;1794.72
"CUST-5301";"Male";"3. Senior (51+)";"West";9;"Monthly";113.97;2;58.05;1;1025.73
"CUST-5302";"Female";"3. Senior (51+)";"South";55;"One year";50.48;0;56.08;0;2776.4
"CUST-5303";"Male";"3. Senior (51+)";"North";37;"One year";107.51;1;54.96;0;3977.87
"CUST-5304";"Female";"3. Senior (51+)";"North";26;"Monthly";65.26;2;11.98;1;1696.76
"CUST-5305";"Male";"2. Adult (31-50)";"North";49;"Monthly";35.33;3;40.04;1;1731.17
"CUST-5306";"Female";"2. Adult (31-50)";"West";69;"Monthly";22.23;0;93.06;1;1533.87
"CUST-5307";"Male";"3. Senior (51+)";"North";19;"Monthly";67.95;0;86.84;1;1291.05
"CUST-5308";"Male";"3. Senior (51+)";"West";49;"Two year";118.68;2;77.92;0;5815.32
"CUST-5309";"Non-binary";"1. Young Adult (18-30)";"East";48;"One year";61.18;3;10.51;0;2936.64
"CUST-5310";"Male";"3. Senior (51+)";"West";57;"One year";80.29;3;86.23;0;4576.53
"CUST-5311";"Male";"1. Young Adult (18-30)";"West";19;"Monthly";62.32;1;55.11;0;1184.08
"CUST-5312";"Female";"3. Senior (51+)";"West";50;"Two year";46.33;3;54.57;0;2316.5
"CUST-5313";"Female";"2. Adult (31-50)";"North";71;"One year";50.03;0;36.98;0;3552.13
"CUST-5314";"Female";"3. Senior (51+)";"North";25;"Monthly";45.58;1;53.5;1;1139.5
"CUST-5315";"Male";"2. Adult (31-50)";"East";45;"Monthly";103.95;0;56.4;1;4677.75
"CUST-5316";"Non-binary";"1. Young Adult (18-30)";"North";32;"Monthly";118.08;2;51.91;1;3778.56
"CUST-5317";"Male";"4. Unkownn/Missing";"West";11;"Two year";92.91;0;52.33;0;1022.01
"CUST-5318";"Female";"3. Senior (51+)";"North";61;"Monthly";83.57;4;19.99;0;5097.77
"CUST-5319";"Non-binary";"1. Young Adult (18-30)";"South";30;"Two year";102.42;0;66.32;0;3072.6
"CUST-5320";"Male";"1. Young Adult (18-30)";"North";28;"Two year";54.34;0;53.86;0;1521.52
"CUST-5321";"Male";"2. Adult (31-50)";"North";35;"Monthly";56.09;3;81.7;1;1963.15
"CUST-5322";"Male";"1. Young Adult (18-30)";"South";61;"Monthly";76.02;2;55.13;0;4637.22
"CUST-5323";"Female";"3. Senior (51+)";"South";30;"Monthly";101.29;0;57.44;1;3038.7
"CUST-5324";"Male";"3. Senior (51+)";"West";24;"One year";89.9;0;50.66;0;2157.6
"CUST-5325";"Non-binary";"3. Senior (51+)";"South";3;"One year";91.58;0;47.38;0;274.74
"CUST-5326";"Non-binary";"3. Senior (51+)";"North";27;"One year";107.38;3;89.85;1;2899.26
"CUST-5327";"Male";"3. Senior (51+)";"South";0;"One year";118.72;0;56.69;0;0.0
"CUST-5328";"Female";"3. Senior (51+)";"North";37;"Monthly";38.02;0;54.96;1;1406.74
"CUST-5329";"Male";"3. Senior (51+)";"North";25;"One year";52.85;1;27.6;0;1321.25
"CUST-5330";"Female";"3. Senior (51+)";"West";41;"Two year";89.66;1;96.33;0;3676.06
"CUST-5331";"Female";"2. Adult (31-50)";"North";0;"Monthly";116.96;2;61.56999999999999;1;0.0
"CUST-5332";"Male";"2. Adult (31-50)";"East";37;"Monthly";102.84;2;93.62;1;3805.08
"CUST-5333";"Female";"2. Adult (31-50)";"East";66;"Monthly";24.4;0;54.86;0;1610.4
"CUST-5334";"Male";"3. Senior (51+)";"North";39;"One year";54.66;0;59.64;0;2131.74
"CUST-5335";"Female";"3. Senior (51+)";"West";18;"Monthly";118.14;6;35.72;1;2126.52
"CUST-5336";"Female";"2. Adult (31-50)";"North";15;"Monthly";111.98;0;27.72;1;1679.7
"CUST-5337";"Male";"3. Senior (51+)";"South";34;"Two year";52.57;0;52.64;0;1787.38
"CUST-5338";"Male";"2. Adult (31-50)";"East";16;"Monthly";65.6;0;57.1;1;1049.6
"CUST-5339";"Male";"2. Adult (31-50)";"South";11;"One year";109.9;2;53.43;0;1208.9
"CUST-5340";"Male";"2. Adult (31-50)";"North";15;"Monthly";72.69;0;54.03;0;1090.35
"CUST-5341";"Non-binary";"1. Young Adult (18-30)";"North";16;"Two year";41.39;2;44.1;0;662.24
"CUST-5342";"Male";"1. Young Adult (18-30)";"West";40;"Two year";24.5;3;47.25;1;980.0
"CUST-5343";"Female";"4. Unkownn/Missing";"West";30;"Monthly";93.39;0;13.95;1;2801.7
"CUST-5344";"Female";"3. Senior (51+)";"East";31;"Monthly";76.34;0;51.61;0;2366.54
"CUST-5345";"Male";"1. Young Adult (18-30)";"East";5;"Two year";40.22;0;33.04;0;201.1
"CUST-5346";"Male";"1. Young Adult (18-30)";"East";30;"Monthly";45.51;0;73.87;1;1365.3
"CUST-5347";"Non-binary";"3. Senior (51+)";"North";39;"Monthly";71.0;3;86.11;1;2769.0
"CUST-5348";"Non-binary";"4. Unkownn/Missing";"East";42;"Monthly";36.67;0;38.27;0;1540.14
"CUST-5349";"Non-binary";"2. Adult (31-50)";"West";23;"Monthly";84.68;0;65.88;0;1947.64
"CUST-5350";"Female";"3. Senior (51+)";"North";13;"Monthly";99.22;3;74.03;0;1289.86
"CUST-5351";"Female";"2. Adult (31-50)";"South";18;"Monthly";79.55;3;51.92;0;1431.9
"CUST-5352";"Female";"3. Senior (51+)";"North";39;"One year";114.6;0;59.64;0;4469.4
"CUST-5353";"Male";"1. Young Adult (18-30)";"East";37;"One year";40.13;3;54.96;0;1484.81
"CUST-5354";"Male";"1. Young Adult (18-30)";"East";49;"Monthly";104.12;3;58.56;1;5101.88
"CUST-5355";"Male";"2. Adult (31-50)";"South";29;"Monthly";65.65;0;77.29;1;1903.85
"CUST-5356";"Female";"3. Senior (51+)";"South";59;"Monthly";78.39;0;50.64;0;4625.01
"CUST-5357";"Non-binary";"3. Senior (51+)";"West";43;"Monthly";99.34;0;53.15;1;4271.62
"CUST-5358";"Female";"3. Senior (51+)";"North";17;"One year";112.88;0;86.74;0;1918.96
"CUST-5359";"Male";"2. Adult (31-50)";"West";25;"Two year";68.66;3;51.16;0;1716.5
"CUST-5360";"Male";"2. Adult (31-50)";"South";25;"Monthly";31.53;0;21.84;1;788.25
"CUST-5361";"Male";"3. Senior (51+)";"East";18;"Monthly";32.7;2;68.78;0;588.6
"CUST-5362";"Male";"1. Young Adult (18-30)";"West";58;"One year";77.92;0;46.4;1;4519.36
"CUST-5363";"Non-binary";"1. Young Adult (18-30)";"West";12;"Monthly";29.85;2;54.82;0;358.2
"CUST-5364";"Male";"1. Young Adult (18-30)";"West";37;"Monthly";39.66;2;30.53;1;1467.42
"CUST-5365";"Male";"2. Adult (31-50)";"North";36;"Monthly";54.71;0;49.15;1;1969.56
"CUST-5366";"Male";"3. Senior (51+)";"North";13;"Monthly";41.81;0;56.82;0;543.53
"CUST-5367";"Female";"1. Young Adult (18-30)";"West";60;"Monthly";76.71;2;31.81;1;4602.6
"CUST-5368";"Non-binary";"2. Adult (31-50)";"South";29;"One year";99.1;1;67.26;0;2873.9
"CUST-5369";"Male";"2. Adult (31-50)";"West";54;"Monthly";105.49;0;56.4;1;5696.46
"CUST-5370";"Male";"3. Senior (51+)";"North";71;"Two year";119.03;1;59.64;0;8451.13
"CUST-5371";"Male";"2. Adult (31-50)";"South";32;"Two year";115.85;3;62.48;1;3707.2
"CUST-5372";"Male";"3. Senior (51+)";"West";32;"Monthly";62.16;1;51.91;0;1989.12
"CUST-5373";"Male";"3. Senior (51+)";"North";44;"Monthly";30.28;0;56.45;0;1332.32
"CUST-5374";"Female";"3. Senior (51+)";"South";62;"Monthly";55.64;0;98.75;1;3449.68
"CUST-5375";"Female";"3. Senior (51+)";"East";69;"Two year";52.12;0;57.1;1;3596.28
"CUST-5376";"Non-binary";"3. Senior (51+)";"South";50;"One year";75.05;7;26.37;0;3752.5
"CUST-5377";"Female";"2. Adult (31-50)";"West";10;"Two year";77.18;2;47.69;1;771.8
"CUST-5378";"Male";"2. Adult (31-50)";"North";69;"Monthly";109.11;1;57.1;1;7528.59
"CUST-5379";"Female";"3. Senior (51+)";"North";43;"Two year";112.45;2;84.89;0;4835.35
"CUST-5380";"Female";"3. Senior (51+)";"West";41;"Monthly";97.6;0;86.49;0;4001.6
"CUST-5381";"Female";"3. Senior (51+)";"East";58;"One year";110.49;0;56.15;0;6408.42
"CUST-5382";"Non-binary";"2. Adult (31-50)";"South";32;"Two year";67.49;0;65.76;0;2159.68
"CUST-5383";"Female";"1. Young Adult (18-30)";"West";37;"Monthly";47.49;0;71.27;0;1757.13
"CUST-5384";"Female";"2. Adult (31-50)";"West";72;"Monthly";107.64;0;54.68;0;7750.08
"CUST-5385";"Male";"2. Adult (31-50)";"North";0;"Monthly";24.49;0;44.44;0;0.0
"CUST-5386";"Female";"3. Senior (51+)";"South";35;"Monthly";90.32;0;65.48;0;3161.2
"CUST-5387";"Male";"2. Adult (31-50)";"South";8;"Two year";37.72;0;53.52;0;301.76
"CUST-5388";"Male";"1. Young Adult (18-30)";"North";34;"Two year";81.73;9;18.7;0;2778.82
"CUST-5389";"Male";"2. Adult (31-50)";"West";1;"Monthly";21.39;0;43.21;0;21.39
"CUST-5390";"Female";"1. Young Adult (18-30)";"North";40;"Monthly";97.9;0;23.09;1;3916.0
"CUST-5391";"Male";"3. Senior (51+)";"West";4;"Two year";61.64;0;43.31;1;246.56
"CUST-5392";"Male";"2. Adult (31-50)";"West";9;"Two year";71.15;1;58.05;0;640.35
"CUST-5393";"Female";"3. Senior (51+)";"West";30;"One year";91.89;2;57.44;0;2756.7
"CUST-5394";"Male";"1. Young Adult (18-30)";"South";69;"Monthly";30.39;2;10.87;1;2096.91
"CUST-5395";"Female";"3. Senior (51+)";"West";68;"One year";104.34;0;57.81;0;7095.12
"CUST-5396";"Male";"3. Senior (51+)";"North";56;"Two year";90.73;0;63.17;0;5080.88
"CUST-5397";"Non-binary";"3. Senior (51+)";"North";28;"Monthly";69.45;3;53.86;0;1944.6
"CUST-5398";"Non-binary";"1. Young Adult (18-30)";"West";15;"Monthly";47.15;0;53.77;1;707.25
"CUST-5399";"Female";"3. Senior (51+)";"North";53;"Two year";105.97;0;44.87;1;5616.41
"CUST-5400";"Male";"1. Young Adult (18-30)";"North";68;"Monthly";60.1;0;21.69;1;4086.8
"CUST-5401";"Male";"3. Senior (51+)";"North";20;"One year";71.72;2;53.01;0;1434.4
"CUST-5402";"Female";"2. Adult (31-50)";"West";72;"Monthly";24.24;0;54.68;0;1745.28
"CUST-5403";"Female";"3. Senior (51+)";"East";32;"One year";26.61;0;51.91;0;851.52
"CUST-5404";"Male";"2. Adult (31-50)";"South";21;"Monthly";52.42;1;58.31;1;1100.82
"CUST-5405";"Female";"2. Adult (31-50)";"West";7;"One year";108.59;2;59.79;0;760.13
"CUST-5406";"Female";"3. Senior (51+)";"North";35;"Two year";92.77;0;56.85;0;3246.95
"CUST-5407";"Female";"2. Adult (31-50)";"East";11;"Two year";32.02;0;53.43;1;352.22
"CUST-5408";"Non-binary";"3. Senior (51+)";"East";54;"One year";119.09;1;67.56;1;6430.86
"CUST-5409";"Female";"1. Young Adult (18-30)";"South";59;"One year";113.1;0;88.69;0;6672.9
"CUST-5410";"Male";"2. Adult (31-50)";"South";58;"Monthly";114.95;3;56.15;1;6667.1
"CUST-5411";"Female";"2. Adult (31-50)";"East";0;"One year";90.12;0;44.44;1;0.0
"CUST-5412";"Female";"3. Senior (51+)";"North";33;"One year";48.7;0;40.65;0;1607.1
"CUST-5413";"Non-binary";"1. Young Adult (18-30)";"South";49;"One year";49.64;3;54.7;0;2432.36
"CUST-5414";"Male";"1. Young Adult (18-30)";"West";39;"One year";45.92;0;59.64;0;1790.88
"CUST-5415";"Male";"1. Young Adult (18-30)";"South";3;"Monthly";24.85;1;42.33;0;74.55
"CUST-5416";"Female";"2. Adult (31-50)";"West";25;"Two year";29.41;0;73.67;0;735.25
"CUST-5417";"Female";"2. Adult (31-50)";"North";59;"One year";55.05;0;50.64;0;3247.95
"CUST-5418";"Non-binary";"1. Young Adult (18-30)";"North";5;"One year";87.04;0;26.759999999999998;1;435.2
"CUST-5419";"Non-binary";"1. Young Adult (18-30)";"North";44;"Monthly";43.67;0;13.24;1;1921.48
"CUST-5420";"Female";"3. Senior (51+)";"South";3;"Monthly";67.78;2;42.33;1;203.34
"CUST-5421";"Non-binary";"1. Young Adult (18-30)";"North";10;"Monthly";72.23;5;21.54;1;722.3
"CUST-5422";"Male";"2. Adult (31-50)";"East";28;"Two year";38.04;0;92.04;0;1065.12
"CUST-5423";"Male";"3. Senior (51+)";"South";5;"Two year";105.1;1;39.54;0;525.5
"CUST-5424";"Non-binary";"3. Senior (51+)";"North";42;"Monthly";48.18;0;58.5;1;2023.56
"CUST-5425";"Male";"3. Senior (51+)";"South";10;"Monthly";106.84;0;47.69;1;1068.4
"CUST-5426";"Female";"3. Senior (51+)";"North";41;"Monthly";105.09;0;51.63;0;4308.69
"CUST-5427";"Female";"2. Adult (31-50)";"North";53;"Monthly";72.84;0;55.3;1;3860.52
"CUST-5428";"Female";"3. Senior (51+)";"West";62;"Monthly";57.03;0;52.93;0;3535.86
"CUST-5429";"Male";"3. Senior (51+)";"South";60;"Monthly";119.57;0;63.17;1;7174.2
"CUST-5430";"Male";"1. Young Adult (18-30)";"North";25;"Monthly";37.94;0;57.71;0;948.5
"CUST-5431";"Female";"1. Young Adult (18-30)";"South";44;"One year";61.79;0;56.45;0;2718.76
"CUST-5432";"Male";"1. Young Adult (18-30)";"South";1;"One year";117.52;2;61.31999999999999;0;117.52
"CUST-5433";"Male";"3. Senior (51+)";"North";2;"Monthly";86.77;0;73.89;0;173.54
"CUST-5434";"Female";"2. Adult (31-50)";"North";14;"One year";32.81;0;99.88;0;459.34
"CUST-5435";"Female";"3. Senior (51+)";"South";5;"Two year";66.53;1;39.54;0;332.65
"CUST-5436";"Female";"3. Senior (51+)";"West";23;"Monthly";115.95;0;41.6;1;2666.85
"CUST-5437";"Female";"3. Senior (51+)";"North";40;"Two year";114.06;0;54.99;0;4562.4
"CUST-5438";"Female";"4. Unkownn/Missing";"North";65;"One year";83.13;1;55.95;0;5403.45
"CUST-5439";"Male";"2. Adult (31-50)";"West";19;"One year";70.93;0;55.11;0;1347.67
"CUST-5440";"Male";"1. Young Adult (18-30)";"West";43;"One year";111.67;3;71.82;0;4801.81
"CUST-5441";"Non-binary";"3. Senior (51+)";"West";13;"Two year";78.67;3;56.82;0;1022.71
"CUST-5442";"Male";"3. Senior (51+)";"North";67;"Monthly";92.14;0;74.66;1;6173.38
"CUST-5443";"Female";"2. Adult (31-50)";"South";24;"Monthly";63.79;0;25.06;1;1530.96
"CUST-5444";"Female";"1. Young Adult (18-30)";"North";24;"Monthly";36.97;0;50.66;0;887.28
"CUST-5445";"Female";"1. Young Adult (18-30)";"West";33;"Monthly";35.55;1;54.53;1;1173.15
"CUST-5446";"Non-binary";"3. Senior (51+)";"North";72;"Monthly";83.18;3;84.99;1;5988.96
"CUST-5447";"Male";"1. Young Adult (18-30)";"West";63;"Monthly";82.45;0;93.95;0;5194.35
"CUST-5448";"Non-binary";"2. Adult (31-50)";"West";14;"Two year";113.67;0;54.8;0;1591.38
"CUST-5449";"Male";"3. Senior (51+)";"South";64;"Monthly";100.54;0;79.95;0;6434.56
"CUST-5450";"Female";"3. Senior (51+)";"North";31;"Two year";107.68;2;71.27;1;3338.08
"CUST-5451";"Female";"3. Senior (51+)";"North";23;"Monthly";110.98;1;56.11;1;2552.54
"CUST-5452";"Male";"3. Senior (51+)";"North";24;"Monthly";78.11;0;50.66;0;1874.64
"CUST-5453";"Male";"3. Senior (51+)";"North";27;"One year";32.7;0;41.71;0;882.9
"CUST-5454";"Non-binary";"2. Adult (31-50)";"East";42;"Monthly";101.87;0;89.25;1;4278.54
"CUST-5455";"Female";"2. Adult (31-50)";"West";14;"Monthly";100.0;10;14.79;1;1400.0
"CUST-5456";"Male";"3. Senior (51+)";"South";71;"One year";76.7;2;90.39;0;5445.7
"CUST-5457";"Female";"1. Young Adult (18-30)";"South";21;"Monthly";108.34;0;72.05;0;2275.14
"CUST-5458";"Non-binary";"3. Senior (51+)";"East";31;"Monthly";93.13;0;60.89;0;2887.03
"CUST-5459";"Female";"2. Adult (31-50)";"East";70;"Monthly";90.91;0;58.23;1;6363.7
"CUST-5460";"Male";"2. Adult (31-50)";"West";49;"One year";108.04;0;54.7;0;5293.96
"CUST-5461";"Male";"3. Senior (51+)";"North";59;"One year";118.3;0;50.64;1;6979.7
"CUST-5462";"Female";"2. Adult (31-50)";"North";72;"Two year";23.58;0;71.32;0;1697.76
"CUST-5463";"Female";"1. Young Adult (18-30)";"East";25;"One year";36.55;3;76.9;0;913.75
"CUST-5464";"Female";"3. Senior (51+)";"South";60;"Monthly";54.09;2;30.38;1;3245.4
"CUST-5465";"Male";"2. Adult (31-50)";"North";8;"Two year";73.67;0;44.38;0;589.36
"CUST-5466";"Female";"1. Young Adult (18-30)";"North";71;"One year";82.28;0;54.72;0;5841.88
"CUST-5467";"Non-binary";"1. Young Adult (18-30)";"West";34;"Two year";61.77;0;56.92;0;2100.18
"CUST-5468";"Female";"3. Senior (51+)";"West";57;"Monthly";22.03;0;58.76;1;1255.71
"CUST-5469";"Non-binary";"2. Adult (31-50)";"North";47;"Two year";79.86;0;52.58;0;3753.42
"CUST-5470";"Female";"1. Young Adult (18-30)";"North";54;"One year";56.34;1;56.4;0;3042.36
"CUST-5471";"Non-binary";"3. Senior (51+)";"East";6;"Two year";46.76;0;76.62;0;280.56
"CUST-5472";"Male";"3. Senior (51+)";"West";40;"Monthly";94.51;0;85.57;1;3780.4
"CUST-5473";"Male";"2. Adult (31-50)";"West";8;"Monthly";74.93;3;81.27;0;599.44
"CUST-5474";"Non-binary";"2. Adult (31-50)";"North";70;"One year";54.65;2;57.71;0;3825.5
"CUST-5475";"Female";"3. Senior (51+)";"North";17;"One year";62.37;0;56.0;0;1060.29
"CUST-5476";"Female";"3. Senior (51+)";"South";70;"Monthly";56.65;0;58.23;0;3965.5
"CUST-5477";"Female";"3. Senior (51+)";"North";40;"Monthly";83.04;0;12.74;0;3321.6
"CUST-5478";"Male";"1. Young Adult (18-30)";"West";21;"Two year";42.73;0;75.37;0;897.33
"CUST-5479";"Male";"2. Adult (31-50)";"West";4;"Monthly";56.42;0;42.91;0;225.68
"CUST-5480";"Male";"3. Senior (51+)";"West";19;"Monthly";91.78;0;55.11;0;1743.82
"CUST-5481";"Male";"1. Young Adult (18-30)";"North";3;"Monthly";30.29;0;55.2;1;90.87
"CUST-5482";"Male";"3. Senior (51+)";"South";24;"Monthly";57.64;2;13.23;0;1383.36
"CUST-5483";"Female";"1. Young Adult (18-30)";"North";62;"Monthly";116.76;0;52.93;0;7239.12
"CUST-5484";"Female";"2. Adult (31-50)";"South";71;"Two year";60.91;0;44.23;0;4324.61
"CUST-5485";"Female";"3. Senior (51+)";"East";46;"Monthly";57.98;0;51.24;0;2667.08
"CUST-5486";"Female";"2. Adult (31-50)";"North";67;"Monthly";55.31;9;29.89;1;3705.77
"CUST-5487";"Male";"3. Senior (51+)";"South";47;"Monthly";84.32;0;52.58;0;3963.04
"CUST-5488";"Female";"3. Senior (51+)";"North";3;"One year";100.06;1;20.64;1;300.18
"CUST-5489";"Female";"1. Young Adult (18-30)";"East";12;"Monthly";57.81;0;74.47;0;693.72
"CUST-5490";"Female";"1. Young Adult (18-30)";"North";33;"One year";69.8;0;54.53;0;2303.4
"CUST-5491";"Female";"3. Senior (51+)";"North";44;"Monthly";42.64;0;21.22;1;1876.16
"CUST-5492";"Male";"2. Adult (31-50)";"North";23;"Monthly";52.5;3;56.11;0;1207.5
"CUST-5493";"Non-binary";"3. Senior (51+)";"South";71;"Monthly";81.86;0;54.72;1;5812.06
"CUST-5494";"Male";"2. Adult (31-50)";"North";46;"One year";73.09;3;76.24;0;3362.14
"CUST-5495";"Male";"3. Senior (51+)";"North";25;"Monthly";28.01;0;57.71;0;700.25
"CUST-5496";"Female";"3. Senior (51+)";"East";5;"Monthly";104.04;0;39.54;0;520.2
"CUST-5497";"Non-binary";"2. Adult (31-50)";"East";23;"Monthly";96.25;0;18.84;1;2213.75
"CUST-5498";"Non-binary";"2. Adult (31-50)";"South";52;"Two year";22.43;1;70.68;0;1166.36
"CUST-5499";"Male";"4. Unkownn/Missing";"North";49;"One year";32.72;2;54.7;0;1603.28
"CUST-5500";"Female";"2. Adult (31-50)";"South";26;"One year";25.03;0;61.62;0;650.78
"CUST-5501";"Male";"3. Senior (51+)";"North";10;"One year";59.2;0;47.69;0;592.0
"CUST-5502";"Male";"3. Senior (51+)";"West";9;"Monthly";64.0;1;58.05;0;576.0
"CUST-5503";"Female";"2. Adult (31-50)";"North";31;"Monthly";51.63;2;68.61;0;1600.53
"CUST-5504";"Male";"2. Adult (31-50)";"West";4;"Two year";118.66;0;43.31;0;474.64
"CUST-5505";"Male";"3. Senior (51+)";"West";58;"One year";98.0;1;56.15;0;5684.0
"CUST-5506";"Male";"4. Unkownn/Missing";"South";37;"Monthly";107.21;0;50.64;1;3966.77
"CUST-5507";"Male";"2. Adult (31-50)";"East";66;"Monthly";102.07;2;99.71;1;6736.62
"CUST-5508";"Non-binary";"3. Senior (51+)";"West";51;"Monthly";26.25;0;57.9;0;1338.75
"CUST-5509";"Male";"3. Senior (51+)";"South";3;"One year";70.15;0;42.33;0;210.45
"CUST-5510";"Male";"2. Adult (31-50)";"West";71;"Monthly";92.28;0;54.72;0;6551.88
"CUST-5511";"Female";"2. Adult (31-50)";"West";52;"Monthly";88.78;0;54.79;0;4616.56
"CUST-5512";"Non-binary";"2. Adult (31-50)";"South";9;"One year";89.76;0;58.05;0;807.84
"CUST-5513";"Male";"1. Young Adult (18-30)";"South";67;"Monthly";116.91;0;52.38;1;7832.97
"CUST-5514";"Female";"1. Young Adult (18-30)";"West";35;"One year";78.42;0;56.85;0;2744.7
"CUST-5515";"Male";"2. Adult (31-50)";"South";71;"One year";60.39;8;25.73;1;4287.69
"CUST-5516";"Male";"1. Young Adult (18-30)";"South";57;"Monthly";31.42;0;78.19;0;1790.94
"CUST-5517";"Non-binary";"2. Adult (31-50)";"West";66;"Monthly";75.63;0;33.38;1;4991.58
"CUST-5518";"Non-binary";"3. Senior (51+)";"North";26;"Monthly";106.33;0;89.62;0;2764.58
"CUST-5519";"Male";"1. Young Adult (18-30)";"South";50;"One year";110.7;4;34.2;0;5535.0
"CUST-5520";"Female";"1. Young Adult (18-30)";"South";64;"Monthly";62.24;0;49.79;0;3983.36
"CUST-5521";"Male";"3. Senior (51+)";"South";7;"One year";63.45;0;59.79;1;444.15
"CUST-5522";"Male";"3. Senior (51+)";"East";69;"One year";46.58;3;68.15;0;3214.02
"CUST-5523";"Female";"2. Adult (31-50)";"South";52;"One year";85.13;3;54.79;0;4426.76
"CUST-5524";"Male";"4. Unkownn/Missing";"East";36;"Monthly";119.02;3;49.15;1;4284.72
"CUST-5525";"Female";"2. Adult (31-50)";"East";65;"Monthly";30.72;0;41.53;0;1996.8
"CUST-5526";"Male";"3. Senior (51+)";"North";15;"Monthly";24.38;0;53.77;1;365.7
"CUST-5527";"Male";"4. Unkownn/Missing";"East";63;"One year";119.85;0;54.89;1;7550.55
"CUST-5528";"Female";"1. Young Adult (18-30)";"South";27;"One year";73.87;0;49.9;1;1994.49
"CUST-5529";"Male";"2. Adult (31-50)";"North";70;"Monthly";43.2;0;58.23;0;3024.0
"CUST-5530";"Male";"3. Senior (51+)";"West";8;"Monthly";40.46;0;56.44;1;323.68
"CUST-5531";"Non-binary";"3. Senior (51+)";"West";18;"One year";100.72;1;51.92;1;1812.96
"CUST-5532";"Female";"2. Adult (31-50)";"North";61;"Monthly";114.66;0;99.76;1;6994.26
"CUST-5533";"Male";"4. Unkownn/Missing";"North";57;"One year";85.99;1;87.96;0;4901.43
"CUST-5534";"Female";"3. Senior (51+)";"West";58;"One year";56.88;0;56.15;0;3299.04
"CUST-5535";"Male";"2. Adult (31-50)";"South";44;"Monthly";63.31;8;34.4;1;2785.64
"CUST-5536";"Non-binary";"1. Young Adult (18-30)";"West";44;"One year";101.47;1;56.45;0;4464.68
"CUST-5537";"Non-binary";"2. Adult (31-50)";"West";20;"Two year";81.31;6;38.28;0;1626.2
"CUST-5538";"Female";"3. Senior (51+)";"North";66;"One year";22.77;0;47.83;1;1502.82
"CUST-5539";"Male";"3. Senior (51+)";"North";10;"Two year";79.48;0;72.41;0;794.8
"CUST-5540";"Male";"3. Senior (51+)";"West";14;"Monthly";78.13;0;50.47;0;1093.82
"CUST-5541";"Female";"3. Senior (51+)";"West";32;"One year";54.87;7;19.12;1;1755.84
"CUST-5542";"Male";"2. Adult (31-50)";"West";16;"Monthly";108.38;3;57.1;1;1734.08
"CUST-5543";"Female";"3. Senior (51+)";"North";12;"Monthly";84.25;0;54.82;1;1011.0
"CUST-5544";"Female";"1. Young Adult (18-30)";"North";1;"One year";57.02;0;10.739999999999998;0;57.02
"CUST-5545";"Male";"1. Young Adult (18-30)";"North";45;"One year";30.6;0;56.4;0;1377.0
"CUST-5546";"Female";"2. Adult (31-50)";"East";6;"One year";34.98;0;52.96;0;209.88
"CUST-5547";"Male";"2. Adult (31-50)";"West";12;"Two year";114.09;0;15.5;0;1369.08
"CUST-5548";"Male";"3. Senior (51+)";"East";47;"One year";76.18;0;52.58;1;3580.46
"CUST-5549";"Male";"3. Senior (51+)";"South";7;"One year";96.83;0;88.52;0;677.81
"CUST-5550";"Female";"3. Senior (51+)";"South";72;"Monthly";27.44;0;54.68;0;1975.68
"CUST-5551";"Female";"3. Senior (51+)";"East";51;"Monthly";64.16;0;57.9;0;3272.16
"CUST-5552";"Non-binary";"3. Senior (51+)";"West";17;"Monthly";26.51;0;56.0;0;450.67
"CUST-5553";"Male";"3. Senior (51+)";"West";72;"One year";42.22;1;82.27;1;3039.84
"CUST-5554";"Male";"3. Senior (51+)";"West";3;"Monthly";62.43;0;42.33;1;187.29
"CUST-5555";"Female";"2. Adult (31-50)";"East";38;"Two year";115.92;3;53.79;0;4404.96
"CUST-5556";"Female";"3. Senior (51+)";"North";12;"Two year";96.95;2;54.82;0;1163.4
"CUST-5557";"Male";"3. Senior (51+)";"West";47;"Monthly";114.74;1;52.58;1;5392.78
"CUST-5558";"Male";"2. Adult (31-50)";"South";61;"Monthly";100.04;3;26.68;1;6102.44
"CUST-5559";"Non-binary";"3. Senior (51+)";"South";70;"Monthly";23.57;0;58.23;0;1649.9
"CUST-5560";"Female";"3. Senior (51+)";"North";69;"Monthly";110.47;0;58.67;1;7622.43
"CUST-5561";"Female";"2. Adult (31-50)";"North";9;"One year";63.74;1;58.05;0;573.66
"CUST-5562";"Female";"2. Adult (31-50)";"North";29;"Monthly";50.87;0;84.41;0;1475.23
"CUST-5563";"Female";"2. Adult (31-50)";"West";37;"Monthly";111.42;0;72.86;1;4122.54
"CUST-5564";"Male";"3. Senior (51+)";"West";36;"One year";82.23;0;39.11;1;2960.28
"CUST-5565";"Female";"3. Senior (51+)";"North";57;"One year";117.9;3;58.76;1;6720.3
"CUST-5566";"Male";"3. Senior (51+)";"South";64;"Monthly";54.31;6;19.2;1;3475.84
"CUST-5567";"Male";"1. Young Adult (18-30)";"East";17;"Monthly";113.08;0;56.0;1;1922.36
"CUST-5568";"Non-binary";"3. Senior (51+)";"West";68;"Two year";38.12;0;46.73;1;2592.16
"CUST-5569";"Male";"1. Young Adult (18-30)";"West";60;"One year";67.49;0;57.22;0;4049.4
"CUST-5570";"Female";"3. Senior (51+)";"North";56;"Monthly";107.22;0;63.17;0;6004.32
"CUST-5571";"Non-binary";"1. Young Adult (18-30)";"North";44;"Two year";103.46;2;61.73;0;4552.24
"CUST-5572";"Male";"3. Senior (51+)";"North";58;"One year";21.87;0;40.44;0;1268.46
"CUST-5573";"Non-binary";"3. Senior (51+)";"North";22;"Monthly";46.62;0;58.01;1;1025.64
"CUST-5574";"Female";"2. Adult (31-50)";"South";9;"One year";52.65;0;87.68;0;473.85
"CUST-5575";"Female";"3. Senior (51+)";"North";15;"One year";62.48;2;77.85;0;937.2
"CUST-5576";"Female";"3. Senior (51+)";"East";32;"Monthly";84.77;0;51.91;1;2712.64
"CUST-5577";"Male";"3. Senior (51+)";"West";47;"Two year";49.61;0;52.58;0;2331.67
"CUST-5578";"Male";"1. Young Adult (18-30)";"West";56;"Two year";101.3;0;79.55;0;5672.8
"CUST-5579";"Female";"3. Senior (51+)";"North";42;"Monthly";100.99;2;99.32;1;4241.58
"CUST-5580";"Male";"1. Young Adult (18-30)";"West";7;"One year";47.77;0;17.7;1;334.39
"CUST-5581";"Non-binary";"2. Adult (31-50)";"North";67;"Monthly";110.61;9;21.86;1;7410.87
"CUST-5582";"Non-binary";"3. Senior (51+)";"North";53;"One year";107.15;0;11.52;1;5678.95
"CUST-5583";"Male";"3. Senior (51+)";"West";14;"Monthly";74.6;4;19.64;1;1044.4
"CUST-5584";"Female";"3. Senior (51+)";"West";62;"Monthly";118.76;0;51.34;0;7363.12
"CUST-5585";"Non-binary";"1. Young Adult (18-30)";"North";44;"Monthly";34.16;1;56.45;0;1503.04
"CUST-5586";"Female";"2. Adult (31-50)";"North";72;"One year";101.44;0;54.68;0;7303.68
"CUST-5587";"Female";"3. Senior (51+)";"West";10;"Monthly";39.6;0;71.06;0;396.0
"CUST-5588";"Male";"3. Senior (51+)";"North";60;"Monthly";81.76;3;57.22;0;4905.6
"CUST-5589";"Female";"3. Senior (51+)";"South";6;"Monthly";33.37;2;86.81;1;200.22
"CUST-5590";"Female";"3. Senior (51+)";"West";72;"One year";41.66;0;17.55;0;2999.52
"CUST-5591";"Non-binary";"1. Young Adult (18-30)";"West";43;"Monthly";106.25;0;53.15;0;4568.75
"CUST-5592";"Female";"2. Adult (31-50)";"West";55;"One year";103.59;3;97.08;1;5697.45
"CUST-5593";"Male";"1. Young Adult (18-30)";"South";61;"One year";34.43;0;59.25;0;2100.23
"CUST-5594";"Female";"3. Senior (51+)";"West";15;"Monthly";34.65;0;53.77;1;519.75
"CUST-5595";"Non-binary";"1. Young Adult (18-30)";"East";61;"Monthly";27.16;1;71.5;1;1656.76
"CUST-5596";"Female";"1. Young Adult (18-30)";"East";43;"Monthly";47.91;1;53.15;1;2060.13
"CUST-5597";"Female";"3. Senior (51+)";"South";28;"Monthly";81.86;0;53.86;1;2292.08
"CUST-5598";"Male";"3. Senior (51+)";"North";1;"Monthly";52.65;0;16.27;1;52.65
"CUST-5599";"Male";"3. Senior (51+)";"West";37;"Monthly";97.32;0;54.96;1;3600.84
"CUST-5600";"Male";"3. Senior (51+)";"South";23;"Monthly";76.78;0;56.11;1;1765.94
"CUST-5601";"Female";"3. Senior (51+)";"East";11;"Monthly";27.0;2;53.43;0;297.0
"CUST-5602";"Female";"3. Senior (51+)";"North";54;"Monthly";90.52;0;91.25;1;4888.08
"CUST-5603";"Male";"3. Senior (51+)";"North";15;"Monthly";82.35;2;53.77;1;1235.25
"CUST-5604";"Male";"3. Senior (51+)";"West";52;"Monthly";63.76;0;54.79;0;3315.52
"CUST-5605";"Non-binary";"3. Senior (51+)";"North";15;"Monthly";110.46;0;53.77;0;1656.9
"CUST-5606";"Male";"2. Adult (31-50)";"West";34;"Monthly";85.05;2;72.68;1;2891.7
"CUST-5607";"Non-binary";"2. Adult (31-50)";"West";64;"Monthly";61.72;1;49.79;0;3950.08
"CUST-5608";"Male";"3. Senior (51+)";"South";65;"One year";36.22;2;55.95;0;2354.3
"CUST-5609";"Male";"1. Young Adult (18-30)";"South";19;"Two year";84.49;0;55.11;0;1605.31
"CUST-5610";"Male";"2. Adult (31-50)";"South";46;"Monthly";23.8;0;70.23;0;1094.8
"CUST-5611";"Female";"3. Senior (51+)";"West";15;"One year";74.18;2;44.09;0;1112.7
"CUST-5612";"Non-binary";"3. Senior (51+)";"West";47;"Two year";41.63;2;52.58;0;1956.61
"CUST-5613";"Male";"1. Young Adult (18-30)";"North";9;"Monthly";117.56;0;95.51;0;1058.04
"CUST-5614";"Female";"1. Young Adult (18-30)";"South";44;"One year";37.94;3;56.45;0;1669.36
"CUST-5615";"Non-binary";"3. Senior (51+)";"South";51;"Two year";69.74;2;87.93;0;3556.74
"CUST-5616";"Non-binary";"2. Adult (31-50)";"West";25;"One year";68.63;8;33.4;1;1715.75
"CUST-5617";"Female";"3. Senior (51+)";"East";40;"Monthly";66.29;0;89.38;1;2651.6
"CUST-5618";"Female";"2. Adult (31-50)";"West";9;"Monthly";89.86;0;47.02;0;808.74
"CUST-5619";"Female";"3. Senior (51+)";"North";40;"One year";22.84;2;54.99;0;913.6
"CUST-5620";"Female";"3. Senior (51+)";"West";49;"Monthly";52.96;3;53.01;1;2595.04
"CUST-5621";"Non-binary";"3. Senior (51+)";"North";22;"Monthly";85.05;0;96.07;1;1871.1
"CUST-5622";"Female";"4. Unkownn/Missing";"West";8;"One year";62.59;0;56.44;0;500.72
"CUST-5623";"Male";"3. Senior (51+)";"North";24;"Monthly";104.68;0;50.66;0;2512.32
"CUST-5624";"Male";"3. Senior (51+)";"East";66;"One year";44.77;0;54.86;0;2954.82
"CUST-5625";"Male";"3. Senior (51+)";"East";2;"Monthly";26.76;0;42.67;0;53.52
"CUST-5626";"Female";"3. Senior (51+)";"West";33;"Two year";93.77;0;87.6;0;3094.41
"CUST-5627";"Female";"4. Unkownn/Missing";"West";9;"One year";92.68;1;88.43;1;834.12
"CUST-5628";"Non-binary";"2. Adult (31-50)";"North";11;"Monthly";110.56;0;53.43;0;1216.16
"CUST-5629";"Non-binary";"4. Unkownn/Missing";"North";16;"Monthly";65.2;2;57.1;1;1043.2
"CUST-5630";"Non-binary";"2. Adult (31-50)";"South";67;"Monthly";55.43;0;52.82;1;3713.81
"CUST-5631";"Female";"1. Young Adult (18-30)";"West";48;"Monthly";25.24;1;46.36;1;1211.52
"CUST-5632";"Male";"1. Young Adult (18-30)";"North";60;"Two year";85.9;0;57.22;0;5154.0
"CUST-5633";"Non-binary";"2. Adult (31-50)";"South";22;"Monthly";81.14;0;29.93;1;1785.08
"CUST-5634";"Male";"3. Senior (51+)";"South";47;"One year";106.88;6;25.67;0;5023.36
"CUST-5635";"Female";"1. Young Adult (18-30)";"North";53;"Monthly";49.1;0;89.71;0;2602.3
"CUST-5636";"Female";"3. Senior (51+)";"West";4;"Monthly";110.48;0;43.31;0;441.92
"CUST-5637";"Male";"3. Senior (51+)";"South";19;"One year";66.04;2;86.92;0;1254.76
"CUST-5638";"Male";"2. Adult (31-50)";"South";43;"One year";20.53;0;53.15;0;882.79
"CUST-5639";"Female";"2. Adult (31-50)";"East";5;"One year";43.96;2;39.54;0;219.8
"CUST-5640";"Female";"1. Young Adult (18-30)";"South";71;"One year";60.66;0;54.72;0;4306.86
"CUST-5641";"Male";"3. Senior (51+)";"North";46;"Monthly";42.39;0;73.89;1;1949.94
"CUST-5642";"Female";"3. Senior (51+)";"South";72;"One year";81.52;3;77.23;0;5869.44
"CUST-5643";"Male";"2. Adult (31-50)";"North";47;"One year";32.15;10;26.03;0;1511.05
"CUST-5644";"Non-binary";"3. Senior (51+)";"South";16;"Monthly";108.83;0;57.1;1;1741.28
"CUST-5645";"Female";"3. Senior (51+)";"West";49;"Monthly";46.06;8;16.54;1;2256.94
"CUST-5646";"Female";"2. Adult (31-50)";"East";55;"Monthly";36.62;1;61.84;0;2014.1
"CUST-5647";"Male";"3. Senior (51+)";"West";16;"One year";92.46;4;18.47;0;1479.36
"CUST-5648";"Male";"3. Senior (51+)";"South";15;"Monthly";105.7;2;53.77;0;1585.5
"CUST-5649";"Female";"1. Young Adult (18-30)";"West";17;"One year";53.17;0;56.0;0;903.89
"CUST-5650";"Female";"3. Senior (51+)";"North";4;"One year";35.48;0;43.31;0;141.92
"CUST-5651";"Male";"2. Adult (31-50)";"South";1;"One year";31.09;0;43.21;0;31.09
"CUST-5652";"Male";"2. Adult (31-50)";"West";38;"Monthly";73.89;2;53.79;1;2807.82
"CUST-5653";"Male";"3. Senior (51+)";"East";8;"One year";83.07;0;56.44;0;664.56
"CUST-5654";"Male";"3. Senior (51+)";"West";12;"Monthly";43.59;0;54.82;0;523.08
"CUST-5655";"Female";"2. Adult (31-50)";"South";36;"One year";31.77;0;49.15;0;1143.72
"CUST-5656";"Non-binary";"3. Senior (51+)";"West";44;"One year";35.01;2;70.85;0;1540.44
"CUST-5657";"Non-binary";"3. Senior (51+)";"East";38;"Monthly";46.66;2;53.79;0;1773.08
"CUST-5658";"Female";"2. Adult (31-50)";"West";48;"One year";101.43;8;34.13;1;4868.64
"CUST-5659";"Male";"3. Senior (51+)";"South";33;"Monthly";27.81;0;32.73;1;917.73
"CUST-5660";"Non-binary";"3. Senior (51+)";"North";25;"Monthly";87.47;1;58.61;0;2186.75
"CUST-5661";"Female";"2. Adult (31-50)";"West";10;"One year";82.1;2;70.42;0;821.0
"CUST-5662";"Non-binary";"2. Adult (31-50)";"North";33;"Monthly";50.61;0;54.53;0;1670.13
"CUST-5663";"Male";"1. Young Adult (18-30)";"North";69;"Two year";71.46;0;77.11;1;4930.74
"CUST-5664";"Non-binary";"2. Adult (31-50)";"West";4;"Two year";44.09;0;43.31;0;176.36
"CUST-5665";"Female";"3. Senior (51+)";"North";25;"One year";102.1;1;57.71;1;2552.5
"CUST-5666";"Female";"2. Adult (31-50)";"North";27;"Monthly";72.12;0;62.03;1;1947.24
"CUST-5667";"Male";"3. Senior (51+)";"South";17;"Monthly";85.07;0;63.69;0;1446.19
"CUST-5668";"Female";"3. Senior (51+)";"North";5;"Two year";34.4;0;78.12;1;172.0
"CUST-5669";"Female";"3. Senior (51+)";"North";17;"Two year";118.13;0;77.96;0;2008.21
"CUST-5670";"Female";"2. Adult (31-50)";"North";8;"Monthly";116.02;0;56.44;1;928.16
"CUST-5671";"Female";"2. Adult (31-50)";"North";51;"Two year";55.52;2;90.02;0;2831.52
"CUST-5672";"Male";"2. Adult (31-50)";"East";14;"Two year";93.12;0;11.83;0;1303.68
"CUST-5673";"Female";"1. Young Adult (18-30)";"North";36;"Monthly";67.59;0;49.15;0;2433.24
"CUST-5674";"Female";"2. Adult (31-50)";"East";33;"Monthly";57.86;1;66.38;0;1909.38
"CUST-5675";"Male";"3. Senior (51+)";"South";37;"Monthly";55.13;2;54.96;0;2039.81
"CUST-5676";"Male";"3. Senior (51+)";"North";68;"Monthly";33.76;0;57.81;0;2295.68
"CUST-5677";"Male";"1. Young Adult (18-30)";"South";16;"One year";37.87;0;55.66;0;605.92
"CUST-5678";"Female";"2. Adult (31-50)";"East";11;"Monthly";98.85;0;53.43;1;1087.35
"CUST-5679";"Non-binary";"2. Adult (31-50)";"South";31;"One year";21.23;0;51.61;0;658.13
"CUST-5680";"Male";"2. Adult (31-50)";"West";34;"Monthly";21.36;10;20.01;1;726.24
"CUST-5681";"Female";"1. Young Adult (18-30)";"South";56;"Monthly";45.58;0;63.17;0;2552.48
"CUST-5682";"Female";"3. Senior (51+)";"North";71;"Monthly";78.06;0;54.72;0;5542.26
"CUST-5683";"Non-binary";"2. Adult (31-50)";"North";59;"Monthly";53.8;1;50.64;1;3174.2
"CUST-5684";"Non-binary";"1. Young Adult (18-30)";"South";28;"Monthly";75.49;0;53.86;0;2113.72
"CUST-5685";"Female";"2. Adult (31-50)";"West";33;"Monthly";44.88;0;54.53;1;1481.04
"CUST-5686";"Female";"3. Senior (51+)";"North";20;"Monthly";66.19;2;53.01;1;1323.8
"CUST-5687";"Female";"2. Adult (31-50)";"North";26;"One year";24.99;1;82.36;0;649.74
"CUST-5688";"Non-binary";"3. Senior (51+)";"West";40;"Two year";34.57;0;54.99;0;1382.8
"CUST-5689";"Male";"1. Young Adult (18-30)";"North";32;"One year";62.32;0;51.91;0;1994.24
"CUST-5690";"Female";"1. Young Adult (18-30)";"East";63;"Monthly";23.44;1;54.89;1;1476.72
"CUST-5691";"Male";"1. Young Adult (18-30)";"East";1;"Monthly";119.6;0;43.21;0;119.6
"CUST-5692";"Female";"2. Adult (31-50)";"South";29;"Monthly";96.83;6;38.77;1;2808.07
"CUST-5693";"Male";"2. Adult (31-50)";"South";11;"Monthly";68.92;0;53.43;0;758.12
"CUST-5694";"Non-binary";"3. Senior (51+)";"South";13;"Two year";95.53;2;49.56;0;1241.89
"CUST-5695";"Female";"1. Young Adult (18-30)";"East";33;"Monthly";92.49;0;54.53;0;3052.17
"CUST-5696";"Female";"1. Young Adult (18-30)";"North";55;"Monthly";101.38;0;56.08;1;5575.9
"CUST-5697";"Female";"2. Adult (31-50)";"South";45;"Two year";112.13;1;56.4;1;5045.85
"CUST-5698";"Non-binary";"2. Adult (31-50)";"North";23;"Monthly";53.29;0;10.45;1;1225.67
"CUST-5699";"Male";"1. Young Adult (18-30)";"South";30;"Monthly";62.15;2;75.2;1;1864.5
"CUST-5700";"Male";"3. Senior (51+)";"North";35;"Monthly";91.41;0;65.51;1;3199.35
"CUST-5701";"Male";"2. Adult (31-50)";"West";67;"Monthly";96.3;3;52.82;1;6452.1
"CUST-5702";"Female";"2. Adult (31-50)";"South";22;"Two year";42.6;3;85.96;0;937.2
"CUST-5703";"Male";"3. Senior (51+)";"West";31;"One year";63.45;3;50.37;0;1966.95
"CUST-5704";"Non-binary";"3. Senior (51+)";"East";71;"Monthly";98.96;0;48.6;1;7026.16
"CUST-5705";"Male";"1. Young Adult (18-30)";"North";30;"One year";44.84;1;57.44;1;1345.2
"CUST-5706";"Non-binary";"3. Senior (51+)";"South";47;"Two year";91.06;0;52.58;1;4279.82
"CUST-5707";"Male";"3. Senior (51+)";"West";63;"Two year";115.32;0;47.18;1;7265.16
"CUST-5708";"Male";"2. Adult (31-50)";"North";51;"Monthly";111.83;2;57.9;1;5703.33
"CUST-5709";"Non-binary";"3. Senior (51+)";"East";18;"Monthly";81.12;0;51.92;0;1460.16
"CUST-5710";"Male";"3. Senior (51+)";"West";16;"Monthly";103.43;1;57.1;0;1654.88
"CUST-5711";"Female";"1. Young Adult (18-30)";"West";70;"Monthly";64.33;0;58.23;1;4503.1
"CUST-5712";"Male";"3. Senior (51+)";"North";12;"One year";101.42;2;54.82;0;1217.04
"CUST-5713";"Non-binary";"2. Adult (31-50)";"North";66;"Monthly";77.75;1;54.86;0;5131.5
"CUST-5714";"Female";"3. Senior (51+)";"South";5;"Two year";73.13;0;39.54;0;365.65
"CUST-5715";"Male";"1. Young Adult (18-30)";"West";39;"One year";73.66;0;96.73;0;2872.74
"CUST-5716";"Male";"2. Adult (31-50)";"North";18;"Monthly";109.49;0;51.92;0;1970.82
"CUST-5717";"Female";"3. Senior (51+)";"West";18;"Monthly";96.78;0;51.92;0;1742.04
"CUST-5718";"Male";"4. Unkownn/Missing";"North";31;"Monthly";21.03;1;17.08;1;651.93
"CUST-5719";"Male";"2. Adult (31-50)";"West";1;"Two year";38.08;2;3.6499999999999986;1;38.08
"CUST-5720";"Non-binary";"1. Young Adult (18-30)";"North";52;"Monthly";48.79;0;26.33;1;2537.08
"CUST-5721";"Non-binary";"1. Young Adult (18-30)";"South";7;"Monthly";36.73;1;59.79;0;257.11
"CUST-5722";"Non-binary";"2. Adult (31-50)";"West";27;"Monthly";107.95;0;98.81;1;2914.65
"CUST-5723";"Female";"3. Senior (51+)";"North";10;"Two year";111.31;0;11.52;0;1113.1
"CUST-5724";"Male";"3. Senior (51+)";"West";22;"Monthly";62.29;0;58.01;1;1370.38
"CUST-5725";"Female";"4. Unkownn/Missing";"West";27;"Two year";75.05;0;61.9;0;2026.35
"CUST-5726";"Non-binary";"3. Senior (51+)";"South";15;"Monthly";48.9;0;53.77;0;733.5
"CUST-5727";"Male";"1. Young Adult (18-30)";"South";64;"One year";90.74;0;35.21;0;5807.36
"CUST-5728";"Female";"3. Senior (51+)";"North";42;"Monthly";62.14;3;99.65;0;2609.88
"CUST-5729";"Male";"3. Senior (51+)";"North";0;"Two year";35.58;3;44.44;0;0.0
"CUST-5730";"Non-binary";"3. Senior (51+)";"South";35;"Monthly";27.51;3;85.44;1;962.85
"CUST-5731";"Male";"2. Adult (31-50)";"West";58;"Monthly";88.23;0;77.49;1;5117.34
"CUST-5732";"Female";"2. Adult (31-50)";"South";26;"One year";70.17;0;48.54;0;1824.42
"CUST-5733";"Female";"1. Young Adult (18-30)";"South";59;"One year";88.74;0;66.42;0;5235.66
"CUST-5734";"Male";"1. Young Adult (18-30)";"South";7;"One year";78.5;3;94.23;0;549.5
"CUST-5735";"Non-binary";"4. Unkownn/Missing";"North";3;"One year";55.18;0;42.33;0;165.54
"CUST-5736";"Female";"3. Senior (51+)";"North";1;"One year";87.85;1;43.21;0;87.85
"CUST-5737";"Male";"1. Young Adult (18-30)";"North";15;"Monthly";116.84;3;53.77;1;1752.6
"CUST-5738";"Female";"3. Senior (51+)";"West";61;"Two year";61.79;0;48.05;0;3769.19
"CUST-5739";"Male";"3. Senior (51+)";"West";63;"Monthly";84.81;2;37.17;0;5343.03
"CUST-5740";"Female";"2. Adult (31-50)";"South";16;"Monthly";114.11;0;79.47;0;1825.76
"CUST-5741";"Male";"3. Senior (51+)";"West";46;"One year";116.86;2;51.24;1;5375.56
"CUST-5742";"Non-binary";"1. Young Adult (18-30)";"South";44;"Monthly";21.06;1;56.45;0;926.64
"CUST-5743";"Male";"2. Adult (31-50)";"East";17;"Two year";87.98;0;91.71;1;1495.66
"CUST-5744";"Female";"2. Adult (31-50)";"West";30;"Monthly";53.97;2;57.44;0;1619.1
"CUST-5745";"Male";"1. Young Adult (18-30)";"North";36;"One year";105.74;0;66.4;0;3806.64
"CUST-5746";"Male";"3. Senior (51+)";"West";37;"One year";50.31;0;54.96;0;1861.47
"CUST-5747";"Female";"3. Senior (51+)";"North";54;"One year";42.54;0;90.04;0;2297.16
"CUST-5748";"Female";"3. Senior (51+)";"West";4;"Two year";66.71;10;22.229999999999997;0;266.84
"CUST-5749";"Female";"3. Senior (51+)";"South";29;"Monthly";36.0;2;18.82;1;1044.0
"CUST-5750";"Non-binary";"3. Senior (51+)";"West";62;"Monthly";71.84;0;52.93;0;4454.08
"CUST-5751";"Female";"1. Young Adult (18-30)";"South";22;"Two year";39.67;3;90.64;0;872.74
"CUST-5752";"Non-binary";"2. Adult (31-50)";"North";3;"Two year";65.66;1;72.73;0;196.98
"CUST-5753";"Male";"1. Young Adult (18-30)";"North";23;"Monthly";40.09;0;56.11;0;922.07
"CUST-5754";"Female";"3. Senior (51+)";"West";18;"Monthly";40.34;1;46.4;0;726.12
"CUST-5755";"Non-binary";"3. Senior (51+)";"North";46;"One year";85.74;9;38.88;0;3944.04
"CUST-5756";"Female";"3. Senior (51+)";"East";5;"Monthly";42.48;0;39.54;0;212.4
"CUST-5757";"Female";"1. Young Adult (18-30)";"West";7;"One year";42.13;0;58.55;0;294.91
"CUST-5758";"Non-binary";"2. Adult (31-50)";"North";22;"Monthly";90.55;1;74.44;0;1992.1
"CUST-5759";"Non-binary";"3. Senior (51+)";"North";36;"One year";119.8;0;49.15;1;4312.8
"CUST-5760";"Non-binary";"3. Senior (51+)";"North";69;"Monthly";93.84;3;83.36;1;6474.96
"CUST-5761";"Female";"1. Young Adult (18-30)";"North";12;"One year";60.98;7;11.34;1;731.76
"CUST-5762";"Female";"3. Senior (51+)";"South";8;"One year";91.53;2;56.44;0;732.24
"CUST-5763";"Male";"1. Young Adult (18-30)";"East";72;"Monthly";117.08;1;54.68;1;8429.76
"CUST-5764";"Non-binary";"3. Senior (51+)";"South";71;"Two year";57.71;0;54.72;0;4097.41
"CUST-5765";"Male";"2. Adult (31-50)";"West";64;"Two year";30.7;0;12.48;0;1964.8
"CUST-5766";"Non-binary";"3. Senior (51+)";"East";70;"One year";69.06;0;46.36;0;4834.2
"CUST-5767";"Non-binary";"3. Senior (51+)";"North";9;"Monthly";20.38;8;28.02;1;183.42
"CUST-5768";"Male";"3. Senior (51+)";"South";65;"One year";110.84;0;55.95;0;7204.6
"CUST-5769";"Non-binary";"3. Senior (51+)";"West";53;"Monthly";60.69;1;55.3;0;3216.57
"CUST-5770";"Male";"2. Adult (31-50)";"South";20;"One year";116.16;2;53.01;0;2323.2
"CUST-5771";"Female";"2. Adult (31-50)";"East";35;"Two year";75.95;0;56.85;1;2658.25
"CUST-5772";"Female";"1. Young Adult (18-30)";"North";5;"One year";25.74;0;39.54;0;128.7
"CUST-5773";"Male";"2. Adult (31-50)";"East";33;"One year";49.11;2;54.53;0;1620.63
"CUST-5774";"Female";"3. Senior (51+)";"North";10;"Two year";22.54;0;27.59;1;225.4
"CUST-5775";"Male";"4. Unkownn/Missing";"North";29;"One year";75.79;0;55.42;0;2197.91
"CUST-5776";"Non-binary";"3. Senior (51+)";"East";71;"Monthly";23.19;2;54.72;1;1646.49
"CUST-5777";"Non-binary";"1. Young Adult (18-30)";"East";33;"Monthly";42.7;0;54.53;0;1409.1
"CUST-5778";"Female";"3. Senior (51+)";"North";13;"One year";45.07;0;56.82;0;585.91
"CUST-5779";"Male";"1. Young Adult (18-30)";"South";20;"Monthly";87.82;3;99.82;1;1756.4
"CUST-5780";"Female";"2. Adult (31-50)";"South";0;"One year";41.87;2;78.55;0;0.0
"CUST-5781";"Male";"2. Adult (31-50)";"West";42;"One year";34.02;0;80.83;0;1428.84
"CUST-5782";"Male";"3. Senior (51+)";"North";70;"Two year";25.98;0;58.23;0;1818.6
"CUST-5783";"Male";"2. Adult (31-50)";"North";58;"Two year";31.28;0;56.15;0;1814.24
"CUST-5784";"Female";"1. Young Adult (18-30)";"North";65;"Monthly";23.3;2;55.95;0;1514.5
"CUST-5785";"Male";"3. Senior (51+)";"South";65;"Monthly";101.82;9;18.94;1;6618.3
"CUST-5786";"Male";"3. Senior (51+)";"North";26;"Monthly";42.99;0;77.49;0;1117.74
"CUST-5787";"Male";"3. Senior (51+)";"South";66;"Monthly";74.55;1;78.28;1;4920.3
"CUST-5788";"Non-binary";"2. Adult (31-50)";"North";38;"Monthly";103.56;0;53.79;0;3935.28
"CUST-5789";"Female";"3. Senior (51+)";"West";30;"One year";95.84;1;57.44;0;2875.2
"CUST-5790";"Male";"3. Senior (51+)";"South";60;"Monthly";23.83;0;57.22;0;1429.8
"CUST-5791";"Female";"1. Young Adult (18-30)";"South";38;"Two year";29.22;3;53.79;0;1110.36
"CUST-5792";"Male";"3. Senior (51+)";"North";65;"Two year";118.01;0;59.03;1;7670.65
"CUST-5793";"Non-binary";"2. Adult (31-50)";"West";49;"Monthly";81.35;0;11.85;1;3986.15
"CUST-5794";"Non-binary";"2. Adult (31-50)";"East";23;"Two year";58.12;0;44.95;0;1336.76
"CUST-5795";"Male";"3. Senior (51+)";"West";53;"One year";26.06;0;55.3;0;1381.18
"CUST-5796";"Male";"1. Young Adult (18-30)";"North";4;"Monthly";87.0;0;43.31;0;348.0
"CUST-5797";"Male";"3. Senior (51+)";"North";36;"Monthly";64.97;3;49.15;0;2338.92
"CUST-5798";"Female";"3. Senior (51+)";"South";20;"Two year";113.56;0;54.3;0;2271.2
"CUST-5799";"Non-binary";"2. Adult (31-50)";"North";49;"Monthly";70.2;2;54.7;1;3439.8
"CUST-5800";"Non-binary";"3. Senior (51+)";"North";33;"Monthly";53.55;0;65.56;0;1767.15
"CUST-5801";"Male";"3. Senior (51+)";"East";3;"Monthly";115.7;0;78.68;0;347.1
"CUST-5802";"Female";"1. Young Adult (18-30)";"North";21;"Monthly";116.69;0;34.26;1;2450.49
"CUST-5803";"Non-binary";"2. Adult (31-50)";"East";69;"One year";98.6;1;57.1;0;6803.4
"CUST-5804";"Female";"3. Senior (51+)";"West";56;"Monthly";47.12;2;63.17;0;2638.72
"CUST-5805";"Female";"3. Senior (51+)";"South";71;"Monthly";36.76;0;54.72;1;2609.96
"CUST-5806";"Male";"2. Adult (31-50)";"East";10;"Two year";28.8;0;41.12;1;288.0
"CUST-5807";"Female";"3. Senior (51+)";"West";13;"Two year";57.38;0;85.88;1;745.94
"CUST-5808";"Non-binary";"3. Senior (51+)";"North";16;"Two year";93.49;0;57.1;0;1495.84
"CUST-5809";"Male";"3. Senior (51+)";"South";57;"Two year";41.64;3;58.76;0;2373.48
"CUST-5810";"Female";"1. Young Adult (18-30)";"South";17;"Two year";110.85;0;30.05;1;1884.45
"CUST-5811";"Male";"2. Adult (31-50)";"West";60;"Monthly";23.46;7;22.24;1;1407.6
"CUST-5812";"Non-binary";"3. Senior (51+)";"South";60;"Monthly";58.2;0;57.22;1;3492.0
"CUST-5813";"Female";"1. Young Adult (18-30)";"West";68;"One year";62.58;3;57.81;0;4255.44
"CUST-5814";"Female";"2. Adult (31-50)";"West";63;"Monthly";45.45;3;54.89;1;2863.35
"CUST-5815";"Female";"2. Adult (31-50)";"North";29;"Two year";58.36;0;55.42;0;1692.44
"CUST-5816";"Non-binary";"1. Young Adult (18-30)";"North";11;"Monthly";50.19;2;72.21;0;552.09
"CUST-5817";"Female";"3. Senior (51+)";"West";69;"Two year";106.94;2;40.18;0;7378.86
"CUST-5818";"Male";"2. Adult (31-50)";"South";14;"Monthly";116.43;0;50.47;1;1630.02
"CUST-5819";"Non-binary";"3. Senior (51+)";"West";66;"One year";103.98;0;54.86;0;6862.68
"CUST-5820";"Female";"3. Senior (51+)";"South";23;"Two year";57.04;3;56.11;0;1311.92
"CUST-5821";"Male";"3. Senior (51+)";"North";10;"Monthly";46.45;0;47.69;0;464.5
"CUST-5822";"Female";"3. Senior (51+)";"West";31;"Monthly";116.81;0;51.61;1;3621.11
"CUST-5823";"Non-binary";"2. Adult (31-50)";"North";52;"Monthly";23.51;0;19.59;1;1222.52
"CUST-5824";"Female";"3. Senior (51+)";"East";11;"Monthly";69.01;0;53.43;1;759.11
"CUST-5825";"Male";"1. Young Adult (18-30)";"East";6;"One year";35.0;0;27.04;0;210.0
"CUST-5826";"Male";"2. Adult (31-50)";"West";21;"One year";79.78;0;55.93;0;1675.38
"CUST-5827";"Female";"3. Senior (51+)";"North";58;"One year";64.81;0;56.15;0;3758.98
"CUST-5828";"Female";"3. Senior (51+)";"North";11;"Monthly";64.41;0;14.46;0;708.51
"CUST-5829";"Female";"3. Senior (51+)";"South";25;"One year";30.63;0;57.71;0;765.75
"CUST-5830";"Non-binary";"3. Senior (51+)";"West";67;"Monthly";30.89;2;40.97;1;2069.63
"CUST-5831";"Male";"2. Adult (31-50)";"North";38;"Monthly";70.26;0;53.79;1;2669.88
"CUST-5832";"Female";"4. Unkownn/Missing";"East";8;"One year";90.38;0;56.44;0;723.04
"CUST-5833";"Male";"1. Young Adult (18-30)";"South";45;"Monthly";20.17;0;22.54;1;907.65
"CUST-5834";"Female";"2. Adult (31-50)";"North";28;"One year";28.74;0;53.86;0;804.72
"CUST-5835";"Non-binary";"2. Adult (31-50)";"West";52;"One year";89.7;0;97.34;0;4664.4
"CUST-5836";"Male";"3. Senior (51+)";"North";3;"Monthly";69.74;0;47.13;1;209.22
"CUST-5837";"Male";"2. Adult (31-50)";"West";34;"Monthly";77.71;0;52.64;0;2642.14
"CUST-5838";"Male";"3. Senior (51+)";"South";14;"Monthly";83.27;3;50.47;0;1165.78
"CUST-5839";"Female";"3. Senior (51+)";"South";67;"Monthly";86.88;0;52.82;1;5820.96
"CUST-5840";"Non-binary";"2. Adult (31-50)";"West";4;"Two year";61.21;0;43.31;0;244.84
"CUST-5841";"Non-binary";"1. Young Adult (18-30)";"West";31;"Monthly";56.21;3;51.61;0;1742.51
"CUST-5842";"Non-binary";"3. Senior (51+)";"South";46;"Monthly";46.93;0;17.45;1;2158.78
"CUST-5843";"Male";"4. Unkownn/Missing";"West";70;"Monthly";44.47;0;58.23;1;3112.9
"CUST-5844";"Male";"1. Young Adult (18-30)";"East";15;"One year";80.69;0;77.92;0;1210.35
"CUST-5845";"Female";"3. Senior (51+)";"West";41;"One year";84.19;1;47.66;0;3451.79
"CUST-5846";"Non-binary";"2. Adult (31-50)";"South";58;"Two year";35.09;1;84.29;0;2035.22
"CUST-5847";"Female";"2. Adult (31-50)";"West";49;"One year";69.59;0;54.7;0;3409.91
"CUST-5848";"Male";"1. Young Adult (18-30)";"West";10;"Two year";36.93;0;48.57;0;369.3
"CUST-5849";"Female";"3. Senior (51+)";"South";32;"One year";48.84;7;26.62;0;1562.88
"CUST-5850";"Male";"4. Unkownn/Missing";"West";44;"Two year";48.04;0;56.45;1;2113.76
"CUST-5851";"Female";"3. Senior (51+)";"East";55;"Two year";80.95;0;85.26;0;4452.25
"CUST-5852";"Non-binary";"3. Senior (51+)";"West";72;"One year";52.57;5;11.17;1;3785.04
"CUST-5853";"Female";"3. Senior (51+)";"East";50;"One year";81.18;0;24.28;1;4059.0
"CUST-5854";"Male";"2. Adult (31-50)";"South";44;"Monthly";24.91;0;85.52;1;1096.04
"CUST-5855";"Male";"3. Senior (51+)";"West";38;"One year";25.65;2;53.79;0;974.7
"CUST-5856";"Non-binary";"2. Adult (31-50)";"West";63;"Monthly";79.41;2;54.89;0;5002.83
"CUST-5857";"Male";"2. Adult (31-50)";"South";11;"One year";55.05;0;49.48;0;605.55
"CUST-5858";"Non-binary";"4. Unkownn/Missing";"West";61;"One year";73.96;0;20.78;0;4511.56
"CUST-5859";"Female";"2. Adult (31-50)";"North";44;"One year";83.69;0;62.03;0;3682.36
"CUST-5860";"Non-binary";"4. Unkownn/Missing";"South";61;"Two year";78.48;0;83.16;0;4787.28
"CUST-5861";"Female";"3. Senior (51+)";"North";34;"Two year";38.44;3;52.64;0;1306.96
"CUST-5862";"Male";"2. Adult (31-50)";"North";38;"One year";101.91;3;35.32;0;3872.58
"CUST-5863";"Non-binary";"2. Adult (31-50)";"East";28;"Two year";20.33;2;53.86;0;569.24
"CUST-5864";"Non-binary";"1. Young Adult (18-30)";"West";28;"Monthly";35.56;2;68.57;1;995.68
"CUST-5865";"Non-binary";"2. Adult (31-50)";"East";2;"Two year";92.3;0;42.67;0;184.6
"CUST-5866";"Male";"3. Senior (51+)";"West";12;"Monthly";50.14;1;54.82;1;601.68
"CUST-5867";"Non-binary";"2. Adult (31-50)";"North";28;"Monthly";61.74;0;83.02;1;1728.72
"CUST-5868";"Male";"1. Young Adult (18-30)";"South";57;"One year";28.5;0;90.47;1;1624.5
"CUST-5869";"Female";"2. Adult (31-50)";"South";1;"One year";101.12;1;43.21;0;101.12
"CUST-5870";"Male";"1. Young Adult (18-30)";"West";17;"Monthly";62.33;0;56.0;0;1059.61
"CUST-5871";"Female";"1. Young Adult (18-30)";"West";24;"Monthly";87.14;0;70.4;0;2091.36
"CUST-5872";"Female";"3. Senior (51+)";"West";15;"One year";105.8;3;47.67;0;1587.0
"CUST-5873";"Male";"2. Adult (31-50)";"North";2;"Monthly";54.35;1;80.49;0;108.7
"CUST-5874";"Female";"3. Senior (51+)";"West";20;"Monthly";96.33;0;63.54;1;1926.6
"CUST-5875";"Female";"4. Unkownn/Missing";"South";57;"Monthly";72.08;0;58.76;1;4108.56
"CUST-5876";"Male";"4. Unkownn/Missing";"South";19;"One year";70.66;0;55.11;1;1342.54
"CUST-5877";"Female";"2. Adult (31-50)";"West";64;"One year";85.59;2;73.44;0;5477.76
"CUST-5878";"Male";"4. Unkownn/Missing";"East";12;"Monthly";91.11;0;77.76;0;1093.32
"CUST-5879";"Male";"1. Young Adult (18-30)";"East";50;"Monthly";81.9;0;54.57;1;4095.0
"CUST-5880";"Male";"4. Unkownn/Missing";"East";63;"Monthly";27.67;0;54.89;1;1743.21
"CUST-5881";"Non-binary";"3. Senior (51+)";"East";52;"Monthly";62.66;0;27.85;1;3258.32
"CUST-5882";"Female";"3. Senior (51+)";"North";17;"One year";32.1;1;56.0;0;545.7
"CUST-5883";"Male";"3. Senior (51+)";"West";71;"One year";42.39;0;58.17;0;3009.69
"CUST-5884";"Non-binary";"3. Senior (51+)";"South";8;"One year";71.75;3;56.44;0;574.0
"CUST-5885";"Male";"2. Adult (31-50)";"West";6;"Monthly";66.1;7;34.86;0;396.6
"CUST-5886";"Non-binary";"2. Adult (31-50)";"West";33;"Monthly";112.27;0;98.59;0;3704.91
"CUST-5887";"Male";"3. Senior (51+)";"East";29;"Monthly";56.08;0;82.15;1;1626.32
"CUST-5888";"Female";"2. Adult (31-50)";"West";8;"Monthly";33.92;1;40.21;1;271.36
"CUST-5889";"Male";"2. Adult (31-50)";"South";19;"One year";100.43;0;55.11;0;1908.17
"CUST-5890";"Male";"3. Senior (51+)";"North";68;"Two year";77.26;0;50.38;0;5253.68
"CUST-5891";"Non-binary";"1. Young Adult (18-30)";"West";70;"Monthly";82.12;0;58.23;0;5748.4
"CUST-5892";"Female";"2. Adult (31-50)";"South";60;"One year";86.99;0;57.77;0;5219.4
"CUST-5893";"Female";"2. Adult (31-50)";"East";17;"Monthly";105.98;1;84.92;1;1801.66
"CUST-5894";"Male";"2. Adult (31-50)";"South";15;"Two year";36.97;1;53.77;0;554.55
"CUST-5895";"Female";"1. Young Adult (18-30)";"North";37;"Monthly";62.59;0;54.96;0;2315.83
"CUST-5896";"Male";"3. Senior (51+)";"West";24;"One year";47.8;8;36.6;1;1147.2
"CUST-5897";"Female";"4. Unkownn/Missing";"North";31;"Two year";43.23;1;51.61;0;1340.13
"CUST-5898";"Female";"3. Senior (51+)";"North";61;"Two year";118.21;2;55.13;0;7210.81
"CUST-5899";"Non-binary";"3. Senior (51+)";"North";36;"Monthly";85.6;0;99.53;0;3081.6
"CUST-5900";"Non-binary";"2. Adult (31-50)";"West";25;"One year";114.06;0;57.71;0;2851.5
"CUST-5901";"Male";"1. Young Adult (18-30)";"South";48;"Two year";34.87;1;84.57;0;1673.76
"CUST-5902";"Female";"3. Senior (51+)";"North";39;"Two year";95.21;1;59.64;0;3713.19
"CUST-5903";"Female";"2. Adult (31-50)";"West";21;"One year";87.89;2;93.48;0;1845.69
"CUST-5904";"Non-binary";"1. Young Adult (18-30)";"West";15;"Monthly";57.67;3;46.58;0;865.05
"CUST-5905";"Male";"3. Senior (51+)";"East";7;"Monthly";73.37;3;84.48;1;513.59
"CUST-5906";"Female";"1. Young Adult (18-30)";"West";47;"Monthly";36.79;1;96.67;0;1729.13
"CUST-5907";"Male";"3. Senior (51+)";"West";47;"Monthly";70.12;0;52.58;0;3295.64
"CUST-5908";"Female";"3. Senior (51+)";"East";33;"One year";37.19;3;91.48;0;1227.27
"CUST-5909";"Female";"4. Unkownn/Missing";"North";6;"One year";114.53;3;84.9;0;687.18
"CUST-5910";"Male";"1. Young Adult (18-30)";"North";39;"One year";47.55;0;59.64;0;1854.45
"CUST-5911";"Female";"2. Adult (31-50)";"North";43;"Monthly";98.71;1;74.58;1;4244.53
"CUST-5912";"Male";"1. Young Adult (18-30)";"East";65;"Monthly";69.38;0;58.61;1;4509.7
"CUST-5913";"Female";"2. Adult (31-50)";"West";72;"Monthly";79.91;2;83.94;1;5753.52
"CUST-5914";"Male";"3. Senior (51+)";"South";9;"Monthly";91.27;0;45.54;0;821.43
"CUST-5915";"Female";"2. Adult (31-50)";"North";16;"One year";39.09;3;57.1;0;625.44
"CUST-5916";"Non-binary";"2. Adult (31-50)";"West";60;"Monthly";110.34;2;57.22;1;6620.4
"CUST-5917";"Female";"3. Senior (51+)";"South";16;"Monthly";65.43;3;57.1;0;1046.88
"CUST-5918";"Male";"1. Young Adult (18-30)";"North";58;"Two year";60.25;1;56.15;0;3494.5
"CUST-5919";"Male";"2. Adult (31-50)";"West";19;"Monthly";105.14;2;79.78;0;1997.66
"CUST-5920";"Non-binary";"1. Young Adult (18-30)";"South";70;"Monthly";80.37;0;58.23;1;5625.9
"CUST-5921";"Male";"1. Young Adult (18-30)";"East";43;"Monthly";37.14;0;53.15;1;1597.02
"CUST-5922";"Male";"3. Senior (51+)";"West";48;"One year";51.67;0;59.96;0;2480.16
"CUST-5923";"Female";"2. Adult (31-50)";"West";69;"Monthly";27.39;7;29.97;1;1889.91
"CUST-5924";"Female";"1. Young Adult (18-30)";"North";41;"Monthly";92.55;0;51.63;0;3794.55
"CUST-5925";"Male";"3. Senior (51+)";"West";6;"Two year";59.75;0;52.96;0;358.5
"CUST-5926";"Female";"1. Young Adult (18-30)";"South";49;"Two year";54.26;0;54.7;0;2658.74
"CUST-5927";"Male";"3. Senior (51+)";"West";36;"One year";82.07;4;19.51;0;2954.52
"CUST-5928";"Non-binary";"3. Senior (51+)";"West";52;"Two year";111.53;3;54.79;0;5799.56
"CUST-5929";"Male";"2. Adult (31-50)";"North";38;"Monthly";33.01;5;35.6;1;1254.38
"CUST-5930";"Non-binary";"3. Senior (51+)";"North";69;"Monthly";48.0;3;57.1;0;3312.0
"CUST-5931";"Male";"1. Young Adult (18-30)";"West";70;"Monthly";35.73;1;28.35;0;2501.1
"CUST-5932";"Female";"4. Unkownn/Missing";"South";29;"Monthly";30.88;0;20.07;1;895.52
"CUST-5933";"Male";"3. Senior (51+)";"West";1;"Two year";119.27;0;40.65;0;119.27
"CUST-5934";"Male";"3. Senior (51+)";"East";55;"Monthly";54.93;0;56.08;1;3021.15
"CUST-5935";"Male";"4. Unkownn/Missing";"South";43;"Monthly";112.05;1;53.15;1;4818.15
"CUST-5936";"Female";"3. Senior (51+)";"West";37;"Two year";103.36;0;82.51;0;3824.32
"CUST-5937";"Non-binary";"2. Adult (31-50)";"West";8;"Two year";81.76;0;56.44;0;654.08
"CUST-5938";"Male";"3. Senior (51+)";"North";1;"One year";59.3;3;43.21;0;59.3
"CUST-5939";"Female";"2. Adult (31-50)";"West";19;"One year";24.11;0;20.95;0;458.09
"CUST-5940";"Male";"2. Adult (31-50)";"South";29;"Monthly";85.77;0;55.42;1;2487.33
"CUST-5941";"Female";"1. Young Adult (18-30)";"South";62;"One year";90.55;4;19.91;0;5614.1
"CUST-5942";"Female";"1. Young Adult (18-30)";"West";51;"Monthly";34.84;2;94.33;0;1776.84
"CUST-5943";"Female";"1. Young Adult (18-30)";"South";69;"Monthly";114.4;3;57.1;0;7893.6
"CUST-5944";"Non-binary";"2. Adult (31-50)";"North";8;"One year";113.0;0;94.77;0;904.0
"CUST-5945";"Female";"3. Senior (51+)";"West";38;"One year";60.06;3;47.89;0;2282.28
"CUST-5946";"Male";"3. Senior (51+)";"South";54;"Monthly";74.97;0;56.4;0;4048.38
"CUST-5947";"Female";"2. Adult (31-50)";"West";58;"Two year";75.66;1;71.89;0;4388.28
"CUST-5948";"Female";"2. Adult (31-50)";"South";28;"Two year";35.89;0;78.14;1;1004.92
"CUST-5949";"Male";"2. Adult (31-50)";"South";33;"One year";76.17;0;11.98;0;2513.61
"CUST-5950";"Male";"2. Adult (31-50)";"North";60;"One year";30.97;0;45.09;0;1858.2
"CUST-5951";"Female";"1. Young Adult (18-30)";"South";35;"Monthly";33.75;1;90.74;1;1181.25
"CUST-5952";"Male";"2. Adult (31-50)";"West";17;"Monthly";24.52;0;29.74;1;416.84
"CUST-5953";"Non-binary";"2. Adult (31-50)";"North";62;"One year";66.29;0;52.93;0;4109.98
"CUST-5954";"Male";"2. Adult (31-50)";"North";5;"One year";44.78;0;39.54;0;223.9
"CUST-5955";"Non-binary";"2. Adult (31-50)";"North";20;"Two year";20.4;3;93.02;0;408.0
"CUST-5956";"Female";"1. Young Adult (18-30)";"South";51;"Two year";56.93;0;71.18;0;2903.43
"CUST-5957";"Male";"1. Young Adult (18-30)";"South";32;"One year";65.62;0;51.91;0;2099.84
"CUST-5958";"Female";"4. Unkownn/Missing";"South";24;"Monthly";82.39;0;18.06;1;1977.36
"CUST-5959";"Female";"3. Senior (51+)";"North";69;"One year";34.75;0;57.1;0;2397.75
"CUST-5960";"Male";"2. Adult (31-50)";"North";67;"One year";36.31;2;52.82;0;2432.77
"CUST-5961";"Female";"1. Young Adult (18-30)";"West";5;"Monthly";70.65;4;33.78;1;353.25
"CUST-5962";"Non-binary";"2. Adult (31-50)";"South";15;"Monthly";42.79;10;39.39;1;641.85
"CUST-5963";"Non-binary";"1. Young Adult (18-30)";"East";72;"One year";38.91;1;68.78;0;2801.52
"CUST-5964";"Non-binary";"3. Senior (51+)";"South";18;"Monthly";94.16;0;51.92;0;1694.88
"CUST-5965";"Non-binary";"1. Young Adult (18-30)";"East";2;"Two year";23.0;0;42.67;0;46.0
"CUST-5966";"Female";"2. Adult (31-50)";"South";21;"Monthly";20.58;0;55.93;1;432.18
"CUST-5967";"Male";"3. Senior (51+)";"West";4;"Monthly";106.96;0;68.33;1;427.84
"CUST-5968";"Female";"2. Adult (31-50)";"East";20;"One year";99.59;0;36.78;0;1991.8
"CUST-5969";"Female";"1. Young Adult (18-30)";"South";70;"One year";98.17;2;58.23;1;6871.9
"CUST-5970";"Female";"2. Adult (31-50)";"West";17;"Monthly";62.33;2;56.0;0;1059.61
"CUST-5971";"Male";"3. Senior (51+)";"South";43;"Monthly";68.38;4;10.1;0;2940.34
"CUST-5972";"Female";"3. Senior (51+)";"South";35;"Two year";73.2;0;64.58;0;2562.0
"CUST-5973";"Male";"2. Adult (31-50)";"North";65;"Monthly";21.27;0;55.95;0;1382.55
"CUST-5974";"Non-binary";"2. Adult (31-50)";"East";57;"One year";24.02;2;58.76;0;1369.14
"CUST-5975";"Non-binary";"2. Adult (31-50)";"South";23;"Two year";113.21;0;56.11;0;2603.83
"CUST-5976";"Female";"1. Young Adult (18-30)";"North";48;"Monthly";75.06;1;59.96;0;3602.88
"CUST-5977";"Female";"2. Adult (31-50)";"North";44;"Two year";84.41;1;56.45;0;3714.04
"CUST-5978";"Male";"3. Senior (51+)";"South";40;"Monthly";114.33;0;93.0;0;4573.2
"CUST-5979";"Female";"3. Senior (51+)";"South";62;"One year";83.72;2;52.93;0;5190.64
"CUST-5980";"Non-binary";"1. Young Adult (18-30)";"South";31;"One year";20.78;0;51.61;0;644.18
"CUST-5981";"Female";"3. Senior (51+)";"West";71;"Two year";90.69;0;54.72;0;6438.99
"CUST-5982";"Female";"3. Senior (51+)";"West";33;"One year";54.77;0;54.53;0;1807.41
"CUST-5983";"Male";"3. Senior (51+)";"East";31;"Two year";67.7;2;51.61;0;2098.7
"CUST-5984";"Non-binary";"3. Senior (51+)";"North";67;"Monthly";91.56;0;25.56;1;6134.52
"CUST-5985";"Male";"3. Senior (51+)";"North";27;"Monthly";60.86;3;56.9;1;1643.22
"CUST-5986";"Male";"3. Senior (51+)";"South";70;"Monthly";29.78;0;58.23;0;2084.6
"CUST-5987";"Male";"3. Senior (51+)";"South";51;"One year";101.08;0;97.35;0;5155.08
"CUST-5988";"Non-binary";"3. Senior (51+)";"North";24;"One year";75.43;7;31.04;0;1810.32
"CUST-5989";"Non-binary";"3. Senior (51+)";"South";47;"Monthly";84.42;1;62.99;0;3967.74
"CUST-5990";"Female";"3. Senior (51+)";"East";14;"One year";104.19;2;50.47;0;1458.66
"CUST-5991";"Non-binary";"3. Senior (51+)";"North";69;"Monthly";105.84;0;57.1;1;7302.96
"CUST-5992";"Female";"1. Young Adult (18-30)";"West";26;"Monthly";56.49;0;61.62;0;1468.74
"CUST-5993";"Female";"1. Young Adult (18-30)";"East";31;"Two year";72.67;0;68.01;0;2252.77
"CUST-5994";"Male";"4. Unkownn/Missing";"North";69;"One year";109.26;2;57.1;1;7538.94
"CUST-5995";"Female";"1. Young Adult (18-30)";"West";58;"Monthly";25.47;0;56.15;1;1477.26
"CUST-5996";"Non-binary";"2. Adult (31-50)";"East";29;"One year";22.26;0;55.42;0;645.54
"CUST-5997";"Female";"3. Senior (51+)";"South";63;"Monthly";106.04;2;54.89;0;6680.52
"CUST-5998";"Male";"3. Senior (51+)";"West";4;"Two year";95.16;2;43.31;0;380.64
"CUST-5999";"Female";"1. Young Adult (18-30)";"West";68;"Monthly";57.14;2;57.81;0;3885.52
"CUST-6000";"Female";"3. Senior (51+)";"East";15;"Monthly";86.28;3;29.74;1;1294.2
"CUST-6001";"Female";"3. Senior (51+)";"West";64;"Two year";84.65;0;11.11;1;5417.6
"CUST-6002";"Male";"2. Adult (31-50)";"North";22;"Monthly";68.56;1;58.01;1;1508.32
"CUST-6003";"Female";"3. Senior (51+)";"North";27;"Monthly";92.73;3;96.86;0;2503.71
"CUST-6004";"Female";"1. Young Adult (18-30)";"North";12;"Monthly";108.6;0;54.82;1;1303.2
"CUST-6005";"Female";"3. Senior (51+)";"North";54;"One year";109.54;3;56.4;0;5915.16
"CUST-6006";"Male";"2. Adult (31-50)";"North";61;"Two year";52.27;1;55.13;0;3188.47
"CUST-6007";"Female";"1. Young Adult (18-30)";"East";6;"Monthly";27.51;0;83.12;0;165.06
"CUST-6008";"Female";"3. Senior (51+)";"South";34;"One year";88.8;0;52.64;1;3019.2
"CUST-6009";"Non-binary";"3. Senior (51+)";"East";58;"One year";82.91;3;73.43;0;4808.78
"CUST-6010";"Female";"2. Adult (31-50)";"West";69;"Two year";76.33;0;57.1;0;5266.77
"CUST-6011";"Male";"3. Senior (51+)";"West";51;"Monthly";103.32;3;57.49;1;5269.32
"CUST-6012";"Male";"3. Senior (51+)";"South";55;"One year";68.75;0;23.93;1;3781.25
"CUST-6013";"Male";"3. Senior (51+)";"South";51;"One year";59.87;3;57.9;0;3053.37
"CUST-6014";"Non-binary";"2. Adult (31-50)";"North";36;"Two year";105.85;0;49.15;1;3810.6
"CUST-6015";"Non-binary";"3. Senior (51+)";"North";70;"One year";73.67;0;58.23;0;5156.9
"CUST-6016";"Male";"3. Senior (51+)";"West";65;"One year";21.03;0;17.35;1;1366.95
"CUST-6017";"Male";"2. Adult (31-50)";"West";12;"One year";68.47;1;54.82;0;821.64
"CUST-6018";"Male";"2. Adult (31-50)";"North";19;"Two year";94.41;1;55.11;0;1793.79
"CUST-6019";"Male";"3. Senior (51+)";"South";63;"One year";85.77;1;80.16;0;5403.51
"CUST-6020";"Female";"1. Young Adult (18-30)";"West";26;"One year";80.15;1;58.07;0;2083.9
"CUST-6021";"Male";"1. Young Adult (18-30)";"North";18;"One year";48.97;0;51.92;0;881.46
"CUST-6022";"Non-binary";"1. Young Adult (18-30)";"North";49;"One year";112.3;0;54.7;0;5502.7
"CUST-6023";"Non-binary";"3. Senior (51+)";"North";11;"Two year";29.73;2;20.34;1;327.03
"CUST-6024";"Male";"2. Adult (31-50)";"West";54;"Two year";32.82;0;56.4;0;1772.28
"CUST-6025";"Non-binary";"4. Unkownn/Missing";"North";61;"Two year";67.67;0;64.86;0;4127.87
"CUST-6026";"Non-binary";"2. Adult (31-50)";"West";58;"Monthly";94.25;0;58.3;0;5466.5
"CUST-6027";"Non-binary";"3. Senior (51+)";"North";15;"Two year";106.62;4;22.17;1;1599.3
"CUST-6028";"Non-binary";"2. Adult (31-50)";"North";4;"One year";27.51;3;43.31;0;110.04
"CUST-6029";"Female";"2. Adult (31-50)";"West";17;"Two year";111.11;3;56.0;0;1888.87
"CUST-6030";"Female";"2. Adult (31-50)";"South";54;"Two year";101.97;0;53.53;0;5506.38
"CUST-6031";"Female";"3. Senior (51+)";"North";70;"One year";103.06;0;49.29;0;7214.2
"CUST-6032";"Female";"3. Senior (51+)";"North";34;"One year";23.16;0;61.74;0;787.44
"CUST-6033";"Male";"4. Unkownn/Missing";"South";70;"Two year";25.04;0;32.34;1;1752.8
"CUST-6034";"Female";"3. Senior (51+)";"East";22;"Two year";112.53;1;99.81;0;2475.66
"CUST-6035";"Female";"3. Senior (51+)";"South";1;"One year";85.23;0;43.21;0;85.23
"CUST-6036";"Male";"2. Adult (31-50)";"North";46;"One year";24.95;0;51.24;0;1147.7
"CUST-6037";"Non-binary";"3. Senior (51+)";"West";24;"Monthly";25.04;1;58.13;1;600.96
"CUST-6038";"Non-binary";"3. Senior (51+)";"West";22;"Monthly";117.53;8;17.04;1;2585.66
"CUST-6039";"Female";"3. Senior (51+)";"North";35;"One year";55.05;3;56.85;0;1926.75
"CUST-6040";"Male";"2. Adult (31-50)";"North";45;"Two year";80.64;0;11.02;0;3628.8
"CUST-6041";"Male";"2. Adult (31-50)";"West";5;"Monthly";46.36;0;7.859999999999999;0;231.8
"CUST-6042";"Male";"1. Young Adult (18-30)";"North";30;"One year";56.93;0;57.44;0;1707.9
"CUST-6043";"Male";"2. Adult (31-50)";"West";19;"One year";22.79;0;55.11;0;433.01
"CUST-6044";"Male";"1. Young Adult (18-30)";"West";52;"Monthly";74.61;2;54.79;0;3879.72
"CUST-6045";"Female";"2. Adult (31-50)";"South";0;"Monthly";32.31;0;44.44;1;0.0
"CUST-6046";"Male";"2. Adult (31-50)";"South";64;"Monthly";99.98;0;60.76;1;6398.72
"CUST-6047";"Male";"2. Adult (31-50)";"North";65;"Two year";34.61;0;48.85;0;2249.65
"CUST-6048";"Male";"3. Senior (51+)";"North";39;"Two year";69.51;0;59.64;0;2710.89
"CUST-6049";"Non-binary";"3. Senior (51+)";"North";2;"Monthly";48.01;1;68.66;1;96.02
"CUST-6050";"Female";"2. Adult (31-50)";"East";43;"Monthly";116.79;0;12.75;1;5021.97
"CUST-6051";"Male";"3. Senior (51+)";"West";18;"Monthly";55.52;0;23.19;1;999.36
"CUST-6052";"Non-binary";"3. Senior (51+)";"West";45;"Monthly";116.63;2;18.61;1;5248.35
"CUST-6053";"Female";"3. Senior (51+)";"North";69;"One year";39.11;0;71.91;0;2698.59
"CUST-6054";"Female";"3. Senior (51+)";"West";59;"Two year";117.97;0;62.69;0;6960.23
"CUST-6055";"Male";"1. Young Adult (18-30)";"South";27;"Monthly";111.96;3;49.9;0;3022.92
"CUST-6056";"Male";"3. Senior (51+)";"West";8;"One year";61.29;0;84.78;0;490.32
"CUST-6057";"Female";"3. Senior (51+)";"North";67;"Monthly";48.51;0;21.56;1;3250.17
"CUST-6058";"Female";"3. Senior (51+)";"West";41;"One year";83.63;0;51.63;0;3428.83
"CUST-6059";"Female";"2. Adult (31-50)";"North";59;"Monthly";79.98;8;13.93;1;4718.82
"CUST-6060";"Female";"1. Young Adult (18-30)";"East";46;"One year";101.91;0;54.81;0;4687.86
"CUST-6061";"Female";"2. Adult (31-50)";"West";13;"Monthly";111.88;0;56.82;0;1454.44
"CUST-6062";"Male";"3. Senior (51+)";"South";71;"One year";38.33;0;54.72;1;2721.43
"CUST-6063";"Female";"1. Young Adult (18-30)";"West";3;"One year";20.16;2;42.33;0;60.48
"CUST-6064";"Female";"3. Senior (51+)";"South";7;"One year";25.22;1;41.62;0;176.54
"CUST-6065";"Non-binary";"3. Senior (51+)";"West";43;"Monthly";82.3;0;53.15;1;3538.9
"CUST-6066";"Female";"1. Young Adult (18-30)";"South";61;"One year";102.55;1;55.13;0;6255.55
"CUST-6067";"Female";"2. Adult (31-50)";"North";59;"One year";69.82;3;50.64;0;4119.38
"CUST-6068";"Female";"3. Senior (51+)";"South";71;"One year";55.54;0;57.66;0;3943.34
"CUST-6069";"Male";"2. Adult (31-50)";"North";11;"Monthly";22.85;0;53.43;0;251.35
"CUST-6070";"Male";"1. Young Adult (18-30)";"East";21;"Two year";57.64;0;55.93;0;1210.44
"CUST-6071";"Female";"1. Young Adult (18-30)";"East";38;"One year";58.62;0;53.79;1;2227.56
"CUST-6072";"Non-binary";"1. Young Adult (18-30)";"East";15;"Two year";31.34;3;53.77;0;470.1
"CUST-6073";"Female";"3. Senior (51+)";"East";70;"Monthly";91.93;0;99.43;1;6435.1
"CUST-6074";"Female";"1. Young Adult (18-30)";"North";25;"Monthly";25.29;0;57.71;0;632.25
"CUST-6075";"Female";"2. Adult (31-50)";"North";30;"One year";80.98;0;85.82;0;2429.4
"CUST-6076";"Female";"2. Adult (31-50)";"West";47;"Monthly";29.93;2;52.58;1;1406.71
"CUST-6077";"Male";"3. Senior (51+)";"South";21;"Two year";109.26;0;55.93;0;2294.46
"CUST-6078";"Male";"2. Adult (31-50)";"West";26;"Monthly";37.37;0;61.62;0;971.62
"CUST-6079";"Female";"2. Adult (31-50)";"South";62;"Two year";70.13;0;23.26;0;4348.06
"CUST-6080";"Female";"1. Young Adult (18-30)";"West";41;"One year";118.14;0;35.57;0;4843.74
"CUST-6081";"Male";"3. Senior (51+)";"West";45;"One year";114.13;1;56.4;0;5135.85
"CUST-6082";"Non-binary";"4. Unkownn/Missing";"North";68;"One year";86.78;1;57.81;0;5901.04
"CUST-6083";"Non-binary";"3. Senior (51+)";"South";48;"One year";101.34;0;10.29;0;4864.32
"CUST-6084";"Non-binary";"4. Unkownn/Missing";"West";56;"Monthly";27.55;0;63.17;1;1542.8
"CUST-6085";"Female";"2. Adult (31-50)";"South";38;"Monthly";108.92;0;32.44;1;4138.96
"CUST-6086";"Male";"3. Senior (51+)";"South";26;"Monthly";67.79;3;61.62;1;1762.54
"CUST-6087";"Male";"1. Young Adult (18-30)";"West";68;"One year";54.4;0;61.09;0;3699.2
"CUST-6088";"Male";"3. Senior (51+)";"West";69;"One year";40.36;0;98.04;0;2784.84
"CUST-6089";"Female";"3. Senior (51+)";"West";27;"Two year";116.31;0;70.63;1;3140.37
"CUST-6090";"Male";"3. Senior (51+)";"East";47;"Monthly";86.55;4;15.57;1;4067.85
"CUST-6091";"Female";"3. Senior (51+)";"South";45;"Two year";44.54;2;56.4;0;2004.3
"CUST-6092";"Non-binary";"3. Senior (51+)";"North";57;"Two year";55.77;1;49.57;0;3178.89
"CUST-6093";"Male";"1. Young Adult (18-30)";"West";66;"Monthly";38.02;0;79.93;1;2509.32
"CUST-6094";"Female";"3. Senior (51+)";"North";26;"Monthly";36.79;0;61.62;1;956.54
"CUST-6095";"Female";"1. Young Adult (18-30)";"East";40;"Monthly";113.03;3;54.99;0;4521.2
"CUST-6096";"Male";"3. Senior (51+)";"West";18;"Monthly";99.73;0;50.74;0;1795.14
"CUST-6097";"Female";"4. Unkownn/Missing";"North";67;"One year";105.81;0;36.56;0;7089.27
"CUST-6098";"Male";"2. Adult (31-50)";"South";48;"Monthly";73.19;1;42.04;0;3513.12
"CUST-6099";"Female";"2. Adult (31-50)";"West";49;"Two year";80.08;0;78.02;0;3923.92
"CUST-6100";"Female";"2. Adult (31-50)";"North";38;"Monthly";97.35;0;89.37;1;3699.3
"CUST-6101";"Male";"2. Adult (31-50)";"North";13;"One year";105.92;0;70.28;0;1376.96
"CUST-6102";"Male";"1. Young Adult (18-30)";"West";39;"Monthly";66.44;0;88.54;1;2591.16
"CUST-6103";"Male";"3. Senior (51+)";"South";8;"One year";63.51;0;80.92;0;508.08
"CUST-6104";"Female";"2. Adult (31-50)";"North";69;"One year";63.83;3;57.1;1;4404.27
"CUST-6105";"Female";"2. Adult (31-50)";"North";43;"Two year";114.73;0;53.15;0;4933.39
"CUST-6106";"Female";"2. Adult (31-50)";"West";21;"Monthly";60.84;0;55.93;0;1277.64
"CUST-6107";"Female";"2. Adult (31-50)";"South";37;"Monthly";94.56;10;35.1;1;3498.72
"CUST-6108";"Non-binary";"2. Adult (31-50)";"East";21;"Monthly";58.0;0;76.47;0;1218.0
"CUST-6109";"Non-binary";"1. Young Adult (18-30)";"West";72;"One year";62.79;3;43.94;0;4520.88
"CUST-6110";"Female";"3. Senior (51+)";"South";10;"Monthly";53.24;3;54.61;0;532.4
"CUST-6111";"Female";"4. Unkownn/Missing";"North";4;"Monthly";100.96;0;43.31;1;403.84
"CUST-6112";"Male";"1. Young Adult (18-30)";"North";36;"One year";93.82;0;40.86;0;3377.52
"CUST-6113";"Female";"3. Senior (51+)";"South";61;"Two year";57.27;1;58.89;0;3493.47
"CUST-6114";"Non-binary";"3. Senior (51+)";"East";4;"Monthly";97.81;2;77.83;1;391.24
"CUST-6115";"Non-binary";"3. Senior (51+)";"South";53;"Monthly";55.48;0;55.3;0;2940.44
"CUST-6116";"Female";"3. Senior (51+)";"North";28;"Two year";95.91;0;78.53;0;2685.48
"CUST-6117";"Male";"3. Senior (51+)";"South";18;"Two year";117.55;0;51.92;0;2115.9
"CUST-6118";"Female";"3. Senior (51+)";"North";66;"Two year";90.78;0;23.96;1;5991.48
"CUST-6119";"Male";"3. Senior (51+)";"North";3;"Two year";106.41;2;42.33;0;319.23
"CUST-6120";"Male";"2. Adult (31-50)";"West";26;"One year";23.6;0;61.62;0;613.6
"CUST-6121";"Male";"2. Adult (31-50)";"West";4;"One year";26.89;3;51.59;0;107.56
"CUST-6122";"Male";"3. Senior (51+)";"South";17;"Monthly";88.15;1;56.0;1;1498.55
"CUST-6123";"Non-binary";"2. Adult (31-50)";"North";45;"One year";71.79;0;56.4;0;3230.55
"CUST-6124";"Non-binary";"3. Senior (51+)";"West";66;"Monthly";101.76;0;54.86;1;6716.16
"CUST-6125";"Male";"1. Young Adult (18-30)";"North";55;"Monthly";37.14;1;56.08;1;2042.7
"CUST-6126";"Male";"4. Unkownn/Missing";"West";58;"Monthly";100.19;1;56.15;0;5811.02
"CUST-6127";"Non-binary";"2. Adult (31-50)";"North";66;"One year";52.71;2;44.14;0;3478.86
"CUST-6128";"Male";"2. Adult (31-50)";"West";35;"Monthly";51.85;0;18.59;0;1814.75
"CUST-6129";"Non-binary";"2. Adult (31-50)";"West";61;"Monthly";41.33;0;55.13;1;2521.13
"CUST-6130";"Non-binary";"3. Senior (51+)";"West";67;"One year";66.06;0;69.99;0;4426.02
"CUST-6131";"Female";"1. Young Adult (18-30)";"West";56;"Monthly";79.9;0;55.46;0;4474.4
"CUST-6132";"Female";"3. Senior (51+)";"West";14;"Monthly";97.33;3;35.94;1;1362.62
"CUST-6133";"Non-binary";"3. Senior (51+)";"North";7;"Two year";36.57;0;59.79;0;255.99
"CUST-6134";"Male";"3. Senior (51+)";"South";26;"One year";86.75;0;61.62;0;2255.5
"CUST-6135";"Female";"2. Adult (31-50)";"West";44;"Two year";82.52;0;56.45;0;3630.88
"CUST-6136";"Male";"3. Senior (51+)";"South";28;"Monthly";87.73;1;55.03;1;2456.44
"CUST-6137";"Female";"2. Adult (31-50)";"North";10;"Monthly";72.86;1;47.69;0;728.6
"CUST-6138";"Male";"4. Unkownn/Missing";"South";6;"Monthly";77.37;0;52.96;0;464.22
"CUST-6139";"Non-binary";"2. Adult (31-50)";"North";48;"Monthly";36.42;0;57.6;1;1748.16
"CUST-6140";"Male";"3. Senior (51+)";"South";14;"Two year";20.05;0;50.47;0;280.7
"CUST-6141";"Non-binary";"2. Adult (31-50)";"North";63;"Monthly";118.48;2;47.19;0;7464.24
"CUST-6142";"Male";"2. Adult (31-50)";"West";50;"Monthly";36.86;0;63.27;0;1843.0
"CUST-6143";"Male";"1. Young Adult (18-30)";"West";66;"Two year";114.16;0;90.0;0;7534.56
"CUST-6144";"Non-binary";"3. Senior (51+)";"South";70;"Monthly";63.66;0;58.23;0;4456.2
"CUST-6145";"Male";"3. Senior (51+)";"North";21;"Monthly";31.03;0;55.93;0;651.63
"CUST-6146";"Male";"2. Adult (31-50)";"North";48;"Monthly";106.28;1;59.96;1;5101.44
"CUST-6147";"Male";"1. Young Adult (18-30)";"West";34;"Monthly";78.89;0;52.64;0;2682.26
"CUST-6148";"Non-binary";"2. Adult (31-50)";"South";11;"Monthly";73.43;3;54.1;0;807.73
"CUST-6149";"Female";"3. Senior (51+)";"South";13;"One year";39.6;0;56.82;0;514.8
"CUST-6150";"Non-binary";"2. Adult (31-50)";"West";12;"Monthly";96.69;2;54.82;1;1160.28
"CUST-6151";"Non-binary";"3. Senior (51+)";"East";51;"Monthly";81.4;0;39.94;1;4151.4
"CUST-6152";"Female";"1. Young Adult (18-30)";"South";30;"One year";97.13;3;57.44;0;2913.9
"CUST-6153";"Male";"4. Unkownn/Missing";"West";22;"Two year";57.42;1;58.01;0;1263.24
"CUST-6154";"Non-binary";"3. Senior (51+)";"North";33;"One year";48.68;1;58.32;0;1606.44
"CUST-6155";"Male";"3. Senior (51+)";"South";17;"Monthly";98.56;0;37.32;1;1675.52
"CUST-6156";"Female";"2. Adult (31-50)";"North";62;"Two year";79.26;0;91.1;0;4914.12
"CUST-6157";"Male";"1. Young Adult (18-30)";"West";0;"One year";77.41;0;41.27;0;0.0
"CUST-6158";"Male";"2. Adult (31-50)";"South";56;"Monthly";58.83;0;63.17;1;3294.48
"CUST-6159";"Male";"2. Adult (31-50)";"West";67;"Monthly";28.93;0;52.82;1;1938.31
"CUST-6160";"Male";"2. Adult (31-50)";"South";18;"One year";31.82;0;51.92;0;572.76
"CUST-6161";"Non-binary";"1. Young Adult (18-30)";"South";56;"Monthly";33.15;0;93.46;1;1856.4
"CUST-6162";"Non-binary";"2. Adult (31-50)";"East";7;"Monthly";75.22;0;59.79;1;526.54
"CUST-6163";"Male";"2. Adult (31-50)";"West";40;"One year";114.11;1;78.77;0;4564.4
"CUST-6164";"Non-binary";"2. Adult (31-50)";"West";68;"One year";91.37;0;57.81;0;6213.16
"CUST-6165";"Non-binary";"1. Young Adult (18-30)";"North";49;"Monthly";77.94;0;54.7;1;3819.06
"CUST-6166";"Non-binary";"3. Senior (51+)";"East";41;"Monthly";83.66;2;87.12;0;3430.06
"CUST-6167";"Male";"3. Senior (51+)";"South";43;"Monthly";119.15;0;53.15;1;5123.45
"CUST-6168";"Female";"1. Young Adult (18-30)";"West";29;"Monthly";64.02;2;55.42;0;1856.58
"CUST-6169";"Female";"2. Adult (31-50)";"East";52;"Monthly";68.22;0;81.04;1;3547.44
"CUST-6170";"Non-binary";"3. Senior (51+)";"West";3;"One year";55.44;0;42.33;0;166.32
"CUST-6171";"Non-binary";"3. Senior (51+)";"South";69;"One year";96.23;1;12.23;1;6639.87
"CUST-6172";"Female";"3. Senior (51+)";"North";32;"One year";25.49;1;51.91;0;815.68
"CUST-6173";"Female";"2. Adult (31-50)";"North";48;"Monthly";93.67;0;59.96;1;4496.16
"CUST-6174";"Non-binary";"3. Senior (51+)";"West";43;"Monthly";107.23;2;98.42;0;4610.89
"CUST-6175";"Non-binary";"1. Young Adult (18-30)";"North";35;"Two year";70.51;3;74.73;1;2467.85
"CUST-6176";"Non-binary";"3. Senior (51+)";"West";62;"Monthly";52.97;0;52.93;1;3284.14
"CUST-6177";"Female";"2. Adult (31-50)";"West";32;"Monthly";61.63;0;51.91;1;1972.16
"CUST-6178";"Male";"2. Adult (31-50)";"South";5;"Monthly";98.07;2;39.54;0;490.35
"CUST-6179";"Female";"2. Adult (31-50)";"West";57;"One year";109.29;0;58.76;0;6229.53
"CUST-6180";"Non-binary";"3. Senior (51+)";"South";12;"One year";24.34;0;54.82;0;292.08
"CUST-6181";"Female";"3. Senior (51+)";"South";50;"Monthly";63.4;0;54.57;0;3170.0
"CUST-6182";"Female";"4. Unkownn/Missing";"East";13;"Monthly";103.58;2;56.07;1;1346.54
"CUST-6183";"Non-binary";"1. Young Adult (18-30)";"West";68;"One year";37.2;2;89.17;0;2529.6
"CUST-6184";"Male";"2. Adult (31-50)";"North";61;"One year";27.11;0;68.21;0;1653.71
"CUST-6185";"Male";"3. Senior (51+)";"West";36;"One year";110.99;0;51.49;0;3995.64
"CUST-6186";"Non-binary";"3. Senior (51+)";"North";8;"One year";51.98;1;52.93;0;415.84
"CUST-6187";"Female";"3. Senior (51+)";"West";36;"Monthly";53.47;0;68.73;1;1924.92
"CUST-6188";"Male";"3. Senior (51+)";"South";43;"Monthly";66.27;1;53.15;1;2849.61
"CUST-6189";"Male";"3. Senior (51+)";"West";33;"Monthly";104.16;0;54.53;1;3437.28
"CUST-6190";"Male";"3. Senior (51+)";"South";61;"Monthly";94.99;0;40.42;1;5794.39
"CUST-6191";"Non-binary";"1. Young Adult (18-30)";"North";40;"Monthly";60.44;3;55.23;1;2417.6
"CUST-6192";"Female";"2. Adult (31-50)";"East";17;"One year";65.71;0;56.0;1;1117.07
"CUST-6193";"Female";"2. Adult (31-50)";"North";44;"Monthly";116.76;4;22.66;1;5137.44
"CUST-6194";"Female";"3. Senior (51+)";"North";64;"One year";118.43;0;70.1;0;7579.52
"CUST-6195";"Female";"1. Young Adult (18-30)";"South";27;"One year";55.56;1;49.9;0;1500.12
"CUST-6196";"Male";"1. Young Adult (18-30)";"West";64;"Monthly";76.43;1;49.79;0;4891.52
"CUST-6197";"Female";"3. Senior (51+)";"East";11;"One year";35.36;10;28.2;0;388.96
"CUST-6198";"Female";"1. Young Adult (18-30)";"South";61;"Monthly";59.9;0;55.13;0;3653.9
"CUST-6199";"Male";"3. Senior (51+)";"West";65;"Two year";85.57;0;55.95;0;5562.05
"CUST-6200";"Female";"2. Adult (31-50)";"South";15;"Monthly";44.7;0;53.77;0;670.5
"CUST-6201";"Female";"2. Adult (31-50)";"West";3;"Two year";66.83;3;70.38;0;200.49
"CUST-6202";"Male";"3. Senior (51+)";"South";50;"One year";102.32;0;54.57;0;5116.0
"CUST-6203";"Male";"3. Senior (51+)";"West";44;"Monthly";52.71;3;56.45;0;2319.24
"CUST-6204";"Female";"3. Senior (51+)";"East";72;"One year";103.3;2;54.68;1;7437.6
"CUST-6205";"Female";"1. Young Adult (18-30)";"West";62;"Monthly";64.88;1;52.93;0;4022.56
"CUST-6206";"Female";"3. Senior (51+)";"South";57;"One year";59.36;6;21.28;0;3383.52
"CUST-6207";"Male";"3. Senior (51+)";"West";40;"Monthly";39.77;0;25.4;1;1590.8
"CUST-6208";"Female";"2. Adult (31-50)";"North";22;"Monthly";38.36;3;70.08;0;843.92
"CUST-6209";"Female";"3. Senior (51+)";"North";35;"Monthly";90.62;3;43.46;1;3171.7
"CUST-6210";"Female";"2. Adult (31-50)";"South";21;"One year";29.28;0;22.83;0;614.88
"CUST-6211";"Female";"2. Adult (31-50)";"West";38;"Monthly";26.51;0;92.17;0;1007.38
"CUST-6212";"Female";"2. Adult (31-50)";"South";40;"One year";83.22;1;94.71;1;3328.8
"CUST-6213";"Female";"1. Young Adult (18-30)";"West";27;"One year";30.79;0;49.9;0;831.33
"CUST-6214";"Non-binary";"1. Young Adult (18-30)";"East";27;"One year";31.46;3;11.99;0;849.42
"CUST-6215";"Female";"2. Adult (31-50)";"West";56;"One year";81.62;2;63.17;0;4570.72
"CUST-6216";"Male";"3. Senior (51+)";"North";41;"Monthly";48.39;0;69.89;0;1983.99
"CUST-6217";"Male";"1. Young Adult (18-30)";"West";45;"Monthly";36.26;0;14.53;0;1631.7
"CUST-6218";"Male";"1. Young Adult (18-30)";"South";24;"Monthly";33.16;0;28.03;1;795.84
"CUST-6219";"Female";"3. Senior (51+)";"West";22;"Two year";102.89;0;35.53;0;2263.58
"CUST-6220";"Male";"2. Adult (31-50)";"South";25;"One year";62.86;2;57.71;0;1571.5
"CUST-6221";"Male";"1. Young Adult (18-30)";"South";32;"Monthly";115.45;1;78.95;0;3694.4
"CUST-6222";"Female";"2. Adult (31-50)";"South";69;"One year";68.48;0;57.1;0;4725.12
"CUST-6223";"Male";"2. Adult (31-50)";"North";71;"One year";74.04;0;54.72;0;5256.84
"CUST-6224";"Non-binary";"3. Senior (51+)";"South";16;"Monthly";84.64;1;57.1;0;1354.24
"CUST-6225";"Male";"3. Senior (51+)";"South";34;"One year";34.29;0;52.64;0;1165.86
"CUST-6226";"Female";"4. Unkownn/Missing";"North";2;"Monthly";89.21;7;7.59;1;178.42
"CUST-6227";"Male";"1. Young Adult (18-30)";"West";26;"One year";55.43;8;19.53;0;1441.18
"CUST-6228";"Male";"3. Senior (51+)";"North";49;"Monthly";74.42;3;54.7;1;3646.58
"CUST-6229";"Male";"1. Young Adult (18-30)";"West";27;"Monthly";58.33;0;49.9;0;1574.91
"CUST-6230";"Female";"1. Young Adult (18-30)";"East";48;"Monthly";90.59;0;83.81;1;4348.32
"CUST-6231";"Male";"2. Adult (31-50)";"North";2;"Monthly";93.46;0;14.77;1;186.92
"CUST-6232";"Male";"3. Senior (51+)";"South";35;"Monthly";29.14;0;31.11;1;1019.9
"CUST-6233";"Female";"2. Adult (31-50)";"South";37;"Monthly";49.87;6;20.8;1;1845.19
"CUST-6234";"Female";"3. Senior (51+)";"West";56;"Two year";39.3;0;42.83;0;2200.8
"CUST-6235";"Female";"3. Senior (51+)";"East";56;"Monthly";68.27;0;52.42;1;3823.12
"CUST-6236";"Female";"2. Adult (31-50)";"South";51;"One year";91.01;0;57.9;0;4641.51
"CUST-6237";"Female";"3. Senior (51+)";"West";29;"One year";105.65;2;94.88;0;3063.85
"CUST-6238";"Female";"1. Young Adult (18-30)";"West";18;"Monthly";25.29;1;65.89;1;455.22
"CUST-6239";"Female";"3. Senior (51+)";"East";38;"Monthly";42.97;0;53.79;0;1632.86
"CUST-6240";"Female";"4. Unkownn/Missing";"North";61;"One year";95.71;0;61.73;0;5838.31
"CUST-6241";"Non-binary";"3. Senior (51+)";"West";64;"Monthly";49.81;0;28.69;1;3187.84
"CUST-6242";"Male";"2. Adult (31-50)";"West";2;"Monthly";101.63;0;18.909999999999997;1;203.26
"CUST-6243";"Male";"2. Adult (31-50)";"West";40;"Two year";72.1;0;54.99;0;2884.0
"CUST-6244";"Male";"2. Adult (31-50)";"West";19;"Monthly";99.07;0;55.11;0;1882.33
"CUST-6245";"Female";"1. Young Adult (18-30)";"East";36;"Monthly";95.25;1;49.15;1;3429.0
"CUST-6246";"Non-binary";"3. Senior (51+)";"South";1;"Monthly";72.18;1;43.21;1;72.18
"CUST-6247";"Non-binary";"2. Adult (31-50)";"South";59;"One year";107.96;0;76.88;1;6369.64
"CUST-6248";"Female";"2. Adult (31-50)";"West";7;"Monthly";79.42;0;67.59;0;555.94
"CUST-6249";"Male";"1. Young Adult (18-30)";"South";10;"One year";85.0;2;13.05;0;850.0
"CUST-6250";"Female";"2. Adult (31-50)";"North";37;"One year";25.92;1;90.04;0;959.04
"CUST-6251";"Female";"3. Senior (51+)";"North";44;"Two year";34.58;3;64.81;0;1521.52
"CUST-6252";"Female";"2. Adult (31-50)";"South";51;"One year";45.66;0;57.9;0;2328.66
"CUST-6253";"Female";"2. Adult (31-50)";"West";35;"One year";33.45;0;56.85;0;1170.75
"CUST-6254";"Male";"2. Adult (31-50)";"North";45;"Monthly";119.95;1;52.84;1;5397.75
"CUST-6255";"Female";"1. Young Adult (18-30)";"West";54;"Monthly";41.8;0;30.11;1;2257.2
"CUST-6256";"Male";"1. Young Adult (18-30)";"West";51;"Monthly";55.54;2;57.9;0;2832.54
"CUST-6257";"Male";"3. Senior (51+)";"North";18;"Monthly";28.51;0;51.92;1;513.18
"CUST-6258";"Female";"2. Adult (31-50)";"North";15;"One year";83.93;0;67.17;0;1258.95
"CUST-6259";"Non-binary";"3. Senior (51+)";"North";22;"Monthly";39.36;0;50.11;0;865.92
"CUST-6260";"Female";"1. Young Adult (18-30)";"North";34;"Monthly";51.49;0;52.64;1;1750.66
"CUST-6261";"Male";"3. Senior (51+)";"North";10;"Monthly";68.49;0;47.69;1;684.9
"CUST-6262";"Non-binary";"3. Senior (51+)";"West";29;"Monthly";68.03;1;95.63;1;1972.87
"CUST-6263";"Male";"2. Adult (31-50)";"North";3;"One year";31.59;0;42.33;0;94.77
"CUST-6264";"Male";"2. Adult (31-50)";"West";69;"One year";58.42;8;12.34;0;4030.98
"CUST-6265";"Male";"3. Senior (51+)";"West";43;"Monthly";98.14;0;53.15;1;4220.02
"CUST-6266";"Female";"2. Adult (31-50)";"North";17;"Monthly";99.42;0;97.5;1;1690.14
"CUST-6267";"Female";"3. Senior (51+)";"North";59;"Monthly";95.15;0;67.82;1;5613.85
"CUST-6268";"Female";"2. Adult (31-50)";"South";52;"Monthly";96.96;0;54.79;1;5041.92
"CUST-6269";"Male";"3. Senior (51+)";"South";55;"Monthly";103.01;0;16.8;1;5665.55
"CUST-6270";"Non-binary";"3. Senior (51+)";"North";0;"Monthly";59.43;0;44.44;0;0.0
"CUST-6271";"Male";"1. Young Adult (18-30)";"South";33;"One year";21.1;0;15.24;0;696.3
"CUST-6272";"Male";"2. Adult (31-50)";"North";41;"Monthly";117.91;0;83.17;1;4834.31
"CUST-6273";"Female";"2. Adult (31-50)";"North";37;"Monthly";117.8;1;54.96;0;4358.6
"CUST-6274";"Female";"3. Senior (51+)";"East";27;"Monthly";95.81;3;49.9;0;2586.87
"CUST-6275";"Non-binary";"2. Adult (31-50)";"North";64;"Monthly";118.52;0;49.79;0;7585.28
"CUST-6276";"Female";"1. Young Adult (18-30)";"East";34;"Monthly";50.72;0;52.64;0;1724.48
"CUST-6277";"Non-binary";"2. Adult (31-50)";"East";55;"Monthly";50.76;0;50.33;0;2791.8
"CUST-6278";"Female";"3. Senior (51+)";"West";43;"One year";110.17;0;53.15;1;4737.31
"CUST-6279";"Non-binary";"2. Adult (31-50)";"South";31;"One year";44.86;7;25.16;1;1390.66
"CUST-6280";"Female";"3. Senior (51+)";"South";50;"Monthly";114.07;0;63.78;0;5703.5
"CUST-6281";"Male";"3. Senior (51+)";"South";1;"Monthly";25.42;0;55.61;0;25.42
"CUST-6282";"Non-binary";"1. Young Adult (18-30)";"South";62;"Monthly";88.96;0;52.93;1;5515.52
"CUST-6283";"Female";"3. Senior (51+)";"East";45;"Two year";69.78;0;56.4;0;3140.1
"CUST-6284";"Female";"3. Senior (51+)";"South";46;"One year";45.17;3;46.02;0;2077.82
"CUST-6285";"Female";"3. Senior (51+)";"South";35;"Monthly";84.08;0;15.55;1;2942.8
"CUST-6286";"Male";"1. Young Adult (18-30)";"North";63;"Two year";107.78;0;54.89;0;6790.14
"CUST-6287";"Female";"3. Senior (51+)";"South";44;"One year";102.09;1;56.45;0;4491.96
"CUST-6288";"Female";"1. Young Adult (18-30)";"South";61;"One year";105.3;0;34.67;0;6423.3
"CUST-6289";"Male";"3. Senior (51+)";"West";38;"Monthly";49.48;3;53.79;0;1880.24
"CUST-6290";"Male";"2. Adult (31-50)";"West";45;"Monthly";58.33;0;31.74;1;2624.85
"CUST-6291";"Male";"2. Adult (31-50)";"North";24;"Monthly";76.95;0;50.66;0;1846.8
"CUST-6292";"Female";"2. Adult (31-50)";"East";72;"Monthly";63.84;1;54.68;0;4596.48
"CUST-6293";"Male";"3. Senior (51+)";"North";18;"Two year";24.25;0;71.62;0;436.5
"CUST-6294";"Male";"3. Senior (51+)";"West";17;"Monthly";89.6;0;24.53;1;1523.2
"CUST-6295";"Female";"1. Young Adult (18-30)";"South";24;"Monthly";109.75;3;91.16;1;2634.0
"CUST-6296";"Female";"1. Young Adult (18-30)";"North";25;"Monthly";33.08;2;70.23;0;827.0
"CUST-6297";"Non-binary";"2. Adult (31-50)";"East";32;"Two year";82.57;0;51.91;1;2642.24
"CUST-6298";"Male";"1. Young Adult (18-30)";"North";44;"Two year";49.76;0;71.31;0;2189.44
"CUST-6299";"Female";"1. Young Adult (18-30)";"South";0;"One year";60.53;0;84.02;0;0.0
"CUST-6300";"Female";"3. Senior (51+)";"East";4;"One year";45.55;0;43.31;0;182.2
"CUST-6301";"Female";"1. Young Adult (18-30)";"West";23;"Monthly";74.28;0;56.11;1;1708.44
"CUST-6302";"Male";"2. Adult (31-50)";"East";41;"Monthly";106.5;1;51.63;1;4366.5
"CUST-6303";"Male";"1. Young Adult (18-30)";"West";9;"Monthly";42.97;0;48.59;1;386.73
"CUST-6304";"Female";"2. Adult (31-50)";"North";14;"Monthly";56.64;0;50.47;0;792.96
"CUST-6305";"Male";"3. Senior (51+)";"South";23;"Monthly";45.08;3;54.93;0;1036.84
"CUST-6306";"Female";"3. Senior (51+)";"West";60;"One year";32.0;0;57.22;0;1920.0
"CUST-6307";"Male";"3. Senior (51+)";"North";17;"Monthly";93.52;2;56.0;1;1589.84
"CUST-6308";"Female";"3. Senior (51+)";"South";60;"One year";97.13;2;53.72;0;5827.8
"CUST-6309";"Female";"3. Senior (51+)";"West";49;"Two year";24.83;7;27.7;0;1216.67
"CUST-6310";"Non-binary";"1. Young Adult (18-30)";"North";48;"One year";119.55;0;59.96;0;5738.4
"CUST-6311";"Female";"2. Adult (31-50)";"South";56;"Two year";95.7;0;63.17;0;5359.2
"CUST-6312";"Female";"2. Adult (31-50)";"West";21;"Monthly";23.35;1;55.93;1;490.35
"CUST-6313";"Female";"3. Senior (51+)";"West";41;"Two year";89.92;0;63.25;0;3686.72
"CUST-6314";"Male";"3. Senior (51+)";"South";17;"Two year";92.68;0;59.25;0;1575.56
"CUST-6315";"Male";"3. Senior (51+)";"North";28;"Two year";76.45;0;57.92;1;2140.6
"CUST-6316";"Male";"3. Senior (51+)";"South";32;"Monthly";21.22;0;31.71;1;679.04
"CUST-6317";"Male";"1. Young Adult (18-30)";"South";61;"Monthly";115.34;2;55.13;0;7035.74
"CUST-6318";"Female";"3. Senior (51+)";"North";9;"Two year";84.54;1;69.51;0;760.86
"CUST-6319";"Male";"2. Adult (31-50)";"North";54;"Two year";74.61;0;56.4;0;4028.94
"CUST-6320";"Male";"3. Senior (51+)";"East";13;"One year";51.97;0;56.82;0;675.61
"CUST-6321";"Non-binary";"2. Adult (31-50)";"South";27;"Monthly";114.92;0;97.0;1;3102.84
"CUST-6322";"Male";"2. Adult (31-50)";"North";11;"Monthly";46.19;0;20.01;1;508.09
"CUST-6323";"Female";"3. Senior (51+)";"East";69;"Monthly";30.57;2;57.1;0;2109.33
"CUST-6324";"Female";"2. Adult (31-50)";"South";34;"Monthly";117.15;2;52.64;0;3983.1
"CUST-6325";"Non-binary";"1. Young Adult (18-30)";"West";29;"Two year";103.31;2;55.42;0;2995.99
"CUST-6326";"Male";"3. Senior (51+)";"East";2;"One year";101.41;0;15.469999999999999;1;202.82
"CUST-6327";"Non-binary";"2. Adult (31-50)";"North";34;"Monthly";105.69;0;48.78;1;3593.46
"CUST-6328";"Male";"4. Unkownn/Missing";"West";17;"One year";65.0;0;81.69;0;1105.0
"CUST-6329";"Male";"3. Senior (51+)";"North";47;"Two year";40.51;3;52.58;0;1903.97
"CUST-6330";"Female";"3. Senior (51+)";"South";34;"Monthly";24.64;1;52.64;0;837.76
"CUST-6331";"Male";"1. Young Adult (18-30)";"South";36;"Monthly";26.72;0;49.15;0;961.92
"CUST-6332";"Female";"2. Adult (31-50)";"South";70;"Two year";23.65;0;78.47;0;1655.5
"CUST-6333";"Female";"2. Adult (31-50)";"West";44;"One year";46.53;7;39.54;0;2047.32
"CUST-6334";"Female";"2. Adult (31-50)";"West";2;"Monthly";54.26;0;59.34;1;108.52
"CUST-6335";"Male";"2. Adult (31-50)";"East";47;"Monthly";103.56;0;52.58;1;4867.32
"CUST-6336";"Male";"3. Senior (51+)";"North";46;"One year";52.44;0;51.24;0;2412.24
"CUST-6337";"Female";"3. Senior (51+)";"South";20;"Monthly";84.58;0;17.12;0;1691.6
"CUST-6338";"Male";"3. Senior (51+)";"East";10;"One year";40.95;1;47.69;0;409.5
"CUST-6339";"Male";"3. Senior (51+)";"West";60;"Two year";112.74;0;62.17;0;6764.4
"CUST-6340";"Male";"2. Adult (31-50)";"South";23;"Two year";42.25;3;56.11;0;971.75
"CUST-6341";"Non-binary";"3. Senior (51+)";"South";4;"Monthly";70.66;8;0.0;1;282.64
"CUST-6342";"Female";"2. Adult (31-50)";"North";13;"Monthly";103.4;0;10.1;1;1344.2
"CUST-6343";"Male";"1. Young Adult (18-30)";"North";22;"Monthly";119.31;0;68.84;0;2624.82
"CUST-6344";"Female";"2. Adult (31-50)";"North";59;"Monthly";64.32;0;52.99;1;3794.88
"CUST-6345";"Female";"3. Senior (51+)";"North";69;"One year";29.48;9;34.23;1;2034.12
"CUST-6346";"Non-binary";"3. Senior (51+)";"South";45;"Monthly";57.06;2;56.4;1;2567.7
"CUST-6347";"Male";"1. Young Adult (18-30)";"West";43;"Monthly";81.85;2;94.56;0;3519.55
"CUST-6348";"Female";"1. Young Adult (18-30)";"South";48;"Monthly";79.2;0;52.44;0;3801.6
"CUST-6349";"Male";"3. Senior (51+)";"West";41;"One year";71.97;0;51.63;0;2950.77
"CUST-6350";"Female";"1. Young Adult (18-30)";"East";68;"Monthly";33.53;0;44.78;1;2280.04
"CUST-6351";"Female";"3. Senior (51+)";"North";1;"Two year";84.67;3;43.21;0;84.67
"CUST-6352";"Female";"3. Senior (51+)";"South";56;"Monthly";29.63;6;15.93;1;1659.28
"CUST-6353";"Non-binary";"4. Unkownn/Missing";"North";58;"Monthly";119.35;0;56.15;0;6922.3
"CUST-6354";"Male";"3. Senior (51+)";"North";8;"Monthly";55.93;2;61.96;1;447.44
"CUST-6355";"Male";"3. Senior (51+)";"South";14;"Monthly";44.08;6;19.59;1;617.12
"CUST-6356";"Female";"2. Adult (31-50)";"North";40;"One year";99.04;3;45.96;0;3961.6
"CUST-6357";"Male";"2. Adult (31-50)";"East";7;"Monthly";78.21;0;95.07;0;547.47
"CUST-6358";"Female";"3. Senior (51+)";"South";59;"Monthly";102.53;0;52.17;1;6049.27
"CUST-6359";"Female";"3. Senior (51+)";"South";2;"One year";31.1;2;70.16;0;62.2
"CUST-6360";"Non-binary";"3. Senior (51+)";"West";43;"Monthly";46.92;3;53.15;1;2017.56
"CUST-6361";"Female";"1. Young Adult (18-30)";"West";32;"Monthly";56.79;0;51.91;0;1817.28
"CUST-6362";"Male";"2. Adult (31-50)";"South";25;"Monthly";83.57;3;57.71;1;2089.25
"CUST-6363";"Non-binary";"2. Adult (31-50)";"North";42;"Monthly";97.3;1;58.5;1;4086.6
"CUST-6364";"Non-binary";"3. Senior (51+)";"South";25;"One year";63.11;0;57.71;0;1577.75
"CUST-6365";"Male";"3. Senior (51+)";"North";68;"Monthly";70.43;3;23.71;0;4789.24
"CUST-6366";"Female";"1. Young Adult (18-30)";"North";11;"One year";104.81;0;99.54;0;1152.91
"CUST-6367";"Male";"3. Senior (51+)";"South";47;"Two year";76.65;0;52.58;0;3602.55
"CUST-6368";"Female";"2. Adult (31-50)";"North";9;"Monthly";78.73;1;58.05;1;708.57
"CUST-6369";"Female";"3. Senior (51+)";"West";32;"One year";111.99;1;58.6;0;3583.68
"CUST-6370";"Male";"3. Senior (51+)";"East";27;"One year";81.21;3;49.9;1;2192.67
"CUST-6371";"Male";"3. Senior (51+)";"East";47;"Monthly";26.8;3;46.1;0;1259.6
"CUST-6372";"Non-binary";"2. Adult (31-50)";"North";26;"One year";101.5;0;61.62;0;2639.0
"CUST-6373";"Male";"2. Adult (31-50)";"South";42;"Monthly";105.34;0;58.5;1;4424.28
"CUST-6374";"Female";"3. Senior (51+)";"West";0;"One year";35.9;3;44.44;0;0.0
"CUST-6375";"Male";"1. Young Adult (18-30)";"North";55;"Monthly";65.52;3;56.08;0;3603.6
"CUST-6376";"Male";"4. Unkownn/Missing";"West";11;"Two year";102.66;7;36.67;1;1129.26
"CUST-6377";"Female";"2. Adult (31-50)";"North";16;"Monthly";33.13;2;32.91;1;530.08
"CUST-6378";"Female";"2. Adult (31-50)";"West";6;"Two year";86.65;0;52.96;0;519.9
"CUST-6379";"Male";"1. Young Adult (18-30)";"South";23;"Monthly";110.06;0;56.11;1;2531.38
"CUST-6380";"Female";"3. Senior (51+)";"West";41;"Monthly";58.8;0;51.63;1;2410.8
"CUST-6381";"Female";"3. Senior (51+)";"North";48;"Two year";80.46;0;59.96;0;3862.08
"CUST-6382";"Female";"2. Adult (31-50)";"North";3;"Monthly";24.99;7;15.07;1;74.97
"CUST-6383";"Female";"3. Senior (51+)";"North";1;"Monthly";82.19;0;43.21;0;82.19
"CUST-6384";"Male";"4. Unkownn/Missing";"North";34;"One year";115.46;0;52.64;0;3925.64
"CUST-6385";"Male";"2. Adult (31-50)";"North";72;"Monthly";36.07;1;27.28;1;2597.04
"CUST-6386";"Male";"3. Senior (51+)";"North";6;"Two year";94.89;3;52.96;0;569.34
"CUST-6387";"Male";"1. Young Adult (18-30)";"South";61;"Monthly";48.78;8;13.26;1;2975.58
"CUST-6388";"Non-binary";"1. Young Adult (18-30)";"East";27;"One year";102.14;0;49.9;0;2757.78
"CUST-6389";"Male";"2. Adult (31-50)";"West";13;"Monthly";39.07;0;39.69;0;507.91
"CUST-6390";"Male";"3. Senior (51+)";"South";41;"Monthly";34.52;2;51.63;0;1415.32
"CUST-6391";"Male";"3. Senior (51+)";"North";65;"Monthly";34.74;0;10.08;1;2258.1
"CUST-6392";"Non-binary";"3. Senior (51+)";"East";39;"Two year";118.34;0;59.64;0;4615.26
"CUST-6393";"Male";"1. Young Adult (18-30)";"North";4;"Monthly";64.52;5;6.359999999999999;1;258.08
"CUST-6394";"Non-binary";"2. Adult (31-50)";"North";28;"Monthly";20.69;0;93.71;0;579.32
"CUST-6395";"Non-binary";"3. Senior (51+)";"West";55;"One year";71.55;0;56.08;0;3935.25
"CUST-6396";"Female";"2. Adult (31-50)";"North";53;"Two year";112.97;3;55.3;0;5987.41
"CUST-6397";"Female";"1. Young Adult (18-30)";"South";50;"Monthly";70.69;0;54.57;0;3534.5
"CUST-6398";"Non-binary";"1. Young Adult (18-30)";"West";52;"Monthly";92.85;0;54.79;1;4828.2
"CUST-6399";"Non-binary";"3. Senior (51+)";"East";31;"One year";72.61;2;98.94;0;2250.91
"CUST-6400";"Male";"3. Senior (51+)";"South";53;"Monthly";26.58;0;59.54;1;1408.74
"CUST-6401";"Female";"3. Senior (51+)";"West";58;"Monthly";97.16;3;56.15;1;5635.28
"CUST-6402";"Male";"4. Unkownn/Missing";"East";39;"Monthly";32.86;0;48.32;0;1281.54
"CUST-6403";"Female";"3. Senior (51+)";"West";31;"Monthly";100.83;2;51.61;0;3125.73
"CUST-6404";"Male";"4. Unkownn/Missing";"North";56;"Monthly";112.22;0;68.31;1;6284.32
"CUST-6405";"Non-binary";"1. Young Adult (18-30)";"South";64;"One year";27.69;0;49.79;0;1772.16
"CUST-6406";"Non-binary";"1. Young Adult (18-30)";"South";12;"Monthly";111.65;0;50.55;0;1339.8
"CUST-6407";"Female";"3. Senior (51+)";"North";53;"Monthly";114.75;2;89.61;1;6081.75
"CUST-6408";"Male";"2. Adult (31-50)";"East";6;"Monthly";111.02;1;52.96;0;666.12
"CUST-6409";"Male";"3. Senior (51+)";"West";19;"Monthly";102.72;7;19.85;1;1951.68
"CUST-6410";"Female";"3. Senior (51+)";"West";64;"Monthly";75.35;6;26.05;1;4822.4
"CUST-6411";"Non-binary";"4. Unkownn/Missing";"West";67;"Monthly";112.41;2;95.76;1;7531.47
"CUST-6412";"Male";"4. Unkownn/Missing";"West";61;"One year";29.21;0;84.95;0;1781.81
"CUST-6413";"Male";"2. Adult (31-50)";"South";69;"Monthly";91.26;0;58.37;0;6296.94
"CUST-6414";"Female";"3. Senior (51+)";"North";39;"Monthly";64.52;0;43.22;1;2516.28
"CUST-6415";"Male";"1. Young Adult (18-30)";"West";44;"Monthly";83.34;5;27.61;1;3666.96
"CUST-6416";"Male";"2. Adult (31-50)";"North";57;"Monthly";93.56;0;58.76;0;5332.92
"CUST-6417";"Female";"1. Young Adult (18-30)";"North";3;"Monthly";116.05;0;42.33;1;348.15
"CUST-6418";"Female";"4. Unkownn/Missing";"East";68;"Monthly";103.0;3;65.97;0;7004.0
"CUST-6419";"Male";"2. Adult (31-50)";"North";30;"One year";117.4;0;81.43;0;3522.0
"CUST-6420";"Male";"2. Adult (31-50)";"West";31;"Two year";33.21;0;51.61;0;1029.51
"CUST-6421";"Female";"1. Young Adult (18-30)";"North";41;"Monthly";20.93;1;75.0;0;858.13
"CUST-6422";"Male";"2. Adult (31-50)";"West";11;"One year";88.7;2;53.43;0;975.7
"CUST-6423";"Male";"3. Senior (51+)";"West";59;"Monthly";61.4;3;97.84;1;3622.6
"CUST-6424";"Male";"2. Adult (31-50)";"West";14;"Monthly";97.04;0;50.47;1;1358.56
"CUST-6425";"Female";"3. Senior (51+)";"North";54;"Monthly";74.42;0;46.04;0;4018.68
"CUST-6426";"Male";"1. Young Adult (18-30)";"West";17;"One year";116.78;2;86.87;1;1985.26
"CUST-6427";"Non-binary";"3. Senior (51+)";"North";27;"Monthly";104.27;0;20.44;1;2815.29
"CUST-6428";"Male";"2. Adult (31-50)";"South";24;"Monthly";28.33;3;75.16;1;679.92
"CUST-6429";"Female";"3. Senior (51+)";"South";27;"Monthly";70.2;3;49.9;1;1895.4
"CUST-6430";"Female";"3. Senior (51+)";"North";22;"Monthly";104.12;0;86.09;1;2290.64
"CUST-6431";"Non-binary";"3. Senior (51+)";"South";63;"Monthly";111.43;0;32.0;1;7020.09
"CUST-6432";"Male";"3. Senior (51+)";"West";67;"One year";119.61;1;52.82;0;8013.87
"CUST-6433";"Non-binary";"3. Senior (51+)";"West";52;"One year";60.26;0;54.79;0;3133.52
"CUST-6434";"Male";"3. Senior (51+)";"East";2;"One year";44.36;0;42.67;0;88.72
"CUST-6435";"Non-binary";"2. Adult (31-50)";"North";5;"Monthly";54.85;0;15.93;1;274.25
"CUST-6436";"Male";"3. Senior (51+)";"North";59;"One year";38.76;0;31.52;0;2286.84
"CUST-6437";"Non-binary";"4. Unkownn/Missing";"West";64;"Monthly";37.92;0;49.79;0;2426.88
"CUST-6438";"Female";"2. Adult (31-50)";"West";71;"Monthly";113.39;1;54.72;0;8050.69
"CUST-6439";"Female";"2. Adult (31-50)";"West";36;"Monthly";39.76;3;64.44;0;1431.36
"CUST-6440";"Female";"3. Senior (51+)";"North";65;"Monthly";61.01;9;30.02;1;3965.65
"CUST-6441";"Female";"1. Young Adult (18-30)";"North";71;"Monthly";46.18;3;54.72;0;3278.78
"CUST-6442";"Female";"1. Young Adult (18-30)";"South";36;"One year";99.83;0;49.15;0;3593.88
"CUST-6443";"Male";"2. Adult (31-50)";"West";14;"Two year";64.99;0;67.1;0;909.86
"CUST-6444";"Male";"2. Adult (31-50)";"West";53;"Monthly";85.08;2;97.59;0;4509.24
"CUST-6445";"Non-binary";"3. Senior (51+)";"South";49;"One year";95.31;0;54.7;1;4670.19
"CUST-6446";"Male";"4. Unkownn/Missing";"West";12;"Monthly";105.09;0;87.25;1;1261.08
"CUST-6447";"Female";"2. Adult (31-50)";"West";39;"Monthly";59.44;0;17.97;1;2318.16
"CUST-6448";"Male";"3. Senior (51+)";"South";5;"Monthly";61.24;0;80.87;1;306.2
"CUST-6449";"Male";"2. Adult (31-50)";"North";63;"Two year";115.06;0;85.36;0;7248.78
"CUST-6450";"Male";"2. Adult (31-50)";"North";3;"One year";48.28;1;42.33;0;144.84
"CUST-6451";"Female";"2. Adult (31-50)";"West";24;"Monthly";42.97;3;50.66;0;1031.28
"CUST-6452";"Female";"2. Adult (31-50)";"South";21;"Monthly";88.07;0;97.2;1;1849.47
"CUST-6453";"Female";"3. Senior (51+)";"North";56;"Monthly";64.46;0;63.17;0;3609.76
"CUST-6454";"Non-binary";"3. Senior (51+)";"South";46;"Monthly";110.35;0;51.24;0;5076.1
"CUST-6455";"Male";"1. Young Adult (18-30)";"North";67;"One year";58.51;10;15.69;1;3920.17
"CUST-6456";"Female";"3. Senior (51+)";"West";57;"One year";82.93;0;84.77;0;4727.01
"CUST-6457";"Non-binary";"3. Senior (51+)";"South";61;"Monthly";74.43;0;55.13;1;4540.23
"CUST-6458";"Male";"4. Unkownn/Missing";"West";21;"One year";74.3;1;55.93;0;1560.3
"CUST-6459";"Female";"3. Senior (51+)";"North";12;"Two year";37.47;2;66.94;0;449.64
"CUST-6460";"Non-binary";"3. Senior (51+)";"West";11;"Monthly";80.7;0;70.85;1;887.7
"CUST-6461";"Male";"3. Senior (51+)";"North";49;"Monthly";32.38;0;54.7;0;1586.62
"CUST-6462";"Female";"3. Senior (51+)";"South";71;"Two year";71.76;3;11.7;0;5094.96
"CUST-6463";"Female";"2. Adult (31-50)";"East";5;"Monthly";21.06;1;53.730000000000004;1;105.3
"CUST-6464";"Male";"3. Senior (51+)";"South";4;"Monthly";21.36;3;43.31;0;85.44
"CUST-6465";"Male";"2. Adult (31-50)";"North";51;"One year";106.98;9;35.6;0;5455.98
"CUST-6466";"Female";"2. Adult (31-50)";"North";70;"One year";98.72;3;66.23;0;6910.4
"CUST-6467";"Female";"2. Adult (31-50)";"South";33;"One year";47.81;2;54.53;0;1577.73
"CUST-6468";"Male";"1. Young Adult (18-30)";"South";55;"Two year";73.1;2;80.82;0;4020.5
"CUST-6469";"Female";"3. Senior (51+)";"North";21;"Monthly";40.41;2;77.04;1;848.61
"CUST-6470";"Male";"1. Young Adult (18-30)";"South";27;"Monthly";20.72;0;49.9;1;559.44
"CUST-6471";"Female";"2. Adult (31-50)";"West";20;"One year";96.79;0;97.88;1;1935.8
"CUST-6472";"Male";"3. Senior (51+)";"East";27;"One year";34.07;1;49.9;0;919.89
"CUST-6473";"Female";"3. Senior (51+)";"South";64;"Monthly";116.76;0;27.48;1;7472.64
"CUST-6474";"Non-binary";"3. Senior (51+)";"North";28;"One year";71.44;3;53.86;0;2000.32
"CUST-6475";"Male";"3. Senior (51+)";"South";11;"Two year";47.75;0;53.43;0;525.25
"CUST-6476";"Non-binary";"2. Adult (31-50)";"South";48;"Monthly";20.13;1;59.96;1;966.24
"CUST-6477";"Female";"1. Young Adult (18-30)";"West";70;"One year";24.69;0;58.23;0;1728.3
"CUST-6478";"Female";"1. Young Adult (18-30)";"South";27;"Monthly";70.37;0;20.53;0;1899.99
"CUST-6479";"Male";"3. Senior (51+)";"South";50;"Monthly";94.56;3;54.57;1;4728.0
"CUST-6480";"Female";"1. Young Adult (18-30)";"West";45;"One year";52.94;0;51.08;0;2382.3
"CUST-6481";"Female";"1. Young Adult (18-30)";"North";34;"Monthly";108.36;3;52.64;0;3684.24
"CUST-6482";"Female";"1. Young Adult (18-30)";"West";30;"Monthly";108.52;0;68.45;1;3255.6
"CUST-6483";"Male";"3. Senior (51+)";"North";15;"Monthly";58.13;0;53.77;0;871.95
"CUST-6484";"Female";"3. Senior (51+)";"East";17;"Monthly";28.8;0;86.62;0;489.6
"CUST-6485";"Non-binary";"3. Senior (51+)";"North";27;"One year";59.84;0;49.9;0;1615.68
"CUST-6486";"Male";"1. Young Adult (18-30)";"South";22;"Two year";35.56;0;68.05;0;782.32
"CUST-6487";"Male";"3. Senior (51+)";"East";18;"Monthly";69.24;0;31.28;1;1246.32
"CUST-6488";"Female";"3. Senior (51+)";"East";11;"Two year";80.11;3;53.43;0;881.21
"CUST-6489";"Male";"2. Adult (31-50)";"East";36;"Monthly";43.08;3;43.16;0;1550.88
"CUST-6490";"Non-binary";"3. Senior (51+)";"East";21;"Two year";27.03;0;55.93;0;567.63
"CUST-6491";"Female";"1. Young Adult (18-30)";"West";59;"Monthly";114.64;3;78.46;1;6763.76
"CUST-6492";"Male";"3. Senior (51+)";"South";41;"Monthly";64.36;0;51.63;1;2638.76
"CUST-6493";"Male";"3. Senior (51+)";"East";25;"Monthly";61.74;0;13.11;0;1543.5
"CUST-6494";"Male";"2. Adult (31-50)";"North";23;"One year";70.9;0;37.37;0;1630.7
"CUST-6495";"Female";"3. Senior (51+)";"South";48;"Monthly";68.62;9;27.56;1;3293.76
"CUST-6496";"Female";"2. Adult (31-50)";"North";47;"Monthly";45.2;0;52.58;0;2124.4
"CUST-6497";"Male";"1. Young Adult (18-30)";"South";18;"Two year";78.37;0;65.83;1;1410.66
"CUST-6498";"Male";"1. Young Adult (18-30)";"South";55;"Monthly";96.77;1;79.1;0;5322.35
"CUST-6499";"Female";"3. Senior (51+)";"West";3;"Monthly";60.2;0;42.33;0;180.6
"CUST-6500";"Male";"2. Adult (31-50)";"North";28;"One year";86.76;0;53.86;0;2429.28
"CUST-6501";"Female";"1. Young Adult (18-30)";"South";38;"Two year";83.75;0;61.05;0;3182.5
"CUST-6502";"Female";"3. Senior (51+)";"North";40;"Monthly";28.59;3;54.99;0;1143.6
"CUST-6503";"Female";"3. Senior (51+)";"West";72;"Monthly";54.48;2;54.68;1;3922.56
"CUST-6504";"Non-binary";"3. Senior (51+)";"North";60;"Two year";20.14;1;57.22;0;1208.4
"CUST-6505";"Male";"3. Senior (51+)";"North";19;"One year";38.37;1;53.38;0;729.03
"CUST-6506";"Male";"2. Adult (31-50)";"West";49;"One year";87.37;2;88.11;0;4281.13
"CUST-6507";"Male";"2. Adult (31-50)";"East";20;"Monthly";58.3;0;53.01;1;1166.0
"CUST-6508";"Male";"1. Young Adult (18-30)";"South";6;"Monthly";28.08;2;89.72;1;168.48
"CUST-6509";"Female";"2. Adult (31-50)";"North";6;"Monthly";118.08;0;32.47;1;708.48
"CUST-6510";"Female";"2. Adult (31-50)";"North";23;"One year";94.15;0;56.11;0;2165.45
"CUST-6511";"Female";"3. Senior (51+)";"North";56;"Two year";94.55;0;63.17;0;5294.8
"CUST-6512";"Non-binary";"1. Young Adult (18-30)";"North";2;"One year";31.18;2;42.67;0;62.36
"CUST-6513";"Non-binary";"2. Adult (31-50)";"South";70;"Two year";107.29;0;72.58;1;7510.3
"CUST-6514";"Non-binary";"4. Unkownn/Missing";"West";42;"Monthly";24.2;0;58.5;1;1016.4
"CUST-6515";"Male";"3. Senior (51+)";"North";47;"Monthly";108.14;3;53.71;1;5082.58
"CUST-6516";"Male";"1. Young Adult (18-30)";"South";69;"Two year";56.17;0;57.1;0;3875.73
"CUST-6517";"Female";"1. Young Adult (18-30)";"North";56;"Two year";93.45;0;63.17;0;5233.2
"CUST-6518";"Non-binary";"1. Young Adult (18-30)";"South";62;"Monthly";92.66;0;55.25;0;5744.92
"CUST-6519";"Male";"3. Senior (51+)";"North";44;"One year";98.54;0;56.45;0;4335.76
"CUST-6520";"Male";"2. Adult (31-50)";"North";4;"Monthly";31.03;0;43.31;0;124.12
"CUST-6521";"Male";"1. Young Adult (18-30)";"West";0;"Monthly";39.52;0;44.44;1;0.0
"CUST-6522";"Non-binary";"3. Senior (51+)";"South";6;"Monthly";119.07;1;52.96;1;714.42
"CUST-6523";"Female";"2. Adult (31-50)";"West";48;"Two year";20.03;0;59.96;0;961.44
"CUST-6524";"Female";"4. Unkownn/Missing";"South";61;"Monthly";65.68;1;55.13;1;4006.48
"CUST-6525";"Male";"2. Adult (31-50)";"West";9;"Monthly";23.9;0;87.23;0;215.1
"CUST-6526";"Female";"3. Senior (51+)";"South";47;"Two year";42.75;2;52.58;0;2009.25
"CUST-6527";"Non-binary";"4. Unkownn/Missing";"North";57;"Two year";49.2;0;58.76;0;2804.4
"CUST-6528";"Female";"2. Adult (31-50)";"East";4;"Monthly";30.23;2;43.31;1;120.92
"CUST-6529";"Male";"3. Senior (51+)";"North";14;"Monthly";119.32;5;15.25;1;1670.48
"CUST-6530";"Male";"3. Senior (51+)";"East";6;"One year";79.0;0;10.56;0;474.0
"CUST-6531";"Female";"2. Adult (31-50)";"West";69;"One year";66.98;2;57.1;0;4621.62
"CUST-6532";"Female";"2. Adult (31-50)";"West";68;"One year";32.76;9;39.03;0;2227.68
"CUST-6533";"Female";"2. Adult (31-50)";"East";22;"Monthly";35.16;2;73.56;1;773.52
"CUST-6534";"Female";"3. Senior (51+)";"North";44;"Monthly";99.1;0;29.65;1;4360.4
"CUST-6535";"Female";"2. Adult (31-50)";"West";11;"Monthly";50.1;0;56.15;1;551.1
"CUST-6536";"Male";"1. Young Adult (18-30)";"North";20;"One year";47.29;0;53.01;0;945.8
"CUST-6537";"Male";"2. Adult (31-50)";"West";33;"Monthly";66.15;0;54.53;0;2182.95
"CUST-6538";"Female";"2. Adult (31-50)";"North";21;"Monthly";74.64;1;55.93;1;1567.44
"CUST-6539";"Female";"3. Senior (51+)";"South";32;"One year";56.17;0;51.91;0;1797.44
"CUST-6540";"Female";"2. Adult (31-50)";"North";67;"One year";31.67;0;43.26;0;2121.89
"CUST-6541";"Male";"2. Adult (31-50)";"North";8;"Two year";92.65;0;56.44;0;741.2
"CUST-6542";"Male";"1. Young Adult (18-30)";"West";39;"Monthly";83.4;0;59.64;0;3252.6
"CUST-6543";"Male";"2. Adult (31-50)";"East";48;"Monthly";77.75;3;33.62;1;3732.0
"CUST-6544";"Non-binary";"3. Senior (51+)";"East";20;"Monthly";60.78;2;53.01;0;1215.6
"CUST-6545";"Male";"1. Young Adult (18-30)";"North";39;"Monthly";30.23;0;59.64;0;1178.97
"CUST-6546";"Female";"3. Senior (51+)";"East";51;"One year";57.23;0;57.9;0;2918.73
"CUST-6547";"Female";"3. Senior (51+)";"North";4;"Monthly";36.27;0;43.31;1;145.08
"CUST-6548";"Male";"3. Senior (51+)";"South";14;"Monthly";93.65;0;28.5;1;1311.1
"CUST-6549";"Non-binary";"3. Senior (51+)";"South";52;"One year";116.37;0;10.68;1;6051.24
"CUST-6550";"Female";"2. Adult (31-50)";"North";10;"Two year";88.77;1;47.69;1;887.7
"CUST-6551";"Male";"3. Senior (51+)";"West";0;"Two year";58.8;0;44.44;0;0.0
"CUST-6552";"Non-binary";"4. Unkownn/Missing";"West";26;"One year";92.14;0;61.62;0;2395.64
"CUST-6553";"Male";"1. Young Adult (18-30)";"East";60;"Two year";69.83;0;99.71;0;4189.8
"CUST-6554";"Male";"4. Unkownn/Missing";"South";34;"Two year";116.03;2;75.14;0;3945.02
"CUST-6555";"Non-binary";"1. Young Adult (18-30)";"West";40;"Two year";36.66;0;54.99;0;1466.4
"CUST-6556";"Female";"2. Adult (31-50)";"South";62;"Two year";107.78;2;83.43;0;6682.36
"CUST-6557";"Female";"4. Unkownn/Missing";"South";14;"Monthly";84.49;0;69.46;1;1182.86
"CUST-6558";"Male";"2. Adult (31-50)";"West";72;"Monthly";103.45;0;54.68;1;7448.4
"CUST-6559";"Female";"3. Senior (51+)";"South";6;"One year";101.86;2;52.96;0;611.16
"CUST-6560";"Non-binary";"2. Adult (31-50)";"West";55;"Monthly";90.68;0;80.43;1;4987.4
"CUST-6561";"Female";"2. Adult (31-50)";"East";3;"Monthly";26.04;1;84.18;0;78.12
"CUST-6562";"Male";"2. Adult (31-50)";"West";41;"Monthly";91.41;6;11.12;1;3747.81
"CUST-6563";"Male";"2. Adult (31-50)";"North";17;"Monthly";105.27;0;56.0;0;1789.59
"CUST-6564";"Female";"2. Adult (31-50)";"West";9;"One year";111.6;0;38.59;0;1004.4
"CUST-6565";"Female";"2. Adult (31-50)";"North";68;"Monthly";23.85;2;57.81;1;1621.8
"CUST-6566";"Female";"2. Adult (31-50)";"North";40;"Two year";77.56;0;54.99;0;3102.4
"CUST-6567";"Female";"1. Young Adult (18-30)";"West";35;"Two year";68.85;0;22.49;1;2409.75
"CUST-6568";"Male";"3. Senior (51+)";"North";67;"One year";64.35;3;88.57;0;4311.45
"CUST-6569";"Male";"3. Senior (51+)";"East";26;"Two year";39.04;0;61.62;0;1015.04
"CUST-6570";"Male";"3. Senior (51+)";"South";5;"Monthly";27.8;0;83.37;1;139.0
"CUST-6571";"Male";"2. Adult (31-50)";"South";11;"One year";79.51;0;53.43;0;874.61
"CUST-6572";"Non-binary";"3. Senior (51+)";"West";67;"Two year";94.37;0;45.53;0;6322.79
"CUST-6573";"Male";"2. Adult (31-50)";"North";1;"Two year";37.02;3;84.47;1;37.02
"CUST-6574";"Male";"3. Senior (51+)";"South";1;"Two year";88.46;0;43.21;0;88.46
"CUST-6575";"Female";"3. Senior (51+)";"South";23;"Two year";41.31;3;56.11;0;950.13
"CUST-6576";"Female";"3. Senior (51+)";"West";6;"Two year";97.9;0;45.19;0;587.4
"CUST-6577";"Non-binary";"3. Senior (51+)";"South";53;"One year";26.61;0;67.04;0;1410.33
"CUST-6578";"Female";"1. Young Adult (18-30)";"North";33;"Monthly";71.03;0;36.32;0;2343.99
"CUST-6579";"Male";"3. Senior (51+)";"South";60;"Monthly";106.3;0;26.73;1;6378.0
"CUST-6580";"Non-binary";"4. Unkownn/Missing";"North";71;"Two year";75.71;0;54.72;0;5375.41
"CUST-6581";"Female";"1. Young Adult (18-30)";"West";10;"Monthly";51.13;0;93.17;1;511.3
"CUST-6582";"Female";"3. Senior (51+)";"West";17;"One year";88.69;0;56.0;0;1507.73
"CUST-6583";"Female";"3. Senior (51+)";"West";69;"Two year";91.72;0;57.1;0;6328.68
"CUST-6584";"Female";"1. Young Adult (18-30)";"North";2;"Monthly";93.87;0;71.62;0;187.74
"CUST-6585";"Male";"1. Young Adult (18-30)";"North";30;"One year";87.01;1;57.44;0;2610.3
"CUST-6586";"Non-binary";"3. Senior (51+)";"North";66;"One year";58.39;2;54.86;0;3853.74
"CUST-6587";"Female";"2. Adult (31-50)";"North";14;"One year";45.93;0;75.88;0;643.02
"CUST-6588";"Male";"3. Senior (51+)";"West";11;"One year";85.95;0;42.67;0;945.45
"CUST-6589";"Male";"1. Young Adult (18-30)";"South";2;"One year";69.93;0;42.67;0;139.86
"CUST-6590";"Female";"3. Senior (51+)";"South";56;"Monthly";84.7;1;76.09;0;4743.2
"CUST-6591";"Male";"1. Young Adult (18-30)";"North";45;"Monthly";21.33;0;85.67;0;959.85
"CUST-6592";"Non-binary";"3. Senior (51+)";"North";30;"Monthly";65.76;3;57.44;1;1972.8
"CUST-6593";"Female";"3. Senior (51+)";"West";7;"One year";25.66;1;97.63;0;179.62
"CUST-6594";"Male";"1. Young Adult (18-30)";"West";56;"Monthly";24.29;3;81.61;1;1360.24
"CUST-6595";"Male";"2. Adult (31-50)";"East";49;"Monthly";23.27;0;69.05;1;1140.23
"CUST-6596";"Female";"1. Young Adult (18-30)";"South";64;"Two year";50.11;0;54.48;1;3207.04
"CUST-6597";"Non-binary";"1. Young Adult (18-30)";"South";34;"One year";77.55;0;99.05;0;2636.7
"CUST-6598";"Male";"1. Young Adult (18-30)";"East";51;"Monthly";34.81;0;77.87;0;1775.31
"CUST-6599";"Female";"3. Senior (51+)";"North";57;"Monthly";46.91;0;58.76;0;2673.87
"CUST-6600";"Non-binary";"2. Adult (31-50)";"South";67;"Monthly";68.68;0;52.82;0;4601.56
"CUST-6601";"Male";"3. Senior (51+)";"South";70;"One year";61.99;0;40.51;0;4339.3
"CUST-6602";"Non-binary";"3. Senior (51+)";"West";15;"Monthly";106.52;2;24.1;1;1597.8
"CUST-6603";"Male";"1. Young Adult (18-30)";"North";23;"One year";65.49;2;56.02;0;1506.27
"CUST-6604";"Male";"1. Young Adult (18-30)";"North";36;"Monthly";28.65;0;33.25;1;1031.4
"CUST-6605";"Male";"3. Senior (51+)";"South";15;"Two year";80.44;3;53.77;0;1206.6
"CUST-6606";"Female";"3. Senior (51+)";"North";47;"Monthly";90.68;0;96.6;0;4261.96
"CUST-6607";"Male";"1. Young Adult (18-30)";"South";16;"Monthly";92.09;0;57.1;0;1473.44
"CUST-6608";"Female";"2. Adult (31-50)";"West";23;"Monthly";54.02;1;47.01;0;1242.46
"CUST-6609";"Male";"3. Senior (51+)";"West";70;"Monthly";50.28;0;87.17;0;3519.6
"CUST-6610";"Female";"3. Senior (51+)";"North";34;"Two year";46.02;0;52.64;0;1564.68
"CUST-6611";"Male";"3. Senior (51+)";"East";29;"One year";28.84;0;55.42;0;836.36
"CUST-6612";"Male";"1. Young Adult (18-30)";"West";25;"Monthly";30.37;0;57.71;0;759.25
"CUST-6613";"Male";"3. Senior (51+)";"East";5;"Monthly";100.99;3;39.54;1;504.95
"CUST-6614";"Male";"2. Adult (31-50)";"North";33;"Monthly";61.31;0;94.82;0;2023.23
"CUST-6615";"Male";"3. Senior (51+)";"South";40;"Monthly";64.27;2;54.99;1;2570.8
"CUST-6616";"Male";"3. Senior (51+)";"South";42;"Monthly";30.14;0;87.46;0;1265.88
"CUST-6617";"Female";"1. Young Adult (18-30)";"North";35;"One year";41.74;0;56.85;0;1460.9
"CUST-6618";"Male";"3. Senior (51+)";"North";36;"Monthly";82.53;0;56.54;0;2971.08
"CUST-6619";"Female";"1. Young Adult (18-30)";"West";8;"Two year";63.55;2;79.77;0;508.4
"CUST-6620";"Female";"1. Young Adult (18-30)";"West";7;"Monthly";27.06;0;59.79;0;189.42
"CUST-6621";"Male";"1. Young Adult (18-30)";"West";24;"One year";35.77;3;50.66;0;858.48
"CUST-6622";"Female";"3. Senior (51+)";"West";0;"Monthly";53.49;0;79.53;1;0.0
"CUST-6623";"Male";"3. Senior (51+)";"West";12;"Monthly";92.48;0;54.82;0;1109.76
"CUST-6624";"Female";"3. Senior (51+)";"South";12;"Monthly";37.98;0;54.82;0;455.76
"CUST-6625";"Female";"3. Senior (51+)";"North";6;"Two year";60.08;0;52.96;0;360.48
"CUST-6626";"Female";"2. Adult (31-50)";"West";70;"Two year";98.54;2;58.23;0;6897.8
"CUST-6627";"Male";"3. Senior (51+)";"South";6;"Monthly";116.56;0;32.43;1;699.36
"CUST-6628";"Male";"2. Adult (31-50)";"South";69;"Monthly";112.12;0;57.1;1;7736.28
"CUST-6629";"Non-binary";"3. Senior (51+)";"North";1;"One year";95.34;0;5.260000000000002;1;95.34
"CUST-6630";"Female";"2. Adult (31-50)";"East";54;"Two year";40.07;0;63.64;0;2163.78
"CUST-6631";"Male";"1. Young Adult (18-30)";"North";23;"One year";58.71;0;56.11;0;1350.33
"CUST-6632";"Female";"3. Senior (51+)";"North";72;"Two year";82.46;0;54.68;0;5937.12
"CUST-6633";"Female";"3. Senior (51+)";"West";48;"Two year";116.95;3;59.96;0;5613.6
"CUST-6634";"Female";"2. Adult (31-50)";"West";60;"Monthly";85.02;0;75.26;1;5101.2
"CUST-6635";"Non-binary";"2. Adult (31-50)";"South";47;"Monthly";24.27;0;52.58;0;1140.69
"CUST-6636";"Male";"1. Young Adult (18-30)";"West";39;"One year";88.53;2;56.88;0;3452.67
"CUST-6637";"Female";"1. Young Adult (18-30)";"North";1;"Two year";90.3;0;43.21;0;90.3
"CUST-6638";"Female";"2. Adult (31-50)";"South";43;"One year";77.24;1;59.9;0;3321.32
"CUST-6639";"Female";"3. Senior (51+)";"East";21;"One year";65.06;0;34.73;1;1366.26
"CUST-6640";"Female";"2. Adult (31-50)";"West";30;"One year";54.93;0;57.44;0;1647.9
"CUST-6641";"Male";"3. Senior (51+)";"South";55;"Monthly";69.64;3;51.41;1;3830.2
"CUST-6642";"Non-binary";"2. Adult (31-50)";"South";45;"One year";31.0;0;45.65;1;1395.0
"CUST-6643";"Non-binary";"3. Senior (51+)";"North";63;"Monthly";107.92;0;54.89;0;6798.96
"CUST-6644";"Non-binary";"3. Senior (51+)";"South";32;"Monthly";109.95;1;49.54;1;3518.4
"CUST-6645";"Male";"2. Adult (31-50)";"North";30;"Two year";56.7;1;57.44;0;1701.0
"CUST-6646";"Female";"1. Young Adult (18-30)";"North";14;"Two year";69.46;0;50.47;0;972.44
"CUST-6647";"Non-binary";"2. Adult (31-50)";"South";72;"Monthly";111.5;0;54.68;1;8028.0
"CUST-6648";"Male";"2. Adult (31-50)";"South";58;"Monthly";73.96;5;19.95;1;4289.68
"CUST-6649";"Male";"2. Adult (31-50)";"East";14;"Monthly";114.43;1;53.58;1;1602.02
"CUST-6650";"Male";"3. Senior (51+)";"West";70;"Monthly";48.99;2;71.7;1;3429.3
"CUST-6651";"Male";"3. Senior (51+)";"South";23;"Two year";104.03;0;54.18;0;2392.69
"CUST-6652";"Non-binary";"2. Adult (31-50)";"North";39;"One year";104.52;3;63.85;0;4076.28
"CUST-6653";"Male";"1. Young Adult (18-30)";"West";43;"One year";40.89;0;38.99;0;1758.27
"CUST-6654";"Female";"1. Young Adult (18-30)";"West";12;"Monthly";99.49;0;83.88;1;1193.88
"CUST-6655";"Female";"3. Senior (51+)";"West";10;"Monthly";38.81;2;47.69;0;388.1
"CUST-6656";"Female";"2. Adult (31-50)";"West";70;"One year";113.97;0;17.89;1;7977.9
"CUST-6657";"Non-binary";"3. Senior (51+)";"South";51;"One year";60.01;0;57.9;0;3060.51
"CUST-6658";"Male";"3. Senior (51+)";"West";26;"Monthly";46.15;1;67.33;0;1199.9
"CUST-6659";"Non-binary";"1. Young Adult (18-30)";"West";68;"Monthly";109.55;3;22.46;1;7449.4
"CUST-6660";"Non-binary";"2. Adult (31-50)";"North";49;"Monthly";88.11;9;36.4;1;4317.39
"CUST-6661";"Non-binary";"3. Senior (51+)";"South";58;"Two year";25.36;0;56.15;0;1470.88
"CUST-6662";"Non-binary";"1. Young Adult (18-30)";"East";20;"Monthly";83.85;3;43.86;1;1677.0
"CUST-6663";"Female";"1. Young Adult (18-30)";"North";12;"One year";119.72;2;58.4;1;1436.64
"CUST-6664";"Male";"3. Senior (51+)";"South";58;"Monthly";113.9;0;56.15;1;6606.2
"CUST-6665";"Female";"3. Senior (51+)";"West";31;"Two year";36.13;0;51.61;1;1120.03
"CUST-6666";"Female";"2. Adult (31-50)";"South";52;"One year";116.88;3;19.88;1;6077.76
"CUST-6667";"Male";"3. Senior (51+)";"North";15;"Monthly";30.57;6;28.45;1;458.55
"CUST-6668";"Female";"3. Senior (51+)";"West";5;"Monthly";66.17;1;50.19;1;330.85
"CUST-6669";"Non-binary";"2. Adult (31-50)";"East";65;"Monthly";36.54;0;46.01;0;2375.1
"CUST-6670";"Female";"2. Adult (31-50)";"North";22;"Two year";89.43;0;98.27;0;1967.46
"CUST-6671";"Male";"3. Senior (51+)";"South";67;"Monthly";118.9;0;52.82;1;7966.3
"CUST-6672";"Male";"2. Adult (31-50)";"West";14;"One year";58.46;0;50.47;0;818.44
"CUST-6673";"Male";"2. Adult (31-50)";"North";60;"One year";88.84;0;57.22;0;5330.4
"CUST-6674";"Male";"3. Senior (51+)";"South";62;"One year";100.63;1;50.7;0;6239.06
"CUST-6675";"Female";"3. Senior (51+)";"West";69;"Monthly";60.1;0;69.78;0;4146.9
"CUST-6676";"Non-binary";"1. Young Adult (18-30)";"South";2;"Two year";26.58;9;15.559999999999999;0;53.16
"CUST-6677";"Female";"3. Senior (51+)";"North";31;"One year";75.66;0;51.61;0;2345.46
"CUST-6678";"Female";"2. Adult (31-50)";"North";33;"Monthly";117.65;0;59.83;1;3882.45
"CUST-6679";"Non-binary";"2. Adult (31-50)";"West";17;"One year";33.26;2;56.0;0;565.42
"CUST-6680";"Male";"3. Senior (51+)";"North";59;"Monthly";104.65;1;50.64;1;6174.35
"CUST-6681";"Male";"3. Senior (51+)";"North";47;"Monthly";92.53;3;52.58;1;4348.91
"CUST-6682";"Female";"2. Adult (31-50)";"South";54;"Monthly";96.62;0;26.78;1;5217.48
"CUST-6683";"Male";"2. Adult (31-50)";"West";46;"Monthly";32.96;0;66.13;0;1516.16
"CUST-6684";"Male";"1. Young Adult (18-30)";"South";18;"Monthly";41.17;0;51.92;1;741.06
"CUST-6685";"Male";"1. Young Adult (18-30)";"East";57;"Monthly";31.74;0;56.2;1;1809.18
"CUST-6686";"Male";"1. Young Adult (18-30)";"South";72;"Monthly";106.05;0;79.74;1;7635.6
"CUST-6687";"Non-binary";"3. Senior (51+)";"East";49;"Two year";112.23;0;68.5;0;5499.27
"CUST-6688";"Female";"3. Senior (51+)";"West";72;"One year";58.07;1;69.13;0;4181.04
"CUST-6689";"Male";"2. Adult (31-50)";"West";27;"Monthly";58.51;3;45.65;1;1579.77
"CUST-6690";"Female";"1. Young Adult (18-30)";"West";16;"Monthly";112.68;0;74.2;1;1802.88
"CUST-6691";"Female";"3. Senior (51+)";"East";63;"Monthly";51.14;3;54.89;1;3221.82
"CUST-6692";"Male";"1. Young Adult (18-30)";"North";3;"Monthly";80.9;0;42.33;0;242.7
"CUST-6693";"Male";"3. Senior (51+)";"East";44;"Monthly";75.12;0;63.04;0;3305.28
"CUST-6694";"Male";"3. Senior (51+)";"West";62;"One year";108.75;1;81.83;1;6742.5
"CUST-6695";"Female";"1. Young Adult (18-30)";"North";59;"Two year";85.55;0;50.64;0;5047.45
"CUST-6696";"Male";"3. Senior (51+)";"North";30;"Two year";20.16;0;19.17;0;604.8
"CUST-6697";"Non-binary";"3. Senior (51+)";"South";21;"Two year";96.04;2;55.93;0;2016.84
"CUST-6698";"Non-binary";"3. Senior (51+)";"West";66;"Monthly";95.91;0;49.2;0;6330.06
"CUST-6699";"Female";"3. Senior (51+)";"North";62;"Two year";117.64;0;71.64;0;7293.68
"CUST-6700";"Non-binary";"3. Senior (51+)";"East";22;"One year";86.5;4;38.98;0;1903.0
"CUST-6701";"Non-binary";"4. Unkownn/Missing";"South";31;"Monthly";84.56;0;34.11;1;2621.36
"CUST-6702";"Male";"1. Young Adult (18-30)";"West";64;"Monthly";115.36;3;85.65;1;7383.04
"CUST-6703";"Male";"3. Senior (51+)";"South";30;"Monthly";40.46;0;57.44;1;1213.8
"CUST-6704";"Female";"3. Senior (51+)";"East";19;"Monthly";41.42;6;33.58;1;786.98
"CUST-6705";"Female";"3. Senior (51+)";"East";61;"Monthly";46.95;0;55.13;1;2863.95
"CUST-6706";"Female";"3. Senior (51+)";"West";69;"Monthly";27.43;0;49.52;1;1892.67
"CUST-6707";"Female";"1. Young Adult (18-30)";"West";70;"One year";109.4;0;33.46;0;7658.0
"CUST-6708";"Non-binary";"1. Young Adult (18-30)";"North";40;"One year";42.71;0;54.99;0;1708.4
"CUST-6709";"Male";"3. Senior (51+)";"East";12;"Two year";53.89;0;54.82;0;646.68
"CUST-6710";"Non-binary";"3. Senior (51+)";"West";10;"Monthly";101.46;2;47.69;1;1014.6
"CUST-6711";"Male";"3. Senior (51+)";"East";11;"Monthly";112.48;2;53.43;1;1237.28
"CUST-6712";"Female";"3. Senior (51+)";"South";19;"Two year";116.25;3;55.11;0;2208.75
"CUST-6713";"Male";"3. Senior (51+)";"North";67;"Monthly";58.17;0;52.82;0;3897.39
"CUST-6714";"Male";"2. Adult (31-50)";"South";48;"Two year";41.77;3;59.96;0;2004.96
"CUST-6715";"Female";"4. Unkownn/Missing";"North";70;"Two year";92.25;3;58.23;1;6457.5
"CUST-6716";"Male";"1. Young Adult (18-30)";"South";55;"Monthly";27.66;1;32.91;1;1521.3
"CUST-6717";"Male";"2. Adult (31-50)";"West";44;"One year";72.3;0;56.45;0;3181.2
"CUST-6718";"Female";"1. Young Adult (18-30)";"East";18;"One year";77.87;0;51.92;0;1401.66
"CUST-6719";"Male";"1. Young Adult (18-30)";"East";0;"Monthly";20.83;1;44.44;0;0.0
"CUST-6720";"Female";"2. Adult (31-50)";"West";20;"Monthly";107.32;2;53.01;1;2146.4
"CUST-6721";"Female";"3. Senior (51+)";"South";7;"Monthly";23.91;0;69.59;0;167.37
"CUST-6722";"Non-binary";"4. Unkownn/Missing";"South";53;"One year";95.91;0;55.3;0;5083.23
"CUST-6723";"Male";"1. Young Adult (18-30)";"North";41;"One year";38.82;3;73.03;0;1591.62
"CUST-6724";"Female";"3. Senior (51+)";"South";67;"Two year";43.17;0;52.82;0;2892.39
"CUST-6725";"Female";"3. Senior (51+)";"North";67;"Monthly";32.33;0;52.82;0;2166.11
"CUST-6726";"Male";"1. Young Adult (18-30)";"West";27;"Monthly";88.42;0;60.95;0;2387.34
"CUST-6727";"Male";"3. Senior (51+)";"South";17;"Two year";54.46;3;56.0;1;925.82
"CUST-6728";"Non-binary";"1. Young Adult (18-30)";"South";0;"One year";43.8;4;6.07;0;0.0
"CUST-6729";"Male";"2. Adult (31-50)";"East";24;"One year";58.92;0;79.09;0;1414.08
"CUST-6730";"Female";"3. Senior (51+)";"North";37;"Monthly";23.84;0;35.48;0;882.08
"CUST-6731";"Female";"3. Senior (51+)";"West";63;"Monthly";60.53;0;54.89;0;3813.39
"CUST-6732";"Female";"3. Senior (51+)";"South";59;"One year";95.03;0;50.64;0;5606.77
"CUST-6733";"Female";"3. Senior (51+)";"East";1;"Two year";59.34;0;1.8299999999999983;0;59.34
"CUST-6734";"Male";"3. Senior (51+)";"South";17;"Monthly";33.94;0;63.62;0;576.98
"CUST-6735";"Non-binary";"1. Young Adult (18-30)";"West";46;"Monthly";119.65;0;35.31;0;5503.9
"CUST-6736";"Non-binary";"3. Senior (51+)";"West";42;"Monthly";109.12;0;58.5;0;4583.04
"CUST-6737";"Male";"2. Adult (31-50)";"North";47;"Monthly";100.86;0;51.8;1;4740.42
"CUST-6738";"Female";"1. Young Adult (18-30)";"North";65;"Monthly";69.1;0;44.09;0;4491.5
"CUST-6739";"Female";"3. Senior (51+)";"North";23;"Monthly";83.75;0;56.11;1;1926.25
"CUST-6740";"Female";"1. Young Adult (18-30)";"East";63;"Monthly";82.28;3;54.89;1;5183.64
"CUST-6741";"Male";"3. Senior (51+)";"West";26;"Monthly";64.16;0;30.07;1;1668.16
"CUST-6742";"Male";"3. Senior (51+)";"West";4;"One year";88.18;0;43.31;0;352.72
"CUST-6743";"Female";"3. Senior (51+)";"West";33;"Monthly";63.08;0;54.53;1;2081.64
"CUST-6744";"Female";"2. Adult (31-50)";"East";44;"One year";66.71;0;55.72;0;2935.24
"CUST-6745";"Female";"3. Senior (51+)";"North";50;"Monthly";61.24;1;54.57;0;3062.0
"CUST-6746";"Female";"1. Young Adult (18-30)";"North";62;"Two year";115.21;1;52.93;0;7143.02
"CUST-6747";"Male";"2. Adult (31-50)";"South";64;"One year";48.88;0;49.79;0;3128.32
"CUST-6748";"Female";"3. Senior (51+)";"West";57;"Monthly";61.67;0;87.44;0;3515.19
"CUST-6749";"Male";"2. Adult (31-50)";"South";43;"One year";105.95;0;53.15;0;4555.85
"CUST-6750";"Male";"3. Senior (51+)";"South";60;"Two year";93.79;1;50.57;1;5627.4
"CUST-6751";"Non-binary";"3. Senior (51+)";"South";45;"Two year";52.9;4;16.77;0;2380.5
"CUST-6752";"Male";"3. Senior (51+)";"North";8;"Monthly";28.47;2;56.44;1;227.76
"CUST-6753";"Female";"2. Adult (31-50)";"North";65;"Two year";104.32;0;55.95;0;6780.8
"CUST-6754";"Female";"3. Senior (51+)";"South";14;"Two year";29.46;0;50.47;0;412.44
"CUST-6755";"Male";"2. Adult (31-50)";"West";47;"Monthly";72.91;0;52.58;0;3426.77
"CUST-6756";"Non-binary";"1. Young Adult (18-30)";"West";56;"Monthly";92.97;0;63.17;0;5206.32
"CUST-6757";"Female";"1. Young Adult (18-30)";"South";67;"One year";114.37;0;52.82;0;7662.79
"CUST-6758";"Female";"2. Adult (31-50)";"North";41;"Monthly";85.36;0;50.66;1;3499.76
"CUST-6759";"Female";"1. Young Adult (18-30)";"South";24;"Monthly";65.36;0;80.36;0;1568.64
"CUST-6760";"Male";"2. Adult (31-50)";"West";27;"Monthly";113.9;2;49.9;0;3075.3
"CUST-6761";"Female";"3. Senior (51+)";"North";48;"Monthly";64.37;3;74.84;0;3089.76
"CUST-6762";"Male";"3. Senior (51+)";"North";24;"Monthly";23.46;2;50.66;0;563.04
"CUST-6763";"Non-binary";"2. Adult (31-50)";"North";58;"Monthly";32.76;0;74.28;0;1900.08
"CUST-6764";"Female";"4. Unkownn/Missing";"North";11;"Monthly";117.11;2;81.35;0;1288.21
"CUST-6765";"Male";"3. Senior (51+)";"South";19;"Monthly";117.83;5;12.17;1;2238.77
"CUST-6766";"Non-binary";"1. Young Adult (18-30)";"North";15;"Two year";83.03;0;53.77;0;1245.45
"CUST-6767";"Female";"1. Young Adult (18-30)";"North";14;"Two year";94.01;0;50.47;0;1316.14
"CUST-6768";"Male";"2. Adult (31-50)";"South";23;"Monthly";81.26;0;56.11;1;1868.98
"CUST-6769";"Non-binary";"1. Young Adult (18-30)";"East";13;"Monthly";118.07;4;29.31;1;1534.91
"CUST-6770";"Non-binary";"3. Senior (51+)";"North";19;"Monthly";29.85;0;55.11;0;567.15
"CUST-6771";"Male";"3. Senior (51+)";"South";31;"Monthly";70.38;0;51.61;0;2181.78
"CUST-6772";"Male";"3. Senior (51+)";"West";29;"Monthly";30.59;2;57.43;0;887.11
"CUST-6773";"Female";"4. Unkownn/Missing";"North";50;"Monthly";64.59;0;97.28;1;3229.5
"CUST-6774";"Female";"3. Senior (51+)";"West";38;"Monthly";53.96;0;53.79;0;2050.48
"CUST-6775";"Male";"2. Adult (31-50)";"West";10;"One year";65.12;2;47.69;0;651.2
"CUST-6776";"Female";"2. Adult (31-50)";"North";19;"Monthly";23.98;0;55.11;0;455.62
"CUST-6777";"Non-binary";"3. Senior (51+)";"South";43;"One year";117.41;2;53.15;0;5048.63
"CUST-6778";"Female";"2. Adult (31-50)";"South";63;"One year";34.97;10;31.82;1;2203.11
"CUST-6779";"Female";"1. Young Adult (18-30)";"East";11;"Monthly";101.92;0;59.26;0;1121.12
"CUST-6780";"Male";"3. Senior (51+)";"North";42;"One year";30.0;9;35.74;0;1260.0
"CUST-6781";"Female";"3. Senior (51+)";"South";9;"Two year";113.05;0;58.05;0;1017.45
"CUST-6782";"Male";"3. Senior (51+)";"South";51;"Two year";115.13;0;57.9;1;5871.63
"CUST-6783";"Male";"2. Adult (31-50)";"East";38;"One year";103.88;1;53.79;1;3947.44
"CUST-6784";"Female";"4. Unkownn/Missing";"North";39;"One year";54.88;2;80.94;0;2140.32
"CUST-6785";"Female";"3. Senior (51+)";"West";23;"Monthly";44.23;2;96.09;1;1017.29
"CUST-6786";"Male";"3. Senior (51+)";"North";63;"Two year";91.58;0;82.0;0;5769.54
"CUST-6787";"Non-binary";"2. Adult (31-50)";"West";51;"One year";75.16;0;90.47;0;3833.16
"CUST-6788";"Female";"1. Young Adult (18-30)";"North";29;"Two year";45.57;0;50.28;0;1321.53
"CUST-6789";"Male";"3. Senior (51+)";"South";37;"One year";108.48;3;54.96;0;4013.76
"CUST-6790";"Female";"3. Senior (51+)";"North";50;"One year";67.12;0;23.63;0;3356.0
"CUST-6791";"Female";"3. Senior (51+)";"East";67;"One year";54.7;0;52.82;0;3664.9
"CUST-6792";"Female";"1. Young Adult (18-30)";"South";54;"One year";56.24;3;56.4;0;3036.96
"CUST-6793";"Female";"3. Senior (51+)";"West";64;"Two year";57.44;1;84.76;0;3676.16
"CUST-6794";"Female";"1. Young Adult (18-30)";"West";11;"Monthly";118.42;0;67.04;1;1302.62
"CUST-6795";"Male";"1. Young Adult (18-30)";"West";71;"Monthly";79.64;0;54.72;0;5654.44
"CUST-6796";"Non-binary";"2. Adult (31-50)";"West";58;"One year";79.85;3;56.15;0;4631.3
"CUST-6797";"Female";"1. Young Adult (18-30)";"South";38;"One year";28.28;0;53.79;0;1074.64
"CUST-6798";"Male";"2. Adult (31-50)";"North";12;"One year";103.33;0;56.36;0;1239.96
"CUST-6799";"Non-binary";"3. Senior (51+)";"East";15;"Monthly";76.5;0;53.77;1;1147.5
"CUST-6800";"Female";"3. Senior (51+)";"West";11;"Two year";26.79;0;67.6;0;294.69
"CUST-6801";"Female";"4. Unkownn/Missing";"South";63;"Monthly";41.07;0;57.81;1;2587.41
"CUST-6802";"Non-binary";"3. Senior (51+)";"West";9;"Monthly";111.45;1;13.38;0;1003.05
"CUST-6803";"Female";"3. Senior (51+)";"South";56;"Monthly";78.23;1;63.17;0;4380.88
"CUST-6804";"Non-binary";"2. Adult (31-50)";"West";52;"One year";48.9;3;53.94;0;2542.8
"CUST-6805";"Male";"2. Adult (31-50)";"West";14;"Monthly";94.75;0;12.26;1;1326.5
"CUST-6806";"Female";"2. Adult (31-50)";"West";32;"Two year";66.3;2;17.46;0;2121.6
"CUST-6807";"Female";"3. Senior (51+)";"West";35;"Two year";25.96;0;56.85;0;908.6
"CUST-6808";"Male";"3. Senior (51+)";"East";29;"Monthly";107.01;9;18.94;1;3103.29
"CUST-6809";"Male";"3. Senior (51+)";"South";24;"One year";38.99;0;58.56;0;935.76
"CUST-6810";"Female";"3. Senior (51+)";"West";72;"Monthly";89.82;0;60.53;1;6467.04
"CUST-6811";"Non-binary";"2. Adult (31-50)";"East";56;"Two year";40.49;0;63.17;0;2267.44
"CUST-6812";"Female";"3. Senior (51+)";"South";24;"Two year";66.21;1;50.66;0;1589.04
"CUST-6813";"Non-binary";"1. Young Adult (18-30)";"West";49;"Monthly";20.62;0;54.7;0;1010.38
"CUST-6814";"Male";"3. Senior (51+)";"West";52;"One year";101.9;0;54.79;0;5298.8
"CUST-6815";"Non-binary";"2. Adult (31-50)";"North";30;"Two year";24.85;3;58.66;0;745.5
"CUST-6816";"Non-binary";"1. Young Adult (18-30)";"South";47;"Monthly";70.13;0;65.13;0;3296.11
"CUST-6817";"Male";"3. Senior (51+)";"North";63;"Monthly";106.4;3;67.26;1;6703.2
"CUST-6818";"Female";"3. Senior (51+)";"South";19;"Monthly";30.4;0;55.11;1;577.6
"CUST-6819";"Female";"4. Unkownn/Missing";"South";70;"One year";72.45;0;80.8;0;5071.5
"CUST-6820";"Male";"3. Senior (51+)";"West";29;"One year";117.35;3;55.42;1;3403.15
"CUST-6821";"Male";"4. Unkownn/Missing";"West";48;"Monthly";29.32;0;87.16;1;1407.36
"CUST-6822";"Male";"3. Senior (51+)";"West";9;"Monthly";47.62;1;77.62;1;428.58
"CUST-6823";"Female";"3. Senior (51+)";"South";8;"Monthly";93.16;0;92.4;1;745.28
"CUST-6824";"Female";"2. Adult (31-50)";"North";26;"Two year";99.61;2;61.62;0;2589.86
"CUST-6825";"Male";"1. Young Adult (18-30)";"North";37;"One year";91.91;0;54.96;0;3400.67
"CUST-6826";"Female";"1. Young Adult (18-30)";"West";55;"One year";110.97;0;56.08;0;6103.35
"CUST-6827";"Female";"2. Adult (31-50)";"South";26;"Two year";36.83;0;61.62;0;957.58
"CUST-6828";"Male";"3. Senior (51+)";"West";35;"Monthly";69.68;1;56.85;1;2438.8
"CUST-6829";"Female";"2. Adult (31-50)";"North";38;"One year";106.6;3;74.51;0;4050.8
"CUST-6830";"Female";"3. Senior (51+)";"East";31;"Monthly";112.49;0;10.24;1;3487.19
"CUST-6831";"Female";"2. Adult (31-50)";"North";15;"One year";41.49;3;85.81;1;622.35
"CUST-6832";"Non-binary";"4. Unkownn/Missing";"South";70;"One year";65.33;0;58.23;0;4573.1
"CUST-6833";"Male";"2. Adult (31-50)";"West";62;"Monthly";63.74;0;61.0;1;3951.88
"CUST-6834";"Non-binary";"1. Young Adult (18-30)";"North";71;"One year";80.19;0;56.85;0;5693.49
"CUST-6835";"Non-binary";"2. Adult (31-50)";"East";6;"One year";60.0;2;48.21;0;360.0
"CUST-6836";"Non-binary";"3. Senior (51+)";"East";67;"Two year";53.9;1;83.85;0;3611.3
"CUST-6837";"Male";"2. Adult (31-50)";"North";42;"Two year";80.06;0;56.57;0;3362.52
"CUST-6838";"Male";"2. Adult (31-50)";"South";11;"One year";91.2;0;60.13;0;1003.2
"CUST-6839";"Non-binary";"1. Young Adult (18-30)";"North";5;"One year";86.33;0;41.69;0;431.65
"CUST-6840";"Female";"2. Adult (31-50)";"West";51;"Two year";27.84;3;80.45;0;1419.84
"CUST-6841";"Non-binary";"2. Adult (31-50)";"South";45;"One year";21.28;0;56.4;0;957.6
"CUST-6842";"Male";"3. Senior (51+)";"East";5;"One year";54.5;0;39.54;0;272.5
"CUST-6843";"Female";"1. Young Adult (18-30)";"West";5;"Monthly";70.05;0;39.54;0;350.25
"CUST-6844";"Non-binary";"4. Unkownn/Missing";"North";29;"Monthly";52.3;0;55.42;1;1516.7
"CUST-6845";"Male";"3. Senior (51+)";"South";63;"One year";45.47;0;54.89;0;2864.61
"CUST-6846";"Non-binary";"3. Senior (51+)";"West";59;"Monthly";116.45;0;50.64;1;6870.55
"CUST-6847";"Non-binary";"2. Adult (31-50)";"West";30;"One year";68.7;3;88.53;0;2061.0
"CUST-6848";"Male";"2. Adult (31-50)";"West";16;"Monthly";69.04;2;57.1;0;1104.64
"CUST-6849";"Male";"1. Young Adult (18-30)";"West";47;"One year";82.58;0;52.58;1;3881.26
"CUST-6850";"Female";"2. Adult (31-50)";"West";64;"Monthly";28.56;0;49.79;1;1827.84
"CUST-6851";"Male";"1. Young Adult (18-30)";"South";32;"Two year";92.86;0;51.91;0;2971.52
"CUST-6852";"Female";"2. Adult (31-50)";"South";39;"One year";60.48;0;65.09;0;2358.72
"CUST-6853";"Male";"3. Senior (51+)";"West";31;"Monthly";41.7;3;51.61;0;1292.7
"CUST-6854";"Non-binary";"3. Senior (51+)";"North";62;"Two year";80.63;0;10.15;0;4999.06
"CUST-6855";"Male";"2. Adult (31-50)";"North";49;"One year";110.92;6;37.78;1;5435.08
"CUST-6856";"Male";"3. Senior (51+)";"East";41;"One year";115.43;1;51.63;1;4732.63
"CUST-6857";"Female";"3. Senior (51+)";"North";17;"One year";74.39;0;41.42;0;1264.63
"CUST-6858";"Female";"1. Young Adult (18-30)";"North";18;"Monthly";31.15;0;51.92;0;560.7
"CUST-6859";"Non-binary";"3. Senior (51+)";"West";46;"Monthly";113.72;0;97.71;1;5231.12
"CUST-6860";"Male";"2. Adult (31-50)";"South";48;"Two year";45.19;0;36.77;0;2169.12
"CUST-6861";"Female";"3. Senior (51+)";"South";61;"Monthly";67.23;0;97.77;0;4101.03
"CUST-6862";"Female";"3. Senior (51+)";"South";38;"Two year";92.81;1;69.41;0;3526.78
"CUST-6863";"Male";"1. Young Adult (18-30)";"West";48;"One year";60.39;2;78.18;0;2898.72
"CUST-6864";"Non-binary";"2. Adult (31-50)";"South";60;"One year";45.8;2;57.22;0;2748.0
"CUST-6865";"Non-binary";"1. Young Adult (18-30)";"North";39;"Monthly";113.33;0;59.64;1;4419.87
"CUST-6866";"Non-binary";"1. Young Adult (18-30)";"North";42;"Monthly";26.84;1;27.36;1;1127.28
"CUST-6867";"Female";"4. Unkownn/Missing";"South";48;"Monthly";22.63;0;59.96;0;1086.24
"CUST-6868";"Female";"1. Young Adult (18-30)";"North";23;"Monthly";102.29;0;73.87;1;2352.67
"CUST-6869";"Male";"2. Adult (31-50)";"East";45;"Monthly";73.51;0;43.22;1;3307.95
"CUST-6870";"Female";"3. Senior (51+)";"East";64;"One year";95.43;3;49.79;0;6107.52
"CUST-6871";"Male";"2. Adult (31-50)";"North";41;"Monthly";33.88;3;51.63;1;1389.08
"CUST-6872";"Male";"2. Adult (31-50)";"North";45;"Monthly";101.57;0;93.54;0;4570.65
"CUST-6873";"Non-binary";"2. Adult (31-50)";"West";69;"Monthly";41.56;0;13.71;1;2867.64
"CUST-6874";"Non-binary";"4. Unkownn/Missing";"South";15;"Monthly";38.11;0;53.77;1;571.65
"CUST-6875";"Male";"2. Adult (31-50)";"North";22;"One year";40.24;0;58.01;0;885.28
"CUST-6876";"Male";"3. Senior (51+)";"West";3;"Monthly";21.49;7;27.08;1;64.47
"CUST-6877";"Female";"3. Senior (51+)";"North";50;"One year";99.32;3;54.57;0;4966.0
"CUST-6878";"Female";"2. Adult (31-50)";"North";26;"Monthly";72.94;0;61.62;0;1896.44
"CUST-6879";"Non-binary";"3. Senior (51+)";"North";37;"Two year";41.23;0;54.96;0;1525.51
"CUST-6880";"Male";"3. Senior (51+)";"South";25;"Two year";106.33;0;34.61;0;2658.25
"CUST-6881";"Male";"1. Young Adult (18-30)";"North";42;"Monthly";69.64;6;15.35;1;2924.88
"CUST-6882";"Non-binary";"2. Adult (31-50)";"West";48;"Two year";80.29;1;91.47;0;3853.92
"CUST-6883";"Non-binary";"1. Young Adult (18-30)";"West";41;"Monthly";57.83;1;51.63;1;2371.03
"CUST-6884";"Male";"3. Senior (51+)";"West";3;"Monthly";53.49;0;42.33;0;160.47
"CUST-6885";"Non-binary";"3. Senior (51+)";"East";26;"One year";22.21;0;61.62;0;577.46
"CUST-6886";"Male";"3. Senior (51+)";"North";72;"Monthly";87.58;3;76.81;0;6305.76
"CUST-6887";"Male";"3. Senior (51+)";"East";68;"Monthly";47.23;0;20.49;1;3211.64
"CUST-6888";"Female";"1. Young Adult (18-30)";"West";32;"Monthly";34.34;10;18.19;1;1098.88
"CUST-6889";"Male";"3. Senior (51+)";"South";62;"One year";102.34;3;88.03;0;6345.08
"CUST-6890";"Male";"3. Senior (51+)";"East";56;"Monthly";33.04;2;42.94;0;1850.24
"CUST-6891";"Non-binary";"3. Senior (51+)";"West";36;"Monthly";78.94;0;38.28;0;2841.84
"CUST-6892";"Male";"3. Senior (51+)";"South";69;"One year";62.42;0;57.1;0;4306.98
"CUST-6893";"Male";"2. Adult (31-50)";"West";25;"One year";90.16;0;84.58;1;2254.0
"CUST-6894";"Male";"1. Young Adult (18-30)";"South";19;"Two year";93.26;0;76.67;0;1771.94
"CUST-6895";"Non-binary";"2. Adult (31-50)";"North";10;"One year";28.87;1;47.69;1;288.7
"CUST-6896";"Male";"3. Senior (51+)";"North";68;"One year";81.36;3;57.81;0;5532.48
"CUST-6897";"Female";"2. Adult (31-50)";"South";11;"Monthly";56.54;0;57.91;0;621.94
"CUST-6898";"Male";"2. Adult (31-50)";"South";36;"One year";58.01;0;72.19;0;2088.36
"CUST-6899";"Male";"2. Adult (31-50)";"North";16;"Monthly";72.76;0;28.87;1;1164.16
"CUST-6900";"Female";"3. Senior (51+)";"South";39;"One year";52.04;0;28.48;0;2029.56
"CUST-6901";"Female";"3. Senior (51+)";"East";41;"One year";38.67;0;13.9;0;1585.47
"CUST-6902";"Male";"2. Adult (31-50)";"North";5;"One year";71.83;2;48.18;0;359.15
"CUST-6903";"Male";"3. Senior (51+)";"East";4;"One year";20.7;0;43.31;0;82.8
"CUST-6904";"Male";"2. Adult (31-50)";"North";14;"Monthly";31.62;0;50.47;0;442.68
"CUST-6905";"Male";"2. Adult (31-50)";"North";36;"Monthly";77.73;1;71.33;0;2798.28
"CUST-6906";"Male";"2. Adult (31-50)";"West";21;"Two year";42.21;7;39.38;1;886.41
"CUST-6907";"Female";"3. Senior (51+)";"North";42;"Monthly";36.14;3;58.5;1;1517.88
"CUST-6908";"Female";"3. Senior (51+)";"East";70;"Monthly";97.86;0;46.48;0;6850.2
"CUST-6909";"Male";"2. Adult (31-50)";"South";39;"One year";72.6;2;59.64;0;2831.4
"CUST-6910";"Non-binary";"3. Senior (51+)";"South";58;"Monthly";117.68;0;99.96;1;6825.44
"CUST-6911";"Female";"1. Young Adult (18-30)";"South";22;"Monthly";42.45;8;14.78;1;933.9
"CUST-6912";"Male";"2. Adult (31-50)";"South";19;"One year";26.23;0;10.79;0;498.37
"CUST-6913";"Male";"3. Senior (51+)";"South";46;"Monthly";101.75;0;51.24;1;4680.5
"CUST-6914";"Male";"3. Senior (51+)";"South";45;"One year";76.87;1;69.27;0;3459.15
"CUST-6915";"Male";"1. Young Adult (18-30)";"South";43;"Monthly";84.78;0;53.15;1;3645.54
"CUST-6916";"Male";"2. Adult (31-50)";"West";5;"One year";78.79;0;46.84;0;393.95
"CUST-6917";"Female";"4. Unkownn/Missing";"North";67;"Monthly";111.47;1;52.82;0;7468.49
"CUST-6918";"Male";"3. Senior (51+)";"East";65;"Two year";119.43;0;41.56;0;7762.95
"CUST-6919";"Non-binary";"2. Adult (31-50)";"West";31;"One year";71.78;2;51.61;0;2225.18
"CUST-6920";"Male";"2. Adult (31-50)";"West";3;"Monthly";70.34;0;59.68000000000001;1;211.02
"CUST-6921";"Male";"3. Senior (51+)";"South";16;"Monthly";32.62;0;57.1;1;521.92
"CUST-6922";"Non-binary";"2. Adult (31-50)";"North";42;"Two year";37.03;6;37.07;1;1555.26
"CUST-6923";"Female";"3. Senior (51+)";"West";5;"Monthly";83.32;0;12.48;1;416.6
"CUST-6924";"Male";"2. Adult (31-50)";"West";67;"Monthly";54.24;2;52.82;0;3634.08
"CUST-6925";"Male";"2. Adult (31-50)";"North";58;"One year";66.49;0;96.19;0;3856.42
"CUST-6926";"Female";"1. Young Adult (18-30)";"West";5;"Monthly";49.86;2;2.710000000000001;0;249.3
"CUST-6927";"Male";"3. Senior (51+)";"West";14;"One year";41.59;4;27.98;0;582.26
"CUST-6928";"Male";"2. Adult (31-50)";"West";35;"Monthly";26.79;0;56.85;1;937.65
"CUST-6929";"Male";"1. Young Adult (18-30)";"South";22;"Monthly";103.93;0;40.27;1;2286.46
"CUST-6930";"Male";"3. Senior (51+)";"South";29;"One year";53.18;0;10.45;0;1542.22
"CUST-6931";"Female";"1. Young Adult (18-30)";"North";2;"Monthly";41.64;0;42.67;1;83.28
"CUST-6932";"Female";"3. Senior (51+)";"North";49;"One year";109.02;0;43.25;0;5341.98
"CUST-6933";"Male";"1. Young Adult (18-30)";"South";27;"One year";98.38;0;54.71;0;2656.26
"CUST-6934";"Female";"3. Senior (51+)";"North";40;"One year";69.29;0;37.45;0;2771.6
"CUST-6935";"Male";"3. Senior (51+)";"West";0;"Monthly";58.15;3;65.03;0;0.0
"CUST-6936";"Male";"1. Young Adult (18-30)";"North";49;"Monthly";91.57;0;54.7;0;4486.93
"CUST-6937";"Non-binary";"1. Young Adult (18-30)";"North";48;"Monthly";31.21;3;40.05;0;1498.08
"CUST-6938";"Female";"2. Adult (31-50)";"South";28;"One year";24.73;1;61.5;0;692.44
"CUST-6939";"Male";"1. Young Adult (18-30)";"West";19;"One year";117.42;0;16.0;0;2230.98
"CUST-6940";"Female";"3. Senior (51+)";"North";32;"Monthly";24.91;0;51.91;0;797.12
"CUST-6941";"Female";"1. Young Adult (18-30)";"East";62;"Monthly";116.99;0;56.24;0;7253.38
"CUST-6942";"Male";"3. Senior (51+)";"North";31;"Monthly";105.69;0;31.04;1;3276.39
"CUST-6943";"Female";"2. Adult (31-50)";"South";19;"Two year";50.8;0;55.11;0;965.2
"CUST-6944";"Male";"3. Senior (51+)";"East";8;"One year";70.8;3;56.44;0;566.4
"CUST-6945";"Female";"3. Senior (51+)";"South";52;"Monthly";81.58;3;92.78;0;4242.16
"CUST-6946";"Female";"1. Young Adult (18-30)";"South";25;"Two year";112.57;0;11.38;0;2814.25
"CUST-6947";"Female";"3. Senior (51+)";"East";53;"Two year";61.05;0;74.34;1;3235.65
"CUST-6948";"Male";"3. Senior (51+)";"West";69;"One year";75.99;0;57.1;1;5243.31
"CUST-6949";"Female";"2. Adult (31-50)";"East";7;"Monthly";20.28;0;59.79;1;141.96
"CUST-6950";"Female";"3. Senior (51+)";"West";52;"Monthly";40.11;0;61.57;0;2085.72
"CUST-6951";"Male";"1. Young Adult (18-30)";"West";8;"Monthly";97.63;3;56.44;1;781.04
"CUST-6952";"Female";"2. Adult (31-50)";"East";20;"Monthly";113.58;1;61.26;0;2271.6
"CUST-6953";"Non-binary";"3. Senior (51+)";"South";15;"Two year";22.81;5;27.29;0;342.15
"CUST-6954";"Female";"3. Senior (51+)";"North";16;"Monthly";61.88;3;57.1;1;990.08
"CUST-6955";"Male";"3. Senior (51+)";"East";29;"Two year";54.32;0;55.42;0;1575.28
"CUST-6956";"Male";"3. Senior (51+)";"South";49;"Two year";88.93;0;97.66;1;4357.57
"CUST-6957";"Non-binary";"1. Young Adult (18-30)";"North";56;"One year";115.93;2;79.67;0;6492.08
"CUST-6958";"Female";"2. Adult (31-50)";"West";4;"Monthly";98.2;0;43.31;1;392.8
"CUST-6959";"Male";"3. Senior (51+)";"North";10;"Monthly";41.45;0;42.69;0;414.5
"CUST-6960";"Female";"2. Adult (31-50)";"South";29;"One year";108.77;8;29.46;0;3154.33
"CUST-6961";"Female";"3. Senior (51+)";"South";11;"Monthly";71.17;1;53.43;1;782.87
"CUST-6962";"Female";"1. Young Adult (18-30)";"South";34;"Two year";36.15;1;52.64;0;1229.1
"CUST-6963";"Female";"2. Adult (31-50)";"East";57;"Monthly";88.4;3;58.76;0;5038.8
"CUST-6964";"Female";"3. Senior (51+)";"North";7;"Two year";89.82;2;57.34;0;628.74
"CUST-6965";"Female";"3. Senior (51+)";"South";47;"Two year";96.4;6;28.02;1;4530.8
"CUST-6966";"Male";"3. Senior (51+)";"West";49;"One year";90.91;0;90.26;0;4454.59
"CUST-6967";"Male";"3. Senior (51+)";"East";10;"Monthly";83.0;0;47.69;1;830.0
"CUST-6968";"Male";"3. Senior (51+)";"West";59;"Monthly";40.63;8;20.39;1;2397.17
"CUST-6969";"Non-binary";"2. Adult (31-50)";"South";48;"Monthly";101.72;0;59.96;0;4882.56
"CUST-6970";"Female";"3. Senior (51+)";"North";25;"One year";42.51;0;57.71;0;1062.75
"CUST-6971";"Female";"2. Adult (31-50)";"West";29;"One year";38.42;3;61.11;0;1114.18
"CUST-6972";"Female";"2. Adult (31-50)";"East";37;"Monthly";52.53;2;79.77;0;1943.61
"CUST-6973";"Female";"3. Senior (51+)";"West";53;"Monthly";78.95;1;55.3;0;4184.35
"CUST-6974";"Female";"3. Senior (51+)";"East";31;"Two year";74.01;0;51.61;1;2294.31
"CUST-6975";"Male";"1. Young Adult (18-30)";"North";69;"One year";97.52;0;34.81;1;6728.88
"CUST-6976";"Male";"1. Young Adult (18-30)";"North";69;"Monthly";98.78;0;84.32;1;6815.82
"CUST-6977";"Male";"2. Adult (31-50)";"West";51;"Two year";55.39;2;71.14;0;2824.89
"CUST-6978";"Female";"2. Adult (31-50)";"East";58;"One year";110.83;0;96.17;0;6428.14
"CUST-6979";"Male";"3. Senior (51+)";"North";8;"Monthly";89.85;0;56.44;1;718.8
"CUST-6980";"Male";"3. Senior (51+)";"East";41;"One year";35.3;1;51.63;0;1447.3
"CUST-6981";"Male";"3. Senior (51+)";"South";14;"Monthly";107.44;3;48.8;1;1504.16
"CUST-6982";"Female";"2. Adult (31-50)";"West";39;"One year";41.53;1;59.64;0;1619.67
"CUST-6983";"Non-binary";"3. Senior (51+)";"West";40;"Monthly";80.69;0;54.99;0;3227.6
"CUST-6984";"Male";"3. Senior (51+)";"West";7;"One year";24.95;0;73.35;0;174.65
"CUST-6985";"Male";"3. Senior (51+)";"South";63;"Two year";66.09;2;44.53;1;4163.67
"CUST-6986";"Female";"2. Adult (31-50)";"East";24;"Monthly";24.96;2;40.11;1;599.04
"CUST-6987";"Female";"2. Adult (31-50)";"South";22;"Monthly";51.58;2;58.01;0;1134.76
"CUST-6988";"Female";"3. Senior (51+)";"West";63;"Monthly";58.36;0;12.28;0;3676.68
"CUST-6989";"Male";"3. Senior (51+)";"West";72;"One year";73.9;2;64.9;0;5320.8
"CUST-6990";"Non-binary";"1. Young Adult (18-30)";"West";40;"Monthly";60.71;0;54.99;0;2428.4
"CUST-6991";"Female";"2. Adult (31-50)";"East";53;"Monthly";23.87;6;11.34;1;1265.11
"CUST-6992";"Male";"3. Senior (51+)";"West";5;"Monthly";24.85;2;15.77;1;124.25
"CUST-6993";"Female";"1. Young Adult (18-30)";"West";22;"Two year";93.57;0;58.01;0;2058.54
"CUST-6994";"Male";"1. Young Adult (18-30)";"North";38;"One year";95.36;0;53.79;0;3623.68
"CUST-6995";"Non-binary";"3. Senior (51+)";"West";53;"Monthly";98.26;1;24.1;1;5207.78
"CUST-6996";"Non-binary";"2. Adult (31-50)";"South";30;"Monthly";83.32;0;52.5;0;2499.6
"CUST-6997";"Female";"2. Adult (31-50)";"North";49;"Monthly";22.24;0;54.7;1;1089.76
"CUST-6998";"Male";"2. Adult (31-50)";"West";11;"Monthly";62.0;3;95.69;1;682.0
"CUST-6999";"Non-binary";"3. Senior (51+)";"South";0;"One year";27.11;0;44.44;1;0.0
"CUST-7000";"Male";"1. Young Adult (18-30)";"North";22;"Two year";28.28;0;67.19;0;622.16
"CUST-7001";"Male";"3. Senior (51+)";"South";43;"Monthly";36.34;2;53.15;1;1562.62
"CUST-7002";"Male";"3. Senior (51+)";"West";17;"Two year";92.18;0;56.0;0;1567.06
"CUST-7003";"Female";"1. Young Adult (18-30)";"West";28;"One year";57.14;0;45.02;0;1599.92
"CUST-7004";"Female";"2. Adult (31-50)";"West";44;"One year";38.27;4;21.12;0;1683.88
"CUST-7005";"Female";"3. Senior (51+)";"East";31;"Two year";35.77;3;94.92;0;1108.87
"CUST-7006";"Male";"1. Young Adult (18-30)";"West";71;"One year";82.58;0;34.81;1;5863.18
"CUST-7007";"Female";"1. Young Adult (18-30)";"South";46;"One year";56.43;0;51.24;0;2595.78
"CUST-7008";"Male";"2. Adult (31-50)";"West";52;"Monthly";80.64;0;39.35;1;4193.28
"CUST-7009";"Male";"3. Senior (51+)";"West";45;"Monthly";85.89;0;56.4;0;3865.05
"CUST-7010";"Female";"2. Adult (31-50)";"West";63;"Monthly";31.28;0;54.89;0;1970.64
"CUST-7011";"Male";"2. Adult (31-50)";"North";43;"Two year";96.25;3;53.15;1;4138.75
"CUST-7012";"Male";"4. Unkownn/Missing";"West";70;"One year";75.69;2;58.23;0;5298.3
"CUST-7013";"Male";"1. Young Adult (18-30)";"South";31;"Monthly";86.7;0;51.61;0;2687.7
"CUST-7014";"Male";"2. Adult (31-50)";"South";15;"Two year";55.2;3;53.77;0;828.0
"CUST-7015";"Male";"3. Senior (51+)";"South";5;"Monthly";108.63;0;39.54;1;543.15
"CUST-7016";"Female";"2. Adult (31-50)";"West";26;"Monthly";106.34;4;13.12;1;2764.84
"CUST-7017";"Male";"1. Young Adult (18-30)";"West";63;"Monthly";42.28;1;66.75;0;2663.64
"CUST-7018";"Female";"3. Senior (51+)";"South";58;"Monthly";59.79;0;58.71;1;3467.82
"CUST-7019";"Male";"3. Senior (51+)";"North";49;"Two year";48.24;0;48.92;0;2363.76
"CUST-7020";"Male";"2. Adult (31-50)";"East";25;"One year";64.13;2;57.71;0;1603.25
"CUST-7021";"Male";"3. Senior (51+)";"North";20;"Two year";83.45;0;53.01;0;1669.0
"CUST-7022";"Female";"1. Young Adult (18-30)";"North";31;"Monthly";66.5;1;51.61;0;2061.5
"CUST-7023";"Male";"3. Senior (51+)";"West";56;"Two year";107.15;0;63.17;0;6000.4
"CUST-7024";"Male";"2. Adult (31-50)";"West";24;"Monthly";106.49;3;50.66;0;2555.76
"CUST-7025";"Non-binary";"2. Adult (31-50)";"West";8;"Monthly";81.88;1;56.44;0;655.04
"CUST-7026";"Female";"1. Young Adult (18-30)";"North";15;"Two year";33.7;2;88.02;1;505.5
"CUST-7027";"Female";"3. Senior (51+)";"South";4;"One year";88.02;0;43.31;0;352.08
"CUST-7028";"Non-binary";"1. Young Adult (18-30)";"North";37;"One year";103.07;2;54.96;1;3813.59
"CUST-7029";"Male";"2. Adult (31-50)";"West";37;"Monthly";83.33;0;52.76;0;3083.21
"CUST-7030";"Female";"3. Senior (51+)";"South";40;"Monthly";62.14;3;54.99;1;2485.6
"CUST-7031";"Non-binary";"2. Adult (31-50)";"North";22;"Two year";59.23;0;76.08;0;1303.06
"CUST-7032";"Non-binary";"3. Senior (51+)";"East";19;"Two year";36.11;0;55.11;0;686.09
"CUST-7033";"Female";"2. Adult (31-50)";"West";29;"Two year";81.23;0;55.42;0;2355.67
"CUST-7034";"Female";"1. Young Adult (18-30)";"South";39;"Two year";117.92;1;60.67;0;4598.88
"CUST-7035";"Male";"1. Young Adult (18-30)";"West";8;"One year";71.06;0;53.72;0;568.48
"CUST-7036";"Male";"3. Senior (51+)";"West";30;"Monthly";46.65;0;57.44;0;1399.5
"CUST-7037";"Non-binary";"4. Unkownn/Missing";"West";30;"Monthly";56.1;0;35.44;0;1683.0
"CUST-7038";"Non-binary";"3. Senior (51+)";"East";2;"Monthly";61.59;0;30.07;1;123.18
"CUST-7039";"Female";"3. Senior (51+)";"North";26;"Two year";97.6;7;12.5;1;2537.6
"CUST-7040";"Female";"1. Young Adult (18-30)";"West";1;"Monthly";78.57;1;43.21;0;78.57
"CUST-7041";"Female";"3. Senior (51+)";"West";1;"Monthly";22.01;0;62.2;0;22.01
"CUST-7042";"Male";"1. Young Adult (18-30)";"West";24;"One year";33.93;0;29.13;0;814.32
"CUST-7043";"Female";"4. Unkownn/Missing";"West";29;"Monthly";110.65;1;55.42;1;3208.85
"CUST-7044";"Male";"3. Senior (51+)";"West";51;"Monthly";82.14;10;31.63;1;4189.14
"CUST-7045";"Female";"1. Young Adult (18-30)";"South";62;"Monthly";109.64;3;95.95;0;6797.68
"CUST-7046";"Male";"2. Adult (31-50)";"West";56;"Two year";22.05;0;78.69;0;1234.8
"CUST-7047";"Non-binary";"2. Adult (31-50)";"West";4;"Monthly";102.6;0;60.239999999999995;1;410.4
"CUST-7048";"Non-binary";"2. Adult (31-50)";"South";68;"Two year";38.98;0;57.81;0;2650.64
"CUST-7049";"Non-binary";"3. Senior (51+)";"West";33;"One year";69.57;1;32.62;0;2295.81
"CUST-7050";"Male";"3. Senior (51+)";"West";71;"Monthly";24.8;9;15.17;1;1760.8
"CUST-7051";"Female";"3. Senior (51+)";"South";2;"Monthly";61.43;0;42.67;0;122.86
"CUST-7052";"Female";"2. Adult (31-50)";"West";45;"Monthly";89.56;0;56.4;0;4030.2
"CUST-7053";"Female";"2. Adult (31-50)";"West";71;"Two year";20.41;0;32.75;1;1449.11
"CUST-7054";"Female";"1. Young Adult (18-30)";"North";23;"Monthly";75.89;0;52.02;1;1745.47
"CUST-7055";"Female";"3. Senior (51+)";"West";71;"Monthly";103.22;2;54.72;0;7328.62
"CUST-7056";"Female";"2. Adult (31-50)";"South";56;"Monthly";83.33;0;63.17;0;4666.48
"CUST-7057";"Male";"3. Senior (51+)";"West";5;"Monthly";42.04;0;46.62;0;210.2
"CUST-7058";"Female";"3. Senior (51+)";"North";46;"Monthly";48.49;0;51.24;1;2230.54
"CUST-7059";"Male";"3. Senior (51+)";"West";53;"One year";74.35;1;79.48;0;3940.55
"CUST-7060";"Female";"3. Senior (51+)";"West";71;"Two year";40.06;6;30.36;1;2844.26
"CUST-7061";"Non-binary";"2. Adult (31-50)";"South";51;"One year";98.96;0;95.46;0;5046.96
"CUST-7062";"Female";"1. Young Adult (18-30)";"West";12;"Monthly";92.89;0;54.82;0;1114.68
"CUST-7063";"Female";"2. Adult (31-50)";"South";68;"Monthly";109.62;0;59.92;1;7454.16
"CUST-7064";"Non-binary";"2. Adult (31-50)";"West";46;"Two year";113.76;0;51.24;0;5232.96
"CUST-7065";"Female";"3. Senior (51+)";"West";33;"One year";100.58;1;54.53;0;3319.14
"CUST-7066";"Non-binary";"3. Senior (51+)";"North";49;"One year";95.22;0;54.7;0;4665.78
"CUST-7067";"Non-binary";"3. Senior (51+)";"West";16;"Two year";80.73;2;57.1;0;1291.68
"CUST-7068";"Male";"3. Senior (51+)";"North";40;"Monthly";23.05;0;54.99;0;922.0
"CUST-7069";"Male";"2. Adult (31-50)";"East";49;"One year";83.3;0;54.7;0;4081.7
"CUST-7070";"Male";"3. Senior (51+)";"South";28;"One year";82.88;2;32.29;1;2320.64
"CUST-7071";"Male";"2. Adult (31-50)";"South";38;"One year";85.68;0;53.79;0;3255.84
"CUST-7072";"Non-binary";"1. Young Adult (18-30)";"South";10;"Monthly";38.77;0;18.48;1;387.7
"CUST-7073";"Female";"2. Adult (31-50)";"West";48;"Two year";80.6;2;89.02;0;3868.8
"CUST-7074";"Female";"2. Adult (31-50)";"North";70;"Monthly";24.08;0;42.13;0;1685.6
"CUST-7075";"Male";"3. Senior (51+)";"North";72;"One year";96.75;3;68.16;0;6966.0
"CUST-7076";"Male";"1. Young Adult (18-30)";"South";8;"One year";45.36;3;56.44;0;362.88
"CUST-7077";"Female";"3. Senior (51+)";"North";43;"One year";63.48;1;62.94;0;2729.64
"CUST-7078";"Non-binary";"3. Senior (51+)";"South";3;"Two year";31.69;1;7.59;1;95.07
"CUST-7079";"Male";"3. Senior (51+)";"West";35;"Monthly";113.39;0;56.85;1;3968.65
"CUST-7080";"Non-binary";"2. Adult (31-50)";"North";6;"Two year";117.98;0;52.96;1;707.88
"CUST-7081";"Female";"2. Adult (31-50)";"West";11;"Two year";61.33;0;53.43;0;674.63
"CUST-7082";"Non-binary";"3. Senior (51+)";"East";16;"One year";58.82;1;66.11;1;941.12
"CUST-7083";"Female";"1. Young Adult (18-30)";"West";24;"Monthly";48.52;1;50.66;0;1164.48
"CUST-7084";"Male";"2. Adult (31-50)";"North";68;"Monthly";89.98;0;57.81;1;6118.64
"CUST-7085";"Male";"1. Young Adult (18-30)";"North";68;"One year";70.47;2;40.06;0;4791.96
"CUST-7086";"Non-binary";"3. Senior (51+)";"West";40;"Monthly";56.87;0;77.85;0;2274.8
"CUST-7087";"Female";"4. Unkownn/Missing";"South";7;"Monthly";20.94;0;50.67;1;146.58
"CUST-7088";"Female";"3. Senior (51+)";"West";46;"Monthly";33.45;0;51.24;0;1538.7
"CUST-7089";"Female";"3. Senior (51+)";"North";1;"Two year";55.92;3;29.32;0;55.92
"CUST-7090";"Male";"2. Adult (31-50)";"North";35;"Monthly";55.41;0;56.85;1;1939.35
"CUST-7091";"Female";"2. Adult (31-50)";"North";65;"Monthly";74.09;0;55.95;1;4815.85
"CUST-7092";"Male";"2. Adult (31-50)";"North";49;"Monthly";47.45;0;54.7;0;2325.05
"CUST-7093";"Male";"3. Senior (51+)";"West";70;"One year";76.62;2;58.23;0;5363.4
"CUST-7094";"Non-binary";"4. Unkownn/Missing";"West";29;"One year";50.86;0;18.33;0;1474.94
"CUST-7095";"Female";"4. Unkownn/Missing";"North";33;"Monthly";25.75;10;16.03;1;849.75
"CUST-7096";"Non-binary";"3. Senior (51+)";"East";24;"Monthly";21.38;2;50.66;0;513.12
"CUST-7097";"Non-binary";"1. Young Adult (18-30)";"West";70;"One year";102.84;0;22.91;0;7198.8
"CUST-7098";"Female";"2. Adult (31-50)";"North";45;"Monthly";32.75;2;56.4;1;1473.75
"CUST-7099";"Female";"1. Young Adult (18-30)";"North";22;"Monthly";90.96;3;58.01;1;2001.12
"CUST-7100";"Female";"3. Senior (51+)";"South";66;"Monthly";96.14;0;92.11;1;6345.24
"CUST-7101";"Female";"2. Adult (31-50)";"East";33;"One year";93.91;8;33.72;0;3099.03
"CUST-7102";"Female";"2. Adult (31-50)";"East";48;"Two year";84.34;0;18.01;1;4048.32
"CUST-7103";"Male";"2. Adult (31-50)";"South";60;"Monthly";95.45;2;57.22;0;5727.0
"CUST-7104";"Male";"2. Adult (31-50)";"North";0;"One year";81.22;2;44.44;0;0.0
"CUST-7105";"Male";"2. Adult (31-50)";"West";44;"One year";65.69;0;57.04;0;2890.36
"CUST-7106";"Non-binary";"2. Adult (31-50)";"West";68;"Monthly";112.29;3;89.58;1;7635.72
"CUST-7107";"Female";"4. Unkownn/Missing";"North";21;"Monthly";105.89;3;77.77;1;2223.69
"CUST-7108";"Male";"3. Senior (51+)";"South";71;"Monthly";69.34;1;89.34;0;4923.14
"CUST-7109";"Male";"3. Senior (51+)";"South";12;"One year";40.58;1;54.82;0;486.96
"CUST-7110";"Non-binary";"2. Adult (31-50)";"North";35;"One year";50.41;7;33.06;0;1764.35
"CUST-7111";"Female";"3. Senior (51+)";"North";42;"One year";21.16;0;58.5;0;888.72
"CUST-7112";"Non-binary";"2. Adult (31-50)";"North";35;"One year";80.8;0;47.5;0;2828.0
"CUST-7113";"Female";"2. Adult (31-50)";"North";22;"Monthly";48.38;0;23.43;0;1064.36
"CUST-7114";"Female";"3. Senior (51+)";"North";13;"Two year";38.62;0;56.82;0;502.06
"CUST-7115";"Non-binary";"3. Senior (51+)";"South";70;"One year";98.86;0;58.23;1;6920.2
"CUST-7116";"Female";"2. Adult (31-50)";"North";63;"One year";51.97;6;36.47;1;3274.11
"CUST-7117";"Female";"3. Senior (51+)";"West";56;"Monthly";117.57;6;18.73;1;6583.92
"CUST-7118";"Female";"1. Young Adult (18-30)";"East";32;"Monthly";82.91;4;25.3;1;2653.12
"CUST-7119";"Non-binary";"2. Adult (31-50)";"West";13;"Two year";49.88;2;43.54;0;648.44
"CUST-7120";"Female";"1. Young Adult (18-30)";"South";0;"Monthly";78.49;0;44.44;1;0.0
"CUST-7121";"Non-binary";"1. Young Adult (18-30)";"West";18;"Two year";91.55;0;33.02;0;1647.9
"CUST-7122";"Female";"4. Unkownn/Missing";"North";18;"One year";111.54;0;14.11;0;2007.72
"CUST-7123";"Non-binary";"2. Adult (31-50)";"East";15;"Monthly";50.83;2;77.86;1;762.45
"CUST-7124";"Male";"1. Young Adult (18-30)";"West";6;"Two year";103.43;0;40.99;0;620.58
"CUST-7125";"Male";"3. Senior (51+)";"East";42;"Two year";22.52;0;51.53;0;945.84
"CUST-7126";"Male";"1. Young Adult (18-30)";"West";63;"Two year";99.39;2;54.89;0;6261.57
"CUST-7127";"Male";"1. Young Adult (18-30)";"West";2;"Two year";51.68;0;69.21;1;103.36
"CUST-7128";"Female";"2. Adult (31-50)";"North";69;"Monthly";114.34;0;73.72;1;7889.46
"CUST-7129";"Female";"3. Senior (51+)";"North";60;"One year";25.04;5;21.23;1;1502.4
"CUST-7130";"Female";"1. Young Adult (18-30)";"East";5;"Two year";85.96;1;57.230000000000004;0;429.8
"CUST-7131";"Male";"3. Senior (51+)";"South";40;"Monthly";114.04;0;31.05;1;4561.6
"CUST-7132";"Non-binary";"2. Adult (31-50)";"South";69;"Monthly";47.88;0;57.1;1;3303.72
"CUST-7133";"Female";"3. Senior (51+)";"West";58;"Two year";73.17;2;56.15;1;4243.86
"CUST-7134";"Non-binary";"3. Senior (51+)";"South";46;"Monthly";39.1;0;70.94;0;1798.6
"CUST-7135";"Female";"2. Adult (31-50)";"East";44;"Monthly";50.49;0;56.45;0;2221.56
"CUST-7136";"Female";"3. Senior (51+)";"West";9;"Monthly";27.13;0;58.05;0;244.17
"CUST-7137";"Female";"1. Young Adult (18-30)";"North";17;"Monthly";71.24;0;56.0;0;1211.08
"CUST-7138";"Male";"2. Adult (31-50)";"West";42;"Monthly";60.51;0;58.5;0;2541.42
"CUST-7139";"Non-binary";"2. Adult (31-50)";"West";47;"Monthly";25.27;0;52.58;1;1187.69
"CUST-7140";"Male";"3. Senior (51+)";"West";8;"Monthly";43.61;0;11.06;1;348.88
"CUST-7141";"Non-binary";"2. Adult (31-50)";"North";69;"Two year";104.95;0;57.1;0;7241.55
"CUST-7142";"Non-binary";"2. Adult (31-50)";"North";50;"One year";40.06;3;69.06;0;2003.0
"CUST-7143";"Female";"3. Senior (51+)";"East";17;"Two year";84.63;0;56.0;1;1438.71
"CUST-7144";"Female";"2. Adult (31-50)";"North";50;"One year";59.34;0;22.74;0;2967.0
"CUST-7145";"Non-binary";"3. Senior (51+)";"West";13;"Monthly";79.91;2;56.82;1;1038.83
"CUST-7146";"Non-binary";"1. Young Adult (18-30)";"North";26;"Monthly";42.8;1;61.62;1;1112.8
"CUST-7147";"Male";"3. Senior (51+)";"West";35;"Monthly";88.66;0;56.85;0;3103.1
"CUST-7148";"Male";"2. Adult (31-50)";"North";61;"Monthly";95.27;1;55.13;1;5811.47
"CUST-7149";"Male";"4. Unkownn/Missing";"West";67;"One year";77.71;0;56.68;0;5206.57
"CUST-7150";"Male";"2. Adult (31-50)";"East";57;"One year";69.71;0;58.76;0;3973.47
"CUST-7151";"Male";"3. Senior (51+)";"West";27;"One year";55.36;0;33.05;0;1494.72
"CUST-7152";"Male";"1. Young Adult (18-30)";"North";33;"Monthly";85.74;1;79.18;1;2829.42
"CUST-7153";"Male";"1. Young Adult (18-30)";"South";3;"One year";77.91;0;42.33;0;233.73
"CUST-7154";"Male";"3. Senior (51+)";"South";29;"One year";113.16;0;57.9;0;3281.64
"CUST-7155";"Male";"2. Adult (31-50)";"South";69;"One year";37.72;0;92.93;0;2602.68
"CUST-7156";"Female";"3. Senior (51+)";"South";12;"One year";116.48;0;54.82;1;1397.76
"CUST-7157";"Non-binary";"3. Senior (51+)";"West";71;"One year";111.54;0;14.01;0;7919.34
"CUST-7158";"Male";"2. Adult (31-50)";"South";7;"One year";72.18;1;70.15;0;505.26
"CUST-7159";"Male";"1. Young Adult (18-30)";"West";32;"Monthly";49.23;1;51.91;0;1575.36
"CUST-7160";"Non-binary";"2. Adult (31-50)";"South";57;"Monthly";85.14;0;58.76;0;4852.98
"CUST-7161";"Male";"3. Senior (51+)";"South";44;"Two year";59.16;0;78.47;0;2603.04
"CUST-7162";"Non-binary";"3. Senior (51+)";"South";45;"Monthly";101.17;2;50.11;1;4552.65
"CUST-7163";"Female";"3. Senior (51+)";"North";65;"Monthly";57.11;3;55.95;0;3712.15
"CUST-7164";"Female";"2. Adult (31-50)";"South";6;"Monthly";28.85;0;11.27;1;173.1
"CUST-7165";"Male";"3. Senior (51+)";"North";53;"Monthly";98.3;1;55.3;1;5209.9
"CUST-7166";"Non-binary";"3. Senior (51+)";"West";70;"Two year";58.73;0;58.23;0;4111.1
"CUST-7167";"Non-binary";"1. Young Adult (18-30)";"West";14;"Monthly";88.99;0;50.47;1;1245.86
"CUST-7168";"Male";"3. Senior (51+)";"South";67;"Monthly";102.43;3;49.86;1;6862.81
"CUST-7169";"Female";"2. Adult (31-50)";"North";56;"One year";106.72;3;72.48;0;5976.32
"CUST-7170";"Female";"2. Adult (31-50)";"East";13;"Two year";67.28;0;56.82;1;874.64
"CUST-7171";"Female";"3. Senior (51+)";"West";4;"Monthly";91.12;0;43.31;1;364.48
"CUST-7172";"Male";"2. Adult (31-50)";"East";59;"One year";61.07;1;50.64;0;3603.13
"CUST-7173";"Male";"2. Adult (31-50)";"South";35;"One year";108.47;0;62.88;0;3796.45
"CUST-7174";"Female";"3. Senior (51+)";"North";34;"One year";96.33;7;20.38;1;3275.22
"CUST-7175";"Female";"3. Senior (51+)";"South";22;"One year";29.15;0;58.01;1;641.3
"CUST-7176";"Male";"1. Young Adult (18-30)";"East";46;"Two year";41.24;2;51.24;0;1897.04
"CUST-7177";"Male";"4. Unkownn/Missing";"West";18;"Monthly";58.58;3;34.56;1;1054.44
"CUST-7178";"Non-binary";"3. Senior (51+)";"West";29;"Monthly";56.72;0;21.72;1;1644.88
"CUST-7179";"Female";"3. Senior (51+)";"North";40;"One year";60.45;0;74.57;0;2418.0
"CUST-7180";"Male";"1. Young Adult (18-30)";"South";7;"Two year";105.13;3;59.79;0;735.91
"CUST-7181";"Female";"2. Adult (31-50)";"South";22;"Monthly";71.36;0;58.01;0;1569.92
"CUST-7182";"Male";"3. Senior (51+)";"North";36;"Two year";71.92;0;23.1;1;2589.12
"CUST-7183";"Male";"3. Senior (51+)";"North";2;"Monthly";104.94;0;42.67;1;209.88
"CUST-7184";"Non-binary";"1. Young Adult (18-30)";"East";2;"Two year";28.01;2;69.1;0;56.02
"CUST-7185";"Male";"3. Senior (51+)";"North";31;"One year";57.79;0;20.57;0;1791.49
"CUST-7186";"Male";"2. Adult (31-50)";"West";9;"Two year";45.45;3;58.05;0;409.05
"CUST-7187";"Male";"3. Senior (51+)";"South";51;"Monthly";20.17;0;67.71;0;1028.67
"CUST-7188";"Male";"4. Unkownn/Missing";"West";60;"Monthly";72.44;2;57.22;1;4346.4
"CUST-7189";"Female";"2. Adult (31-50)";"East";53;"Monthly";78.14;1;99.07;1;4141.42
"CUST-7190";"Non-binary";"2. Adult (31-50)";"West";50;"One year";76.75;0;88.75;1;3837.5
"CUST-7191";"Female";"2. Adult (31-50)";"North";71;"Monthly";42.07;0;54.72;1;2986.97
"CUST-7192";"Male";"1. Young Adult (18-30)";"North";50;"Monthly";49.76;0;54.57;1;2488.0
"CUST-7193";"Female";"3. Senior (51+)";"West";56;"Monthly";88.83;0;99.02;0;4974.48
"CUST-7194";"Male";"3. Senior (51+)";"North";31;"Two year";76.74;0;82.28;0;2378.94
"CUST-7195";"Male";"2. Adult (31-50)";"West";35;"Two year";41.89;1;56.85;0;1466.15
"CUST-7196";"Male";"3. Senior (51+)";"West";12;"Monthly";103.64;0;24.74;1;1243.68
"CUST-7197";"Female";"3. Senior (51+)";"South";51;"Monthly";38.6;0;57.9;0;1968.6
"CUST-7198";"Female";"3. Senior (51+)";"East";44;"One year";62.53;0;71.48;1;2751.32
"CUST-7199";"Male";"1. Young Adult (18-30)";"West";47;"Two year";68.49;0;52.58;0;3219.03
"CUST-7200";"Male";"3. Senior (51+)";"North";34;"One year";109.45;1;52.64;0;3721.3
"CUST-7201";"Male";"3. Senior (51+)";"North";42;"One year";68.12;1;58.5;0;2861.04
"CUST-7202";"Male";"3. Senior (51+)";"South";64;"Two year";37.48;3;49.79;0;2398.72
"CUST-7203";"Male";"3. Senior (51+)";"North";68;"Monthly";81.63;2;97.35;1;5550.84
"CUST-7204";"Non-binary";"3. Senior (51+)";"North";41;"Monthly";66.17;0;86.4;1;2712.97
"CUST-7205";"Female";"3. Senior (51+)";"South";23;"Monthly";43.34;0;56.11;1;996.82
"CUST-7206";"Female";"3. Senior (51+)";"South";41;"Monthly";33.4;0;33.48;1;1369.4
"CUST-7207";"Male";"1. Young Adult (18-30)";"East";21;"Monthly";69.55;0;44.09;1;1460.55
"CUST-7208";"Non-binary";"2. Adult (31-50)";"West";51;"Monthly";46.62;1;57.9;0;2377.62
"CUST-7209";"Male";"1. Young Adult (18-30)";"East";34;"Monthly";115.0;0;52.64;1;3910.0
"CUST-7210";"Male";"1. Young Adult (18-30)";"North";62;"Monthly";34.46;3;56.74;1;2136.52
"CUST-7211";"Female";"3. Senior (51+)";"South";53;"Monthly";96.19;0;30.23;1;5098.07
"CUST-7212";"Non-binary";"3. Senior (51+)";"North";60;"Two year";36.13;0;50.58;0;2167.8
"CUST-7213";"Female";"4. Unkownn/Missing";"East";41;"Two year";84.23;0;17.41;0;3453.43
"CUST-7214";"Male";"2. Adult (31-50)";"South";66;"Two year";85.12;0;54.86;0;5617.92
"CUST-7215";"Male";"3. Senior (51+)";"North";28;"Monthly";94.66;0;85.56;0;2650.48
"CUST-7216";"Male";"1. Young Adult (18-30)";"East";19;"Monthly";44.22;3;93.25;0;840.18
"CUST-7217";"Non-binary";"3. Senior (51+)";"South";13;"Monthly";110.39;0;56.82;1;1435.07
"CUST-7218";"Female";"3. Senior (51+)";"North";49;"Monthly";78.01;3;91.96;1;3822.49
"CUST-7219";"Male";"3. Senior (51+)";"North";22;"One year";78.85;0;58.01;0;1734.7
"CUST-7220";"Non-binary";"2. Adult (31-50)";"West";23;"One year";52.36;0;80.1;0;1204.28
"CUST-7221";"Male";"1. Young Adult (18-30)";"South";31;"Monthly";31.99;0;20.84;1;991.69
"CUST-7222";"Male";"2. Adult (31-50)";"South";48;"Monthly";57.45;0;59.96;0;2757.6
"CUST-7223";"Non-binary";"2. Adult (31-50)";"East";0;"Monthly";54.63;0;44.44;1;0.0
"CUST-7224";"Male";"3. Senior (51+)";"South";41;"Monthly";94.48;0;21.54;1;3873.68
"CUST-7225";"Non-binary";"3. Senior (51+)";"South";31;"Monthly";22.63;0;51.61;0;701.53
"CUST-7226";"Non-binary";"3. Senior (51+)";"North";39;"One year";102.92;0;95.18;0;4013.88
"CUST-7227";"Male";"2. Adult (31-50)";"South";39;"One year";110.47;3;99.49;0;4308.33
"CUST-7228";"Female";"2. Adult (31-50)";"North";66;"One year";36.67;0;54.86;0;2420.22
"CUST-7229";"Non-binary";"1. Young Adult (18-30)";"West";66;"One year";98.97;0;46.09;0;6532.02
"CUST-7230";"Female";"1. Young Adult (18-30)";"South";6;"Two year";62.09;0;52.96;0;372.54
"CUST-7231";"Non-binary";"3. Senior (51+)";"West";70;"Monthly";24.41;5;13.33;1;1708.7
"CUST-7232";"Non-binary";"3. Senior (51+)";"South";29;"Monthly";83.27;0;80.52;1;2414.83
"CUST-7233";"Non-binary";"3. Senior (51+)";"East";58;"One year";59.22;0;56.15;0;3434.76
"CUST-7234";"Male";"2. Adult (31-50)";"North";37;"Monthly";94.46;0;25.58;0;3495.02
"CUST-7235";"Female";"2. Adult (31-50)";"North";19;"Monthly";88.06;10;17.93;1;1673.14
"CUST-7236";"Non-binary";"1. Young Adult (18-30)";"South";1;"Monthly";24.62;3;70.49;0;24.62
"CUST-7237";"Female";"2. Adult (31-50)";"South";65;"Monthly";47.71;0;81.34;1;3101.15
"CUST-7238";"Female";"3. Senior (51+)";"North";62;"One year";108.46;0;52.93;0;6724.52
"CUST-7239";"Male";"3. Senior (51+)";"East";0;"Two year";100.14;0;44.44;1;0.0
"CUST-7240";"Male";"2. Adult (31-50)";"West";50;"One year";113.51;0;54.57;0;5675.5
"CUST-7241";"Female";"1. Young Adult (18-30)";"East";72;"Two year";90.9;3;81.28;0;6544.8
"CUST-7242";"Female";"1. Young Adult (18-30)";"West";45;"Monthly";98.77;1;53.92;1;4444.65
"CUST-7243";"Female";"3. Senior (51+)";"North";64;"Monthly";95.51;3;99.23;1;6112.64
"CUST-7244";"Female";"2. Adult (31-50)";"South";20;"Two year";47.41;7;12.47;1;948.2
"CUST-7245";"Non-binary";"2. Adult (31-50)";"West";6;"One year";115.97;0;54.6;1;695.82
"CUST-7246";"Male";"3. Senior (51+)";"West";4;"Monthly";109.37;0;43.31;1;437.48
"CUST-7247";"Male";"3. Senior (51+)";"South";71;"One year";71.04;0;82.4;0;5043.84
"CUST-7248";"Female";"3. Senior (51+)";"East";25;"One year";57.07;5;18.33;0;1426.75
"CUST-7249";"Female";"4. Unkownn/Missing";"West";27;"Monthly";60.2;0;49.9;1;1625.4
"CUST-7250";"Female";"2. Adult (31-50)";"West";28;"Two year";52.52;0;87.88;0;1470.56
"CUST-7251";"Female";"3. Senior (51+)";"North";21;"One year";57.94;0;28.15;1;1216.74
"CUST-7252";"Female";"1. Young Adult (18-30)";"South";26;"Two year";76.68;2;61.62;0;1993.68
"CUST-7253";"Male";"2. Adult (31-50)";"West";7;"Two year";70.37;0;59.79;0;492.59
"CUST-7254";"Non-binary";"1. Young Adult (18-30)";"North";71;"Monthly";21.23;9;35.04;1;1507.33
"CUST-7255";"Female";"2. Adult (31-50)";"North";5;"One year";113.13;0;39.54;0;565.65
"CUST-7256";"Female";"2. Adult (31-50)";"West";18;"One year";24.77;0;51.92;0;445.86
"CUST-7257";"Female";"3. Senior (51+)";"South";12;"One year";51.28;0;17.92;1;615.36
"CUST-7258";"Female";"3. Senior (51+)";"West";0;"One year";26.88;0;78.28;0;0.0
"CUST-7259";"Female";"2. Adult (31-50)";"South";37;"One year";28.31;0;54.96;0;1047.47
"CUST-7260";"Female";"3. Senior (51+)";"South";0;"One year";58.58;0;45.82;0;0.0
"CUST-7261";"Male";"2. Adult (31-50)";"North";11;"Two year";87.94;1;53.43;0;967.34
"CUST-7262";"Non-binary";"3. Senior (51+)";"South";32;"Monthly";112.37;0;51.91;1;3595.84
"CUST-7263";"Male";"3. Senior (51+)";"West";11;"Monthly";85.95;0;53.43;0;945.45
"CUST-7264";"Male";"2. Adult (31-50)";"North";72;"Monthly";42.81;1;58.51;0;3082.32
"CUST-7265";"Female";"3. Senior (51+)";"West";59;"One year";37.62;1;50.64;0;2219.58
"CUST-7266";"Male";"2. Adult (31-50)";"North";10;"One year";45.06;2;47.88;1;450.6
"CUST-7267";"Female";"3. Senior (51+)";"West";53;"Monthly";86.41;0;55.3;0;4579.73
"CUST-7268";"Male";"3. Senior (51+)";"South";55;"Two year";63.72;0;56.08;0;3504.6
"CUST-7269";"Male";"2. Adult (31-50)";"West";66;"Monthly";107.92;0;54.86;1;7122.72
"CUST-7270";"Male";"2. Adult (31-50)";"West";61;"Monthly";105.92;0;55.13;1;6461.12
"CUST-7271";"Male";"3. Senior (51+)";"East";49;"One year";58.86;3;54.7;0;2884.14
"CUST-7272";"Female";"2. Adult (31-50)";"South";34;"Monthly";74.57;0;80.03;0;2535.38
"CUST-7273";"Female";"3. Senior (51+)";"North";61;"One year";47.58;0;73.74;0;2902.38
"CUST-7274";"Non-binary";"4. Unkownn/Missing";"West";0;"One year";44.2;0;57.11;0;0.0
"CUST-7275";"Female";"2. Adult (31-50)";"West";40;"Monthly";40.57;0;54.99;1;1622.8
"CUST-7276";"Male";"2. Adult (31-50)";"North";70;"Monthly";61.95;1;90.3;1;4336.5
"CUST-7277";"Female";"3. Senior (51+)";"South";56;"Monthly";109.25;0;50.89;0;6118.0
"CUST-7278";"Female";"1. Young Adult (18-30)";"North";54;"Monthly";89.02;3;56.4;1;4807.08
"CUST-7279";"Male";"3. Senior (51+)";"East";60;"Monthly";97.36;2;65.46;0;5841.6
"CUST-7280";"Female";"3. Senior (51+)";"East";8;"One year";22.57;0;56.44;0;180.56
"CUST-7281";"Female";"3. Senior (51+)";"South";24;"Monthly";50.37;0;54.63;0;1208.88
"CUST-7282";"Non-binary";"3. Senior (51+)";"East";70;"Two year";101.37;0;43.79;1;7095.9
"CUST-7283";"Non-binary";"2. Adult (31-50)";"South";27;"Monthly";109.06;10;18.49;1;2944.62
"CUST-7284";"Female";"3. Senior (51+)";"West";71;"Two year";37.31;0;32.5;0;2649.01
"CUST-7285";"Female";"3. Senior (51+)";"North";69;"One year";98.31;1;93.42;0;6783.39
"CUST-7286";"Female";"3. Senior (51+)";"West";69;"Monthly";25.52;1;22.01;1;1760.88
"CUST-7287";"Non-binary";"3. Senior (51+)";"East";23;"Monthly";22.01;0;66.7;1;506.23
"CUST-7288";"Male";"1. Young Adult (18-30)";"West";29;"One year";40.71;0;59.42;0;1180.59
"CUST-7289";"Male";"2. Adult (31-50)";"North";25;"One year";106.56;0;57.71;0;2664.0
"CUST-7290";"Male";"3. Senior (51+)";"West";70;"Monthly";75.37;0;58.23;0;5275.9
"CUST-7291";"Male";"3. Senior (51+)";"North";21;"One year";80.21;0;55.93;0;1684.41
"CUST-7292";"Male";"1. Young Adult (18-30)";"West";3;"One year";48.99;8;13.420000000000002;0;146.97
"CUST-7293";"Male";"1. Young Adult (18-30)";"South";50;"One year";86.26;0;54.57;0;4313.0
"CUST-7294";"Male";"1. Young Adult (18-30)";"East";42;"Two year";94.66;0;58.5;0;3975.72
"CUST-7295";"Female";"3. Senior (51+)";"South";36;"Two year";73.65;0;95.2;0;2651.4
"CUST-7296";"Male";"3. Senior (51+)";"West";33;"One year";64.58;0;54.53;0;2131.14
"CUST-7297";"Female";"3. Senior (51+)";"South";47;"Monthly";42.54;2;52.58;0;1999.38
"CUST-7298";"Non-binary";"2. Adult (31-50)";"South";43;"Monthly";38.72;0;53.15;1;1664.96
"CUST-7299";"Male";"3. Senior (51+)";"North";4;"Monthly";50.36;0;43.31;1;201.44
"CUST-7300";"Male";"3. Senior (51+)";"South";10;"One year";102.92;2;47.69;1;1029.2
"CUST-7301";"Male";"2. Adult (31-50)";"South";44;"One year";55.33;0;56.45;0;2434.52
"CUST-7302";"Male";"3. Senior (51+)";"North";55;"Monthly";52.17;3;60.96;1;2869.35
"CUST-7303";"Non-binary";"1. Young Adult (18-30)";"East";21;"Monthly";88.63;0;55.93;1;1861.23
"CUST-7304";"Male";"1. Young Adult (18-30)";"North";56;"Two year";45.03;0;63.17;0;2521.68
"CUST-7305";"Male";"2. Adult (31-50)";"West";5;"Two year";65.5;0;58.81;0;327.5
"CUST-7306";"Female";"1. Young Adult (18-30)";"East";21;"One year";114.12;3;77.69;1;2396.52
"CUST-7307";"Non-binary";"1. Young Adult (18-30)";"West";5;"One year";116.43;2;39.54;1;582.15
"CUST-7308";"Female";"1. Young Adult (18-30)";"North";46;"One year";115.85;0;51.24;0;5329.1
"CUST-7309";"Male";"3. Senior (51+)";"North";29;"Monthly";26.55;0;55.42;0;769.95
"CUST-7310";"Male";"3. Senior (51+)";"North";19;"One year";81.19;3;40.48;0;1542.61
"CUST-7311";"Male";"1. Young Adult (18-30)";"North";70;"One year";20.16;0;58.23;0;1411.2
"CUST-7312";"Female";"1. Young Adult (18-30)";"South";53;"Two year";30.14;0;55.3;0;1597.42
"CUST-7313";"Non-binary";"3. Senior (51+)";"South";39;"Monthly";96.81;1;58.13;1;3775.59
"CUST-7314";"Female";"2. Adult (31-50)";"South";54;"One year";81.92;0;56.4;0;4423.68
"CUST-7315";"Male";"3. Senior (51+)";"West";39;"Monthly";48.03;0;39.35;0;1873.17
"CUST-7316";"Female";"3. Senior (51+)";"South";39;"Monthly";80.42;2;44.36;0;3136.38
"CUST-7317";"Female";"3. Senior (51+)";"North";56;"One year";41.71;3;74.49;0;2335.76
"CUST-7318";"Female";"3. Senior (51+)";"West";69;"One year";57.01;1;93.99;1;3933.69
"CUST-7319";"Male";"3. Senior (51+)";"West";69;"One year";104.71;0;57.1;0;7224.99
"CUST-7320";"Female";"3. Senior (51+)";"West";48;"Monthly";29.93;0;11.18;0;1436.64
"CUST-7321";"Non-binary";"1. Young Adult (18-30)";"North";39;"Monthly";96.72;0;94.33;0;3772.08
"CUST-7322";"Female";"2. Adult (31-50)";"North";20;"Monthly";31.64;0;53.01;0;632.8
"CUST-7323";"Male";"3. Senior (51+)";"West";19;"Two year";20.18;2;66.19;0;383.42
"CUST-7324";"Non-binary";"1. Young Adult (18-30)";"North";29;"Monthly";85.7;2;55.42;0;2485.3
"CUST-7325";"Female";"2. Adult (31-50)";"West";29;"One year";58.47;8;13.77;1;1695.63
"CUST-7326";"Female";"2. Adult (31-50)";"East";39;"One year";114.68;0;59.64;0;4472.52
"CUST-7327";"Female";"3. Senior (51+)";"West";31;"Monthly";98.5;3;54.97;1;3053.5
"CUST-7328";"Female";"3. Senior (51+)";"West";16;"One year";46.7;0;96.24;0;747.2
"CUST-7329";"Female";"3. Senior (51+)";"North";50;"One year";97.6;0;95.9;0;4880.0
"CUST-7330";"Female";"3. Senior (51+)";"East";19;"Monthly";76.61;0;55.11;0;1455.59
"CUST-7331";"Male";"3. Senior (51+)";"North";47;"Monthly";117.61;0;25.65;1;5527.67
"CUST-7332";"Female";"3. Senior (51+)";"South";12;"One year";26.73;0;54.82;0;320.76
"CUST-7333";"Female";"2. Adult (31-50)";"South";17;"One year";67.03;0;83.5;0;1139.51
"CUST-7334";"Male";"1. Young Adult (18-30)";"South";46;"Monthly";26.02;2;51.24;1;1196.92
"CUST-7335";"Female";"3. Senior (51+)";"West";60;"One year";107.91;0;57.22;0;6474.6
"CUST-7336";"Male";"3. Senior (51+)";"West";44;"One year";50.28;1;56.45;0;2212.32
"CUST-7337";"Non-binary";"1. Young Adult (18-30)";"South";6;"Monthly";46.34;0;52.96;1;278.04
"CUST-7338";"Male";"4. Unkownn/Missing";"North";71;"Two year";84.58;1;54.72;0;6005.18
"CUST-7339";"Female";"1. Young Adult (18-30)";"North";42;"Monthly";109.31;1;58.5;0;4591.02
"CUST-7340";"Non-binary";"2. Adult (31-50)";"East";9;"One year";25.42;3;58.05;0;228.78
"CUST-7341";"Male";"2. Adult (31-50)";"West";23;"Monthly";105.84;3;87.53;1;2434.32
"CUST-7342";"Male";"1. Young Adult (18-30)";"South";18;"Two year";69.78;0;51.92;0;1256.04
"CUST-7343";"Female";"2. Adult (31-50)";"West";3;"Monthly";20.59;5;10.489999999999998;1;61.77
"CUST-7344";"Female";"2. Adult (31-50)";"East";50;"Monthly";59.91;0;54.57;1;2995.5
"CUST-7345";"Female";"1. Young Adult (18-30)";"West";1;"Two year";102.17;2;43.21;1;102.17
"CUST-7346";"Non-binary";"3. Senior (51+)";"North";27;"One year";105.51;5;24.55;1;2848.77
"CUST-7347";"Non-binary";"1. Young Adult (18-30)";"East";2;"Two year";45.92;2;21.799999999999997;0;91.84
"CUST-7348";"Male";"4. Unkownn/Missing";"North";34;"One year";39.68;0;52.64;0;1349.12
"CUST-7349";"Non-binary";"3. Senior (51+)";"North";54;"Two year";73.76;0;23.73;0;3983.04
"CUST-7350";"Male";"3. Senior (51+)";"South";28;"Monthly";71.01;1;53.86;0;1988.28
"CUST-7351";"Female";"2. Adult (31-50)";"West";4;"Monthly";44.61;0;43.31;1;178.44
"CUST-7352";"Non-binary";"2. Adult (31-50)";"North";15;"Monthly";86.48;0;52.47;0;1297.2
"CUST-7353";"Female";"1. Young Adult (18-30)";"South";32;"One year";78.63;7;11.88;0;2516.16
"CUST-7354";"Female";"3. Senior (51+)";"South";39;"Two year";78.31;0;59.64;0;3054.09
"CUST-7355";"Male";"4. Unkownn/Missing";"West";7;"Monthly";37.01;0;54.12;1;259.07
"CUST-7356";"Female";"2. Adult (31-50)";"West";61;"One year";38.59;3;49.82;0;2353.99
"CUST-7357";"Non-binary";"3. Senior (51+)";"East";25;"Two year";103.74;0;56.76;1;2593.5
"CUST-7358";"Female";"1. Young Adult (18-30)";"West";12;"Two year";34.49;0;38.3;0;413.88
"CUST-7359";"Female";"3. Senior (51+)";"North";51;"One year";38.66;0;15.33;1;1971.66
"CUST-7360";"Female";"3. Senior (51+)";"South";57;"Monthly";65.94;0;58.76;1;3758.58
"CUST-7361";"Non-binary";"3. Senior (51+)";"South";70;"Monthly";101.2;1;72.91;0;7084.0
"CUST-7362";"Male";"3. Senior (51+)";"West";48;"Monthly";91.74;3;85.76;0;4403.52
"CUST-7363";"Non-binary";"2. Adult (31-50)";"North";55;"Monthly";30.36;0;56.08;1;1669.8
"CUST-7364";"Female";"1. Young Adult (18-30)";"West";48;"Monthly";68.57;0;66.8;0;3291.36
"CUST-7365";"Male";"3. Senior (51+)";"South";65;"One year";106.56;0;70.06;0;6926.4
"CUST-7366";"Female";"3. Senior (51+)";"West";45;"Monthly";24.71;6;29.02;1;1111.95
"CUST-7367";"Male";"4. Unkownn/Missing";"East";43;"Two year";81.15;1;72.48;0;3489.45
"CUST-7368";"Male";"2. Adult (31-50)";"North";58;"Two year";111.83;3;56.15;1;6486.14
"CUST-7369";"Female";"1. Young Adult (18-30)";"South";40;"Monthly";94.66;0;54.99;0;3786.4
"CUST-7370";"Female";"3. Senior (51+)";"South";25;"One year";59.69;0;23.03;0;1492.25
"CUST-7371";"Female";"3. Senior (51+)";"South";37;"Monthly";91.79;1;54.96;0;3396.23
"CUST-7372";"Female";"3. Senior (51+)";"North";64;"One year";87.87;0;49.79;0;5623.68
"CUST-7373";"Non-binary";"1. Young Adult (18-30)";"West";15;"Two year";46.18;0;53.77;1;692.7
"CUST-7374";"Female";"2. Adult (31-50)";"South";55;"Monthly";35.51;0;56.08;0;1953.05
"CUST-7375";"Male";"3. Senior (51+)";"West";71;"Two year";118.32;0;54.72;0;8400.72
"CUST-7376";"Non-binary";"3. Senior (51+)";"South";23;"One year";108.84;0;45.95;0;2503.32
"CUST-7377";"Female";"3. Senior (51+)";"West";15;"One year";30.68;0;53.77;0;460.2
"CUST-7378";"Male";"2. Adult (31-50)";"North";51;"One year";91.42;0;17.69;1;4662.42
"CUST-7379";"Female";"2. Adult (31-50)";"South";61;"Monthly";93.35;0;55.13;1;5694.35
"CUST-7380";"Female";"3. Senior (51+)";"North";59;"One year";30.03;1;61.51;0;1771.77
"CUST-7381";"Non-binary";"4. Unkownn/Missing";"West";30;"One year";115.36;0;57.44;0;3460.8
"CUST-7382";"Female";"3. Senior (51+)";"North";43;"One year";117.62;2;72.52;0;5057.66
"CUST-7383";"Male";"2. Adult (31-50)";"South";11;"Two year";117.3;0;60.98;0;1290.3
"CUST-7384";"Non-binary";"2. Adult (31-50)";"East";26;"Monthly";58.21;1;61.62;1;1513.46
"CUST-7385";"Male";"3. Senior (51+)";"South";67;"Monthly";23.39;2;52.82;0;1567.13
"CUST-7386";"Female";"3. Senior (51+)";"East";53;"Monthly";90.98;0;55.3;0;4821.94
"CUST-7387";"Male";"1. Young Adult (18-30)";"South";24;"Monthly";70.15;0;68.53;0;1683.6
"CUST-7388";"Female";"3. Senior (51+)";"North";40;"Monthly";57.36;0;66.93;0;2294.4
"CUST-7389";"Female";"2. Adult (31-50)";"West";27;"Monthly";38.41;0;17.1;1;1037.07
"CUST-7390";"Male";"3. Senior (51+)";"North";0;"Monthly";79.4;2;44.44;0;0.0
"CUST-7391";"Female";"1. Young Adult (18-30)";"North";4;"Two year";115.51;0;75.12;0;462.04
"CUST-7392";"Female";"4. Unkownn/Missing";"West";26;"Two year";66.14;0;60.45;0;1719.64
"CUST-7393";"Female";"3. Senior (51+)";"West";4;"Two year";33.67;2;43.31;1;134.68
"CUST-7394";"Non-binary";"3. Senior (51+)";"South";39;"Monthly";35.41;0;59.64;0;1380.99
"CUST-7395";"Male";"1. Young Adult (18-30)";"South";51;"Two year";85.65;1;57.9;0;4368.15
"CUST-7396";"Female";"2. Adult (31-50)";"North";66;"Monthly";32.86;0;54.86;0;2168.76
"CUST-7397";"Female";"2. Adult (31-50)";"North";31;"Monthly";52.7;0;51.61;0;1633.7
"CUST-7398";"Female";"3. Senior (51+)";"North";55;"One year";79.02;0;56.08;0;4346.1
"CUST-7399";"Male";"1. Young Adult (18-30)";"East";40;"One year";20.33;1;54.99;0;813.2
"CUST-7400";"Non-binary";"3. Senior (51+)";"North";61;"Two year";25.1;0;28.04;1;1531.1
"CUST-7401";"Male";"3. Senior (51+)";"East";32;"One year";27.33;0;51.91;0;874.56
"CUST-7402";"Male";"3. Senior (51+)";"West";45;"One year";104.22;0;82.28;0;4689.9
"CUST-7403";"Male";"1. Young Adult (18-30)";"South";44;"Monthly";68.38;0;56.45;0;3008.72
"CUST-7404";"Non-binary";"1. Young Adult (18-30)";"West";56;"One year";85.22;2;63.17;0;4772.32
"CUST-7405";"Non-binary";"3. Senior (51+)";"South";63;"Monthly";101.96;1;54.89;0;6423.48
"CUST-7406";"Female";"2. Adult (31-50)";"North";8;"Two year";52.54;0;13.32;1;420.32
"CUST-7407";"Non-binary";"2. Adult (31-50)";"South";28;"Monthly";42.43;0;53.86;1;1188.04
"CUST-7408";"Female";"3. Senior (51+)";"East";37;"One year";72.09;0;54.96;0;2667.33
"CUST-7409";"Male";"2. Adult (31-50)";"West";22;"Two year";109.74;0;58.01;1;2414.28
"CUST-7410";"Non-binary";"3. Senior (51+)";"South";62;"Monthly";64.05;0;68.8;0;3971.1
"CUST-7411";"Female";"2. Adult (31-50)";"South";16;"Monthly";113.38;1;57.1;0;1814.08
"CUST-7412";"Female";"2. Adult (31-50)";"East";30;"Monthly";95.17;3;34.18;1;2855.1
"CUST-7413";"Male";"3. Senior (51+)";"West";48;"Two year";69.57;3;71.94;0;3339.36
"CUST-7414";"Non-binary";"3. Senior (51+)";"West";69;"Two year";32.68;2;73.52;0;2254.92
"CUST-7415";"Male";"3. Senior (51+)";"South";70;"Monthly";97.74;0;58.23;1;6841.8
"CUST-7416";"Female";"1. Young Adult (18-30)";"North";0;"One year";56.75;2;44.44;0;0.0
"CUST-7417";"Female";"4. Unkownn/Missing";"North";43;"Monthly";92.82;1;49.74;0;3991.26
"CUST-7418";"Non-binary";"3. Senior (51+)";"North";54;"Monthly";27.2;2;56.4;1;1468.8
"CUST-7419";"Male";"3. Senior (51+)";"West";60;"One year";75.4;1;57.22;0;4524.0
"CUST-7420";"Male";"1. Young Adult (18-30)";"East";33;"One year";75.67;0;54.53;0;2497.11
"CUST-7421";"Female";"2. Adult (31-50)";"South";53;"Monthly";44.71;0;55.3;1;2369.63
"CUST-7422";"Female";"3. Senior (51+)";"North";17;"Two year";107.36;0;56.0;1;1825.12
"CUST-7423";"Female";"2. Adult (31-50)";"North";33;"Monthly";54.65;0;54.53;1;1803.45
"CUST-7424";"Female";"3. Senior (51+)";"East";70;"One year";73.27;1;58.23;1;5128.9
"CUST-7425";"Male";"1. Young Adult (18-30)";"South";17;"One year";64.65;2;55.7;0;1099.05
"CUST-7426";"Male";"4. Unkownn/Missing";"East";42;"Monthly";74.75;0;58.5;0;3139.5
"CUST-7427";"Female";"3. Senior (51+)";"North";19;"One year";44.98;0;55.11;0;854.62
"CUST-7428";"Female";"2. Adult (31-50)";"North";68;"One year";111.24;0;57.81;0;7564.32
"CUST-7429";"Female";"1. Young Adult (18-30)";"West";21;"Monthly";117.64;3;83.34;1;2470.44
"CUST-7430";"Non-binary";"3. Senior (51+)";"North";20;"Two year";48.15;0;53.01;0;963.0
"CUST-7431";"Male";"3. Senior (51+)";"West";11;"Monthly";111.22;0;53.43;1;1223.42
"CUST-7432";"Male";"3. Senior (51+)";"North";57;"Two year";73.28;3;77.82;0;4176.96
"CUST-7433";"Non-binary";"3. Senior (51+)";"North";61;"Monthly";46.07;1;92.44;0;2810.27
"CUST-7434";"Female";"3. Senior (51+)";"North";29;"Monthly";60.73;1;55.42;1;1761.17
"CUST-7435";"Male";"2. Adult (31-50)";"North";36;"Monthly";55.25;1;49.15;1;1989.0
"CUST-7436";"Non-binary";"3. Senior (51+)";"West";2;"Two year";99.58;1;15.629999999999999;0;199.16
"CUST-7437";"Male";"2. Adult (31-50)";"South";4;"One year";85.69;0;43.31;0;342.76
"CUST-7438";"Male";"1. Young Adult (18-30)";"West";45;"Monthly";34.1;0;56.4;0;1534.5
"CUST-7439";"Non-binary";"4. Unkownn/Missing";"West";19;"One year";46.67;2;55.11;1;886.73
"CUST-7440";"Male";"1. Young Adult (18-30)";"South";20;"Monthly";110.79;0;53.01;0;2215.8
"CUST-7441";"Male";"2. Adult (31-50)";"East";28;"One year";118.56;3;55.51;1;3319.68
"CUST-7442";"Male";"3. Senior (51+)";"East";51;"Two year";112.02;3;57.9;1;5713.02
"CUST-7443";"Female";"3. Senior (51+)";"South";29;"One year";93.03;0;55.42;0;2697.87
"CUST-7444";"Male";"1. Young Adult (18-30)";"South";5;"One year";96.63;0;10.27;0;483.15
"CUST-7445";"Female";"3. Senior (51+)";"West";15;"Monthly";68.48;0;69.88;1;1027.2
"CUST-7446";"Male";"3. Senior (51+)";"West";28;"One year";116.88;3;53.86;0;3272.64
"CUST-7447";"Male";"2. Adult (31-50)";"West";35;"One year";65.72;0;56.85;0;2300.2
"CUST-7448";"Non-binary";"3. Senior (51+)";"West";17;"One year";45.29;0;56.0;0;769.93
"CUST-7449";"Male";"3. Senior (51+)";"South";11;"One year";70.15;2;53.43;0;771.65
"CUST-7450";"Male";"2. Adult (31-50)";"North";67;"Monthly";37.68;3;69.41;1;2524.56
"CUST-7451";"Male";"2. Adult (31-50)";"West";72;"Monthly";80.01;2;29.71;1;5760.72
"CUST-7452";"Male";"3. Senior (51+)";"West";60;"One year";75.76;0;57.22;0;4545.6
"CUST-7453";"Male";"2. Adult (31-50)";"South";50;"Monthly";113.72;2;54.57;1;5686.0
"CUST-7454";"Female";"3. Senior (51+)";"West";67;"Monthly";34.27;3;52.82;1;2296.09
"CUST-7455";"Female";"3. Senior (51+)";"West";47;"Monthly";70.76;0;86.44;1;3325.72
"CUST-7456";"Female";"3. Senior (51+)";"West";6;"One year";38.72;0;52.96;0;232.32
"CUST-7457";"Female";"3. Senior (51+)";"East";54;"Two year";109.48;0;50.32;0;5911.92
"CUST-7458";"Non-binary";"1. Young Adult (18-30)";"West";63;"Monthly";69.79;3;28.52;1;4396.77
"CUST-7459";"Female";"3. Senior (51+)";"West";38;"Monthly";24.96;10;32.09;1;948.48
"CUST-7460";"Male";"1. Young Adult (18-30)";"West";68;"One year";31.4;0;57.81;0;2135.2
"CUST-7461";"Female";"1. Young Adult (18-30)";"West";9;"Monthly";103.07;0;58.05;1;927.63
"CUST-7462";"Non-binary";"3. Senior (51+)";"South";9;"Monthly";66.28;3;24.31;1;596.52
"CUST-7463";"Female";"2. Adult (31-50)";"East";18;"Two year";27.93;2;51.92;1;502.74
"CUST-7464";"Female";"3. Senior (51+)";"West";12;"Two year";50.84;0;54.82;0;610.08
"CUST-7465";"Male";"3. Senior (51+)";"South";18;"Monthly";87.4;0;78.97;1;1573.2
"CUST-7466";"Female";"3. Senior (51+)";"South";13;"Monthly";80.56;2;56.82;1;1047.28
"CUST-7467";"Non-binary";"3. Senior (51+)";"East";26;"One year";102.32;1;61.62;0;2660.32
"CUST-7468";"Male";"1. Young Adult (18-30)";"North";26;"Two year";108.9;3;90.38;0;2831.4
"CUST-7469";"Male";"2. Adult (31-50)";"North";38;"Monthly";79.94;1;63.37;0;3037.72
"CUST-7470";"Female";"2. Adult (31-50)";"North";12;"Two year";75.82;0;54.15;0;909.84
"CUST-7471";"Male";"1. Young Adult (18-30)";"South";33;"Monthly";64.58;0;54.53;0;2131.14
"CUST-7472";"Non-binary";"2. Adult (31-50)";"North";8;"One year";107.4;0;79.71;0;859.2
"CUST-7473";"Male";"2. Adult (31-50)";"South";35;"Monthly";35.87;0;63.86;0;1255.45
"CUST-7474";"Female";"1. Young Adult (18-30)";"North";70;"Monthly";100.19;0;71.83;0;7013.3
"CUST-7475";"Male";"3. Senior (51+)";"North";4;"One year";114.83;2;0.8900000000000006;0;459.32
"CUST-7476";"Male";"4. Unkownn/Missing";"North";26;"Monthly";97.15;0;72.61;0;2525.9
"CUST-7477";"Male";"2. Adult (31-50)";"East";38;"Monthly";76.42;0;74.11;0;2903.96
"CUST-7478";"Non-binary";"3. Senior (51+)";"West";26;"Two year";37.89;1;61.62;0;985.14
"CUST-7479";"Male";"2. Adult (31-50)";"South";4;"Two year";58.23;1;43.31;0;232.92
"CUST-7480";"Non-binary";"3. Senior (51+)";"West";49;"Monthly";59.12;0;67.83;0;2896.88
"CUST-7481";"Female";"3. Senior (51+)";"West";49;"One year";98.93;3;75.5;0;4847.57
"CUST-7482";"Non-binary";"1. Young Adult (18-30)";"East";20;"One year";54.14;0;53.01;1;1082.8
"CUST-7483";"Female";"2. Adult (31-50)";"West";61;"Monthly";31.09;2;76.18;0;1896.49
"CUST-7484";"Male";"3. Senior (51+)";"West";55;"Two year";60.0;0;36.85;0;3300.0
"CUST-7485";"Male";"1. Young Adult (18-30)";"South";37;"One year";62.91;0;54.96;0;2327.67
"CUST-7486";"Non-binary";"1. Young Adult (18-30)";"West";70;"One year";35.84;0;58.23;0;2508.8
"CUST-7487";"Male";"3. Senior (51+)";"North";42;"One year";66.51;4;39.93;0;2793.42
"CUST-7488";"Male";"3. Senior (51+)";"West";40;"Monthly";66.08;0;25.79;1;2643.2
"CUST-7489";"Female";"3. Senior (51+)";"South";6;"Monthly";102.83;0;35.27;0;616.98
"CUST-7490";"Male";"2. Adult (31-50)";"North";56;"Monthly";23.46;0;63.17;0;1313.76
"CUST-7491";"Male";"2. Adult (31-50)";"South";39;"Two year";60.57;0;59.64;0;2362.23
"CUST-7492";"Male";"3. Senior (51+)";"West";22;"Two year";34.59;0;58.01;1;760.98
"CUST-7493";"Non-binary";"2. Adult (31-50)";"North";54;"Monthly";53.89;0;65.38;1;2910.06
"CUST-7494";"Female";"3. Senior (51+)";"East";54;"Monthly";99.63;9;11.78;1;5380.02
"CUST-7495";"Female";"1. Young Adult (18-30)";"South";64;"Monthly";97.88;0;51.83;0;6264.32
"CUST-7496";"Male";"3. Senior (51+)";"South";39;"Monthly";35.3;0;47.07;1;1376.7
"CUST-7497";"Female";"3. Senior (51+)";"East";3;"Monthly";34.91;0;79.21;1;104.73
"CUST-7498";"Male";"2. Adult (31-50)";"North";43;"Monthly";76.39;0;53.15;1;3284.77
"CUST-7499";"Male";"3. Senior (51+)";"West";54;"Monthly";117.9;0;56.4;1;6366.6
"CUST-7500";"Male";"1. Young Adult (18-30)";"North";33;"Two year";87.24;0;54.53;0;2878.92
"CUST-7501";"Female";"3. Senior (51+)";"North";26;"One year";92.52;0;61.62;0;2405.52
"CUST-7502";"Male";"4. Unkownn/Missing";"South";61;"Monthly";45.39;2;54.63;0;2768.79
"CUST-7503";"Non-binary";"4. Unkownn/Missing";"South";51;"Monthly";65.94;0;57.9;0;3362.94
"CUST-7504";"Female";"1. Young Adult (18-30)";"South";56;"Monthly";57.79;0;63.17;1;3236.24
"CUST-7505";"Female";"3. Senior (51+)";"East";40;"One year";110.51;1;54.99;1;4420.4
"CUST-7506";"Female";"3. Senior (51+)";"North";43;"Two year";99.53;2;53.15;0;4279.79
"CUST-7507";"Non-binary";"2. Adult (31-50)";"West";59;"One year";95.16;7;24.4;0;5614.44
"CUST-7508";"Non-binary";"3. Senior (51+)";"West";18;"Monthly";113.69;2;51.92;1;2046.42
"CUST-7509";"Male";"3. Senior (51+)";"East";10;"Monthly";117.11;0;47.69;1;1171.1
"CUST-7510";"Male";"3. Senior (51+)";"West";57;"Monthly";30.59;3;58.76;1;1743.63
"CUST-7511";"Male";"2. Adult (31-50)";"North";29;"Monthly";23.32;3;51.62;0;676.28
"CUST-7512";"Female";"3. Senior (51+)";"North";62;"Monthly";101.59;0;98.44;0;6298.58
"CUST-7513";"Female";"3. Senior (51+)";"North";13;"One year";116.8;0;56.82;0;1518.4
"CUST-7514";"Non-binary";"1. Young Adult (18-30)";"East";20;"Monthly";22.02;0;53.01;1;440.4
"CUST-7515";"Non-binary";"3. Senior (51+)";"North";8;"Two year";118.65;0;56.44;0;949.2
"CUST-7516";"Male";"1. Young Adult (18-30)";"North";36;"One year";90.19;0;49.15;0;3246.84
"CUST-7517";"Non-binary";"1. Young Adult (18-30)";"South";8;"Two year";105.0;0;56.44;0;840.0
"CUST-7518";"Female";"1. Young Adult (18-30)";"West";19;"Monthly";29.27;0;55.11;1;556.13
"CUST-7519";"Male";"2. Adult (31-50)";"North";24;"Monthly";52.32;3;84.04;1;1255.68
"CUST-7520";"Male";"2. Adult (31-50)";"West";53;"Monthly";57.15;0;11.95;1;3028.95
"CUST-7521";"Female";"3. Senior (51+)";"South";59;"Two year";118.95;0;50.64;1;7018.05
"CUST-7522";"Male";"3. Senior (51+)";"East";63;"Monthly";94.93;0;51.51;1;5980.59
"CUST-7523";"Male";"3. Senior (51+)";"East";51;"One year";95.74;0;21.24;1;4882.74
"CUST-7524";"Female";"3. Senior (51+)";"South";28;"One year";27.53;0;71.02;0;770.84
"CUST-7525";"Male";"3. Senior (51+)";"North";13;"One year";112.93;2;93.54;1;1468.09
"CUST-7526";"Female";"2. Adult (31-50)";"South";65;"Monthly";28.37;2;55.95;0;1844.05
"CUST-7527";"Non-binary";"3. Senior (51+)";"North";17;"One year";52.93;1;96.56;0;899.81
"CUST-7528";"Male";"4. Unkownn/Missing";"West";2;"One year";46.07;0;42.67;0;92.14
"CUST-7529";"Male";"2. Adult (31-50)";"North";52;"One year";102.07;3;71.99;1;5307.64
"CUST-7530";"Male";"2. Adult (31-50)";"West";23;"Monthly";110.3;0;56.11;0;2536.9
"CUST-7531";"Female";"3. Senior (51+)";"East";41;"One year";94.53;0;96.46;1;3875.73
"CUST-7532";"Female";"2. Adult (31-50)";"North";68;"One year";94.4;0;57.81;0;6419.2
"CUST-7533";"Female";"1. Young Adult (18-30)";"East";28;"One year";24.85;0;53.86;0;695.8
"CUST-7534";"Male";"2. Adult (31-50)";"South";5;"One year";72.21;0;39.54;0;361.05
"CUST-7535";"Non-binary";"3. Senior (51+)";"West";21;"Monthly";31.84;0;55.93;1;668.64
"CUST-7536";"Non-binary";"4. Unkownn/Missing";"North";72;"Monthly";22.17;1;54.68;0;1596.24
"CUST-7537";"Male";"2. Adult (31-50)";"North";69;"Two year";50.35;0;33.92;1;3474.15
"CUST-7538";"Male";"3. Senior (51+)";"North";47;"Monthly";81.85;0;52.58;1;3846.95
"CUST-7539";"Female";"1. Young Adult (18-30)";"East";46;"One year";88.55;2;58.14;0;4073.3
"CUST-7540";"Female";"3. Senior (51+)";"South";25;"Two year";90.92;2;81.76;0;2273.0
"CUST-7541";"Non-binary";"1. Young Adult (18-30)";"South";19;"Monthly";115.94;0;55.11;1;2202.86
"CUST-7542";"Male";"1. Young Adult (18-30)";"South";20;"Two year";27.7;0;53.01;0;554.0
"CUST-7543";"Female";"3. Senior (51+)";"West";66;"Two year";35.99;0;54.86;0;2375.34
"CUST-7544";"Female";"1. Young Adult (18-30)";"South";67;"One year";110.48;4;25.9;0;7402.16
"CUST-7545";"Non-binary";"2. Adult (31-50)";"West";45;"Monthly";70.25;0;56.4;1;3161.25
"CUST-7546";"Male";"2. Adult (31-50)";"North";62;"Two year";27.2;0;52.93;0;1686.4
"CUST-7547";"Male";"3. Senior (51+)";"North";16;"Monthly";23.51;0;38.47;0;376.16
"CUST-7548";"Male";"1. Young Adult (18-30)";"South";71;"Monthly";93.81;1;95.85;1;6660.51
"CUST-7549";"Female";"3. Senior (51+)";"West";60;"Monthly";60.48;0;57.22;0;3628.8
"CUST-7550";"Female";"3. Senior (51+)";"West";20;"One year";54.81;0;53.01;0;1096.2
"CUST-7551";"Male";"1. Young Adult (18-30)";"West";60;"One year";115.61;2;50.09;1;6936.6
"CUST-7552";"Non-binary";"3. Senior (51+)";"East";65;"One year";42.63;0;89.15;0;2770.95
"CUST-7553";"Female";"2. Adult (31-50)";"South";23;"Monthly";83.05;0;56.11;0;1910.15
"CUST-7554";"Female";"3. Senior (51+)";"North";15;"Two year";35.16;0;22.56;1;527.4
"CUST-7555";"Male";"2. Adult (31-50)";"North";42;"Two year";61.92;0;58.5;0;2600.64
"CUST-7556";"Female";"3. Senior (51+)";"North";41;"One year";20.33;0;51.63;0;833.53
"CUST-7557";"Female";"1. Young Adult (18-30)";"North";26;"One year";92.5;1;61.62;0;2405.0
"CUST-7558";"Male";"2. Adult (31-50)";"North";23;"One year";42.79;0;56.11;0;984.17
"CUST-7559";"Female";"2. Adult (31-50)";"North";35;"Two year";59.89;0;56.85;0;2096.15
"CUST-7560";"Female";"3. Senior (51+)";"West";36;"One year";64.11;0;49.15;0;2307.96
"CUST-7561";"Female";"2. Adult (31-50)";"South";44;"Monthly";75.33;2;62.28;1;3314.52
"CUST-7562";"Female";"3. Senior (51+)";"South";2;"Monthly";48.7;0;73.56;1;97.4
"CUST-7563";"Male";"3. Senior (51+)";"South";41;"One year";118.93;0;51.63;1;4876.13
"CUST-7564";"Female";"3. Senior (51+)";"North";34;"Monthly";115.75;0;58.19;0;3935.5
"CUST-7565";"Male";"2. Adult (31-50)";"North";3;"One year";33.83;0;42.33;0;101.49
"CUST-7566";"Male";"3. Senior (51+)";"North";13;"Monthly";96.38;0;25.3;1;1252.94
"CUST-7567";"Male";"3. Senior (51+)";"South";5;"Monthly";92.07;0;39.54;1;460.35
"CUST-7568";"Male";"2. Adult (31-50)";"North";45;"One year";57.01;0;69.33;0;2565.45
"CUST-7569";"Female";"2. Adult (31-50)";"North";38;"Two year";48.35;2;53.79;1;1837.3
"CUST-7570";"Female";"2. Adult (31-50)";"East";11;"One year";47.64;3;53.43;0;524.04
"CUST-7571";"Female";"3. Senior (51+)";"East";58;"One year";46.82;0;56.15;1;2715.56
"CUST-7572";"Female";"2. Adult (31-50)";"North";48;"Two year";39.33;1;90.59;0;1887.84
"CUST-7573";"Female";"2. Adult (31-50)";"East";23;"One year";59.32;0;56.11;1;1364.36
"CUST-7574";"Male";"1. Young Adult (18-30)";"East";8;"Two year";76.22;2;94.43;0;609.76
"CUST-7575";"Male";"3. Senior (51+)";"East";19;"Monthly";101.26;0;55.11;1;1923.94
"CUST-7576";"Female";"2. Adult (31-50)";"West";26;"Two year";25.79;0;61.62;1;670.54
"CUST-7577";"Male";"2. Adult (31-50)";"South";30;"Monthly";117.13;0;57.44;0;3513.9
"CUST-7578";"Female";"3. Senior (51+)";"East";42;"One year";53.64;0;58.5;0;2252.88
"CUST-7579";"Male";"1. Young Adult (18-30)";"South";17;"One year";80.21;0;66.5;1;1363.57
"CUST-7580";"Male";"2. Adult (31-50)";"West";6;"One year";21.44;0;52.96;0;128.64
"CUST-7581";"Female";"1. Young Adult (18-30)";"North";64;"Monthly";97.16;3;49.79;0;6218.24
"CUST-7582";"Female";"2. Adult (31-50)";"South";10;"Two year";96.54;0;76.23;0;965.4
"CUST-7583";"Female";"1. Young Adult (18-30)";"West";46;"One year";26.05;3;51.24;0;1198.3
"CUST-7584";"Non-binary";"3. Senior (51+)";"North";39;"One year";75.86;3;46.76;0;2958.54
"CUST-7585";"Female";"3. Senior (51+)";"North";30;"One year";92.32;0;57.44;0;2769.6
"CUST-7586";"Female";"2. Adult (31-50)";"West";53;"Monthly";23.69;0;55.3;1;1255.57
"CUST-7587";"Male";"2. Adult (31-50)";"West";67;"One year";22.63;0;52.82;0;1516.21
"CUST-7588";"Male";"1. Young Adult (18-30)";"South";53;"Monthly";28.06;0;81.68;0;1487.18
"CUST-7589";"Female";"3. Senior (51+)";"West";13;"Monthly";109.12;0;97.46;0;1418.56
"CUST-7590";"Female";"3. Senior (51+)";"East";3;"One year";48.25;0;42.33;0;144.75
"CUST-7591";"Non-binary";"3. Senior (51+)";"West";8;"Monthly";118.58;0;56.44;1;948.64
"CUST-7592";"Male";"3. Senior (51+)";"South";43;"One year";37.01;0;53.15;1;1591.43
"CUST-7593";"Female";"1. Young Adult (18-30)";"West";49;"One year";108.0;0;54.7;1;5292.0
"CUST-7594";"Female";"3. Senior (51+)";"West";49;"One year";42.24;3;54.7;0;2069.76
"CUST-7595";"Non-binary";"2. Adult (31-50)";"South";70;"Two year";109.96;0;58.23;1;7697.2
"CUST-7596";"Non-binary";"2. Adult (31-50)";"East";63;"Two year";93.06;0;54.89;1;5862.78
"CUST-7597";"Female";"2. Adult (31-50)";"East";25;"Monthly";61.29;0;57.71;0;1532.25
"CUST-7598";"Male";"1. Young Adult (18-30)";"West";14;"One year";106.29;2;50.47;0;1488.06
"CUST-7599";"Female";"3. Senior (51+)";"North";57;"One year";22.37;0;32.87;1;1275.09
"CUST-7600";"Male";"3. Senior (51+)";"South";24;"Monthly";93.87;4;16.29;1;2252.88
"CUST-7601";"Female";"2. Adult (31-50)";"West";7;"Monthly";60.45;0;24.41;1;423.15
"CUST-7602";"Male";"3. Senior (51+)";"West";29;"Two year";71.28;8;17.02;1;2067.12
"CUST-7603";"Male";"4. Unkownn/Missing";"South";62;"Two year";64.0;0;91.72;0;3968.0
"CUST-7604";"Female";"3. Senior (51+)";"East";41;"One year";83.31;0;14.66;1;3415.71
"CUST-7605";"Non-binary";"2. Adult (31-50)";"North";56;"Monthly";67.28;0;63.17;1;3767.68
"CUST-7606";"Non-binary";"1. Young Adult (18-30)";"North";27;"Monthly";105.68;0;49.9;1;2853.36
"CUST-7607";"Male";"4. Unkownn/Missing";"West";11;"Monthly";39.37;0;53.43;0;433.07
"CUST-7608";"Female";"3. Senior (51+)";"East";14;"One year";45.49;0;50.47;0;636.86
"CUST-7609";"Male";"3. Senior (51+)";"South";40;"One year";72.12;0;50.65;0;2884.8
"CUST-7610";"Female";"3. Senior (51+)";"East";4;"Monthly";45.33;0;4.329999999999998;1;181.32
"CUST-7611";"Male";"3. Senior (51+)";"South";1;"One year";52.83;8;16.51;0;52.83
"CUST-7612";"Non-binary";"1. Young Adult (18-30)";"South";25;"One year";98.54;3;57.71;0;2463.5
"CUST-7613";"Male";"3. Senior (51+)";"South";36;"Monthly";64.58;0;49.15;1;2324.88
"CUST-7614";"Male";"1. Young Adult (18-30)";"North";28;"Monthly";103.88;0;26.82;1;2908.64
"CUST-7615";"Female";"1. Young Adult (18-30)";"West";62;"Monthly";84.59;0;27.04;1;5244.58
"CUST-7616";"Female";"1. Young Adult (18-30)";"South";60;"One year";86.01;0;57.22;0;5160.6
"CUST-7617";"Male";"3. Senior (51+)";"West";32;"Monthly";113.56;0;51.91;1;3633.92
"CUST-7618";"Male";"3. Senior (51+)";"West";33;"One year";66.16;1;90.52;0;2183.28
"CUST-7619";"Male";"2. Adult (31-50)";"North";38;"One year";40.21;0;69.4;0;1527.98
"CUST-7620";"Female";"3. Senior (51+)";"North";10;"Monthly";86.87;0;27.57;0;868.7
"CUST-7621";"Female";"1. Young Adult (18-30)";"South";55;"Monthly";94.2;0;56.08;0;5181.0
"CUST-7622";"Male";"2. Adult (31-50)";"South";43;"One year";88.26;0;53.15;0;3795.18
"CUST-7623";"Male";"2. Adult (31-50)";"West";0;"One year";36.64;0;44.44;0;0.0
"CUST-7624";"Male";"3. Senior (51+)";"West";67;"Two year";39.02;0;43.25;0;2614.34
"CUST-7625";"Male";"2. Adult (31-50)";"South";3;"Monthly";57.1;2;20.979999999999997;1;171.3
"CUST-7626";"Female";"4. Unkownn/Missing";"North";48;"Monthly";30.98;1;59.96;0;1487.04
"CUST-7627";"Female";"4. Unkownn/Missing";"North";24;"Monthly";24.26;0;50.66;1;582.24
"CUST-7628";"Female";"3. Senior (51+)";"North";39;"One year";83.87;0;59.64;0;3270.93
"CUST-7629";"Non-binary";"1. Young Adult (18-30)";"East";35;"One year";45.48;0;47.32;0;1591.8
"CUST-7630";"Male";"3. Senior (51+)";"West";13;"Monthly";47.43;0;56.82;0;616.59
"CUST-7631";"Female";"2. Adult (31-50)";"North";3;"Monthly";61.96;0;37.42;0;185.88
"CUST-7632";"Female";"2. Adult (31-50)";"South";40;"One year";117.52;0;27.04;1;4700.8
"CUST-7633";"Female";"3. Senior (51+)";"South";16;"Monthly";75.68;8;37.68;1;1210.88
"CUST-7634";"Non-binary";"3. Senior (51+)";"South";6;"Monthly";60.84;2;49.97;1;365.04
"CUST-7635";"Non-binary";"2. Adult (31-50)";"North";63;"Monthly";85.84;0;95.53;0;5407.92
"CUST-7636";"Male";"3. Senior (51+)";"North";33;"One year";26.87;0;54.53;1;886.71
"CUST-7637";"Male";"2. Adult (31-50)";"South";17;"Monthly";60.03;3;32.76;1;1020.51
"CUST-7638";"Male";"3. Senior (51+)";"North";43;"Monthly";84.47;0;41.8;1;3632.21
"CUST-7639";"Male";"3. Senior (51+)";"North";39;"Monthly";25.23;1;59.64;0;983.97
"CUST-7640";"Female";"3. Senior (51+)";"East";59;"Monthly";93.34;0;50.64;1;5507.06
"CUST-7641";"Male";"2. Adult (31-50)";"East";40;"One year";117.42;0;61.25;1;4696.8
"CUST-7642";"Female";"3. Senior (51+)";"North";52;"One year";60.23;0;75.0;0;3131.96
"CUST-7643";"Female";"1. Young Adult (18-30)";"West";44;"Monthly";37.7;0;30.08;1;1658.8
"CUST-7644";"Non-binary";"3. Senior (51+)";"West";11;"Two year";97.52;1;49.63;0;1072.72
"CUST-7645";"Male";"2. Adult (31-50)";"North";69;"One year";25.27;1;57.1;0;1743.63
"CUST-7646";"Male";"3. Senior (51+)";"South";50;"Monthly";42.69;0;42.45;0;2134.5
"CUST-7647";"Male";"4. Unkownn/Missing";"South";66;"One year";103.7;0;73.11;0;6844.2
"CUST-7648";"Male";"2. Adult (31-50)";"West";62;"Monthly";97.82;2;52.93;1;6064.84
"CUST-7649";"Non-binary";"3. Senior (51+)";"North";5;"Monthly";55.13;2;65.5;0;275.65
"CUST-7650";"Male";"1. Young Adult (18-30)";"South";6;"Monthly";78.83;2;52.96;1;472.98
"CUST-7651";"Male";"3. Senior (51+)";"South";22;"Monthly";20.97;0;29.41;1;461.34
"CUST-7652";"Non-binary";"2. Adult (31-50)";"South";32;"Monthly";68.46;0;94.61;0;2190.72
"CUST-7653";"Female";"1. Young Adult (18-30)";"South";45;"Monthly";106.51;0;56.4;0;4792.95
"CUST-7654";"Male";"2. Adult (31-50)";"West";42;"Monthly";113.02;0;55.93;0;4746.84
"CUST-7655";"Non-binary";"3. Senior (51+)";"South";47;"Monthly";72.81;2;56.38;1;3422.07
"CUST-7656";"Female";"3. Senior (51+)";"North";2;"Two year";42.96;4;0.0;0;85.92
"CUST-7657";"Female";"1. Young Adult (18-30)";"West";42;"One year";103.87;1;58.5;0;4362.54
"CUST-7658";"Male";"1. Young Adult (18-30)";"North";36;"Monthly";49.39;0;49.15;0;1778.04
"CUST-7659";"Male";"4. Unkownn/Missing";"West";44;"One year";21.79;0;56.45;0;958.76
"CUST-7660";"Male";"2. Adult (31-50)";"South";59;"Monthly";59.16;0;18.22;1;3490.44
"CUST-7661";"Male";"2. Adult (31-50)";"East";24;"Monthly";87.86;0;72.77;0;2108.64
"CUST-7662";"Female";"2. Adult (31-50)";"West";51;"One year";62.61;0;57.9;0;3193.11
"CUST-7663";"Male";"3. Senior (51+)";"South";8;"Monthly";42.41;0;40.16;1;339.28
"CUST-7664";"Male";"1. Young Adult (18-30)";"East";11;"Monthly";114.19;0;53.43;1;1256.09
"CUST-7665";"Male";"3. Senior (51+)";"South";7;"One year";51.21;0;63.99;0;358.47
"CUST-7666";"Male";"4. Unkownn/Missing";"East";62;"Two year";45.64;5;30.92;1;2829.68
"CUST-7667";"Non-binary";"2. Adult (31-50)";"North";5;"Monthly";75.43;2;39.54;0;377.15
"CUST-7668";"Non-binary";"1. Young Adult (18-30)";"West";28;"One year";98.15;0;73.98;0;2748.2
"CUST-7669";"Male";"2. Adult (31-50)";"North";34;"Monthly";40.68;0;52.64;1;1383.12
"CUST-7670";"Female";"3. Senior (51+)";"South";62;"Monthly";102.94;1;52.93;0;6382.28
"CUST-7671";"Male";"3. Senior (51+)";"South";4;"One year";117.21;0;43.31;0;468.84
"CUST-7672";"Female";"1. Young Adult (18-30)";"South";5;"Two year";43.93;0;39.54;0;219.65
"CUST-7673";"Female";"3. Senior (51+)";"South";46;"Monthly";33.87;1;89.26;0;1558.02
"CUST-7674";"Female";"3. Senior (51+)";"West";25;"Monthly";23.54;0;79.54;1;588.5
"CUST-7675";"Male";"3. Senior (51+)";"North";46;"Monthly";62.94;2;51.24;0;2895.24
"CUST-7676";"Male";"1. Young Adult (18-30)";"North";5;"Two year";97.44;0;39.54;0;487.2
"CUST-7677";"Non-binary";"2. Adult (31-50)";"North";26;"Monthly";96.09;9;33.07;1;2498.34
"CUST-7678";"Non-binary";"2. Adult (31-50)";"North";7;"Monthly";76.73;3;59.79;0;537.11
"CUST-7679";"Male";"2. Adult (31-50)";"South";64;"Monthly";103.58;0;49.79;1;6629.12
"CUST-7680";"Non-binary";"3. Senior (51+)";"North";1;"One year";76.3;0;55.45;0;76.3
"CUST-7681";"Male";"2. Adult (31-50)";"South";63;"One year";34.38;2;54.89;0;2165.94
"CUST-7682";"Female";"2. Adult (31-50)";"North";65;"Monthly";48.77;0;13.52;1;3170.05
"CUST-7683";"Male";"3. Senior (51+)";"South";16;"Monthly";63.1;0;96.88;0;1009.6
"CUST-7684";"Male";"2. Adult (31-50)";"West";56;"Monthly";66.27;0;31.93;0;3711.12
"CUST-7685";"Non-binary";"2. Adult (31-50)";"North";52;"Monthly";69.92;0;54.79;0;3635.84
"CUST-7686";"Male";"1. Young Adult (18-30)";"North";63;"Monthly";101.94;0;19.9;1;6422.22
"CUST-7687";"Non-binary";"2. Adult (31-50)";"North";56;"Monthly";34.3;0;74.94;1;1920.8
"CUST-7688";"Female";"2. Adult (31-50)";"South";1;"One year";95.2;2;43.21;1;95.2
"CUST-7689";"Female";"3. Senior (51+)";"West";34;"Two year";82.13;2;52.64;0;2792.42
"CUST-7690";"Non-binary";"3. Senior (51+)";"West";19;"Monthly";45.81;1;76.86;0;870.39
"CUST-7691";"Non-binary";"2. Adult (31-50)";"South";44;"One year";36.88;0;56.45;0;1622.72
"CUST-7692";"Non-binary";"1. Young Adult (18-30)";"East";3;"Monthly";58.56;0;42.33;1;175.68
"CUST-7693";"Male";"3. Senior (51+)";"East";44;"Monthly";33.85;1;56.45;1;1489.4
"CUST-7694";"Female";"3. Senior (51+)";"West";40;"Monthly";111.03;0;78.41;0;4441.2
"CUST-7695";"Female";"3. Senior (51+)";"South";4;"Two year";55.08;0;28.909999999999997;0;220.32
"CUST-7696";"Male";"2. Adult (31-50)";"West";3;"Two year";50.87;0;7.289999999999999;0;152.61
"CUST-7697";"Male";"1. Young Adult (18-30)";"West";48;"Two year";52.99;0;59.96;0;2543.52
"CUST-7698";"Male";"4. Unkownn/Missing";"South";60;"Monthly";115.02;0;57.22;1;6901.2
"CUST-7699";"Female";"4. Unkownn/Missing";"West";15;"Two year";25.48;0;53.77;0;382.2
"CUST-7700";"Male";"1. Young Adult (18-30)";"West";0;"Monthly";21.24;3;22.15;0;0.0
"CUST-7701";"Non-binary";"2. Adult (31-50)";"South";72;"Two year";85.35;0;84.75;0;6145.2
"CUST-7702";"Male";"1. Young Adult (18-30)";"North";16;"Monthly";100.07;4;35.57;1;1601.12
"CUST-7703";"Male";"4. Unkownn/Missing";"South";10;"One year";77.99;10;39.63;0;779.9
"CUST-7704";"Male";"2. Adult (31-50)";"East";66;"One year";97.85;3;99.51;1;6458.1
"CUST-7705";"Female";"1. Young Adult (18-30)";"East";51;"Monthly";65.83;0;57.9;0;3357.33
"CUST-7706";"Female";"3. Senior (51+)";"West";12;"One year";106.04;3;54.82;1;1272.48
"CUST-7707";"Non-binary";"1. Young Adult (18-30)";"North";47;"One year";67.8;0;49.13;0;3186.6
"CUST-7708";"Female";"1. Young Adult (18-30)";"West";62;"Monthly";72.58;0;52.93;1;4499.96
"CUST-7709";"Male";"3. Senior (51+)";"North";71;"Two year";58.96;0;20.87;1;4186.16
"CUST-7710";"Male";"1. Young Adult (18-30)";"West";42;"One year";82.63;2;58.5;0;3470.46
"CUST-7711";"Non-binary";"2. Adult (31-50)";"South";46;"Monthly";24.49;4;22.95;1;1126.54
"CUST-7712";"Non-binary";"2. Adult (31-50)";"North";36;"One year";104.97;0;49.15;0;3778.92
"CUST-7713";"Male";"1. Young Adult (18-30)";"West";49;"Monthly";98.59;0;84.97;1;4830.91
"CUST-7714";"Male";"2. Adult (31-50)";"West";52;"Monthly";68.58;1;54.79;1;3566.16
"CUST-7715";"Male";"1. Young Adult (18-30)";"South";52;"Monthly";114.93;2;54.79;1;5976.36
"CUST-7716";"Male";"3. Senior (51+)";"North";26;"One year";109.7;3;61.62;0;2852.2
"CUST-7717";"Male";"2. Adult (31-50)";"West";20;"Two year";48.79;0;53.01;1;975.8
"CUST-7718";"Non-binary";"3. Senior (51+)";"South";57;"Monthly";67.46;10;30.31;1;3845.22
"CUST-7719";"Female";"3. Senior (51+)";"North";70;"Monthly";103.2;0;91.63;1;7224.0
"CUST-7720";"Female";"3. Senior (51+)";"West";48;"One year";53.76;0;59.96;0;2580.48
"CUST-7721";"Male";"3. Senior (51+)";"West";15;"Monthly";24.81;1;53.77;0;372.15
"CUST-7722";"Female";"4. Unkownn/Missing";"East";8;"Monthly";55.36;1;56.44;0;442.88
"CUST-7723";"Male";"3. Senior (51+)";"West";20;"Two year";32.51;4;19.77;0;650.2
"CUST-7724";"Male";"1. Young Adult (18-30)";"South";9;"Monthly";65.01;3;58.05;1;585.09
"CUST-7725";"Male";"2. Adult (31-50)";"South";32;"Monthly";91.76;3;51.91;0;2936.32
"CUST-7726";"Non-binary";"1. Young Adult (18-30)";"North";5;"Two year";119.6;3;24.840000000000003;1;598.0
"CUST-7727";"Male";"3. Senior (51+)";"North";10;"Monthly";70.21;0;13.85;1;702.1
"CUST-7728";"Female";"3. Senior (51+)";"North";10;"One year";22.77;1;18.49;1;227.7
"CUST-7729";"Male";"3. Senior (51+)";"South";32;"Monthly";33.23;3;52.67;0;1063.36
"CUST-7730";"Male";"2. Adult (31-50)";"North";52;"Two year";93.79;0;54.79;0;4877.08
"CUST-7731";"Male";"4. Unkownn/Missing";"South";63;"Two year";42.96;0;66.75;0;2706.48
"CUST-7732";"Male";"1. Young Adult (18-30)";"North";39;"One year";61.78;0;59.64;0;2409.42
"CUST-7733";"Female";"3. Senior (51+)";"North";15;"Two year";48.75;1;53.77;0;731.25
"CUST-7734";"Male";"3. Senior (51+)";"North";59;"Monthly";29.16;2;50.64;0;1720.44
"CUST-7735";"Female";"1. Young Adult (18-30)";"South";18;"One year";23.86;0;51.92;0;429.48
"CUST-7736";"Male";"3. Senior (51+)";"South";67;"Monthly";119.55;1;52.82;1;8009.85
"CUST-7737";"Male";"3. Senior (51+)";"West";12;"One year";46.68;8;24.26;1;560.16
"CUST-7738";"Non-binary";"3. Senior (51+)";"West";41;"Monthly";77.18;2;51.63;1;3164.38
"CUST-7739";"Male";"3. Senior (51+)";"South";43;"Two year";79.88;0;36.78;0;3434.84
"CUST-7740";"Non-binary";"2. Adult (31-50)";"West";43;"Two year";98.22;0;16.83;1;4223.46
"CUST-7741";"Non-binary";"3. Senior (51+)";"West";39;"One year";88.32;0;59.64;0;3444.48
"CUST-7742";"Female";"2. Adult (31-50)";"East";39;"One year";77.72;0;59.64;1;3031.08
"CUST-7743";"Male";"2. Adult (31-50)";"South";0;"One year";59.52;1;54.959999999999994;0;0.0
"CUST-7744";"Male";"3. Senior (51+)";"South";3;"Two year";70.34;8;16.15;0;211.02
"CUST-7745";"Female";"2. Adult (31-50)";"South";30;"One year";117.45;4;36.36;0;3523.5
"CUST-7746";"Non-binary";"1. Young Adult (18-30)";"South";47;"Two year";84.02;3;36.67;0;3948.94
"CUST-7747";"Female";"2. Adult (31-50)";"South";11;"Monthly";46.87;6;12.58;0;515.57
"CUST-7748";"Male";"1. Young Adult (18-30)";"North";44;"One year";28.76;0;56.45;0;1265.44
"CUST-7749";"Male";"1. Young Adult (18-30)";"West";57;"One year";79.81;3;56.13;1;4549.17
"CUST-7750";"Non-binary";"3. Senior (51+)";"North";54;"Monthly";37.64;0;63.44;0;2032.56
"CUST-7751";"Female";"2. Adult (31-50)";"North";11;"Monthly";46.19;1;21.6;1;508.09
"CUST-7752";"Non-binary";"3. Senior (51+)";"South";53;"Monthly";89.53;3;55.3;0;4745.09
"CUST-7753";"Non-binary";"3. Senior (51+)";"East";62;"Monthly";74.0;0;52.93;1;4588.0
"CUST-7754";"Male";"3. Senior (51+)";"East";0;"Monthly";71.56;3;63.5;1;0.0
"CUST-7755";"Female";"1. Young Adult (18-30)";"East";1;"Monthly";109.62;1;43.21;1;109.62
"CUST-7756";"Male";"2. Adult (31-50)";"South";8;"Two year";37.97;0;56.44;0;303.76
"CUST-7757";"Male";"3. Senior (51+)";"East";67;"One year";90.6;0;52.82;0;6070.2
"CUST-7758";"Male";"1. Young Adult (18-30)";"East";43;"Monthly";39.96;0;53.15;1;1718.28
"CUST-7759";"Male";"1. Young Adult (18-30)";"North";20;"Monthly";49.19;2;53.01;0;983.8
"CUST-7760";"Female";"2. Adult (31-50)";"North";27;"Monthly";59.09;0;23.81;1;1595.43
"CUST-7761";"Female";"3. Senior (51+)";"South";21;"Monthly";37.7;3;55.93;0;791.7
"CUST-7762";"Female";"3. Senior (51+)";"North";58;"Monthly";24.66;0;56.15;1;1430.28
"CUST-7763";"Male";"1. Young Adult (18-30)";"South";25;"Monthly";90.62;0;67.75;0;2265.5
"CUST-7764";"Male";"1. Young Adult (18-30)";"North";17;"Monthly";81.5;0;56.0;1;1385.5
"CUST-7765";"Female";"2. Adult (31-50)";"West";11;"One year";117.77;0;53.43;1;1295.47
"CUST-7766";"Male";"2. Adult (31-50)";"South";40;"Monthly";66.16;1;54.99;0;2646.4
"CUST-7767";"Non-binary";"2. Adult (31-50)";"South";23;"One year";32.78;0;56.11;0;753.94
"CUST-7768";"Female";"3. Senior (51+)";"North";41;"Monthly";23.8;3;93.29;1;975.8
"CUST-7769";"Female";"3. Senior (51+)";"South";53;"Monthly";117.47;0;55.3;1;6225.91
"CUST-7770";"Male";"1. Young Adult (18-30)";"North";23;"Two year";22.11;0;14.96;0;508.53
"CUST-7771";"Male";"3. Senior (51+)";"South";66;"Monthly";52.68;0;54.86;0;3476.88
"CUST-7772";"Male";"3. Senior (51+)";"North";53;"Monthly";110.43;0;45.31;0;5852.79
"CUST-7773";"Male";"3. Senior (51+)";"North";48;"Two year";52.16;0;59.7;0;2503.68
"CUST-7774";"Female";"1. Young Adult (18-30)";"East";6;"Monthly";20.66;2;52.96;1;123.96
"CUST-7775";"Male";"2. Adult (31-50)";"South";46;"Monthly";109.92;0;51.24;0;5056.32
"CUST-7776";"Male";"1. Young Adult (18-30)";"West";33;"Monthly";31.17;7;35.11;0;1028.61
"CUST-7777";"Non-binary";"1. Young Adult (18-30)";"North";45;"One year";71.16;0;56.4;0;3202.2
"CUST-7778";"Non-binary";"3. Senior (51+)";"North";42;"Monthly";98.97;1;56.64;0;4156.74
"CUST-7779";"Non-binary";"1. Young Adult (18-30)";"North";18;"Monthly";112.0;0;62.93;0;2016.0
"CUST-7780";"Male";"3. Senior (51+)";"North";71;"Monthly";119.11;0;29.81;1;8456.81
"CUST-7781";"Male";"1. Young Adult (18-30)";"North";19;"One year";90.84;1;55.11;0;1725.96
"CUST-7782";"Female";"2. Adult (31-50)";"East";59;"Monthly";33.98;2;40.78;1;2004.82
"CUST-7783";"Male";"2. Adult (31-50)";"North";35;"One year";60.35;0;95.8;0;2112.25
"CUST-7784";"Non-binary";"3. Senior (51+)";"South";11;"One year";112.55;0;75.21;0;1238.05
"CUST-7785";"Non-binary";"2. Adult (31-50)";"West";27;"Monthly";54.68;0;55.28;1;1476.36
"CUST-7786";"Male";"1. Young Adult (18-30)";"North";66;"Monthly";85.79;0;89.81;0;5662.14
"CUST-7787";"Female";"2. Adult (31-50)";"South";32;"Monthly";65.47;0;51.91;0;2095.04
"CUST-7788";"Male";"3. Senior (51+)";"West";29;"Two year";70.93;0;55.42;0;2056.97
"CUST-7789";"Non-binary";"3. Senior (51+)";"West";9;"Monthly";61.03;0;66.18;0;549.27
"CUST-7790";"Female";"3. Senior (51+)";"South";51;"Monthly";85.08;3;49.81;0;4339.08
"CUST-7791";"Male";"3. Senior (51+)";"West";43;"Two year";23.34;10;26.23;1;1003.62
"CUST-7792";"Male";"3. Senior (51+)";"North";57;"One year";90.26;1;96.05;0;5144.82
"CUST-7793";"Female";"3. Senior (51+)";"South";72;"Monthly";70.17;0;88.09;0;5052.24
"CUST-7794";"Male";"3. Senior (51+)";"South";26;"Monthly";33.69;2;61.62;1;875.94
"CUST-7795";"Female";"3. Senior (51+)";"West";37;"Two year";43.37;0;54.96;0;1604.69
"CUST-7796";"Non-binary";"3. Senior (51+)";"West";1;"Two year";106.76;3;82.74;0;106.76
"CUST-7797";"Male";"3. Senior (51+)";"West";72;"One year";114.62;0;54.68;0;8252.64
"CUST-7798";"Female";"3. Senior (51+)";"North";52;"Two year";75.72;0;92.21;0;3937.44
"CUST-7799";"Male";"2. Adult (31-50)";"North";57;"Monthly";74.41;3;58.76;0;4241.37
"CUST-7800";"Female";"2. Adult (31-50)";"South";57;"Monthly";26.37;1;58.76;0;1503.09
"CUST-7801";"Male";"3. Senior (51+)";"North";41;"One year";20.74;3;43.79;0;850.34
"CUST-7802";"Non-binary";"1. Young Adult (18-30)";"South";27;"Two year";28.37;0;49.9;0;765.99
"CUST-7803";"Female";"1. Young Adult (18-30)";"West";11;"One year";37.87;0;53.43;0;416.57
"CUST-7804";"Female";"3. Senior (51+)";"South";19;"Monthly";48.28;1;55.11;0;917.32
"CUST-7805";"Female";"1. Young Adult (18-30)";"South";11;"Monthly";51.74;0;53.43;1;569.14
"CUST-7806";"Male";"2. Adult (31-50)";"South";67;"Monthly";104.8;0;52.82;1;7021.6
"CUST-7807";"Female";"1. Young Adult (18-30)";"South";3;"Monthly";119.66;0;72.5;1;358.98
"CUST-7808";"Male";"3. Senior (51+)";"South";38;"Two year";94.92;1;53.79;0;3606.96
"CUST-7809";"Male";"3. Senior (51+)";"West";13;"One year";91.64;0;56.82;0;1191.32
"CUST-7810";"Non-binary";"3. Senior (51+)";"West";29;"One year";99.91;0;38.61;0;2897.39
"CUST-7811";"Male";"1. Young Adult (18-30)";"North";27;"One year";104.04;2;49.9;1;2809.08
"CUST-7812";"Male";"3. Senior (51+)";"West";26;"One year";33.38;8;12.78;0;867.88
"CUST-7813";"Female";"2. Adult (31-50)";"South";5;"One year";38.22;0;39.54;0;191.1
"CUST-7814";"Male";"3. Senior (51+)";"North";47;"Monthly";51.97;3;70.28;0;2442.59
"CUST-7815";"Female";"3. Senior (51+)";"West";31;"Monthly";94.04;2;51.61;0;2915.24
"CUST-7816";"Male";"2. Adult (31-50)";"South";39;"Monthly";31.04;0;59.64;1;1210.56
"CUST-7817";"Female";"2. Adult (31-50)";"South";35;"One year";45.09;0;54.45;0;1578.15
"CUST-7818";"Non-binary";"1. Young Adult (18-30)";"North";28;"One year";84.86;0;53.86;0;2376.08
"CUST-7819";"Male";"2. Adult (31-50)";"West";2;"One year";118.71;2;42.67;0;237.42
"CUST-7820";"Non-binary";"2. Adult (31-50)";"West";46;"Monthly";52.84;0;51.24;0;2430.64
"CUST-7821";"Male";"2. Adult (31-50)";"West";28;"Two year";30.89;3;53.86;0;864.92
"CUST-7822";"Male";"3. Senior (51+)";"West";13;"Two year";71.8;0;56.82;0;933.4
"CUST-7823";"Male";"3. Senior (51+)";"West";53;"Monthly";48.9;2;63.35;1;2591.7
"CUST-7824";"Male";"2. Adult (31-50)";"North";18;"Monthly";99.25;0;51.92;1;1786.5
"CUST-7825";"Male";"2. Adult (31-50)";"South";23;"Monthly";75.93;3;56.11;1;1746.39
"CUST-7826";"Male";"2. Adult (31-50)";"South";33;"Two year";79.4;3;17.81;1;2620.2
"CUST-7827";"Non-binary";"3. Senior (51+)";"North";38;"One year";118.02;1;53.79;0;4484.76
"CUST-7828";"Male";"2. Adult (31-50)";"North";55;"Monthly";57.89;0;89.45;0;3183.95
"CUST-7829";"Female";"2. Adult (31-50)";"West";65;"One year";48.06;1;67.93;0;3123.9
"CUST-7830";"Female";"2. Adult (31-50)";"West";42;"Monthly";67.08;0;58.5;0;2817.36
"CUST-7831";"Male";"2. Adult (31-50)";"West";32;"Two year";57.14;1;51.91;0;1828.48
"CUST-7832";"Non-binary";"3. Senior (51+)";"South";15;"Two year";119.17;0;89.18;0;1787.55
"CUST-7833";"Female";"2. Adult (31-50)";"North";48;"Two year";94.7;1;50.95;1;4545.6
"CUST-7834";"Female";"3. Senior (51+)";"West";34;"Monthly";115.26;0;52.64;1;3918.84
"CUST-7835";"Female";"1. Young Adult (18-30)";"West";31;"Two year";87.93;0;61.09;0;2725.83
"CUST-7836";"Female";"4. Unkownn/Missing";"North";32;"One year";102.38;0;51.91;1;3276.16
"CUST-7837";"Male";"1. Young Adult (18-30)";"North";29;"Two year";42.4;0;55.42;0;1229.6
"CUST-7838";"Female";"3. Senior (51+)";"East";60;"Two year";42.91;0;57.22;0;2574.6
"CUST-7839";"Female";"3. Senior (51+)";"North";29;"Monthly";44.26;0;31.56;1;1283.54
"CUST-7840";"Non-binary";"2. Adult (31-50)";"West";58;"Monthly";46.27;0;97.64;1;2683.66
"CUST-7841";"Male";"3. Senior (51+)";"South";14;"One year";36.54;0;13.71;1;511.56
"CUST-7842";"Male";"3. Senior (51+)";"South";35;"Monthly";99.63;2;69.57;1;3487.05
"CUST-7843";"Male";"4. Unkownn/Missing";"South";43;"Two year";88.4;0;54.49;0;3801.2
"CUST-7844";"Non-binary";"3. Senior (51+)";"East";19;"Monthly";97.51;0;55.11;1;1852.69
"CUST-7845";"Female";"3. Senior (51+)";"South";68;"One year";39.61;2;78.33;0;2693.48
"CUST-7846";"Non-binary";"2. Adult (31-50)";"South";14;"Two year";21.6;3;80.75;0;302.4
"CUST-7847";"Male";"2. Adult (31-50)";"East";56;"One year";52.05;0;60.0;1;2914.8
"CUST-7848";"Female";"1. Young Adult (18-30)";"West";45;"One year";98.74;0;56.4;0;4443.3
"CUST-7849";"Female";"2. Adult (31-50)";"West";5;"Monthly";114.92;0;0.0;1;574.6
"CUST-7850";"Female";"1. Young Adult (18-30)";"West";42;"One year";90.4;1;58.5;0;3796.8
"CUST-7851";"Male";"1. Young Adult (18-30)";"East";46;"Monthly";60.07;1;23.1;0;2763.22
"CUST-7852";"Female";"2. Adult (31-50)";"East";2;"Two year";107.93;0;42.67;0;215.86
"CUST-7853";"Female";"3. Senior (51+)";"West";20;"Monthly";70.94;0;54.62;1;1418.8
"CUST-7854";"Female";"4. Unkownn/Missing";"North";58;"Two year";104.6;0;28.06;1;6066.8
"CUST-7855";"Male";"3. Senior (51+)";"East";31;"Monthly";60.7;0;51.61;0;1881.7
"CUST-7856";"Male";"3. Senior (51+)";"West";58;"Monthly";42.51;0;56.15;1;2465.58
"CUST-7857";"Female";"1. Young Adult (18-30)";"West";32;"One year";80.24;2;85.64;0;2567.68
"CUST-7858";"Female";"1. Young Adult (18-30)";"West";33;"Two year";31.91;1;44.41;0;1053.03
"CUST-7859";"Non-binary";"1. Young Adult (18-30)";"East";16;"Monthly";117.56;1;57.1;1;1880.96
"CUST-7860";"Female";"3. Senior (51+)";"North";69;"One year";98.53;0;87.72;0;6798.57
"CUST-7861";"Female";"1. Young Adult (18-30)";"South";63;"One year";76.36;3;54.89;0;4810.68
"CUST-7862";"Male";"2. Adult (31-50)";"West";24;"Two year";110.46;0;42.06;0;2651.04
"CUST-7863";"Female";"2. Adult (31-50)";"West";32;"One year";49.48;0;51.91;1;1583.36
"CUST-7864";"Non-binary";"2. Adult (31-50)";"North";43;"Two year";63.48;1;53.15;0;2729.64
"CUST-7865";"Male";"2. Adult (31-50)";"West";26;"Two year";41.47;0;87.36;1;1078.22
"CUST-7866";"Male";"1. Young Adult (18-30)";"North";25;"Monthly";104.13;5;20.96;1;2603.25
"CUST-7867";"Male";"1. Young Adult (18-30)";"North";72;"Monthly";72.36;2;72.22;0;5209.92
"CUST-7868";"Non-binary";"3. Senior (51+)";"West";58;"Two year";74.52;0;56.15;0;4322.16
"CUST-7869";"Female";"2. Adult (31-50)";"West";26;"Two year";105.45;0;61.62;0;2741.7
"CUST-7870";"Male";"4. Unkownn/Missing";"South";55;"Monthly";118.58;0;29.94;1;6521.9
"CUST-7871";"Male";"3. Senior (51+)";"North";33;"Monthly";35.78;2;19.62;0;1180.74
"CUST-7872";"Non-binary";"2. Adult (31-50)";"West";7;"Monthly";68.96;0;80.54;1;482.72
"CUST-7873";"Non-binary";"2. Adult (31-50)";"East";31;"One year";53.23;2;51.61;0;1650.13
"CUST-7874";"Female";"2. Adult (31-50)";"North";13;"One year";86.16;6;23.87;1;1120.08
"CUST-7875";"Female";"1. Young Adult (18-30)";"North";65;"One year";89.22;0;55.95;0;5799.3
"CUST-7876";"Non-binary";"3. Senior (51+)";"East";1;"Monthly";91.95;0;45.52;1;91.95
"CUST-7877";"Non-binary";"4. Unkownn/Missing";"East";9;"Monthly";84.85;0;62.77;1;763.65
"CUST-7878";"Male";"2. Adult (31-50)";"North";9;"Monthly";33.28;3;58.05;0;299.52
"CUST-7879";"Female";"1. Young Adult (18-30)";"North";14;"Two year";93.98;0;50.47;0;1315.72
"CUST-7880";"Male";"3. Senior (51+)";"East";24;"Monthly";34.4;0;11.22;1;825.6
"CUST-7881";"Male";"2. Adult (31-50)";"East";33;"One year";83.71;0;54.53;1;2762.43
"CUST-7882";"Male";"3. Senior (51+)";"South";36;"Two year";84.94;1;49.15;0;3057.84
"CUST-7883";"Male";"2. Adult (31-50)";"South";20;"Monthly";93.97;3;77.88;1;1879.4
"CUST-7884";"Male";"2. Adult (31-50)";"North";69;"Monthly";21.18;2;57.1;0;1461.42
"CUST-7885";"Female";"2. Adult (31-50)";"West";66;"Monthly";41.15;0;60.54;1;2715.9
"CUST-7886";"Male";"2. Adult (31-50)";"West";35;"One year";67.56;0;56.85;0;2364.6
"CUST-7887";"Female";"3. Senior (51+)";"South";56;"Monthly";87.97;0;63.17;0;4926.32
"CUST-7888";"Male";"3. Senior (51+)";"East";10;"Monthly";103.91;0;86.29;1;1039.1
"CUST-7889";"Male";"1. Young Adult (18-30)";"South";36;"One year";36.35;5;17.07;0;1308.6
"CUST-7890";"Female";"2. Adult (31-50)";"East";34;"One year";80.24;10;34.03;1;2728.16
"CUST-7891";"Male";"2. Adult (31-50)";"West";14;"Monthly";47.36;0;50.47;0;663.04
"CUST-7892";"Male";"3. Senior (51+)";"North";18;"Monthly";54.7;2;51.92;0;984.6
"CUST-7893";"Male";"3. Senior (51+)";"East";54;"One year";83.41;0;67.44;0;4504.14
"CUST-7894";"Female";"3. Senior (51+)";"South";1;"One year";106.88;0;43.21;0;106.88
"CUST-7895";"Non-binary";"2. Adult (31-50)";"West";37;"Monthly";83.35;0;66.27;0;3083.95
"CUST-7896";"Female";"3. Senior (51+)";"West";56;"Monthly";81.31;0;63.17;0;4553.36
"CUST-7897";"Non-binary";"1. Young Adult (18-30)";"North";58;"Monthly";66.05;3;91.82;0;3830.9
"CUST-7898";"Non-binary";"4. Unkownn/Missing";"North";24;"Monthly";45.63;8;27.16;0;1095.12
"CUST-7899";"Female";"2. Adult (31-50)";"West";41;"Monthly";116.2;0;51.63;0;4764.2
"CUST-7900";"Male";"2. Adult (31-50)";"North";16;"Monthly";69.65;1;57.1;0;1114.4
"CUST-7901";"Female";"3. Senior (51+)";"South";16;"One year";84.8;0;57.1;0;1356.8
"CUST-7902";"Male";"2. Adult (31-50)";"North";13;"One year";51.43;0;56.82;0;668.59
"CUST-7903";"Male";"4. Unkownn/Missing";"West";44;"One year";52.41;3;56.45;0;2306.04
"CUST-7904";"Non-binary";"3. Senior (51+)";"North";70;"One year";61.29;1;70.24;0;4290.3
"CUST-7905";"Male";"4. Unkownn/Missing";"South";16;"Two year";24.28;3;13.08;1;388.48
"CUST-7906";"Male";"3. Senior (51+)";"South";0;"Monthly";57.57;0;44.44;0;0.0
"CUST-7907";"Male";"4. Unkownn/Missing";"South";0;"Monthly";49.77;0;39.81;0;0.0
"CUST-7908";"Male";"3. Senior (51+)";"North";59;"One year";86.18;0;50.64;1;5084.62
"CUST-7909";"Female";"3. Senior (51+)";"West";65;"Monthly";72.99;0;74.38;0;4744.35
"CUST-7910";"Male";"2. Adult (31-50)";"South";49;"One year";68.08;3;32.79;1;3335.92
"CUST-7911";"Female";"3. Senior (51+)";"South";34;"Two year";56.01;3;52.64;0;1904.34
"CUST-7912";"Non-binary";"1. Young Adult (18-30)";"South";12;"One year";81.54;0;61.75;0;978.48
"CUST-7913";"Non-binary";"2. Adult (31-50)";"North";50;"One year";69.67;1;54.57;0;3483.5
"CUST-7914";"Male";"3. Senior (51+)";"West";1;"Monthly";28.53;7;33.96;1;28.53
"CUST-7915";"Male";"3. Senior (51+)";"North";60;"Monthly";71.0;0;84.78;1;4260.0
"CUST-7916";"Female";"3. Senior (51+)";"South";9;"Monthly";48.09;0;58.05;0;432.81
"CUST-7917";"Female";"2. Adult (31-50)";"South";28;"One year";76.82;0;53.86;0;2150.96
"CUST-7918";"Non-binary";"3. Senior (51+)";"West";20;"One year";118.18;3;53.01;0;2363.6
"CUST-7919";"Non-binary";"3. Senior (51+)";"West";62;"Monthly";106.13;5;15.79;1;6580.06
"CUST-7920";"Male";"3. Senior (51+)";"East";69;"Monthly";103.73;8;29.42;1;7157.37
"CUST-7921";"Female";"2. Adult (31-50)";"East";62;"Monthly";95.06;0;31.59;1;5893.72
"CUST-7922";"Female";"3. Senior (51+)";"North";9;"Monthly";68.43;0;58.05;0;615.87
"CUST-7923";"Female";"3. Senior (51+)";"West";5;"One year";25.4;0;39.54;0;127.0
"CUST-7924";"Female";"2. Adult (31-50)";"South";18;"One year";115.98;0;47.85;1;2087.64
"CUST-7925";"Male";"2. Adult (31-50)";"East";48;"Two year";110.56;0;73.58;0;5306.88
"CUST-7926";"Male";"4. Unkownn/Missing";"East";37;"Monthly";49.15;2;99.68;1;1818.55
"CUST-7927";"Male";"4. Unkownn/Missing";"South";31;"Monthly";71.91;0;89.08;0;2229.21
"CUST-7928";"Female";"2. Adult (31-50)";"North";9;"Monthly";114.61;0;26.6;0;1031.49
"CUST-7929";"Non-binary";"2. Adult (31-50)";"West";3;"Monthly";29.0;0;42.33;0;87.0
"CUST-7930";"Male";"2. Adult (31-50)";"South";22;"Monthly";54.37;0;77.24;0;1196.14
"CUST-7931";"Male";"2. Adult (31-50)";"South";52;"One year";100.03;0;76.36;0;5201.56
"CUST-7932";"Male";"1. Young Adult (18-30)";"South";34;"One year";39.49;0;21.13;0;1342.66
"CUST-7933";"Male";"2. Adult (31-50)";"West";15;"Monthly";64.68;0;53.77;1;970.2
"CUST-7934";"Female";"2. Adult (31-50)";"North";13;"One year";39.2;0;56.82;1;509.6
"CUST-7935";"Female";"3. Senior (51+)";"North";69;"Two year";115.53;0;57.1;0;7971.57
"CUST-7936";"Female";"3. Senior (51+)";"South";25;"Monthly";113.54;10;36.94;1;2838.5
"CUST-7937";"Male";"1. Young Adult (18-30)";"South";64;"Two year";112.86;2;49.79;0;7223.04
"CUST-7938";"Male";"2. Adult (31-50)";"North";17;"One year";55.74;3;86.06;0;947.58
"CUST-7939";"Female";"3. Senior (51+)";"North";67;"One year";86.08;0;52.82;0;5767.36
"CUST-7940";"Male";"4. Unkownn/Missing";"North";59;"Monthly";35.54;3;80.37;0;2096.86
"CUST-7941";"Male";"1. Young Adult (18-30)";"South";14;"Monthly";99.13;0;50.47;0;1387.82
"CUST-7942";"Female";"2. Adult (31-50)";"North";38;"One year";73.8;0;19.42;0;2804.4
"CUST-7943";"Non-binary";"3. Senior (51+)";"West";17;"One year";38.0;1;56.0;0;646.0
"CUST-7944";"Female";"3. Senior (51+)";"West";41;"Monthly";116.8;3;51.63;1;4788.8
"CUST-7945";"Male";"3. Senior (51+)";"North";44;"Two year";76.23;0;56.45;0;3354.12
"CUST-7946";"Male";"2. Adult (31-50)";"South";21;"Two year";33.4;0;20.6;1;701.4
"CUST-7947";"Female";"4. Unkownn/Missing";"North";63;"Two year";43.8;0;56.4;0;2759.4
"CUST-7948";"Male";"3. Senior (51+)";"West";51;"Two year";23.7;0;49.73;0;1208.7
"CUST-7949";"Male";"3. Senior (51+)";"East";23;"Two year";77.17;0;56.73;0;1774.91
"CUST-7950";"Male";"2. Adult (31-50)";"West";57;"Monthly";91.33;1;58.76;1;5205.81
"CUST-7951";"Male";"2. Adult (31-50)";"North";9;"One year";96.72;1;58.05;0;870.48
"CUST-7952";"Male";"2. Adult (31-50)";"South";70;"Two year";63.18;3;58.23;0;4422.6
"CUST-7953";"Male";"1. Young Adult (18-30)";"East";41;"Monthly";100.78;9;17.73;1;4131.98
"CUST-7954";"Female";"3. Senior (51+)";"North";34;"Monthly";89.87;2;52.64;0;3055.58
"CUST-7955";"Female";"1. Young Adult (18-30)";"South";6;"Monthly";55.78;0;52.96;1;334.68
"CUST-7956";"Female";"2. Adult (31-50)";"West";28;"One year";39.08;0;53.86;1;1094.24
"CUST-7957";"Female";"3. Senior (51+)";"North";22;"Monthly";64.88;1;65.6;1;1427.36
"CUST-7958";"Non-binary";"1. Young Adult (18-30)";"West";32;"Monthly";42.86;0;51.91;0;1371.52
"CUST-7959";"Male";"3. Senior (51+)";"West";30;"Monthly";29.05;0;79.12;0;871.5
"CUST-7960";"Female";"3. Senior (51+)";"North";30;"One year";110.97;0;11.82;1;3329.1
"CUST-7961";"Male";"2. Adult (31-50)";"West";19;"Monthly";32.44;0;55.11;0;616.36
"CUST-7962";"Non-binary";"2. Adult (31-50)";"South";26;"Monthly";112.05;0;61.62;1;2913.3
"CUST-7963";"Female";"3. Senior (51+)";"West";46;"Monthly";23.74;0;51.24;1;1092.04
"CUST-7964";"Male";"2. Adult (31-50)";"South";58;"Two year";63.96;10;11.91;1;3709.68
"CUST-7965";"Female";"3. Senior (51+)";"East";33;"Monthly";94.83;0;54.53;1;3129.39
"CUST-7966";"Male";"2. Adult (31-50)";"West";69;"Monthly";105.42;0;57.1;1;7273.98
"CUST-7967";"Female";"2. Adult (31-50)";"West";14;"Two year";114.54;3;50.47;0;1603.56
"CUST-7968";"Male";"1. Young Adult (18-30)";"South";13;"One year";90.34;1;56.82;0;1174.42
"CUST-7969";"Non-binary";"3. Senior (51+)";"South";58;"Monthly";89.88;0;45.49;0;5213.04
"CUST-7970";"Male";"3. Senior (51+)";"East";26;"Monthly";101.18;0;61.62;0;2630.68
"CUST-7971";"Female";"3. Senior (51+)";"South";62;"Two year";81.44;0;32.19;0;5049.28
"CUST-7972";"Non-binary";"4. Unkownn/Missing";"North";1;"Monthly";52.4;2;43.21;1;52.4
"CUST-7973";"Female";"2. Adult (31-50)";"West";26;"One year";89.68;2;61.62;0;2331.68
"CUST-7974";"Male";"1. Young Adult (18-30)";"North";15;"Monthly";105.81;0;53.77;0;1587.15
"CUST-7975";"Non-binary";"1. Young Adult (18-30)";"South";60;"One year";57.93;0;57.22;0;3475.8
"CUST-7976";"Male";"2. Adult (31-50)";"South";55;"Monthly";23.74;0;54.93;1;1305.7
"CUST-7977";"Female";"3. Senior (51+)";"South";39;"Two year";58.65;0;36.85;0;2287.35
"CUST-7978";"Male";"3. Senior (51+)";"West";30;"Two year";91.61;0;57.44;1;2748.3
"CUST-7979";"Female";"3. Senior (51+)";"South";23;"Two year";82.49;2;56.11;0;1897.27
"CUST-7980";"Male";"2. Adult (31-50)";"South";3;"Monthly";62.87;0;56.730000000000004;0;188.61
"CUST-7981";"Male";"2. Adult (31-50)";"South";14;"Monthly";38.23;0;67.24;0;535.22
"CUST-7982";"Male";"3. Senior (51+)";"West";44;"Monthly";111.74;3;56.45;1;4916.56
"CUST-7983";"Male";"1. Young Adult (18-30)";"West";61;"Two year";85.25;3;55.13;0;5200.25
"CUST-7984";"Female";"3. Senior (51+)";"South";64;"Monthly";77.61;2;49.79;0;4967.04
"CUST-7985";"Female";"3. Senior (51+)";"West";26;"One year";28.34;0;61.62;0;736.84
"CUST-7986";"Non-binary";"2. Adult (31-50)";"North";9;"One year";98.01;0;81.21;0;882.09
"CUST-7987";"Female";"2. Adult (31-50)";"South";66;"Monthly";52.03;0;50.47;1;3433.98
"CUST-7988";"Non-binary";"3. Senior (51+)";"South";66;"One year";92.62;0;28.34;0;6112.92
"CUST-7989";"Male";"3. Senior (51+)";"North";70;"Two year";103.85;0;58.23;0;7269.5
"CUST-7990";"Male";"2. Adult (31-50)";"East";9;"One year";94.97;0;58.05;0;854.73
"CUST-7991";"Male";"1. Young Adult (18-30)";"West";15;"Two year";67.5;8;28.81;1;1012.5
"CUST-7992";"Female";"3. Senior (51+)";"East";7;"Monthly";73.95;0;59.79;0;517.65
"CUST-7993";"Male";"1. Young Adult (18-30)";"South";25;"Monthly";91.36;3;57.71;1;2284.0
"CUST-7994";"Female";"2. Adult (31-50)";"North";26;"One year";42.4;0;61.62;0;1102.4
"CUST-7995";"Female";"3. Senior (51+)";"North";71;"Monthly";49.11;1;54.72;0;3486.81
"CUST-7996";"Female";"3. Senior (51+)";"North";33;"Monthly";31.05;2;54.53;0;1024.65
"CUST-7997";"Non-binary";"1. Young Adult (18-30)";"West";42;"Monthly";84.34;3;83.44;0;3542.28
"CUST-7998";"Female";"3. Senior (51+)";"West";24;"Monthly";114.0;0;50.66;1;2736.0
"CUST-7999";"Non-binary";"3. Senior (51+)";"East";34;"One year";106.37;1;52.64;0;3616.58
"CUST-8000";"Male";"3. Senior (51+)";"North";72;"One year";86.89;0;54.68;0;6256.08
"CUST-8001";"Female";"3. Senior (51+)";"South";52;"One year";76.42;0;68.35;0;3973.84
"CUST-8002";"Non-binary";"3. Senior (51+)";"West";3;"Monthly";106.19;0;74.52;1;318.57
"CUST-8003";"Male";"4. Unkownn/Missing";"South";47;"Two year";55.7;0;13.63;0;2617.9
"CUST-8004";"Male";"4. Unkownn/Missing";"South";68;"Monthly";36.19;0;57.81;0;2460.92
"CUST-8005";"Female";"3. Senior (51+)";"North";4;"One year";37.16;0;12.21;0;148.64
"CUST-8006";"Non-binary";"3. Senior (51+)";"South";70;"Monthly";80.1;1;58.23;0;5607.0
"CUST-8007";"Male";"2. Adult (31-50)";"East";34;"One year";99.92;0;67.77;1;3397.28
"CUST-8008";"Female";"3. Senior (51+)";"North";48;"Monthly";84.56;0;63.23;0;4058.88
"CUST-8009";"Non-binary";"3. Senior (51+)";"North";14;"Monthly";109.26;0;50.47;1;1529.64
"CUST-8010";"Female";"3. Senior (51+)";"South";59;"One year";69.67;2;61.47;0;4110.53
"CUST-8011";"Male";"3. Senior (51+)";"East";4;"Monthly";77.17;2;60.129999999999995;1;308.68
"CUST-8012";"Female";"3. Senior (51+)";"West";58;"One year";73.24;0;42.92;0;4247.92
"CUST-8013";"Female";"3. Senior (51+)";"North";40;"One year";74.19;0;36.64;0;2967.6
"CUST-8014";"Female";"1. Young Adult (18-30)";"North";10;"Monthly";78.0;8;22.6;1;780.0
"CUST-8015";"Non-binary";"3. Senior (51+)";"North";5;"Monthly";37.98;2;39.54;0;189.9
"CUST-8016";"Female";"3. Senior (51+)";"North";42;"Monthly";77.13;3;42.31;1;3239.46
"CUST-8017";"Male";"4. Unkownn/Missing";"North";41;"One year";35.56;10;17.87;1;1457.96
"CUST-8018";"Non-binary";"3. Senior (51+)";"West";34;"Two year";99.94;3;49.51;0;3397.96
"CUST-8019";"Male";"2. Adult (31-50)";"East";35;"Monthly";54.16;0;56.85;1;1895.6
"CUST-8020";"Non-binary";"1. Young Adult (18-30)";"West";26;"Monthly";85.67;3;61.62;1;2227.42
"CUST-8021";"Female";"4. Unkownn/Missing";"West";38;"One year";40.38;0;53.79;0;1534.44
"CUST-8022";"Female";"2. Adult (31-50)";"East";4;"Two year";73.91;0;30.619999999999997;0;295.64
"CUST-8023";"Male";"3. Senior (51+)";"South";72;"Monthly";66.15;0;54.68;0;4762.8
"CUST-8024";"Female";"2. Adult (31-50)";"West";48;"Monthly";96.77;0;59.96;1;4644.96
"CUST-8025";"Non-binary";"3. Senior (51+)";"North";52;"One year";102.42;0;90.38;0;5325.84
"CUST-8026";"Male";"2. Adult (31-50)";"West";44;"Monthly";110.59;0;56.45;0;4865.96
"CUST-8027";"Female";"2. Adult (31-50)";"North";25;"Monthly";77.65;0;44.05;1;1941.25
"CUST-8028";"Female";"3. Senior (51+)";"South";54;"Two year";117.81;1;56.4;0;6361.74
"CUST-8029";"Female";"1. Young Adult (18-30)";"North";47;"Monthly";42.48;0;52.58;0;1996.56
"CUST-8030";"Male";"3. Senior (51+)";"North";40;"Two year";59.1;0;54.99;0;2364.0
"CUST-8031";"Non-binary";"3. Senior (51+)";"West";11;"One year";50.75;0;55.9;0;558.25
"CUST-8032";"Non-binary";"3. Senior (51+)";"East";12;"One year";56.26;0;54.82;0;675.12
"CUST-8033";"Female";"2. Adult (31-50)";"North";44;"One year";117.53;0;56.45;1;5171.32
"CUST-8034";"Male";"1. Young Adult (18-30)";"North";51;"Monthly";79.61;2;97.81;0;4060.11
"CUST-8035";"Female";"2. Adult (31-50)";"North";56;"Monthly";117.36;0;66.94;1;6572.16
"CUST-8036";"Male";"1. Young Adult (18-30)";"North";18;"Two year";69.75;0;28.97;0;1255.5
"CUST-8037";"Female";"3. Senior (51+)";"South";14;"Monthly";95.6;0;50.47;1;1338.4
"CUST-8038";"Male";"3. Senior (51+)";"North";7;"One year";94.76;0;26.13;0;663.32
"CUST-8039";"Female";"1. Young Adult (18-30)";"South";54;"Monthly";53.43;1;19.08;1;2885.22
"CUST-8040";"Female";"3. Senior (51+)";"West";5;"Monthly";50.97;0;0.0;1;254.85
"CUST-8041";"Non-binary";"3. Senior (51+)";"South";45;"Monthly";108.17;2;85.22;0;4867.65
"CUST-8042";"Male";"2. Adult (31-50)";"West";69;"Monthly";87.12;1;57.1;1;6011.28
"CUST-8043";"Female";"1. Young Adult (18-30)";"East";51;"One year";49.8;0;33.62;0;2539.8
"CUST-8044";"Female";"3. Senior (51+)";"East";14;"One year";95.45;0;50.47;1;1336.3
"CUST-8045";"Male";"3. Senior (51+)";"East";53;"Two year";75.84;0;55.3;0;4019.52
"CUST-8046";"Female";"1. Young Adult (18-30)";"South";18;"Monthly";52.2;0;70.09;1;939.6
"CUST-8047";"Male";"2. Adult (31-50)";"West";72;"Monthly";48.27;3;54.68;0;3475.44
"CUST-8048";"Male";"3. Senior (51+)";"West";3;"Monthly";40.29;0;42.33;1;120.87
"CUST-8049";"Male";"3. Senior (51+)";"North";42;"Two year";21.61;0;58.5;0;907.62
"CUST-8050";"Female";"3. Senior (51+)";"West";66;"Monthly";71.6;3;54.86;0;4725.6
"CUST-8051";"Non-binary";"3. Senior (51+)";"North";11;"One year";38.6;0;53.43;0;424.6
"CUST-8052";"Male";"2. Adult (31-50)";"South";18;"Monthly";119.24;0;89.96;0;2146.32
"CUST-8053";"Female";"2. Adult (31-50)";"East";43;"Monthly";34.25;0;58.6;0;1472.75
"CUST-8054";"Female";"2. Adult (31-50)";"South";2;"Monthly";60.98;1;42.67;1;121.96
"CUST-8055";"Female";"3. Senior (51+)";"West";23;"One year";41.56;0;63.95;0;955.88
"CUST-8056";"Male";"3. Senior (51+)";"East";0;"Monthly";114.97;0;28.549999999999997;0;0.0
"CUST-8057";"Male";"4. Unkownn/Missing";"South";30;"Monthly";30.91;0;49.84;1;927.3
"CUST-8058";"Female";"3. Senior (51+)";"North";31;"Monthly";105.32;0;33.59;1;3264.92
"CUST-8059";"Male";"3. Senior (51+)";"West";68;"Two year";101.18;0;57.81;0;6880.24
"CUST-8060";"Male";"4. Unkownn/Missing";"West";64;"Monthly";114.97;0;49.79;1;7358.08
"CUST-8061";"Female";"2. Adult (31-50)";"North";58;"Monthly";83.86;0;56.15;0;4863.88
"CUST-8062";"Male";"3. Senior (51+)";"West";17;"Two year";111.5;1;56.0;0;1895.5
"CUST-8063";"Male";"2. Adult (31-50)";"West";71;"One year";110.51;1;84.88;1;7846.21
"CUST-8064";"Female";"2. Adult (31-50)";"South";34;"Monthly";94.09;0;66.98;1;3199.06
"CUST-8065";"Male";"3. Senior (51+)";"North";64;"Monthly";44.99;0;49.79;1;2879.36
"CUST-8066";"Female";"2. Adult (31-50)";"South";52;"Monthly";70.0;0;54.79;0;3640.0
"CUST-8067";"Male";"2. Adult (31-50)";"North";33;"Two year";54.02;0;54.53;0;1782.66
"CUST-8068";"Male";"1. Young Adult (18-30)";"South";60;"One year";97.49;1;78.85;1;5849.4
"CUST-8069";"Male";"3. Senior (51+)";"South";16;"One year";115.43;0;62.3;0;1846.88
"CUST-8070";"Male";"1. Young Adult (18-30)";"North";9;"Two year";78.61;0;58.05;0;707.49
"CUST-8071";"Male";"3. Senior (51+)";"North";37;"Monthly";108.1;0;54.96;1;3999.7
"CUST-8072";"Non-binary";"3. Senior (51+)";"North";67;"Monthly";109.6;2;52.82;0;7343.2
"CUST-8073";"Female";"2. Adult (31-50)";"South";4;"One year";68.69;0;58.849999999999994;0;274.76
"CUST-8074";"Male";"2. Adult (31-50)";"East";46;"One year";45.74;0;51.24;1;2104.04
"CUST-8075";"Non-binary";"4. Unkownn/Missing";"North";30;"Monthly";110.25;0;57.44;1;3307.5
"CUST-8076";"Male";"2. Adult (31-50)";"East";5;"Monthly";114.15;0;48.99;1;570.75
"CUST-8077";"Female";"2. Adult (31-50)";"North";53;"Monthly";112.72;0;34.72;1;5974.16
"CUST-8078";"Male";"2. Adult (31-50)";"South";23;"Monthly";47.99;3;56.11;0;1103.77
"CUST-8079";"Non-binary";"3. Senior (51+)";"West";58;"One year";41.98;2;56.15;1;2434.84
"CUST-8080";"Non-binary";"3. Senior (51+)";"North";63;"One year";46.15;0;11.07;1;2907.45
"CUST-8081";"Non-binary";"1. Young Adult (18-30)";"South";68;"Two year";46.01;1;57.81;0;3128.68
"CUST-8082";"Female";"3. Senior (51+)";"South";41;"Two year";34.71;0;66.49;0;1423.11
"CUST-8083";"Female";"1. Young Adult (18-30)";"West";15;"Two year";56.5;0;50.95;0;847.5
"CUST-8084";"Non-binary";"1. Young Adult (18-30)";"East";10;"Two year";34.4;0;47.69;0;344.0
"CUST-8085";"Male";"3. Senior (51+)";"South";66;"One year";85.42;0;70.56;0;5637.72
"CUST-8086";"Female";"2. Adult (31-50)";"West";22;"One year";42.48;2;71.44;1;934.56
"CUST-8087";"Non-binary";"2. Adult (31-50)";"East";39;"One year";62.13;2;59.64;0;2423.07
"CUST-8088";"Female";"1. Young Adult (18-30)";"East";43;"Two year";44.98;0;53.15;1;1934.14
"CUST-8089";"Non-binary";"2. Adult (31-50)";"South";18;"Monthly";45.27;0;91.73;1;814.86
"CUST-8090";"Male";"2. Adult (31-50)";"South";1;"Two year";81.25;0;43.21;0;81.25
"CUST-8091";"Male";"1. Young Adult (18-30)";"South";62;"Monthly";41.35;0;52.93;1;2563.7
"CUST-8092";"Male";"2. Adult (31-50)";"North";42;"One year";22.13;0;70.28;0;929.46
"CUST-8093";"Male";"2. Adult (31-50)";"North";22;"Monthly";102.84;2;97.44;0;2262.48
"CUST-8094";"Male";"1. Young Adult (18-30)";"East";49;"One year";26.78;2;64.96;0;1312.22
"CUST-8095";"Non-binary";"3. Senior (51+)";"North";48;"Monthly";43.91;10;37.8;1;2107.68
"CUST-8096";"Non-binary";"2. Adult (31-50)";"South";70;"Two year";65.02;0;58.23;0;4551.4
"CUST-8097";"Male";"2. Adult (31-50)";"East";27;"One year";47.76;0;10.12;1;1289.52
"CUST-8098";"Female";"3. Senior (51+)";"North";43;"Two year";36.61;0;36.09;0;1574.23
"CUST-8099";"Male";"1. Young Adult (18-30)";"North";62;"One year";51.96;0;65.08;0;3221.52
"CUST-8100";"Female";"3. Senior (51+)";"East";34;"Two year";36.19;3;52.64;0;1230.46
"CUST-8101";"Male";"2. Adult (31-50)";"East";48;"One year";35.0;2;59.96;1;1680.0
"CUST-8102";"Male";"1. Young Adult (18-30)";"North";45;"Monthly";53.58;2;56.4;1;2411.1
"CUST-8103";"Female";"2. Adult (31-50)";"South";3;"Monthly";78.72;0;82.36;0;236.16
"CUST-8104";"Female";"3. Senior (51+)";"North";12;"Two year";49.64;0;54.82;0;595.68
"CUST-8105";"Female";"2. Adult (31-50)";"South";30;"Two year";22.39;1;57.44;0;671.7
"CUST-8106";"Male";"3. Senior (51+)";"East";53;"Monthly";69.5;0;62.43;1;3683.5
"CUST-8107";"Male";"1. Young Adult (18-30)";"North";5;"One year";47.91;0;39.54;0;239.55
"CUST-8108";"Non-binary";"2. Adult (31-50)";"North";16;"One year";101.58;3;57.1;0;1625.28
"CUST-8109";"Male";"3. Senior (51+)";"North";37;"One year";86.3;3;61.28;0;3193.1
"CUST-8110";"Female";"2. Adult (31-50)";"North";14;"Monthly";48.2;10;19.87;1;674.8
"CUST-8111";"Male";"3. Senior (51+)";"West";33;"Two year";98.21;3;54.53;0;3240.93
"CUST-8112";"Male";"3. Senior (51+)";"North";64;"Two year";112.4;2;86.16;0;7193.6
"CUST-8113";"Non-binary";"3. Senior (51+)";"West";60;"Two year";62.46;3;84.86;0;3747.6
"CUST-8114";"Male";"3. Senior (51+)";"South";0;"Monthly";47.88;0;44.44;1;0.0
"CUST-8115";"Male";"2. Adult (31-50)";"South";2;"Monthly";117.46;9;21.4;1;234.92
"CUST-8116";"Female";"2. Adult (31-50)";"North";41;"One year";65.52;2;51.63;0;2686.32
"CUST-8117";"Female";"2. Adult (31-50)";"North";13;"Monthly";41.73;2;56.82;0;542.49
"CUST-8118";"Male";"3. Senior (51+)";"West";0;"Monthly";42.69;2;63.06;0;0.0
"CUST-8119";"Female";"3. Senior (51+)";"North";29;"Two year";62.24;1;57.75;0;1804.96
"CUST-8120";"Male";"3. Senior (51+)";"North";29;"Two year";86.52;3;55.42;0;2509.08
"CUST-8121";"Female";"3. Senior (51+)";"West";44;"One year";74.37;0;56.45;0;3272.28
"CUST-8122";"Male";"3. Senior (51+)";"North";18;"One year";110.29;0;94.02;0;1985.22
"CUST-8123";"Male";"3. Senior (51+)";"West";58;"One year";27.56;0;74.3;0;1598.48
"CUST-8124";"Non-binary";"3. Senior (51+)";"West";23;"Two year";56.6;0;98.33;1;1301.8
"CUST-8125";"Female";"3. Senior (51+)";"North";9;"Monthly";47.57;2;95.06;1;428.13
"CUST-8126";"Non-binary";"3. Senior (51+)";"North";37;"Two year";58.71;0;54.96;1;2172.27
"CUST-8127";"Non-binary";"2. Adult (31-50)";"West";44;"One year";76.27;2;56.45;0;3355.88
"CUST-8128";"Male";"3. Senior (51+)";"East";52;"Monthly";80.36;0;54.79;0;4178.72
"CUST-8129";"Male";"1. Young Adult (18-30)";"North";72;"One year";82.34;0;91.98;0;5928.48
"CUST-8130";"Male";"1. Young Adult (18-30)";"North";41;"Monthly";105.28;0;51.63;1;4316.48
"CUST-8131";"Female";"4. Unkownn/Missing";"West";26;"Monthly";92.62;3;79.56;0;2408.12
"CUST-8132";"Non-binary";"3. Senior (51+)";"West";30;"Monthly";40.81;0;17.85;1;1224.3
"CUST-8133";"Non-binary";"1. Young Adult (18-30)";"West";14;"Monthly";32.94;6;15.49;1;461.16
"CUST-8134";"Male";"3. Senior (51+)";"West";42;"Two year";51.99;0;58.5;0;2183.58
"CUST-8135";"Female";"3. Senior (51+)";"North";65;"One year";21.19;0;88.37;0;1377.35
"CUST-8136";"Male";"3. Senior (51+)";"North";42;"Two year";109.96;3;58.5;1;4618.32
"CUST-8137";"Male";"3. Senior (51+)";"North";54;"Monthly";104.03;2;56.4;1;5617.62
"CUST-8138";"Female";"2. Adult (31-50)";"North";60;"Monthly";116.07;2;57.22;0;6964.2
"CUST-8139";"Male";"4. Unkownn/Missing";"North";42;"Two year";105.35;2;58.5;1;4424.7
"CUST-8140";"Non-binary";"2. Adult (31-50)";"North";48;"Two year";113.84;3;99.56;0;5464.32
"CUST-8141";"Non-binary";"1. Young Adult (18-30)";"South";67;"One year";44.26;1;52.82;0;2965.42
"CUST-8142";"Female";"3. Senior (51+)";"West";16;"Monthly";25.23;3;57.1;1;403.68
"CUST-8143";"Male";"2. Adult (31-50)";"North";27;"Monthly";28.75;3;49.9;1;776.25
"CUST-8144";"Female";"3. Senior (51+)";"West";24;"Monthly";45.82;0;87.53;1;1099.68
"CUST-8145";"Female";"1. Young Adult (18-30)";"West";0;"Monthly";42.73;0;44.44;0;0.0
"CUST-8146";"Non-binary";"3. Senior (51+)";"South";42;"One year";102.68;1;58.5;0;4312.56
"CUST-8147";"Non-binary";"3. Senior (51+)";"West";63;"One year";60.39;7;16.36;1;3804.57
"CUST-8148";"Female";"3. Senior (51+)";"South";2;"Two year";87.64;2;42.67;0;175.28
"CUST-8149";"Male";"2. Adult (31-50)";"West";17;"Two year";74.07;0;81.5;0;1259.19
"CUST-8150";"Male";"1. Young Adult (18-30)";"East";64;"Monthly";30.68;2;28.41;1;1963.52
"CUST-8151";"Male";"4. Unkownn/Missing";"South";38;"Monthly";40.2;0;68.92;1;1527.6
"CUST-8152";"Female";"2. Adult (31-50)";"South";12;"Monthly";82.45;0;53.44;1;989.4
"CUST-8153";"Non-binary";"3. Senior (51+)";"West";64;"One year";96.72;1;49.79;0;6190.08
"CUST-8154";"Female";"2. Adult (31-50)";"South";0;"Two year";115.75;3;44.44;1;0.0
"CUST-8155";"Female";"2. Adult (31-50)";"North";34;"Two year";27.25;2;99.57;1;926.5
"CUST-8156";"Male";"2. Adult (31-50)";"South";34;"Monthly";49.81;0;93.29;1;1693.54
"CUST-8157";"Male";"1. Young Adult (18-30)";"South";4;"Monthly";111.8;2;71.64;1;447.2
"CUST-8158";"Non-binary";"3. Senior (51+)";"North";29;"Two year";32.33;0;16.48;0;937.57
"CUST-8159";"Female";"2. Adult (31-50)";"West";0;"Monthly";102.25;0;14.059999999999999;1;0.0
"CUST-8160";"Female";"1. Young Adult (18-30)";"West";61;"Two year";88.43;0;96.89;0;5394.23
"CUST-8161";"Male";"1. Young Adult (18-30)";"East";7;"Monthly";103.31;1;59.79;1;723.17
"CUST-8162";"Non-binary";"3. Senior (51+)";"North";32;"Monthly";39.69;0;57.93;0;1270.08
"CUST-8163";"Female";"1. Young Adult (18-30)";"East";5;"Monthly";31.39;0;55.790000000000006;1;156.95
"CUST-8164";"Male";"3. Senior (51+)";"West";47;"One year";68.78;0;23.78;1;3232.66
"CUST-8165";"Female";"2. Adult (31-50)";"South";39;"One year";74.83;0;51.79;0;2918.37
"CUST-8166";"Non-binary";"1. Young Adult (18-30)";"South";44;"Monthly";26.81;0;21.81;0;1179.64
"CUST-8167";"Male";"2. Adult (31-50)";"South";32;"Monthly";85.51;0;51.91;0;2736.32
"CUST-8168";"Male";"2. Adult (31-50)";"West";25;"Monthly";79.66;0;83.88;0;1991.5
"CUST-8169";"Female";"3. Senior (51+)";"North";63;"One year";70.01;0;54.89;0;4410.63
"CUST-8170";"Male";"3. Senior (51+)";"West";44;"One year";113.51;0;68.97;1;4994.44
"CUST-8171";"Female";"3. Senior (51+)";"North";57;"One year";105.26;1;74.65;0;5999.82
"CUST-8172";"Male";"3. Senior (51+)";"South";71;"One year";77.5;0;54.72;0;5502.5
"CUST-8173";"Non-binary";"3. Senior (51+)";"West";26;"One year";41.07;0;60.42;0;1067.82
"CUST-8174";"Non-binary";"1. Young Adult (18-30)";"North";19;"Monthly";96.3;2;55.11;0;1829.7
"CUST-8175";"Male";"3. Senior (51+)";"North";6;"Monthly";99.03;0;45.27;0;594.18
"CUST-8176";"Male";"3. Senior (51+)";"North";26;"Monthly";26.28;0;65.59;0;683.28
"CUST-8177";"Male";"2. Adult (31-50)";"East";50;"One year";94.89;0;54.57;1;4744.5
"CUST-8178";"Female";"4. Unkownn/Missing";"North";8;"One year";58.88;0;56.44;0;471.04
"CUST-8179";"Female";"3. Senior (51+)";"South";10;"Monthly";29.66;0;97.28;0;296.6
"CUST-8180";"Non-binary";"2. Adult (31-50)";"West";3;"Two year";35.94;0;42.33;0;107.82
"CUST-8181";"Non-binary";"4. Unkownn/Missing";"West";61;"Two year";109.41;0;67.58;0;6674.01
"CUST-8182";"Non-binary";"3. Senior (51+)";"North";12;"Two year";35.32;0;45.8;0;423.84
"CUST-8183";"Female";"3. Senior (51+)";"West";4;"Monthly";46.16;0;21.630000000000003;1;184.64
"CUST-8184";"Female";"3. Senior (51+)";"North";55;"One year";105.96;3;56.08;0;5827.8
"CUST-8185";"Female";"2. Adult (31-50)";"West";14;"One year";104.08;0;50.47;0;1457.12
"CUST-8186";"Female";"3. Senior (51+)";"South";49;"Monthly";80.27;2;54.7;0;3933.23
"CUST-8187";"Female";"2. Adult (31-50)";"South";17;"Two year";63.04;1;56.0;0;1071.68
"CUST-8188";"Female";"2. Adult (31-50)";"East";71;"One year";31.65;0;54.72;0;2247.15
"CUST-8189";"Female";"2. Adult (31-50)";"West";61;"One year";114.42;3;47.96;0;6979.62
"CUST-8190";"Female";"2. Adult (31-50)";"West";52;"Monthly";91.97;0;30.78;1;4782.44
"CUST-8191";"Female";"2. Adult (31-50)";"West";17;"Two year";64.62;0;56.0;0;1098.54
"CUST-8192";"Non-binary";"3. Senior (51+)";"South";61;"Two year";77.3;5;18.18;1;4715.3
"CUST-8193";"Female";"2. Adult (31-50)";"South";53;"Monthly";73.52;0;59.99;0;3896.56
"CUST-8194";"Non-binary";"2. Adult (31-50)";"East";25;"One year";55.7;0;17.89;1;1392.5
"CUST-8195";"Non-binary";"3. Senior (51+)";"South";0;"Monthly";86.02;2;44.44;1;0.0
"CUST-8196";"Non-binary";"3. Senior (51+)";"North";28;"Two year";26.97;0;43.74;0;755.16
"CUST-8197";"Non-binary";"3. Senior (51+)";"West";43;"One year";37.15;1;53.15;1;1597.45
"CUST-8198";"Male";"2. Adult (31-50)";"North";3;"Monthly";31.24;1;42.33;0;93.72
"CUST-8199";"Male";"3. Senior (51+)";"West";53;"Monthly";85.66;3;55.3;1;4539.98
"CUST-8200";"Male";"2. Adult (31-50)";"West";15;"One year";96.13;3;53.77;0;1441.95
"CUST-8201";"Female";"3. Senior (51+)";"South";56;"Monthly";37.35;2;95.7;1;2091.6
"CUST-8202";"Female";"3. Senior (51+)";"South";44;"Two year";107.44;0;24.25;0;4727.36
"CUST-8203";"Male";"2. Adult (31-50)";"South";2;"One year";32.79;0;55.349999999999994;0;65.58
"CUST-8204";"Male";"4. Unkownn/Missing";"South";1;"Monthly";37.7;1;8.14;1;37.7
"CUST-8205";"Male";"2. Adult (31-50)";"East";14;"Monthly";111.72;7;33.56;1;1564.08
"CUST-8206";"Male";"2. Adult (31-50)";"South";20;"Two year";20.94;0;53.01;0;418.8
"CUST-8207";"Male";"1. Young Adult (18-30)";"South";41;"One year";39.64;0;16.52;0;1625.24
"CUST-8208";"Male";"2. Adult (31-50)";"North";66;"Monthly";88.37;0;50.02;0;5832.42
"CUST-8209";"Female";"1. Young Adult (18-30)";"South";4;"Two year";52.3;7;25.17;1;209.2
"CUST-8210";"Female";"3. Senior (51+)";"South";3;"One year";29.81;0;1.9699999999999989;0;89.43
"CUST-8211";"Male";"3. Senior (51+)";"East";45;"One year";101.59;2;56.4;1;4571.55
"CUST-8212";"Male";"1. Young Adult (18-30)";"West";23;"Two year";62.46;0;56.11;0;1436.58
"CUST-8213";"Non-binary";"2. Adult (31-50)";"North";43;"Monthly";112.2;4;37.67;1;4824.6
"CUST-8214";"Female";"2. Adult (31-50)";"North";71;"Monthly";33.61;0;19.52;0;2386.31
"CUST-8215";"Female";"3. Senior (51+)";"South";14;"One year";64.89;2;50.47;0;908.46
"CUST-8216";"Male";"3. Senior (51+)";"North";25;"Monthly";58.13;1;97.97;0;1453.25
"CUST-8217";"Male";"3. Senior (51+)";"West";48;"One year";35.85;3;59.96;0;1720.8
"CUST-8218";"Female";"2. Adult (31-50)";"West";24;"One year";89.48;1;50.66;0;2147.52
"CUST-8219";"Female";"1. Young Adult (18-30)";"West";56;"Two year";91.7;1;63.17;0;5135.2
"CUST-8220";"Female";"2. Adult (31-50)";"South";16;"Two year";74.72;0;57.1;0;1195.52
"CUST-8221";"Female";"1. Young Adult (18-30)";"West";24;"Two year";48.8;0;50.66;0;1171.2
"CUST-8222";"Female";"3. Senior (51+)";"South";30;"Monthly";37.55;0;57.44;1;1126.5
"CUST-8223";"Female";"2. Adult (31-50)";"West";26;"Two year";20.01;0;61.62;0;520.26
"CUST-8224";"Non-binary";"3. Senior (51+)";"North";4;"Two year";69.7;0;27.0;0;278.8
"CUST-8225";"Female";"1. Young Adult (18-30)";"North";28;"Monthly";112.07;0;27.5;0;3137.96
"CUST-8226";"Female";"2. Adult (31-50)";"West";7;"Monthly";69.05;0;51.7;0;483.35
"CUST-8227";"Non-binary";"2. Adult (31-50)";"West";5;"One year";78.23;1;40.58;0;391.15
"CUST-8228";"Non-binary";"2. Adult (31-50)";"East";55;"One year";47.65;0;91.39;0;2620.75
"CUST-8229";"Male";"3. Senior (51+)";"South";41;"One year";71.67;0;58.97;0;2938.47
"CUST-8230";"Non-binary";"1. Young Adult (18-30)";"South";55;"Two year";87.58;0;67.52;0;4816.9
"CUST-8231";"Male";"3. Senior (51+)";"North";49;"Monthly";48.26;0;16.41;1;2364.74
"CUST-8232";"Non-binary";"2. Adult (31-50)";"South";36;"Monthly";98.41;0;49.15;0;3542.76
"CUST-8233";"Male";"3. Senior (51+)";"West";3;"One year";97.22;0;42.33;0;291.66
"CUST-8234";"Non-binary";"2. Adult (31-50)";"West";35;"Monthly";45.63;0;80.84;0;1597.05
"CUST-8235";"Non-binary";"2. Adult (31-50)";"South";4;"Two year";27.99;0;43.31;0;111.96
"CUST-8236";"Female";"3. Senior (51+)";"North";55;"Two year";35.78;0;66.0;0;1967.9
"CUST-8237";"Male";"1. Young Adult (18-30)";"West";36;"Monthly";80.25;0;49.15;1;2889.0
"CUST-8238";"Female";"1. Young Adult (18-30)";"North";3;"One year";81.13;1;72.45;0;243.39
"CUST-8239";"Male";"2. Adult (31-50)";"North";13;"Monthly";45.38;0;56.82;0;589.94
"CUST-8240";"Male";"3. Senior (51+)";"West";21;"Monthly";114.85;0;55.93;1;2411.85
"CUST-8241";"Non-binary";"3. Senior (51+)";"West";2;"Two year";41.62;0;42.67;0;83.24
"CUST-8242";"Female";"3. Senior (51+)";"West";30;"Monthly";57.94;1;57.44;0;1738.2
"CUST-8243";"Female";"3. Senior (51+)";"South";8;"Monthly";117.49;0;12.61;1;939.92
"CUST-8244";"Female";"3. Senior (51+)";"North";46;"Two year";78.05;2;51.24;0;3590.3
"CUST-8245";"Male";"3. Senior (51+)";"South";38;"Two year";94.7;0;53.79;0;3598.6
"CUST-8246";"Non-binary";"2. Adult (31-50)";"West";19;"Monthly";92.39;0;55.11;0;1755.41
"CUST-8247";"Female";"2. Adult (31-50)";"North";54;"Two year";96.54;0;56.4;1;5213.16
"CUST-8248";"Female";"1. Young Adult (18-30)";"East";53;"One year";100.62;0;55.3;0;5332.86
"CUST-8249";"Male";"2. Adult (31-50)";"North";59;"Monthly";64.15;3;50.64;0;3784.85
"CUST-8250";"Male";"3. Senior (51+)";"South";48;"One year";107.92;2;59.96;0;5180.16
"CUST-8251";"Male";"3. Senior (51+)";"East";25;"One year";33.49;0;57.71;0;837.25
"CUST-8252";"Non-binary";"2. Adult (31-50)";"West";42;"Monthly";61.86;0;35.0;0;2598.12
"CUST-8253";"Non-binary";"3. Senior (51+)";"West";45;"Monthly";107.68;0;76.74;1;4845.6
"CUST-8254";"Male";"3. Senior (51+)";"South";9;"Two year";62.84;8;12.29;0;565.56
"CUST-8255";"Female";"3. Senior (51+)";"West";50;"Monthly";67.32;0;54.57;0;3366.0
"CUST-8256";"Female";"3. Senior (51+)";"West";61;"Monthly";98.61;0;55.13;0;6015.21
"CUST-8257";"Non-binary";"1. Young Adult (18-30)";"West";4;"One year";114.12;0;43.31;0;456.48
"CUST-8258";"Male";"2. Adult (31-50)";"West";67;"Monthly";108.51;0;52.82;0;7270.17
"CUST-8259";"Female";"3. Senior (51+)";"West";68;"One year";89.01;1;97.2;0;6052.68
"CUST-8260";"Female";"1. Young Adult (18-30)";"South";68;"Two year";60.12;0;57.81;0;4088.16
"CUST-8261";"Female";"3. Senior (51+)";"South";55;"Monthly";114.76;2;56.08;0;6311.8
"CUST-8262";"Non-binary";"1. Young Adult (18-30)";"North";29;"Two year";76.79;0;55.42;0;2226.91
"CUST-8263";"Female";"3. Senior (51+)";"West";37;"One year";96.34;2;73.46;0;3564.58
"CUST-8264";"Female";"1. Young Adult (18-30)";"South";71;"Monthly";111.49;0;54.72;0;7915.79
"CUST-8265";"Female";"2. Adult (31-50)";"South";25;"Monthly";94.36;1;57.71;1;2359.0
"CUST-8266";"Female";"3. Senior (51+)";"South";26;"Monthly";38.07;2;82.66;0;989.82
"CUST-8267";"Female";"3. Senior (51+)";"North";17;"One year";62.55;3;57.48;0;1063.35
"CUST-8268";"Female";"3. Senior (51+)";"North";63;"Monthly";79.05;0;53.2;0;4980.15
"CUST-8269";"Male";"4. Unkownn/Missing";"East";21;"Monthly";89.15;2;71.93;0;1872.15
"CUST-8270";"Female";"2. Adult (31-50)";"North";8;"One year";102.44;0;29.74;1;819.52
"CUST-8271";"Female";"2. Adult (31-50)";"West";45;"Two year";95.35;0;56.4;0;4290.75
"CUST-8272";"Female";"3. Senior (51+)";"West";66;"Monthly";98.46;2;54.86;1;6498.36
"CUST-8273";"Non-binary";"3. Senior (51+)";"North";38;"One year";42.89;0;55.06;1;1629.82
"CUST-8274";"Female";"1. Young Adult (18-30)";"East";21;"Two year";52.05;2;55.93;0;1093.05
"CUST-8275";"Female";"2. Adult (31-50)";"North";42;"One year";43.86;0;58.5;0;1842.12
"CUST-8276";"Male";"3. Senior (51+)";"West";17;"Monthly";109.76;1;56.0;0;1865.92
"CUST-8277";"Female";"3. Senior (51+)";"South";35;"One year";55.02;2;56.85;0;1925.7
"CUST-8278";"Female";"2. Adult (31-50)";"East";7;"Monthly";69.31;0;59.79;0;485.17
"CUST-8279";"Non-binary";"3. Senior (51+)";"East";18;"One year";60.83;0;83.67;1;1094.94
"CUST-8280";"Non-binary";"3. Senior (51+)";"South";64;"One year";89.22;0;49.79;0;5710.08
"CUST-8281";"Non-binary";"2. Adult (31-50)";"East";28;"Monthly";102.23;3;50.91;1;2862.44
"CUST-8282";"Male";"3. Senior (51+)";"North";2;"Monthly";91.54;0;0.0;1;183.08
"CUST-8283";"Male";"2. Adult (31-50)";"West";45;"One year";68.56;0;56.4;0;3085.2
"CUST-8284";"Male";"3. Senior (51+)";"East";63;"Two year";84.63;0;19.75;1;5331.69
"CUST-8285";"Male";"3. Senior (51+)";"South";65;"One year";97.19;0;61.2;1;6317.35
"CUST-8286";"Female";"3. Senior (51+)";"East";72;"One year";22.89;0;14.92;1;1648.08
"CUST-8287";"Female";"1. Young Adult (18-30)";"North";18;"Monthly";41.55;0;51.92;0;747.9
"CUST-8288";"Female";"3. Senior (51+)";"North";44;"Monthly";78.1;0;56.45;1;3436.4
"CUST-8289";"Female";"2. Adult (31-50)";"South";34;"Monthly";58.9;3;52.64;1;2002.6
"CUST-8290";"Female";"2. Adult (31-50)";"East";14;"One year";109.56;2;62.05;0;1533.84
"CUST-8291";"Female";"3. Senior (51+)";"West";52;"One year";35.72;0;54.79;0;1857.44
"CUST-8292";"Male";"3. Senior (51+)";"South";46;"Two year";36.39;0;51.24;0;1673.94
"CUST-8293";"Female";"2. Adult (31-50)";"South";39;"Two year";51.08;0;59.64;0;1992.12
"CUST-8294";"Male";"1. Young Adult (18-30)";"West";7;"One year";99.48;0;33.92;1;696.36
"CUST-8295";"Male";"3. Senior (51+)";"South";9;"Two year";69.03;0;99.1;0;621.27
"CUST-8296";"Male";"3. Senior (51+)";"South";21;"One year";87.53;1;55.93;0;1838.13
"CUST-8297";"Male";"3. Senior (51+)";"North";11;"Monthly";40.04;0;53.43;0;440.44
"CUST-8298";"Female";"1. Young Adult (18-30)";"South";14;"Two year";68.4;0;79.8;0;957.6
"CUST-8299";"Male";"2. Adult (31-50)";"South";8;"Monthly";66.91;1;56.44;1;535.28
"CUST-8300";"Female";"2. Adult (31-50)";"West";32;"Monthly";116.29;0;51.91;1;3721.28
"CUST-8301";"Female";"3. Senior (51+)";"South";44;"Two year";32.48;5;33.18;1;1429.12
"CUST-8302";"Male";"2. Adult (31-50)";"East";6;"Monthly";79.23;0;11.75;1;475.38
"CUST-8303";"Female";"2. Adult (31-50)";"West";40;"One year";37.48;2;54.99;0;1499.2
"CUST-8304";"Female";"2. Adult (31-50)";"South";36;"Two year";26.1;0;46.37;0;939.6
"CUST-8305";"Female";"3. Senior (51+)";"East";33;"One year";46.69;0;54.53;0;1540.77
"CUST-8306";"Female";"3. Senior (51+)";"West";12;"Two year";20.54;3;54.82;0;246.48
"CUST-8307";"Male";"3. Senior (51+)";"East";51;"Monthly";104.2;0;27.89;1;5314.2
"CUST-8308";"Female";"2. Adult (31-50)";"North";39;"Monthly";109.74;0;90.47;0;4279.86
"CUST-8309";"Female";"3. Senior (51+)";"East";39;"One year";104.86;2;88.75;0;4089.54
"CUST-8310";"Non-binary";"3. Senior (51+)";"South";65;"Monthly";29.28;0;55.95;0;1903.2
"CUST-8311";"Male";"1. Young Adult (18-30)";"West";37;"One year";80.66;1;54.96;0;2984.42
"CUST-8312";"Female";"1. Young Adult (18-30)";"North";14;"Monthly";31.03;1;66.67;1;434.42
"CUST-8313";"Male";"1. Young Adult (18-30)";"North";3;"Monthly";23.38;3;50.45;1;70.14
"CUST-8314";"Non-binary";"3. Senior (51+)";"North";27;"One year";56.6;0;49.9;0;1528.2
"CUST-8315";"Female";"2. Adult (31-50)";"North";42;"Monthly";57.7;0;56.29;0;2423.4
"CUST-8316";"Non-binary";"3. Senior (51+)";"East";37;"Monthly";27.9;3;54.96;0;1032.3
"CUST-8317";"Female";"2. Adult (31-50)";"North";67;"Two year";44.78;0;52.82;0;3000.26
"CUST-8318";"Male";"4. Unkownn/Missing";"South";5;"Monthly";69.37;2;39.54;0;346.85
"CUST-8319";"Male";"2. Adult (31-50)";"West";2;"Monthly";46.95;3;55.730000000000004;0;93.9
"CUST-8320";"Female";"1. Young Adult (18-30)";"South";38;"One year";64.1;0;93.86;0;2435.8
"CUST-8321";"Female";"2. Adult (31-50)";"West";45;"Monthly";29.77;1;56.4;0;1339.65
"CUST-8322";"Male";"2. Adult (31-50)";"South";65;"Monthly";41.38;0;62.05;1;2689.7
"CUST-8323";"Male";"3. Senior (51+)";"South";46;"One year";91.59;4;28.82;0;4213.14
"CUST-8324";"Female";"3. Senior (51+)";"North";62;"Monthly";71.08;3;52.93;0;4406.96
"CUST-8325";"Male";"1. Young Adult (18-30)";"North";14;"Two year";96.49;0;50.47;0;1350.86
"CUST-8326";"Female";"3. Senior (51+)";"North";5;"One year";31.46;0;39.54;1;157.3
"CUST-8327";"Female";"3. Senior (51+)";"East";65;"Two year";95.51;1;55.95;0;6208.15
"CUST-8328";"Female";"2. Adult (31-50)";"West";44;"Monthly";101.62;0;56.45;0;4471.28
"CUST-8329";"Female";"3. Senior (51+)";"East";46;"One year";119.35;0;51.24;1;5490.1
"CUST-8330";"Female";"3. Senior (51+)";"North";63;"Two year";20.88;3;54.89;0;1315.44
"CUST-8331";"Female";"3. Senior (51+)";"West";3;"Monthly";114.27;2;42.33;1;342.81
"CUST-8332";"Female";"3. Senior (51+)";"West";49;"Monthly";119.49;1;54.7;1;5855.01
"CUST-8333";"Male";"2. Adult (31-50)";"West";28;"Two year";107.83;2;53.86;0;3019.24
"CUST-8334";"Female";"2. Adult (31-50)";"West";48;"Monthly";32.84;3;59.96;0;1576.32
"CUST-8335";"Male";"3. Senior (51+)";"North";62;"Monthly";63.57;3;52.93;0;3941.34
"CUST-8336";"Female";"3. Senior (51+)";"West";54;"Monthly";81.07;0;56.4;0;4377.78
"CUST-8337";"Male";"1. Young Adult (18-30)";"South";37;"Monthly";46.4;0;20.16;0;1716.8
"CUST-8338";"Non-binary";"3. Senior (51+)";"West";5;"Monthly";46.23;0;39.54;0;231.15
"CUST-8339";"Female";"3. Senior (51+)";"North";21;"Monthly";97.52;2;55.93;0;2047.92
"CUST-8340";"Non-binary";"3. Senior (51+)";"East";0;"One year";89.99;0;44.44;0;0.0
"CUST-8341";"Male";"3. Senior (51+)";"North";11;"One year";54.46;0;53.43;0;599.06
"CUST-8342";"Non-binary";"2. Adult (31-50)";"East";33;"Monthly";33.98;0;54.53;1;1121.34
"CUST-8343";"Male";"3. Senior (51+)";"South";57;"One year";109.72;0;49.53;0;6254.04
"CUST-8344";"Female";"2. Adult (31-50)";"North";46;"Monthly";90.94;0;51.24;1;4183.24
"CUST-8345";"Female";"1. Young Adult (18-30)";"West";25;"One year";112.62;5;29.65;0;2815.5
"CUST-8346";"Female";"3. Senior (51+)";"West";7;"One year";63.43;0;94.65;0;444.01
"CUST-8347";"Male";"3. Senior (51+)";"North";29;"Monthly";40.98;0;70.59;1;1188.42
"CUST-8348";"Non-binary";"2. Adult (31-50)";"North";11;"One year";29.55;0;21.09;1;325.05
"CUST-8349";"Non-binary";"3. Senior (51+)";"East";42;"Monthly";21.68;0;58.5;0;910.56
"CUST-8350";"Female";"3. Senior (51+)";"North";54;"One year";112.56;2;56.4;0;6078.24
"CUST-8351";"Male";"2. Adult (31-50)";"North";60;"One year";111.77;0;59.72;0;6706.2
"CUST-8352";"Female";"4. Unkownn/Missing";"West";41;"Two year";103.57;0;51.63;0;4246.37
"CUST-8353";"Non-binary";"3. Senior (51+)";"West";69;"One year";46.84;0;10.22;0;3231.96
"CUST-8354";"Female";"3. Senior (51+)";"South";70;"Monthly";113.28;0;58.23;1;7929.6
"CUST-8355";"Female";"1. Young Adult (18-30)";"West";13;"Monthly";22.6;2;56.82;1;293.8
"CUST-8356";"Non-binary";"2. Adult (31-50)";"South";4;"Monthly";40.27;10;20.46;1;161.08
"CUST-8357";"Male";"2. Adult (31-50)";"North";31;"Monthly";116.94;0;34.73;1;3625.14
"CUST-8358";"Male";"3. Senior (51+)";"East";54;"Monthly";107.66;0;56.4;1;5813.64
"CUST-8359";"Male";"1. Young Adult (18-30)";"West";0;"Monthly";43.65;9;19.42;1;0.0
"CUST-8360";"Female";"2. Adult (31-50)";"East";5;"One year";23.7;3;3.0100000000000016;1;118.5
"CUST-8361";"Female";"1. Young Adult (18-30)";"North";58;"Monthly";79.92;0;13.59;1;4635.36
"CUST-8362";"Female";"1. Young Adult (18-30)";"West";14;"Two year";75.76;0;96.93;0;1060.64
"CUST-8363";"Female";"3. Senior (51+)";"West";24;"One year";111.57;0;17.3;1;2677.68
"CUST-8364";"Non-binary";"3. Senior (51+)";"West";20;"Monthly";31.39;3;20.77;0;627.8
"CUST-8365";"Female";"2. Adult (31-50)";"North";16;"Two year";115.84;0;57.1;0;1853.44
"CUST-8366";"Female";"3. Senior (51+)";"North";21;"Monthly";114.57;0;94.6;1;2405.97
"CUST-8367";"Male";"3. Senior (51+)";"North";40;"Two year";57.45;1;54.99;0;2298.0
"CUST-8368";"Female";"3. Senior (51+)";"South";51;"Two year";105.51;0;28.91;1;5381.01
"CUST-8369";"Female";"3. Senior (51+)";"West";1;"One year";97.26;1;55.650000000000006;0;97.26
"CUST-8370";"Female";"1. Young Adult (18-30)";"West";65;"Monthly";81.92;0;55.95;0;5324.8
"CUST-8371";"Non-binary";"3. Senior (51+)";"North";70;"Monthly";102.57;3;58.23;1;7179.9
"CUST-8372";"Female";"3. Senior (51+)";"South";0;"Two year";112.76;0;46.44;1;0.0
"CUST-8373";"Female";"1. Young Adult (18-30)";"North";66;"Monthly";88.09;0;54.86;0;5813.94
"CUST-8374";"Male";"3. Senior (51+)";"South";14;"Monthly";45.22;0;50.47;1;633.08
"CUST-8375";"Male";"3. Senior (51+)";"South";17;"Monthly";81.16;0;56.0;0;1379.72
"CUST-8376";"Female";"2. Adult (31-50)";"East";24;"One year";108.46;0;50.66;0;2603.04
"CUST-8377";"Female";"3. Senior (51+)";"South";20;"Monthly";106.14;3;53.01;0;2122.8
"CUST-8378";"Non-binary";"3. Senior (51+)";"East";51;"Monthly";99.08;0;57.9;1;5053.08
"CUST-8379";"Male";"3. Senior (51+)";"East";46;"Monthly";29.02;0;51.24;1;1334.92
"CUST-8380";"Female";"1. Young Adult (18-30)";"South";39;"Monthly";115.54;1;66.13;0;4506.06
"CUST-8381";"Male";"3. Senior (51+)";"West";66;"One year";101.72;2;54.86;0;6713.52
"CUST-8382";"Non-binary";"2. Adult (31-50)";"West";29;"One year";101.98;0;49.0;0;2957.42
"CUST-8383";"Male";"2. Adult (31-50)";"South";38;"One year";88.11;2;67.34;0;3348.18
"CUST-8384";"Male";"3. Senior (51+)";"North";65;"Monthly";85.28;3;55.95;0;5543.2
"CUST-8385";"Male";"1. Young Adult (18-30)";"South";50;"Monthly";101.25;2;76.09;0;5062.5
"CUST-8386";"Non-binary";"3. Senior (51+)";"North";55;"Two year";44.66;0;56.08;0;2456.3
"CUST-8387";"Non-binary";"2. Adult (31-50)";"South";18;"Monthly";33.43;0;54.26;1;601.74
"CUST-8388";"Male";"2. Adult (31-50)";"West";52;"Monthly";61.14;0;81.9;0;3179.28
"CUST-8389";"Female";"2. Adult (31-50)";"East";34;"Monthly";30.88;3;52.64;1;1049.92
"CUST-8390";"Female";"2. Adult (31-50)";"East";72;"Two year";47.78;0;54.68;0;3440.16
"CUST-8391";"Female";"3. Senior (51+)";"North";35;"Monthly";74.91;0;56.85;1;2621.85
"CUST-8392";"Male";"3. Senior (51+)";"North";7;"One year";56.14;1;59.79;1;392.98
"CUST-8393";"Male";"2. Adult (31-50)";"North";3;"Monthly";82.57;0;0.0;1;247.71
"CUST-8394";"Male";"3. Senior (51+)";"West";70;"One year";101.8;0;55.44;1;7126.0
"CUST-8395";"Male";"2. Adult (31-50)";"South";2;"Monthly";28.17;0;80.84;1;56.34
"CUST-8396";"Female";"3. Senior (51+)";"West";20;"Monthly";98.22;0;80.17;1;1964.4
"CUST-8397";"Female";"2. Adult (31-50)";"West";51;"Monthly";48.32;0;57.9;0;2464.32
"CUST-8398";"Male";"1. Young Adult (18-30)";"North";40;"Monthly";106.28;0;54.99;0;4251.2
"CUST-8399";"Female";"3. Senior (51+)";"South";51;"Monthly";86.54;3;49.31;0;4413.54
"CUST-8400";"Male";"3. Senior (51+)";"West";19;"Monthly";62.04;8;31.83;1;1178.76
"CUST-8401";"Male";"2. Adult (31-50)";"North";53;"Monthly";94.37;3;55.3;1;5001.61
"CUST-8402";"Female";"2. Adult (31-50)";"North";67;"Monthly";23.68;0;19.6;0;1586.56
"CUST-8403";"Male";"3. Senior (51+)";"South";67;"Monthly";83.49;0;43.09;1;5593.83
"CUST-8404";"Male";"3. Senior (51+)";"North";61;"Monthly";64.42;10;22.62;1;3929.62
"CUST-8405";"Male";"1. Young Adult (18-30)";"South";27;"Monthly";74.57;0;26.08;1;2013.39
"CUST-8406";"Non-binary";"1. Young Adult (18-30)";"South";72;"Monthly";29.0;0;54.68;0;2088.0
"CUST-8407";"Male";"1. Young Adult (18-30)";"North";59;"Monthly";55.83;0;95.09;0;3293.97
"CUST-8408";"Female";"3. Senior (51+)";"South";56;"One year";59.84;3;60.2;0;3351.04
"CUST-8409";"Male";"3. Senior (51+)";"South";45;"Monthly";101.51;7;11.57;1;4567.95
"CUST-8410";"Male";"3. Senior (51+)";"South";54;"One year";111.25;2;21.04;1;6007.5
"CUST-8411";"Female";"4. Unkownn/Missing";"North";7;"Two year";95.75;2;59.79;1;670.25
"CUST-8412";"Male";"2. Adult (31-50)";"West";34;"Monthly";55.29;0;52.64;0;1879.86
"CUST-8413";"Male";"2. Adult (31-50)";"South";3;"Monthly";86.11;3;42.33;0;258.33
"CUST-8414";"Female";"4. Unkownn/Missing";"West";14;"Monthly";113.01;0;50.47;0;1582.14
"CUST-8415";"Male";"2. Adult (31-50)";"East";41;"Monthly";98.74;0;51.63;1;4048.34
"CUST-8416";"Female";"2. Adult (31-50)";"West";69;"Monthly";99.99;1;57.1;1;6899.31
"CUST-8417";"Male";"3. Senior (51+)";"South";16;"Monthly";42.02;3;57.1;1;672.32
"CUST-8418";"Male";"3. Senior (51+)";"North";44;"One year";48.91;0;99.68;0;2152.04
"CUST-8419";"Female";"3. Senior (51+)";"West";10;"One year";29.33;0;89.63;0;293.3
"CUST-8420";"Male";"1. Young Adult (18-30)";"South";57;"Monthly";63.03;0;58.76;0;3592.71
"CUST-8421";"Non-binary";"1. Young Adult (18-30)";"West";56;"One year";27.7;2;63.17;0;1551.2
"CUST-8422";"Male";"1. Young Adult (18-30)";"West";48;"One year";59.07;0;93.76;0;2835.36
"CUST-8423";"Female";"2. Adult (31-50)";"North";29;"Two year";115.75;0;55.42;1;3356.75
"CUST-8424";"Female";"3. Senior (51+)";"North";31;"Monthly";108.78;0;51.61;0;3372.18
"CUST-8425";"Female";"3. Senior (51+)";"East";67;"One year";53.37;1;35.31;0;3575.79
"CUST-8426";"Female";"3. Senior (51+)";"West";60;"Two year";53.39;0;85.64;0;3203.4
"CUST-8427";"Male";"2. Adult (31-50)";"North";14;"Monthly";35.36;0;42.63;1;495.04
"CUST-8428";"Non-binary";"3. Senior (51+)";"West";45;"One year";31.74;2;56.4;0;1428.3
"CUST-8429";"Non-binary";"3. Senior (51+)";"West";71;"Monthly";26.55;6;18.62;1;1885.05
"CUST-8430";"Female";"3. Senior (51+)";"South";23;"Monthly";43.31;3;56.11;0;996.13
"CUST-8431";"Male";"4. Unkownn/Missing";"North";37;"One year";20.55;3;54.96;0;760.35
"CUST-8432";"Male";"2. Adult (31-50)";"West";50;"One year";92.01;10;37.38;0;4600.5
"CUST-8433";"Female";"4. Unkownn/Missing";"West";42;"One year";115.68;0;58.5;1;4858.56
"CUST-8434";"Male";"3. Senior (51+)";"West";23;"One year";28.82;0;95.77;0;662.86
"CUST-8435";"Male";"3. Senior (51+)";"West";66;"Monthly";59.75;0;82.42;0;3943.5
"CUST-8436";"Non-binary";"1. Young Adult (18-30)";"East";3;"Two year";28.66;1;42.33;1;85.98
"CUST-8437";"Male";"2. Adult (31-50)";"East";5;"Monthly";107.91;0;39.54;1;539.55
"CUST-8438";"Non-binary";"1. Young Adult (18-30)";"North";6;"Monthly";110.53;1;52.96;0;663.18
"CUST-8439";"Female";"3. Senior (51+)";"North";49;"Monthly";97.95;0;54.7;0;4799.55
"CUST-8440";"Male";"3. Senior (51+)";"South";1;"Monthly";24.78;0;43.21;0;24.78
"CUST-8441";"Non-binary";"2. Adult (31-50)";"East";62;"Two year";73.81;0;36.95;0;4576.22
"CUST-8442";"Male";"4. Unkownn/Missing";"West";52;"Monthly";66.27;3;77.91;1;3446.04
"CUST-8443";"Male";"3. Senior (51+)";"North";25;"Monthly";105.5;0;57.71;1;2637.5
"CUST-8444";"Male";"3. Senior (51+)";"West";25;"Monthly";27.08;0;13.85;0;677.0
"CUST-8445";"Male";"1. Young Adult (18-30)";"West";18;"One year";115.79;0;51.92;0;2084.22
"CUST-8446";"Male";"3. Senior (51+)";"North";52;"One year";58.1;0;63.24;0;3021.2
"CUST-8447";"Male";"3. Senior (51+)";"West";17;"One year";111.13;0;19.84;1;1889.21
"CUST-8448";"Male";"1. Young Adult (18-30)";"West";68;"Monthly";107.75;4;39.14;0;7327.0
"CUST-8449";"Female";"1. Young Adult (18-30)";"South";25;"One year";30.47;0;96.67;0;761.75
"CUST-8450";"Female";"3. Senior (51+)";"South";18;"Two year";97.04;2;51.92;0;1746.72
"CUST-8451";"Female";"2. Adult (31-50)";"West";11;"Monthly";45.52;1;90.21;1;500.72
"CUST-8452";"Female";"4. Unkownn/Missing";"West";2;"Monthly";68.74;0;39.02;1;137.48
"CUST-8453";"Female";"3. Senior (51+)";"North";50;"One year";108.25;0;54.57;1;5412.5
"CUST-8454";"Female";"3. Senior (51+)";"South";61;"Two year";118.21;0;55.13;0;7210.81
"CUST-8455";"Male";"1. Young Adult (18-30)";"South";20;"One year";24.59;0;23.34;0;491.8
"CUST-8456";"Female";"3. Senior (51+)";"East";56;"One year";20.49;0;54.95;0;1147.44
"CUST-8457";"Female";"2. Adult (31-50)";"West";9;"Monthly";102.27;3;58.05;1;920.43
"CUST-8458";"Female";"4. Unkownn/Missing";"South";57;"Monthly";102.28;0;58.76;0;5829.96
"CUST-8459";"Male";"3. Senior (51+)";"South";16;"Two year";106.37;0;71.46;0;1701.92
"CUST-8460";"Male";"4. Unkownn/Missing";"South";51;"Monthly";44.92;0;24.01;0;2290.92
"CUST-8461";"Non-binary";"3. Senior (51+)";"South";64;"Monthly";108.55;10;19.15;1;6947.2
"CUST-8462";"Female";"3. Senior (51+)";"South";18;"One year";23.03;0;63.39;0;414.54
"CUST-8463";"Female";"2. Adult (31-50)";"North";25;"One year";45.25;3;86.45;0;1131.25
"CUST-8464";"Female";"1. Young Adult (18-30)";"North";52;"One year";31.66;0;35.67;0;1646.32
"CUST-8465";"Male";"2. Adult (31-50)";"North";51;"Monthly";59.86;0;33.01;1;3052.86
"CUST-8466";"Male";"3. Senior (51+)";"West";13;"Monthly";98.66;0;56.82;1;1282.58
"CUST-8467";"Male";"3. Senior (51+)";"North";56;"One year";113.28;0;63.17;1;6343.68
"CUST-8468";"Female";"3. Senior (51+)";"South";70;"Two year";67.74;0;58.23;0;4741.8
"CUST-8469";"Male";"2. Adult (31-50)";"North";42;"One year";91.61;0;58.5;0;3847.62
"CUST-8470";"Female";"1. Young Adult (18-30)";"North";34;"Two year";84.6;1;56.08;0;2876.4
"CUST-8471";"Female";"1. Young Adult (18-30)";"North";67;"One year";85.6;0;52.82;1;5735.2
"CUST-8472";"Male";"3. Senior (51+)";"West";65;"Monthly";58.75;0;27.24;0;3818.75
"CUST-8473";"Female";"3. Senior (51+)";"North";51;"Monthly";20.82;1;57.9;0;1061.82
"CUST-8474";"Female";"3. Senior (51+)";"North";42;"Monthly";45.67;0;58.5;0;1918.14
"CUST-8475";"Male";"2. Adult (31-50)";"North";5;"Monthly";44.28;0;39.54;0;221.4
"CUST-8476";"Female";"2. Adult (31-50)";"North";48;"Monthly";41.43;1;59.96;0;1988.64
"CUST-8477";"Female";"3. Senior (51+)";"West";48;"Monthly";85.27;0;59.96;1;4092.96
"CUST-8478";"Male";"3. Senior (51+)";"South";28;"One year";115.34;0;53.86;0;3229.52
"CUST-8479";"Female";"2. Adult (31-50)";"West";71;"One year";65.42;0;54.72;1;4644.82
"CUST-8480";"Male";"3. Senior (51+)";"North";54;"Two year";108.1;0;56.4;0;5837.4
"CUST-8481";"Non-binary";"3. Senior (51+)";"South";15;"Monthly";20.04;0;53.77;0;300.6
"CUST-8482";"Non-binary";"1. Young Adult (18-30)";"West";41;"Monthly";76.66;3;51.63;0;3143.06
"CUST-8483";"Female";"2. Adult (31-50)";"North";21;"One year";42.63;3;65.86;0;895.23
"CUST-8484";"Male";"2. Adult (31-50)";"East";67;"Monthly";26.38;0;16.97;1;1767.46
"CUST-8485";"Male";"1. Young Adult (18-30)";"East";34;"Monthly";85.93;0;52.64;1;2921.62
"CUST-8486";"Non-binary";"1. Young Adult (18-30)";"East";25;"Monthly";105.72;3;50.66;0;2643.0
"CUST-8487";"Non-binary";"2. Adult (31-50)";"North";52;"One year";25.68;2;58.41;0;1335.36
"CUST-8488";"Female";"3. Senior (51+)";"East";5;"Two year";92.61;1;39.54;0;463.05
"CUST-8489";"Male";"2. Adult (31-50)";"West";70;"Two year";97.45;0;58.23;1;6821.5
"CUST-8490";"Female";"2. Adult (31-50)";"South";21;"One year";46.94;0;55.93;0;985.74
"CUST-8491";"Female";"3. Senior (51+)";"North";60;"Monthly";103.49;0;40.39;0;6209.4
"CUST-8492";"Female";"2. Adult (31-50)";"West";72;"One year";54.55;0;29.9;0;3927.6
"CUST-8493";"Male";"3. Senior (51+)";"South";14;"One year";92.79;0;50.47;1;1299.06
"CUST-8494";"Non-binary";"3. Senior (51+)";"West";52;"One year";78.2;9;22.13;0;4066.4
"CUST-8495";"Male";"2. Adult (31-50)";"South";25;"Monthly";97.07;0;57.71;0;2426.75
"CUST-8496";"Non-binary";"2. Adult (31-50)";"East";9;"Monthly";34.62;0;58.05;1;311.58
"CUST-8497";"Female";"3. Senior (51+)";"North";0;"Monthly";56.6;0;44.44;0;0.0
"CUST-8498";"Female";"3. Senior (51+)";"East";11;"Monthly";104.89;0;53.43;0;1153.79
"CUST-8499";"Female";"2. Adult (31-50)";"North";5;"Monthly";45.43;0;39.54;1;227.15
"CUST-8500";"Male";"2. Adult (31-50)";"West";9;"Monthly";37.54;0;58.05;1;337.86
"CUST-8501";"Male";"1. Young Adult (18-30)";"South";46;"One year";115.23;0;95.34;0;5300.58
"CUST-8502";"Non-binary";"3. Senior (51+)";"South";41;"One year";114.48;0;72.99;0;4693.68
"CUST-8503";"Female";"3. Senior (51+)";"West";71;"One year";103.02;1;63.31;0;7314.42
"CUST-8504";"Female";"1. Young Adult (18-30)";"West";39;"Two year";33.48;0;14.45;0;1305.72
"CUST-8505";"Male";"2. Adult (31-50)";"North";57;"Two year";34.1;1;57.22;0;1943.7
"CUST-8506";"Female";"1. Young Adult (18-30)";"North";63;"Monthly";117.97;0;94.56;0;7432.11
"CUST-8507";"Male";"2. Adult (31-50)";"West";22;"Monthly";33.85;3;58.01;1;744.7
"CUST-8508";"Male";"1. Young Adult (18-30)";"North";42;"One year";107.25;2;58.5;1;4504.5
"CUST-8509";"Female";"2. Adult (31-50)";"West";19;"Monthly";66.26;4;10.14;1;1258.94
"CUST-8510";"Male";"3. Senior (51+)";"North";49;"Two year";34.31;1;54.7;0;1681.19
"CUST-8511";"Male";"2. Adult (31-50)";"West";38;"Monthly";81.58;0;19.92;0;3100.04
"CUST-8512";"Female";"1. Young Adult (18-30)";"North";35;"Monthly";44.46;0;71.19;1;1556.1
"CUST-8513";"Female";"1. Young Adult (18-30)";"West";23;"Monthly";96.49;0;56.11;1;2219.27
"CUST-8514";"Male";"4. Unkownn/Missing";"North";64;"One year";115.31;1;49.79;0;7379.84
"CUST-8515";"Female";"1. Young Adult (18-30)";"South";37;"Monthly";119.83;0;54.96;0;4433.71
"CUST-8516";"Male";"1. Young Adult (18-30)";"East";63;"One year";34.12;1;69.94;0;2149.56
"CUST-8517";"Female";"3. Senior (51+)";"West";61;"Monthly";87.71;8;22.69;1;5350.31
"CUST-8518";"Male";"3. Senior (51+)";"North";50;"One year";32.16;3;54.57;0;1608.0
"CUST-8519";"Non-binary";"3. Senior (51+)";"North";9;"One year";66.89;0;58.05;1;602.01
"CUST-8520";"Non-binary";"2. Adult (31-50)";"North";37;"Two year";85.72;0;54.96;0;3171.64
"CUST-8521";"Female";"1. Young Adult (18-30)";"North";65;"One year";76.59;2;80.15;0;4978.35
"CUST-8522";"Non-binary";"3. Senior (51+)";"North";33;"Monthly";33.63;0;91.89;1;1109.79
"CUST-8523";"Male";"1. Young Adult (18-30)";"West";44;"Monthly";22.5;0;56.45;1;990.0
"CUST-8524";"Female";"3. Senior (51+)";"North";51;"Two year";117.56;3;51.63;0;5995.56
"CUST-8525";"Female";"3. Senior (51+)";"West";47;"One year";84.38;0;50.44;0;3965.86
"CUST-8526";"Male";"3. Senior (51+)";"West";2;"Two year";33.31;0;23.259999999999998;1;66.62
"CUST-8527";"Male";"2. Adult (31-50)";"North";69;"Monthly";44.12;0;19.71;1;3044.28
"CUST-8528";"Female";"2. Adult (31-50)";"South";39;"One year";119.61;0;59.64;0;4664.79
"CUST-8529";"Male";"4. Unkownn/Missing";"East";5;"Monthly";58.12;0;39.54;0;290.6
"CUST-8530";"Male";"2. Adult (31-50)";"North";5;"Two year";75.96;3;57.05;0;379.8
"CUST-8531";"Female";"3. Senior (51+)";"West";44;"Monthly";111.2;2;56.45;0;4892.8
"CUST-8532";"Non-binary";"1. Young Adult (18-30)";"East";25;"One year";119.27;0;57.71;0;2981.75
"CUST-8533";"Male";"2. Adult (31-50)";"North";29;"Monthly";69.45;0;55.42;1;2014.05
"CUST-8534";"Non-binary";"1. Young Adult (18-30)";"South";51;"Two year";56.99;3;97.25;0;2906.49
"CUST-8535";"Female";"3. Senior (51+)";"North";2;"Two year";68.93;0;42.67;0;137.86
"CUST-8536";"Non-binary";"1. Young Adult (18-30)";"West";5;"Monthly";65.57;1;39.54;1;327.85
"CUST-8537";"Non-binary";"2. Adult (31-50)";"West";51;"Monthly";64.79;0;48.89;1;3304.29
"CUST-8538";"Male";"3. Senior (51+)";"West";49;"Two year";81.55;3;95.32;0;3995.95
"CUST-8539";"Male";"1. Young Adult (18-30)";"West";54;"Two year";83.51;0;56.4;0;4509.54
"CUST-8540";"Male";"2. Adult (31-50)";"South";14;"One year";34.51;0;50.47;0;483.14
"CUST-8541";"Non-binary";"1. Young Adult (18-30)";"East";14;"Monthly";110.23;0;22.86;1;1543.22
"CUST-8542";"Female";"3. Senior (51+)";"West";20;"Monthly";46.53;1;67.13;1;930.6
"CUST-8543";"Female";"1. Young Adult (18-30)";"North";40;"Monthly";91.88;3;41.44;1;3675.2
"CUST-8544";"Non-binary";"3. Senior (51+)";"North";38;"One year";114.92;9;32.85;0;4366.96
"CUST-8545";"Female";"3. Senior (51+)";"West";11;"Monthly";44.8;0;68.8;0;492.8
"CUST-8546";"Female";"3. Senior (51+)";"North";53;"Monthly";23.14;0;45.38;1;1226.42
"CUST-8547";"Female";"1. Young Adult (18-30)";"West";55;"Monthly";96.56;0;23.87;1;5310.8
"CUST-8548";"Female";"3. Senior (51+)";"South";37;"Monthly";57.42;3;79.0;0;2124.54
"CUST-8549";"Non-binary";"2. Adult (31-50)";"West";72;"Two year";78.33;0;69.59;0;5639.76
"CUST-8550";"Female";"3. Senior (51+)";"West";34;"Monthly";43.2;0;90.08;0;1468.8
"CUST-8551";"Female";"3. Senior (51+)";"East";60;"Monthly";80.36;0;57.22;1;4821.6
"CUST-8552";"Male";"3. Senior (51+)";"North";59;"One year";25.43;0;39.23;0;1500.37
"CUST-8553";"Female";"1. Young Adult (18-30)";"South";24;"Monthly";88.33;0;10.17;1;2119.92
"CUST-8554";"Male";"2. Adult (31-50)";"North";39;"Monthly";98.69;2;66.36;0;3848.91
"CUST-8555";"Male";"2. Adult (31-50)";"North";42;"One year";55.17;0;65.11;0;2317.14
"CUST-8556";"Female";"3. Senior (51+)";"South";4;"One year";36.08;1;43.31;0;144.32
"CUST-8557";"Male";"4. Unkownn/Missing";"South";10;"One year";25.41;0;47.88;0;254.1
"CUST-8558";"Male";"3. Senior (51+)";"East";33;"Two year";51.75;0;54.53;0;1707.75
"CUST-8559";"Female";"3. Senior (51+)";"West";72;"Monthly";56.53;0;54.68;1;4070.16
"CUST-8560";"Female";"2. Adult (31-50)";"North";44;"Two year";34.87;1;56.45;0;1534.28
"CUST-8561";"Female";"3. Senior (51+)";"East";10;"Two year";61.34;0;57.92;0;613.4
"CUST-8562";"Female";"1. Young Adult (18-30)";"East";6;"Monthly";42.89;0;52.96;0;257.34
"CUST-8563";"Non-binary";"1. Young Adult (18-30)";"South";39;"One year";82.48;0;59.64;0;3216.72
"CUST-8564";"Female";"2. Adult (31-50)";"South";61;"Monthly";20.44;0;33.55;1;1246.84
"CUST-8565";"Non-binary";"3. Senior (51+)";"East";21;"Monthly";111.22;2;55.93;1;2335.62
"CUST-8566";"Male";"3. Senior (51+)";"West";35;"Monthly";74.04;0;56.85;0;2591.4
"CUST-8567";"Male";"2. Adult (31-50)";"West";43;"Monthly";71.62;0;53.15;0;3079.66
"CUST-8568";"Male";"2. Adult (31-50)";"West";67;"Monthly";23.99;0;52.82;0;1607.33
"CUST-8569";"Male";"1. Young Adult (18-30)";"South";52;"Monthly";27.95;0;54.79;1;1453.4
"CUST-8570";"Female";"3. Senior (51+)";"West";49;"One year";36.41;0;54.7;0;1784.09
"CUST-8571";"Male";"3. Senior (51+)";"West";34;"Two year";112.81;3;52.64;0;3835.54
"CUST-8572";"Non-binary";"2. Adult (31-50)";"North";70;"Monthly";119.8;0;40.57;1;8386.0
"CUST-8573";"Male";"3. Senior (51+)";"North";23;"Two year";28.24;0;56.11;1;649.52
"CUST-8574";"Non-binary";"2. Adult (31-50)";"West";72;"Two year";90.53;1;18.93;0;6518.16
"CUST-8575";"Female";"3. Senior (51+)";"North";32;"Two year";111.95;2;51.91;1;3582.4
"CUST-8576";"Female";"3. Senior (51+)";"West";45;"One year";40.06;0;60.35;1;1802.7
"CUST-8577";"Female";"3. Senior (51+)";"South";4;"Monthly";104.36;3;52.7;1;417.44
"CUST-8578";"Female";"3. Senior (51+)";"South";58;"Monthly";100.28;2;60.77;1;5816.24
"CUST-8579";"Non-binary";"2. Adult (31-50)";"East";33;"One year";35.78;0;54.53;1;1180.74
"CUST-8580";"Female";"1. Young Adult (18-30)";"East";52;"Monthly";83.09;0;52.29;1;4320.68
"CUST-8581";"Male";"2. Adult (31-50)";"West";51;"One year";47.21;0;57.9;0;2407.71
"CUST-8582";"Non-binary";"3. Senior (51+)";"West";41;"Monthly";53.6;2;51.63;0;2197.6
"CUST-8583";"Non-binary";"3. Senior (51+)";"South";54;"Monthly";51.89;0;61.4;0;2802.06
"CUST-8584";"Female";"1. Young Adult (18-30)";"West";16;"One year";58.99;0;57.1;0;943.84
"CUST-8585";"Female";"3. Senior (51+)";"South";26;"Monthly";64.68;7;36.53;1;1681.68
"CUST-8586";"Female";"3. Senior (51+)";"North";0;"Monthly";103.98;0;42.74;1;0.0
"CUST-8587";"Non-binary";"3. Senior (51+)";"North";62;"Two year";102.61;0;90.67;0;6361.82
"CUST-8588";"Female";"2. Adult (31-50)";"North";12;"One year";119.63;0;87.75;0;1435.56
"CUST-8589";"Male";"3. Senior (51+)";"West";26;"Two year";93.85;0;66.3;0;2440.1
"CUST-8590";"Female";"3. Senior (51+)";"North";72;"Monthly";24.56;1;54.68;0;1768.32
"CUST-8591";"Female";"3. Senior (51+)";"South";65;"One year";25.58;0;83.88;0;1662.7
"CUST-8592";"Non-binary";"2. Adult (31-50)";"East";13;"Monthly";66.51;0;56.82;1;864.63
"CUST-8593";"Non-binary";"1. Young Adult (18-30)";"North";49;"One year";70.83;0;54.7;0;3470.67
"CUST-8594";"Female";"2. Adult (31-50)";"North";43;"Monthly";111.96;0;42.92;1;4814.28
"CUST-8595";"Male";"2. Adult (31-50)";"West";53;"One year";65.61;0;55.3;0;3477.33
"CUST-8596";"Male";"3. Senior (51+)";"South";71;"One year";81.62;0;54.72;0;5795.02
"CUST-8597";"Female";"3. Senior (51+)";"South";55;"Two year";85.22;1;51.23;1;4687.1
"CUST-8598";"Male";"1. Young Adult (18-30)";"West";10;"Monthly";67.01;1;63.34;1;670.1
"CUST-8599";"Female";"3. Senior (51+)";"West";63;"Two year";57.82;0;13.64;0;3642.66
"CUST-8600";"Male";"2. Adult (31-50)";"West";70;"Monthly";72.06;1;82.05;0;5044.2
"CUST-8601";"Male";"2. Adult (31-50)";"South";21;"Monthly";31.23;0;55.93;0;655.83
"CUST-8602";"Female";"1. Young Adult (18-30)";"North";51;"Monthly";112.54;3;57.9;1;5739.54
"CUST-8603";"Male";"2. Adult (31-50)";"West";24;"One year";114.56;6;17.76;1;2749.44
"CUST-8604";"Non-binary";"1. Young Adult (18-30)";"West";36;"Monthly";110.27;0;36.32;1;3969.72
"CUST-8605";"Female";"2. Adult (31-50)";"South";61;"Monthly";99.88;0;63.36;0;6092.68
"CUST-8606";"Female";"2. Adult (31-50)";"West";60;"Two year";40.37;0;80.44;0;2422.2
"CUST-8607";"Non-binary";"3. Senior (51+)";"North";11;"One year";63.11;3;53.43;0;694.21
"CUST-8608";"Male";"1. Young Adult (18-30)";"North";5;"One year";84.19;0;39.54;0;420.95
"CUST-8609";"Male";"3. Senior (51+)";"South";54;"Monthly";73.93;0;25.83;1;3992.22
"CUST-8610";"Male";"4. Unkownn/Missing";"South";12;"Two year";28.26;2;54.82;0;339.12
"CUST-8611";"Female";"2. Adult (31-50)";"South";59;"Monthly";90.03;0;39.82;0;5311.77
"CUST-8612";"Non-binary";"2. Adult (31-50)";"North";4;"Monthly";52.74;0;24.4;1;210.96
"CUST-8613";"Non-binary";"1. Young Adult (18-30)";"West";32;"One year";71.27;0;75.37;0;2280.64
"CUST-8614";"Female";"2. Adult (31-50)";"South";5;"One year";98.74;0;48.75;0;493.7
"CUST-8615";"Male";"4. Unkownn/Missing";"West";45;"Monthly";57.89;0;56.4;0;2605.05
"CUST-8616";"Male";"2. Adult (31-50)";"East";23;"One year";50.97;3;56.11;0;1172.31
"CUST-8617";"Female";"2. Adult (31-50)";"West";11;"Two year";28.79;0;29.61;1;316.69
"CUST-8618";"Non-binary";"2. Adult (31-50)";"North";63;"Monthly";85.61;1;51.78;1;5393.43
"CUST-8619";"Female";"2. Adult (31-50)";"West";62;"Two year";75.68;0;41.08;1;4692.16
"CUST-8620";"Male";"1. Young Adult (18-30)";"North";31;"Monthly";60.1;1;66.0;1;1863.1
"CUST-8621";"Male";"2. Adult (31-50)";"North";34;"One year";83.82;1;52.64;0;2849.88
"CUST-8622";"Female";"3. Senior (51+)";"West";53;"Monthly";71.64;0;88.19;0;3796.92
"CUST-8623";"Non-binary";"1. Young Adult (18-30)";"East";49;"Monthly";73.09;10;11.5;1;3581.41
"CUST-8624";"Non-binary";"2. Adult (31-50)";"West";45;"Monthly";41.77;0;67.82;0;1879.65
"CUST-8625";"Male";"1. Young Adult (18-30)";"South";29;"Monthly";116.66;0;25.98;1;3383.14
"CUST-8626";"Non-binary";"2. Adult (31-50)";"East";68;"Monthly";103.94;0;87.53;0;7067.92
"CUST-8627";"Male";"1. Young Adult (18-30)";"South";46;"One year";109.24;2;51.24;0;5025.04
"CUST-8628";"Female";"3. Senior (51+)";"West";54;"One year";115.14;0;74.73;0;6217.56
"CUST-8629";"Female";"3. Senior (51+)";"East";44;"One year";106.46;0;56.45;0;4684.24
"CUST-8630";"Non-binary";"2. Adult (31-50)";"East";61;"Monthly";86.38;0;55.13;1;5269.18
"CUST-8631";"Non-binary";"2. Adult (31-50)";"East";44;"Monthly";26.06;0;56.45;0;1146.64
"CUST-8632";"Female";"3. Senior (51+)";"North";69;"Monthly";49.8;0;57.1;1;3436.2
"CUST-8633";"Female";"1. Young Adult (18-30)";"East";58;"Two year";97.13;0;56.15;0;5633.54
"CUST-8634";"Male";"4. Unkownn/Missing";"North";0;"Monthly";63.42;0;44.44;1;0.0
"CUST-8635";"Non-binary";"3. Senior (51+)";"West";72;"Monthly";105.61;0;54.68;0;7603.92
"CUST-8636";"Male";"3. Senior (51+)";"South";34;"One year";28.86;0;52.64;0;981.24
"CUST-8637";"Female";"2. Adult (31-50)";"West";69;"Two year";33.05;5;37.6;0;2280.45
"CUST-8638";"Female";"4. Unkownn/Missing";"North";68;"Monthly";52.77;0;54.98;1;3588.36
"CUST-8639";"Female";"1. Young Adult (18-30)";"South";8;"Monthly";43.47;0;56.44;1;347.76
"CUST-8640";"Male";"2. Adult (31-50)";"West";56;"One year";76.38;0;93.38;0;4277.28
"CUST-8641";"Non-binary";"3. Senior (51+)";"North";42;"One year";101.57;1;58.5;0;4265.94
"CUST-8642";"Non-binary";"1. Young Adult (18-30)";"West";71;"Monthly";56.11;0;73.59;1;3983.81
"CUST-8643";"Male";"2. Adult (31-50)";"North";23;"One year";70.68;0;79.78;0;1625.64
"CUST-8644";"Non-binary";"3. Senior (51+)";"North";41;"Monthly";31.68;0;51.63;0;1298.88
"CUST-8645";"Non-binary";"3. Senior (51+)";"East";42;"Monthly";115.03;3;40.15;1;4831.26
"CUST-8646";"Non-binary";"1. Young Adult (18-30)";"North";39;"Monthly";109.26;0;49.25;1;4261.14
"CUST-8647";"Male";"2. Adult (31-50)";"West";10;"Monthly";88.94;0;47.69;1;889.4
"CUST-8648";"Female";"1. Young Adult (18-30)";"South";22;"Monthly";28.32;1;36.27;1;623.04
"CUST-8649";"Male";"4. Unkownn/Missing";"South";67;"Two year";102.62;0;52.82;0;6875.54
"CUST-8650";"Female";"1. Young Adult (18-30)";"East";67;"Monthly";94.01;3;62.9;1;6298.67
"CUST-8651";"Male";"3. Senior (51+)";"South";69;"Two year";24.11;0;57.1;0;1663.59
"CUST-8652";"Male";"3. Senior (51+)";"South";68;"Two year";55.45;2;57.81;0;3770.6
"CUST-8653";"Female";"2. Adult (31-50)";"North";69;"Monthly";103.05;0;57.1;0;7110.45
"CUST-8654";"Female";"3. Senior (51+)";"West";60;"Monthly";21.81;0;57.22;1;1308.6
"CUST-8655";"Male";"2. Adult (31-50)";"North";47;"Monthly";67.91;3;43.03;1;3191.77
"CUST-8656";"Male";"2. Adult (31-50)";"East";11;"One year";54.43;0;21.87;0;598.73
"CUST-8657";"Non-binary";"3. Senior (51+)";"North";61;"Two year";89.24;0;58.69;0;5443.64
"CUST-8658";"Male";"2. Adult (31-50)";"West";37;"One year";48.39;2;46.1;0;1790.43
"CUST-8659";"Female";"3. Senior (51+)";"North";40;"One year";98.89;0;34.18;0;3955.6
"CUST-8660";"Male";"2. Adult (31-50)";"South";70;"One year";101.38;0;58.23;0;7096.6
"CUST-8661";"Female";"1. Young Adult (18-30)";"West";14;"One year";111.6;0;50.47;0;1562.4
"CUST-8662";"Non-binary";"3. Senior (51+)";"East";26;"Two year";92.2;1;94.32;0;2397.2
"CUST-8663";"Male";"1. Young Adult (18-30)";"South";51;"One year";76.84;0;35.33;0;3918.84
"CUST-8664";"Non-binary";"3. Senior (51+)";"West";42;"One year";71.53;2;67.61;0;3004.26
"CUST-8665";"Male";"3. Senior (51+)";"West";14;"One year";93.2;0;54.96;0;1304.8
"CUST-8666";"Female";"3. Senior (51+)";"East";4;"Monthly";51.89;0;43.93;0;207.56
"CUST-8667";"Male";"2. Adult (31-50)";"South";38;"Monthly";81.96;0;53.79;1;3114.48
"CUST-8668";"Female";"1. Young Adult (18-30)";"North";9;"One year";60.56;0;58.05;0;545.04
"CUST-8669";"Male";"3. Senior (51+)";"North";24;"Monthly";116.35;0;61.84;1;2792.4
"CUST-8670";"Male";"2. Adult (31-50)";"North";69;"Monthly";92.53;9;35.5;1;6384.57
"CUST-8671";"Female";"1. Young Adult (18-30)";"West";10;"Monthly";72.81;0;32.44;1;728.1
"CUST-8672";"Male";"4. Unkownn/Missing";"West";23;"Two year";77.31;0;56.11;0;1778.13
"CUST-8673";"Non-binary";"3. Senior (51+)";"South";0;"Monthly";114.32;0;83.63;1;0.0
"CUST-8674";"Non-binary";"3. Senior (51+)";"West";11;"Two year";59.54;3;53.43;0;654.94
"CUST-8675";"Female";"3. Senior (51+)";"South";14;"One year";93.36;0;50.47;0;1307.04
"CUST-8676";"Male";"2. Adult (31-50)";"North";28;"Monthly";55.61;0;49.42;1;1557.08
"CUST-8677";"Female";"3. Senior (51+)";"North";12;"One year";117.58;0;54.82;1;1410.96
"CUST-8678";"Female";"1. Young Adult (18-30)";"West";54;"Monthly";51.14;0;82.76;0;2761.56
"CUST-8679";"Male";"3. Senior (51+)";"South";34;"Monthly";61.91;3;86.32;0;2104.94
"CUST-8680";"Non-binary";"2. Adult (31-50)";"West";72;"Two year";27.75;1;54.68;0;1998.0
"CUST-8681";"Male";"2. Adult (31-50)";"West";0;"One year";102.8;0;27.189999999999998;1;0.0
"CUST-8682";"Non-binary";"2. Adult (31-50)";"North";18;"One year";38.87;0;63.99;1;699.66
"CUST-8683";"Female";"3. Senior (51+)";"South";43;"Monthly";20.35;0;49.91;1;875.05
"CUST-8684";"Female";"3. Senior (51+)";"East";53;"Two year";61.45;3;55.3;0;3256.85
"CUST-8685";"Male";"3. Senior (51+)";"South";38;"Monthly";29.31;1;66.0;1;1113.78
"CUST-8686";"Male";"1. Young Adult (18-30)";"South";25;"One year";27.76;3;58.89;0;694.0
"CUST-8687";"Female";"2. Adult (31-50)";"North";21;"Monthly";45.3;1;55.93;0;951.3
"CUST-8688";"Male";"1. Young Adult (18-30)";"East";46;"Two year";118.62;1;82.87;1;5456.52
"CUST-8689";"Female";"3. Senior (51+)";"North";54;"Monthly";85.07;1;77.99;0;4593.78
"CUST-8690";"Male";"3. Senior (51+)";"North";25;"Monthly";47.39;0;96.22;1;1184.75
"CUST-8691";"Female";"1. Young Adult (18-30)";"North";9;"Monthly";101.58;1;58.05;1;914.22
"CUST-8692";"Male";"2. Adult (31-50)";"South";23;"One year";85.11;0;86.33;0;1957.53
"CUST-8693";"Female";"3. Senior (51+)";"North";23;"Monthly";94.09;1;56.11;1;2164.07
"CUST-8694";"Female";"1. Young Adult (18-30)";"South";29;"One year";72.5;3;55.42;0;2102.5
"CUST-8695";"Female";"2. Adult (31-50)";"North";49;"Monthly";92.52;0;12.89;0;4533.48
"CUST-8696";"Female";"2. Adult (31-50)";"South";29;"Monthly";28.4;1;89.31;0;823.6
"CUST-8697";"Male";"3. Senior (51+)";"North";34;"Monthly";119.65;0;52.64;0;4068.1
"CUST-8698";"Female";"2. Adult (31-50)";"East";70;"Monthly";28.41;0;58.23;0;1988.7
"CUST-8699";"Male";"3. Senior (51+)";"North";24;"Monthly";49.27;3;50.66;0;1182.48
"CUST-8700";"Male";"3. Senior (51+)";"South";60;"Monthly";99.04;0;66.52;1;5942.4
"CUST-8701";"Female";"3. Senior (51+)";"North";59;"Monthly";90.35;0;50.64;0;5330.65
"CUST-8702";"Male";"2. Adult (31-50)";"West";33;"Monthly";78.85;5;36.18;1;2602.05
"CUST-8703";"Female";"3. Senior (51+)";"South";1;"One year";74.42;1;55.849999999999994;0;74.42
"CUST-8704";"Male";"2. Adult (31-50)";"West";33;"Monthly";104.98;3;54.53;0;3464.34
"CUST-8705";"Male";"2. Adult (31-50)";"East";45;"One year";46.63;2;56.4;0;2098.35
"CUST-8706";"Female";"3. Senior (51+)";"North";63;"Monthly";118.9;0;46.32;0;7490.7
"CUST-8707";"Male";"3. Senior (51+)";"North";13;"Monthly";22.71;0;68.63;1;295.23
"CUST-8708";"Male";"3. Senior (51+)";"South";48;"Two year";82.15;0;82.51;0;3943.2
"CUST-8709";"Male";"3. Senior (51+)";"West";56;"Monthly";76.16;0;63.17;1;4264.96
"CUST-8710";"Non-binary";"1. Young Adult (18-30)";"South";33;"Monthly";26.1;7;12.15;1;861.3
"CUST-8711";"Non-binary";"3. Senior (51+)";"West";4;"Monthly";41.03;3;43.31;1;164.12
"CUST-8712";"Female";"3. Senior (51+)";"South";33;"Monthly";119.01;2;54.53;1;3927.33
"CUST-8713";"Female";"2. Adult (31-50)";"East";16;"Two year";97.12;2;57.1;1;1553.92
"CUST-8714";"Male";"2. Adult (31-50)";"North";55;"Two year";42.19;7;27.61;0;2320.45
"CUST-8715";"Female";"1. Young Adult (18-30)";"South";44;"Monthly";60.42;1;64.44;0;2658.48
"CUST-8716";"Non-binary";"2. Adult (31-50)";"East";55;"One year";96.56;2;56.08;0;5310.8
"CUST-8717";"Female";"3. Senior (51+)";"North";35;"Monthly";114.35;0;85.38;1;4002.25
"CUST-8718";"Non-binary";"3. Senior (51+)";"West";38;"One year";109.06;2;53.79;0;4144.28
"CUST-8719";"Female";"2. Adult (31-50)";"North";27;"One year";32.63;0;49.9;0;881.01
"CUST-8720";"Non-binary";"3. Senior (51+)";"East";40;"Monthly";36.36;0;54.99;1;1454.4
"CUST-8721";"Male";"3. Senior (51+)";"North";48;"One year";41.14;1;59.96;0;1974.72
"CUST-8722";"Female";"3. Senior (51+)";"North";54;"One year";80.74;0;84.59;0;4359.96
"CUST-8723";"Male";"3. Senior (51+)";"North";24;"One year";59.13;1;50.66;0;1419.12
"CUST-8724";"Non-binary";"2. Adult (31-50)";"North";29;"One year";62.99;2;31.02;1;1826.71
"CUST-8725";"Non-binary";"3. Senior (51+)";"North";4;"Monthly";23.92;5;38.25;1;95.68
"CUST-8726";"Male";"1. Young Adult (18-30)";"West";16;"Monthly";68.84;1;24.62;1;1101.44
"CUST-8727";"Female";"3. Senior (51+)";"South";20;"Two year";57.43;3;53.01;0;1148.6
"CUST-8728";"Non-binary";"3. Senior (51+)";"South";1;"Two year";23.53;1;43.21;0;23.53
"CUST-8729";"Male";"1. Young Adult (18-30)";"South";51;"One year";87.28;3;57.9;0;4451.28
"CUST-8730";"Male";"1. Young Adult (18-30)";"West";58;"Monthly";53.75;3;56.15;1;3117.5
"CUST-8731";"Non-binary";"3. Senior (51+)";"North";29;"Monthly";47.25;0;55.42;1;1370.25
"CUST-8732";"Female";"1. Young Adult (18-30)";"West";68;"Two year";92.14;0;57.81;0;6265.52
"CUST-8733";"Non-binary";"2. Adult (31-50)";"North";55;"One year";34.95;0;68.1;0;1922.25
"CUST-8734";"Non-binary";"2. Adult (31-50)";"South";26;"Monthly";49.84;2;61.62;0;1295.84
"CUST-8735";"Female";"2. Adult (31-50)";"North";34;"Two year";44.76;0;52.64;0;1521.84
"CUST-8736";"Male";"3. Senior (51+)";"East";36;"Monthly";41.51;10;31.58;1;1494.36
"CUST-8737";"Female";"2. Adult (31-50)";"West";61;"One year";92.27;3;55.13;0;5628.47
"CUST-8738";"Male";"3. Senior (51+)";"West";63;"One year";100.26;0;54.89;0;6316.38
"CUST-8739";"Female";"1. Young Adult (18-30)";"North";67;"Monthly";51.5;0;52.82;0;3450.5
"CUST-8740";"Female";"3. Senior (51+)";"East";49;"One year";73.49;0;65.72;0;3601.01
"CUST-8741";"Female";"3. Senior (51+)";"South";53;"Monthly";109.72;0;55.3;1;5815.16
"CUST-8742";"Non-binary";"3. Senior (51+)";"East";13;"Monthly";110.3;0;70.0;1;1433.9
"CUST-8743";"Male";"3. Senior (51+)";"South";52;"One year";47.41;3;54.79;0;2465.32
"CUST-8744";"Male";"3. Senior (51+)";"West";29;"Monthly";91.3;3;71.41;0;2647.7
"CUST-8745";"Male";"3. Senior (51+)";"North";15;"Monthly";58.67;5;27.75;1;880.05
"CUST-8746";"Female";"3. Senior (51+)";"West";27;"Two year";32.4;5;24.73;0;874.8
"CUST-8747";"Male";"3. Senior (51+)";"West";68;"Monthly";116.21;3;99.34;0;7902.28
"CUST-8748";"Male";"2. Adult (31-50)";"East";3;"One year";40.48;0;42.33;0;121.44
"CUST-8749";"Female";"1. Young Adult (18-30)";"West";39;"Monthly";118.73;0;59.64;1;4630.47
"CUST-8750";"Male";"3. Senior (51+)";"South";59;"Two year";37.57;0;19.6;1;2216.63
"CUST-8751";"Male";"2. Adult (31-50)";"West";1;"Two year";43.66;1;43.21;0;43.66
"CUST-8752";"Male";"3. Senior (51+)";"West";60;"Monthly";95.05;0;57.22;1;5703.0
"CUST-8753";"Male";"2. Adult (31-50)";"East";14;"One year";22.76;0;50.47;0;318.64
"CUST-8754";"Female";"3. Senior (51+)";"South";21;"One year";39.87;0;60.41;0;837.27
"CUST-8755";"Non-binary";"2. Adult (31-50)";"West";68;"One year";27.84;0;57.81;0;1893.12
"CUST-8756";"Non-binary";"3. Senior (51+)";"North";49;"Two year";27.35;2;98.49;0;1340.15
"CUST-8757";"Male";"2. Adult (31-50)";"East";26;"One year";52.78;0;97.88;1;1372.28
"CUST-8758";"Female";"3. Senior (51+)";"West";12;"Monthly";61.5;0;54.82;1;738.0
"CUST-8759";"Male";"4. Unkownn/Missing";"North";59;"Monthly";98.1;0;50.64;1;5787.9
"CUST-8760";"Male";"3. Senior (51+)";"North";11;"One year";47.51;0;53.43;0;522.61
"CUST-8761";"Female";"2. Adult (31-50)";"West";21;"Monthly";113.14;0;55.93;1;2375.94
"CUST-8762";"Female";"2. Adult (31-50)";"South";22;"Two year";82.76;0;74.44;0;1820.72
"CUST-8763";"Female";"1. Young Adult (18-30)";"West";12;"One year";39.79;0;88.44;0;477.48
"CUST-8764";"Female";"2. Adult (31-50)";"West";4;"One year";112.15;0;43.31;0;448.6
"CUST-8765";"Non-binary";"3. Senior (51+)";"West";30;"Monthly";45.71;0;15.49;0;1371.3
"CUST-8766";"Male";"3. Senior (51+)";"West";43;"Monthly";31.11;3;59.39;1;1337.73
"CUST-8767";"Female";"1. Young Adult (18-30)";"West";33;"Monthly";39.66;3;54.53;1;1308.78
"CUST-8768";"Male";"4. Unkownn/Missing";"West";66;"Monthly";87.43;0;54.86;0;5770.38
"CUST-8769";"Male";"1. Young Adult (18-30)";"South";17;"Monthly";116.82;3;72.75;1;1985.94
"CUST-8770";"Male";"3. Senior (51+)";"North";60;"One year";119.5;0;57.22;0;7170.0
"CUST-8771";"Male";"1. Young Adult (18-30)";"East";29;"Monthly";84.18;3;73.34;1;2441.22
"CUST-8772";"Non-binary";"3. Senior (51+)";"South";70;"One year";80.24;2;69.82;0;5616.8
"CUST-8773";"Non-binary";"3. Senior (51+)";"South";10;"One year";61.64;0;47.69;0;616.4
"CUST-8774";"Female";"3. Senior (51+)";"West";29;"One year";50.03;0;68.79;0;1450.87
"CUST-8775";"Non-binary";"3. Senior (51+)";"North";58;"Monthly";75.92;0;13.79;1;4403.36
"CUST-8776";"Non-binary";"3. Senior (51+)";"North";55;"Monthly";83.16;0;25.91;1;4573.8
"CUST-8777";"Male";"3. Senior (51+)";"East";59;"Monthly";50.78;0;50.64;1;2996.02
"CUST-8778";"Male";"2. Adult (31-50)";"North";55;"Monthly";101.18;0;56.08;0;5564.9
"CUST-8779";"Female";"1. Young Adult (18-30)";"West";14;"Monthly";58.6;0;35.32;0;820.4
"CUST-8780";"Male";"3. Senior (51+)";"West";22;"One year";114.11;0;58.01;0;2510.42
"CUST-8781";"Male";"3. Senior (51+)";"South";20;"One year";64.05;0;53.01;0;1281.0
"CUST-8782";"Male";"3. Senior (51+)";"North";35;"One year";102.3;3;40.16;0;3580.5
"CUST-8783";"Male";"1. Young Adult (18-30)";"South";4;"Monthly";55.43;2;43.31;1;221.72
"CUST-8784";"Male";"3. Senior (51+)";"West";59;"Monthly";93.03;0;49.49;0;5488.77
"CUST-8785";"Female";"4. Unkownn/Missing";"West";47;"One year";57.75;0;10.67;0;2714.25
"CUST-8786";"Male";"1. Young Adult (18-30)";"North";40;"Monthly";76.79;3;65.5;1;3071.6
"CUST-8787";"Non-binary";"3. Senior (51+)";"North";24;"Two year";74.04;0;50.66;1;1776.96
"CUST-8788";"Female";"2. Adult (31-50)";"West";64;"Two year";55.84;0;81.03;0;3573.76
"CUST-8789";"Non-binary";"2. Adult (31-50)";"North";27;"One year";67.12;2;49.9;0;1812.24
"CUST-8790";"Female";"3. Senior (51+)";"West";66;"Monthly";97.46;3;47.2;1;6432.36
"CUST-8791";"Female";"3. Senior (51+)";"South";65;"One year";77.6;0;55.95;0;5044.0
"CUST-8792";"Non-binary";"2. Adult (31-50)";"North";0;"Monthly";70.65;0;8.09;0;0.0
"CUST-8793";"Male";"3. Senior (51+)";"West";46;"Monthly";106.39;0;51.24;0;4893.94
"CUST-8794";"Male";"2. Adult (31-50)";"West";60;"One year";95.38;3;57.22;0;5722.8
"CUST-8795";"Non-binary";"2. Adult (31-50)";"East";69;"Monthly";82.35;0;22.78;0;5682.15
"CUST-8796";"Male";"2. Adult (31-50)";"South";64;"Monthly";36.47;3;49.79;1;2334.08
"CUST-8797";"Male";"3. Senior (51+)";"South";31;"One year";49.97;2;43.13;0;1549.07
"CUST-8798";"Female";"3. Senior (51+)";"North";12;"One year";116.67;7;32.82;0;1400.04
"CUST-8799";"Male";"3. Senior (51+)";"South";10;"Monthly";24.09;3;47.69;1;240.9
"CUST-8800";"Male";"3. Senior (51+)";"South";6;"Monthly";55.26;1;94.45;1;331.56
"CUST-8801";"Female";"3. Senior (51+)";"South";42;"One year";114.18;0;30.84;1;4795.56
"CUST-8802";"Male";"3. Senior (51+)";"West";39;"Monthly";67.79;0;57.52;1;2643.81
"CUST-8803";"Male";"3. Senior (51+)";"North";15;"One year";65.26;0;47.6;0;978.9
"CUST-8804";"Non-binary";"1. Young Adult (18-30)";"South";68;"Two year";98.02;0;70.26;0;6665.36
"CUST-8805";"Female";"3. Senior (51+)";"East";40;"One year";67.88;0;54.99;0;2715.2
"CUST-8806";"Non-binary";"2. Adult (31-50)";"West";64;"Monthly";92.95;2;49.79;0;5948.8
"CUST-8807";"Male";"3. Senior (51+)";"North";60;"One year";84.95;0;57.22;0;5097.0
"CUST-8808";"Female";"1. Young Adult (18-30)";"East";43;"Two year";41.56;0;57.51;0;1787.08
"CUST-8809";"Male";"2. Adult (31-50)";"East";52;"Two year";77.8;0;59.66;1;4045.6
"CUST-8810";"Male";"3. Senior (51+)";"East";71;"Monthly";77.17;0;54.98;1;5479.07
"CUST-8811";"Non-binary";"3. Senior (51+)";"West";60;"One year";106.73;0;57.22;0;6403.8
"CUST-8812";"Male";"4. Unkownn/Missing";"West";38;"Monthly";75.93;0;53.79;1;2885.34
"CUST-8813";"Female";"1. Young Adult (18-30)";"West";44;"Two year";43.94;0;84.09;0;1933.36
"CUST-8814";"Male";"3. Senior (51+)";"West";66;"Monthly";66.28;0;88.11;0;4374.48
"CUST-8815";"Female";"4. Unkownn/Missing";"West";14;"Two year";34.81;0;26.24;1;487.34
"CUST-8816";"Female";"3. Senior (51+)";"South";44;"One year";113.4;0;77.79;0;4989.6
"CUST-8817";"Female";"1. Young Adult (18-30)";"South";16;"Monthly";63.37;0;33.73;1;1013.92
"CUST-8818";"Female";"1. Young Adult (18-30)";"North";13;"Monthly";113.52;4;36.68;0;1475.76
"CUST-8819";"Female";"3. Senior (51+)";"West";62;"Two year";96.5;0;52.93;0;5983.0
"CUST-8820";"Female";"3. Senior (51+)";"North";0;"Two year";21.77;0;44.44;0;0.0
"CUST-8821";"Male";"3. Senior (51+)";"West";45;"Monthly";73.2;2;25.64;1;3294.0
"CUST-8822";"Male";"2. Adult (31-50)";"West";5;"One year";116.96;0;53.72;1;584.8
"CUST-8823";"Non-binary";"3. Senior (51+)";"East";8;"Monthly";114.27;0;56.44;0;914.16
"CUST-8824";"Male";"4. Unkownn/Missing";"South";67;"Monthly";78.19;0;22.08;0;5238.73
"CUST-8825";"Non-binary";"3. Senior (51+)";"North";11;"One year";41.89;0;94.96;0;460.79
"CUST-8826";"Female";"1. Young Adult (18-30)";"West";70;"Monthly";85.48;0;24.99;1;5983.6
"CUST-8827";"Non-binary";"3. Senior (51+)";"North";8;"Monthly";54.36;3;56.44;1;434.88
"CUST-8828";"Male";"3. Senior (51+)";"West";56;"Monthly";110.39;0;87.23;1;6181.84
"CUST-8829";"Female";"2. Adult (31-50)";"West";65;"One year";56.37;0;39.65;0;3664.05
"CUST-8830";"Male";"3. Senior (51+)";"North";1;"Monthly";89.79;1;22.049999999999997;1;89.79
"CUST-8831";"Female";"3. Senior (51+)";"West";40;"One year";68.32;1;54.99;0;2732.8
"CUST-8832";"Female";"4. Unkownn/Missing";"South";3;"One year";67.05;1;42.33;0;201.15
"CUST-8833";"Female";"2. Adult (31-50)";"West";55;"Two year";38.55;0;56.08;0;2120.25
"CUST-8834";"Female";"2. Adult (31-50)";"East";53;"Monthly";96.18;0;55.3;0;5097.54
"CUST-8835";"Non-binary";"2. Adult (31-50)";"North";62;"One year";56.35;2;51.23;0;3493.7
"CUST-8836";"Female";"1. Young Adult (18-30)";"South";31;"One year";40.97;0;84.3;0;1270.07
"CUST-8837";"Male";"3. Senior (51+)";"West";7;"One year";76.82;0;59.79;1;537.74
"CUST-8838";"Male";"2. Adult (31-50)";"North";59;"One year";25.5;0;50.64;0;1504.5
"CUST-8839";"Male";"1. Young Adult (18-30)";"North";53;"Two year";78.77;2;55.3;0;4174.81
"CUST-8840";"Female";"4. Unkownn/Missing";"South";56;"Monthly";105.21;0;35.43;1;5891.76
"CUST-8841";"Male";"3. Senior (51+)";"West";53;"Two year";81.09;0;81.98;0;4297.77
"CUST-8842";"Female";"3. Senior (51+)";"South";50;"Monthly";34.93;1;54.57;0;1746.5
"CUST-8843";"Female";"2. Adult (31-50)";"North";25;"Monthly";32.78;0;57.71;0;819.5
"CUST-8844";"Male";"1. Young Adult (18-30)";"East";21;"Monthly";53.82;0;46.66;0;1130.22
"CUST-8845";"Non-binary";"3. Senior (51+)";"North";49;"Monthly";49.46;0;87.59;0;2423.54
"CUST-8846";"Male";"2. Adult (31-50)";"East";4;"One year";85.08;0;25.090000000000003;0;340.32
"CUST-8847";"Male";"3. Senior (51+)";"West";57;"Monthly";119.46;0;63.93;0;6809.22
"CUST-8848";"Female";"3. Senior (51+)";"South";13;"Two year";49.01;0;43.39;0;637.13
"CUST-8849";"Male";"3. Senior (51+)";"South";49;"Monthly";82.7;1;85.47;0;4052.3
"CUST-8850";"Female";"2. Adult (31-50)";"East";21;"Two year";62.44;0;81.77;0;1311.24
"CUST-8851";"Male";"3. Senior (51+)";"West";34;"One year";89.06;0;17.91;0;3028.04
"CUST-8852";"Female";"2. Adult (31-50)";"South";18;"Monthly";61.55;0;51.92;0;1107.9
"CUST-8853";"Non-binary";"4. Unkownn/Missing";"East";68;"Two year";82.55;6;14.62;1;5613.4
"CUST-8854";"Female";"1. Young Adult (18-30)";"North";45;"Monthly";45.46;1;56.4;0;2045.7
"CUST-8855";"Male";"1. Young Adult (18-30)";"West";69;"Two year";34.5;0;57.1;0;2380.5
"CUST-8856";"Male";"2. Adult (31-50)";"West";37;"Monthly";60.2;1;11.2;1;2227.4
"CUST-8857";"Male";"2. Adult (31-50)";"East";57;"Monthly";68.44;0;14.74;0;3901.08
"CUST-8858";"Female";"2. Adult (31-50)";"West";63;"Monthly";89.28;0;95.86;0;5624.64
"CUST-8859";"Male";"3. Senior (51+)";"South";65;"One year";110.85;0;55.95;1;7205.25
"CUST-8860";"Non-binary";"1. Young Adult (18-30)";"North";70;"Monthly";45.09;0;96.39;1;3156.3
"CUST-8861";"Female";"2. Adult (31-50)";"North";2;"Monthly";43.76;0;42.67;1;87.52
"CUST-8862";"Female";"3. Senior (51+)";"South";14;"Monthly";100.18;0;85.77;1;1402.52
"CUST-8863";"Non-binary";"1. Young Adult (18-30)";"North";25;"One year";61.48;0;73.46;0;1537.0
"CUST-8864";"Male";"2. Adult (31-50)";"North";72;"One year";32.18;0;41.6;0;2316.96
"CUST-8865";"Female";"1. Young Adult (18-30)";"West";52;"One year";84.29;0;33.95;1;4383.08
"CUST-8866";"Male";"3. Senior (51+)";"West";51;"Monthly";109.54;0;73.31;0;5586.54
"CUST-8867";"Female";"3. Senior (51+)";"West";35;"Monthly";41.08;0;16.27;0;1437.8
"CUST-8868";"Non-binary";"3. Senior (51+)";"North";34;"Monthly";39.55;0;52.64;0;1344.7
"CUST-8869";"Female";"2. Adult (31-50)";"North";15;"Two year";60.11;0;53.77;0;901.65
"CUST-8870";"Male";"2. Adult (31-50)";"South";17;"Monthly";22.17;0;81.76;0;376.89
"CUST-8871";"Male";"2. Adult (31-50)";"West";14;"Monthly";89.56;3;50.47;1;1253.84
"CUST-8872";"Female";"3. Senior (51+)";"South";7;"Two year";73.82;1;59.79;0;516.74
"CUST-8873";"Male";"3. Senior (51+)";"South";45;"Two year";68.47;1;56.4;0;3081.15
"CUST-8874";"Non-binary";"2. Adult (31-50)";"West";21;"Monthly";105.37;2;54.5;1;2212.77
"CUST-8875";"Male";"3. Senior (51+)";"North";6;"One year";58.87;0;74.04;0;353.22
"CUST-8876";"Female";"4. Unkownn/Missing";"West";62;"One year";68.43;3;69.54;0;4242.66
"CUST-8877";"Female";"3. Senior (51+)";"South";50;"Two year";99.61;0;54.57;0;4980.5
"CUST-8878";"Non-binary";"2. Adult (31-50)";"West";34;"Monthly";89.19;9;37.53;1;3032.46
"CUST-8879";"Male";"2. Adult (31-50)";"East";15;"Monthly";102.7;2;53.77;0;1540.5
"CUST-8880";"Male";"2. Adult (31-50)";"East";14;"Monthly";93.36;0;99.72;1;1307.04
"CUST-8881";"Female";"1. Young Adult (18-30)";"East";13;"Monthly";77.73;0;56.82;1;1010.49
"CUST-8882";"Female";"3. Senior (51+)";"East";15;"Two year";98.28;0;53.77;1;1474.2
"CUST-8883";"Female";"3. Senior (51+)";"West";41;"Monthly";64.19;0;10.47;0;2631.79
"CUST-8884";"Non-binary";"2. Adult (31-50)";"North";26;"One year";61.92;3;61.62;0;1609.92
"CUST-8885";"Female";"2. Adult (31-50)";"North";24;"Monthly";36.68;0;50.66;1;880.32
"CUST-8886";"Female";"1. Young Adult (18-30)";"North";28;"Monthly";98.75;0;53.86;0;2765.0
"CUST-8887";"Female";"2. Adult (31-50)";"North";60;"One year";36.64;0;57.22;0;2198.4
"CUST-8888";"Female";"2. Adult (31-50)";"West";64;"One year";27.82;3;49.79;0;1780.48
"CUST-8889";"Male";"1. Young Adult (18-30)";"North";30;"One year";83.64;2;64.83;0;2509.2
"CUST-8890";"Non-binary";"3. Senior (51+)";"West";8;"Monthly";78.17;0;56.44;1;625.36
"CUST-8891";"Female";"3. Senior (51+)";"North";57;"One year";105.17;2;17.41;0;5994.69
"CUST-8892";"Female";"2. Adult (31-50)";"East";12;"One year";76.01;2;54.82;0;912.12
"CUST-8893";"Male";"4. Unkownn/Missing";"West";72;"One year";74.13;0;54.68;0;5337.36
"CUST-8894";"Non-binary";"3. Senior (51+)";"North";25;"Monthly";38.4;3;57.71;0;960.0
"CUST-8895";"Female";"2. Adult (31-50)";"East";7;"Monthly";112.26;0;59.79;1;785.82
"CUST-8896";"Female";"2. Adult (31-50)";"West";16;"One year";70.14;0;57.1;0;1122.24
"CUST-8897";"Female";"3. Senior (51+)";"North";67;"Monthly";30.57;3;52.82;1;2048.19
"CUST-8898";"Male";"2. Adult (31-50)";"East";47;"Two year";32.09;6;31.45;1;1508.23
"CUST-8899";"Male";"3. Senior (51+)";"East";13;"Two year";56.78;0;52.84;0;738.14
"CUST-8900";"Female";"3. Senior (51+)";"North";31;"Two year";109.57;1;51.61;0;3396.67
"CUST-8901";"Non-binary";"3. Senior (51+)";"South";28;"Monthly";75.77;1;53.86;1;2121.56
"CUST-8902";"Male";"3. Senior (51+)";"West";52;"One year";21.09;1;54.79;0;1096.68
"CUST-8903";"Female";"3. Senior (51+)";"West";51;"One year";89.36;3;57.9;0;4557.36
"CUST-8904";"Male";"3. Senior (51+)";"South";15;"One year";72.46;0;53.77;1;1086.9
"CUST-8905";"Male";"3. Senior (51+)";"North";17;"Two year";24.44;2;56.0;0;415.48
"CUST-8906";"Female";"4. Unkownn/Missing";"North";27;"One year";33.7;2;49.9;0;909.9
"CUST-8907";"Non-binary";"3. Senior (51+)";"South";69;"One year";48.95;0;57.1;0;3377.55
"CUST-8908";"Female";"3. Senior (51+)";"East";66;"Two year";84.22;0;86.09;0;5558.52
"CUST-8909";"Male";"3. Senior (51+)";"South";68;"Monthly";102.61;2;57.81;1;6977.48
"CUST-8910";"Non-binary";"3. Senior (51+)";"South";17;"One year";101.62;0;29.39;0;1727.54
"CUST-8911";"Male";"3. Senior (51+)";"North";49;"Monthly";113.27;0;54.7;1;5550.23
"CUST-8912";"Non-binary";"2. Adult (31-50)";"West";59;"One year";65.77;0;50.64;0;3880.43
"CUST-8913";"Non-binary";"1. Young Adult (18-30)";"East";8;"One year";88.56;3;25.66;0;708.48
"CUST-8914";"Non-binary";"2. Adult (31-50)";"North";61;"Monthly";29.49;0;66.27;1;1798.89
"CUST-8915";"Female";"1. Young Adult (18-30)";"South";31;"One year";37.46;0;48.08;0;1161.26
"CUST-8916";"Non-binary";"3. Senior (51+)";"North";12;"Monthly";101.1;0;54.82;1;1213.2
"CUST-8917";"Male";"2. Adult (31-50)";"West";51;"One year";110.52;2;57.9;0;5636.52
"CUST-8918";"Male";"3. Senior (51+)";"North";38;"One year";80.99;1;53.79;0;3077.62
"CUST-8919";"Female";"2. Adult (31-50)";"West";52;"Monthly";74.57;0;82.47;1;3877.64
"CUST-8920";"Male";"3. Senior (51+)";"East";7;"One year";86.37;0;74.83;1;604.59
"CUST-8921";"Non-binary";"1. Young Adult (18-30)";"North";29;"One year";55.42;0;55.42;0;1607.18
"CUST-8922";"Non-binary";"3. Senior (51+)";"West";72;"Two year";119.25;1;54.68;0;8586.0
"CUST-8923";"Male";"2. Adult (31-50)";"West";60;"One year";114.26;0;57.22;0;6855.6
"CUST-8924";"Male";"2. Adult (31-50)";"North";68;"Monthly";107.05;0;49.8;0;7279.4
"CUST-8925";"Female";"2. Adult (31-50)";"West";46;"One year";94.9;0;11.09;1;4365.4
"CUST-8926";"Non-binary";"2. Adult (31-50)";"South";50;"Monthly";52.59;0;35.37;0;2629.5
"CUST-8927";"Male";"3. Senior (51+)";"South";21;"One year";46.2;0;55.93;0;970.2
"CUST-8928";"Male";"3. Senior (51+)";"North";0;"Monthly";83.27;3;44.44;0;0.0
"CUST-8929";"Male";"1. Young Adult (18-30)";"South";26;"Monthly";84.79;0;61.62;1;2204.54
"CUST-8930";"Female";"4. Unkownn/Missing";"South";47;"Monthly";74.78;2;52.58;0;3514.66
"CUST-8931";"Female";"3. Senior (51+)";"East";30;"Monthly";75.17;1;57.44;1;2255.1
"CUST-8932";"Male";"2. Adult (31-50)";"South";58;"One year";61.93;3;56.15;0;3591.94
"CUST-8933";"Female";"2. Adult (31-50)";"West";41;"Two year";85.06;0;51.63;1;3487.46
"CUST-8934";"Male";"2. Adult (31-50)";"North";33;"Monthly";101.09;0;54.53;0;3335.97
"CUST-8935";"Male";"3. Senior (51+)";"South";0;"Monthly";44.04;0;31.04;1;0.0
"CUST-8936";"Male";"1. Young Adult (18-30)";"North";62;"Monthly";86.95;5;14.93;1;5390.9
"CUST-8937";"Non-binary";"2. Adult (31-50)";"South";2;"Monthly";41.09;0;42.67;0;82.18
"CUST-8938";"Female";"1. Young Adult (18-30)";"West";20;"One year";78.6;0;53.01;0;1572.0
"CUST-8939";"Female";"1. Young Adult (18-30)";"North";39;"Monthly";90.58;0;99.26;0;3532.62
"CUST-8940";"Male";"2. Adult (31-50)";"East";6;"Two year";102.53;0;81.04;0;615.18
"CUST-8941";"Male";"3. Senior (51+)";"North";10;"One year";102.89;0;41.84;0;1028.9
"CUST-8942";"Male";"3. Senior (51+)";"North";12;"Monthly";71.23;0;84.98;0;854.76
"CUST-8943";"Female";"3. Senior (51+)";"North";8;"Two year";38.36;1;71.19;0;306.88
"CUST-8944";"Female";"2. Adult (31-50)";"North";58;"Two year";88.42;0;56.15;1;5128.36
"CUST-8945";"Female";"4. Unkownn/Missing";"North";69;"One year";83.38;0;76.03;0;5753.22
"CUST-8946";"Male";"1. Young Adult (18-30)";"West";51;"Monthly";87.39;0;83.59;0;4456.89
"CUST-8947";"Female";"3. Senior (51+)";"South";24;"Monthly";84.4;3;50.66;1;2025.6
"CUST-8948";"Female";"2. Adult (31-50)";"South";31;"Two year";88.35;0;59.88;0;2738.85
"CUST-8949";"Female";"1. Young Adult (18-30)";"South";24;"One year";34.78;3;48.7;0;834.72
"CUST-8950";"Male";"3. Senior (51+)";"North";71;"Monthly";21.26;1;54.72;0;1509.46
"CUST-8951";"Female";"3. Senior (51+)";"East";9;"Monthly";29.15;3;58.05;1;262.35
"CUST-8952";"Female";"1. Young Adult (18-30)";"South";66;"Monthly";46.17;0;54.86;1;3047.22
"CUST-8953";"Male";"2. Adult (31-50)";"West";61;"One year";47.79;0;20.21;0;2915.19
"CUST-8954";"Non-binary";"2. Adult (31-50)";"West";65;"Monthly";22.37;0;55.95;0;1454.05
"CUST-8955";"Female";"3. Senior (51+)";"West";56;"One year";118.38;0;93.95;0;6629.28
"CUST-8956";"Male";"3. Senior (51+)";"West";12;"Monthly";112.71;0;54.82;1;1352.52
"CUST-8957";"Non-binary";"2. Adult (31-50)";"North";66;"One year";46.66;3;54.86;0;3079.56
"CUST-8958";"Non-binary";"3. Senior (51+)";"South";42;"Monthly";111.82;0;16.43;0;4696.44
"CUST-8959";"Male";"3. Senior (51+)";"North";56;"One year";107.27;2;63.17;0;6007.12
"CUST-8960";"Female";"2. Adult (31-50)";"North";21;"Monthly";108.29;0;55.93;0;2274.09
"CUST-8961";"Female";"3. Senior (51+)";"South";37;"Two year";62.4;3;54.96;0;2308.8
"CUST-8962";"Female";"3. Senior (51+)";"North";41;"One year";85.35;3;40.02;1;3499.35
"CUST-8963";"Female";"3. Senior (51+)";"West";40;"Monthly";104.84;0;54.99;1;4193.6
"CUST-8964";"Female";"1. Young Adult (18-30)";"South";49;"Monthly";48.41;2;83.93;0;2372.09
"CUST-8965";"Male";"3. Senior (51+)";"South";61;"One year";114.54;0;55.13;0;6986.94
"CUST-8966";"Male";"1. Young Adult (18-30)";"West";28;"One year";86.33;2;53.86;0;2417.24
"CUST-8967";"Male";"2. Adult (31-50)";"West";10;"One year";114.82;2;55.01;0;1148.2
"CUST-8968";"Male";"2. Adult (31-50)";"East";22;"Monthly";101.96;0;64.65;1;2243.12
"CUST-8969";"Male";"2. Adult (31-50)";"West";69;"Monthly";82.52;0;57.1;0;5693.88
"CUST-8970";"Male";"1. Young Adult (18-30)";"South";48;"Monthly";85.05;0;43.08;1;4082.4
"CUST-8971";"Female";"3. Senior (51+)";"East";52;"One year";92.33;1;54.79;0;4801.16
"CUST-8972";"Female";"1. Young Adult (18-30)";"North";31;"Monthly";93.65;0;55.12;1;2903.15
"CUST-8973";"Female";"2. Adult (31-50)";"West";36;"Monthly";83.68;0;30.41;1;3012.48
"CUST-8974";"Male";"2. Adult (31-50)";"South";18;"Two year";56.79;2;70.94;0;1022.22
"CUST-8975";"Male";"1. Young Adult (18-30)";"North";66;"Monthly";79.6;3;54.86;0;5253.6
"CUST-8976";"Female";"2. Adult (31-50)";"East";8;"Two year";50.39;0;56.44;1;403.12
"CUST-8977";"Female";"3. Senior (51+)";"West";21;"Two year";42.2;0;55.93;0;886.2
"CUST-8978";"Female";"3. Senior (51+)";"West";7;"One year";35.4;0;59.79;0;247.8
"CUST-8979";"Male";"2. Adult (31-50)";"North";56;"Two year";51.96;0;56.38;0;2909.76
"CUST-8980";"Female";"3. Senior (51+)";"East";35;"Monthly";24.47;0;79.66;0;856.45
"CUST-8981";"Female";"3. Senior (51+)";"East";45;"One year";60.4;0;56.4;0;2718.0
"CUST-8982";"Non-binary";"1. Young Adult (18-30)";"South";12;"Monthly";36.48;0;54.82;1;437.76
"CUST-8983";"Male";"1. Young Adult (18-30)";"West";58;"Two year";22.72;1;50.21;1;1317.76
"CUST-8984";"Non-binary";"4. Unkownn/Missing";"East";21;"Monthly";96.15;0;75.07;1;2019.15
"CUST-8985";"Non-binary";"3. Senior (51+)";"North";72;"Monthly";93.99;0;15.4;1;6767.28
"CUST-8986";"Female";"1. Young Adult (18-30)";"North";17;"One year";119.38;0;56.0;1;2029.46
"CUST-8987";"Female";"1. Young Adult (18-30)";"West";15;"One year";103.95;3;53.77;0;1559.25
"CUST-8988";"Male";"1. Young Adult (18-30)";"West";52;"Two year";40.45;0;71.28;0;2103.4
"CUST-8989";"Male";"2. Adult (31-50)";"North";52;"One year";37.78;0;54.79;0;1964.56
"CUST-8990";"Female";"3. Senior (51+)";"North";29;"Two year";28.33;0;55.42;0;821.57
"CUST-8991";"Female";"1. Young Adult (18-30)";"South";20;"Two year";87.06;0;53.01;0;1741.2
"CUST-8992";"Female";"4. Unkownn/Missing";"West";64;"Two year";54.12;0;49.79;0;3463.68
"CUST-8993";"Male";"1. Young Adult (18-30)";"North";2;"One year";65.78;3;45.41;0;131.56
"CUST-8994";"Female";"3. Senior (51+)";"North";65;"One year";35.35;0;55.95;0;2297.75
"CUST-8995";"Male";"3. Senior (51+)";"North";45;"Two year";94.05;1;75.62;0;4232.25
"CUST-8996";"Male";"3. Senior (51+)";"West";35;"One year";92.9;0;11.35;0;3251.5
"CUST-8997";"Female";"2. Adult (31-50)";"East";59;"Monthly";50.19;3;50.64;1;2961.21
"CUST-8998";"Male";"2. Adult (31-50)";"North";15;"Monthly";79.19;3;53.77;1;1187.85
"CUST-8999";"Female";"3. Senior (51+)";"East";48;"Monthly";108.74;1;31.06;1;5219.52
"CUST-9000";"Male";"2. Adult (31-50)";"East";60;"Monthly";22.46;1;57.22;1;1347.6
"CUST-9001";"Male";"2. Adult (31-50)";"West";31;"Monthly";94.34;0;51.61;0;2924.54
"CUST-9002";"Male";"2. Adult (31-50)";"North";72;"One year";61.37;3;46.47;0;4418.64
"CUST-9003";"Non-binary";"3. Senior (51+)";"South";24;"Monthly";75.59;3;50.66;1;1814.16
"CUST-9004";"Male";"1. Young Adult (18-30)";"North";24;"Monthly";42.92;2;66.94;0;1030.08
"CUST-9005";"Male";"1. Young Adult (18-30)";"West";66;"One year";23.62;1;54.86;0;1558.92
"CUST-9006";"Female";"1. Young Adult (18-30)";"West";42;"Monthly";68.5;0;58.5;1;2877.0
"CUST-9007";"Female";"3. Senior (51+)";"North";14;"Monthly";68.57;1;54.72;0;959.98
"CUST-9008";"Male";"3. Senior (51+)";"West";46;"One year";31.5;0;51.24;0;1449.0
"CUST-9009";"Female";"2. Adult (31-50)";"West";0;"One year";58.98;0;0.0;1;0.0
"CUST-9010";"Male";"3. Senior (51+)";"West";6;"Two year";46.87;0;55.04;0;281.22
"CUST-9011";"Male";"3. Senior (51+)";"North";18;"One year";26.44;3;16.51;1;475.92
"CUST-9012";"Male";"3. Senior (51+)";"North";0;"Monthly";39.39;3;44.44;1;0.0
"CUST-9013";"Male";"3. Senior (51+)";"North";27;"Two year";27.2;3;91.83;0;734.4
"CUST-9014";"Female";"2. Adult (31-50)";"West";6;"Monthly";62.91;9;16.79;0;377.46
"CUST-9015";"Male";"2. Adult (31-50)";"West";60;"Monthly";33.63;0;42.38;1;2017.8
"CUST-9016";"Female";"2. Adult (31-50)";"North";4;"One year";109.95;0;43.31;0;439.8
"CUST-9017";"Male";"3. Senior (51+)";"West";69;"Two year";83.93;1;57.1;0;5791.17
"CUST-9018";"Non-binary";"3. Senior (51+)";"South";61;"One year";76.31;0;55.13;0;4654.91
"CUST-9019";"Male";"3. Senior (51+)";"West";36;"Monthly";99.05;0;49.15;1;3565.8
"CUST-9020";"Male";"2. Adult (31-50)";"North";18;"Two year";76.95;2;79.46;0;1385.1
"CUST-9021";"Male";"2. Adult (31-50)";"West";59;"Monthly";63.6;0;50.64;0;3752.4
"CUST-9022";"Female";"1. Young Adult (18-30)";"North";58;"Monthly";81.94;3;56.15;0;4752.52
"CUST-9023";"Female";"2. Adult (31-50)";"North";31;"One year";118.42;2;55.31;0;3671.02
"CUST-9024";"Female";"3. Senior (51+)";"North";50;"Monthly";102.18;0;22.6;1;5109.0
"CUST-9025";"Male";"2. Adult (31-50)";"North";43;"One year";56.28;0;53.15;0;2420.04
"CUST-9026";"Non-binary";"4. Unkownn/Missing";"North";1;"Monthly";97.04;3;43.21;1;97.04
"CUST-9027";"Male";"1. Young Adult (18-30)";"North";42;"Monthly";55.01;3;58.5;1;2310.42
"CUST-9028";"Male";"3. Senior (51+)";"West";46;"Monthly";35.23;1;51.24;1;1620.58
"CUST-9029";"Female";"1. Young Adult (18-30)";"South";19;"Monthly";25.86;2;55.11;0;491.34
"CUST-9030";"Male";"3. Senior (51+)";"South";4;"Monthly";55.84;1;43.31;0;223.36
"CUST-9031";"Female";"1. Young Adult (18-30)";"West";51;"Monthly";93.55;0;57.9;1;4771.05
"CUST-9032";"Female";"3. Senior (51+)";"West";19;"One year";92.32;3;55.11;0;1754.08
"CUST-9033";"Non-binary";"1. Young Adult (18-30)";"West";8;"Monthly";28.44;1;56.44;1;227.52
"CUST-9034";"Female";"1. Young Adult (18-30)";"South";19;"Monthly";112.58;0;88.08;1;2139.02
"CUST-9035";"Female";"3. Senior (51+)";"West";46;"One year";25.86;2;51.24;0;1189.56
"CUST-9036";"Male";"1. Young Adult (18-30)";"North";50;"Monthly";75.25;0;21.04;1;3762.5
"CUST-9037";"Male";"1. Young Adult (18-30)";"West";19;"Monthly";60.88;0;52.5;0;1156.72
"CUST-9038";"Female";"2. Adult (31-50)";"South";27;"One year";51.67;1;49.9;0;1395.09
"CUST-9039";"Female";"4. Unkownn/Missing";"East";32;"Monthly";67.9;10;17.34;1;2172.8
"CUST-9040";"Non-binary";"2. Adult (31-50)";"North";46;"Monthly";39.35;0;51.24;0;1810.1
"CUST-9041";"Male";"1. Young Adult (18-30)";"North";46;"Monthly";103.38;0;51.24;1;4755.48
"CUST-9042";"Female";"3. Senior (51+)";"North";35;"Monthly";28.75;0;35.18;0;1006.25
"CUST-9043";"Male";"2. Adult (31-50)";"North";56;"Two year";60.9;0;45.67;0;3410.4
"CUST-9044";"Female";"3. Senior (51+)";"North";59;"One year";35.14;0;50.64;0;2073.26
"CUST-9045";"Female";"3. Senior (51+)";"South";14;"Monthly";26.49;3;50.47;0;370.86
"CUST-9046";"Female";"3. Senior (51+)";"East";8;"One year";79.29;1;56.44;0;634.32
"CUST-9047";"Male";"3. Senior (51+)";"South";48;"Monthly";40.18;0;75.63;0;1928.64
"CUST-9048";"Female";"2. Adult (31-50)";"East";7;"Monthly";113.4;3;79.46;1;793.8
"CUST-9049";"Female";"3. Senior (51+)";"West";32;"Monthly";85.59;0;51.91;0;2738.88
"CUST-9050";"Male";"2. Adult (31-50)";"West";39;"One year";91.77;0;61.48;0;3579.03
"CUST-9051";"Male";"1. Young Adult (18-30)";"North";44;"Monthly";56.05;2;56.45;0;2466.2
"CUST-9052";"Female";"3. Senior (51+)";"North";34;"Monthly";101.16;0;52.64;1;3439.44
"CUST-9053";"Non-binary";"2. Adult (31-50)";"North";49;"Monthly";68.91;1;54.7;0;3376.59
"CUST-9054";"Non-binary";"1. Young Adult (18-30)";"West";36;"Monthly";57.1;0;39.86;1;2055.6
"CUST-9055";"Female";"1. Young Adult (18-30)";"North";64;"One year";76.09;0;46.92;0;4869.76
"CUST-9056";"Female";"2. Adult (31-50)";"South";0;"Monthly";36.07;3;82.66;1;0.0
"CUST-9057";"Male";"1. Young Adult (18-30)";"North";64;"Monthly";25.15;0;19.34;0;1609.6
"CUST-9058";"Female";"3. Senior (51+)";"South";2;"Two year";101.67;3;42.67;0;203.34
"CUST-9059";"Male";"1. Young Adult (18-30)";"North";29;"Two year";51.02;0;76.82;0;1479.58
"CUST-9060";"Female";"4. Unkownn/Missing";"East";31;"Monthly";89.71;0;51.61;0;2781.01
"CUST-9061";"Male";"3. Senior (51+)";"South";7;"Monthly";48.77;3;59.79;1;341.39
"CUST-9062";"Male";"3. Senior (51+)";"North";39;"One year";86.53;0;59.64;0;3374.67
"CUST-9063";"Male";"2. Adult (31-50)";"East";45;"Monthly";100.34;0;69.25;1;4515.3
"CUST-9064";"Non-binary";"2. Adult (31-50)";"West";66;"Monthly";75.33;1;56.11;1;4971.78
"CUST-9065";"Male";"2. Adult (31-50)";"North";41;"Two year";31.49;2;46.81;0;1291.09
"CUST-9066";"Male";"2. Adult (31-50)";"North";45;"One year";43.23;0;56.4;0;1945.35
"CUST-9067";"Female";"3. Senior (51+)";"West";47;"Monthly";68.51;0;52.58;0;3219.97
"CUST-9068";"Female";"3. Senior (51+)";"South";56;"Monthly";92.74;8;21.76;1;5193.44
"CUST-9069";"Female";"3. Senior (51+)";"South";17;"Monthly";57.89;0;56.0;0;984.13
"CUST-9070";"Female";"3. Senior (51+)";"North";25;"Two year";84.4;0;57.71;0;2110.0
"CUST-9071";"Male";"3. Senior (51+)";"North";38;"Two year";85.71;0;10.31;0;3256.98
"CUST-9072";"Female";"3. Senior (51+)";"West";16;"One year";53.76;0;87.89;0;860.16
"CUST-9073";"Female";"3. Senior (51+)";"South";65;"One year";44.38;0;55.95;0;2884.7
"CUST-9074";"Non-binary";"3. Senior (51+)";"East";56;"One year";34.71;3;63.17;0;1943.76
"CUST-9075";"Female";"2. Adult (31-50)";"East";58;"One year";62.16;1;56.15;0;3605.28
"CUST-9076";"Male";"2. Adult (31-50)";"East";26;"One year";102.99;1;61.62;0;2677.74
"CUST-9077";"Non-binary";"2. Adult (31-50)";"North";2;"Two year";40.32;0;42.67;0;80.64
"CUST-9078";"Male";"2. Adult (31-50)";"East";53;"Monthly";117.33;1;20.28;1;6218.49
"CUST-9079";"Non-binary";"2. Adult (31-50)";"South";36;"Monthly";112.54;3;49.15;1;4051.44
"CUST-9080";"Non-binary";"3. Senior (51+)";"West";13;"Two year";85.7;0;56.82;0;1114.1
"CUST-9081";"Non-binary";"3. Senior (51+)";"South";50;"Monthly";119.28;0;39.69;1;5964.0
"CUST-9082";"Male";"1. Young Adult (18-30)";"North";14;"One year";85.27;0;18.59;1;1193.78
"CUST-9083";"Female";"3. Senior (51+)";"North";12;"One year";105.79;0;16.79;0;1269.48
"CUST-9084";"Non-binary";"3. Senior (51+)";"West";38;"Monthly";23.25;0;53.79;1;883.5
"CUST-9085";"Male";"3. Senior (51+)";"South";21;"Monthly";74.48;0;55.93;0;1564.08
"CUST-9086";"Female";"2. Adult (31-50)";"South";25;"One year";55.34;2;17.92;1;1383.5
"CUST-9087";"Female";"3. Senior (51+)";"South";39;"Monthly";89.16;0;59.64;0;3477.24
"CUST-9088";"Male";"2. Adult (31-50)";"West";7;"Monthly";78.58;0;59.79;1;550.06
"CUST-9089";"Female";"2. Adult (31-50)";"North";17;"One year";24.52;0;41.32;0;416.84
"CUST-9090";"Male";"3. Senior (51+)";"West";29;"One year";96.85;0;55.42;0;2808.65
"CUST-9091";"Non-binary";"2. Adult (31-50)";"West";13;"One year";45.41;0;56.82;0;590.33
"CUST-9092";"Non-binary";"3. Senior (51+)";"West";16;"One year";37.94;0;57.1;0;607.04
"CUST-9093";"Male";"3. Senior (51+)";"West";66;"Monthly";21.81;0;54.86;1;1439.46
"CUST-9094";"Male";"1. Young Adult (18-30)";"West";72;"Monthly";48.99;0;54.68;0;3527.28
"CUST-9095";"Non-binary";"4. Unkownn/Missing";"North";61;"Monthly";72.22;0;17.15;0;4405.42
"CUST-9096";"Male";"3. Senior (51+)";"South";22;"Two year";111.75;0;58.01;0;2458.5
"CUST-9097";"Male";"3. Senior (51+)";"North";5;"Two year";117.69;1;39.54;0;588.45
"CUST-9098";"Female";"3. Senior (51+)";"West";33;"Monthly";87.34;9;36.98;0;2882.22
"CUST-9099";"Male";"2. Adult (31-50)";"North";41;"Monthly";91.13;0;51.63;1;3736.33
"CUST-9100";"Non-binary";"1. Young Adult (18-30)";"West";51;"Two year";113.04;0;67.43;0;5765.04
"CUST-9101";"Female";"3. Senior (51+)";"East";58;"Monthly";78.49;0;10.43;0;4552.42
"CUST-9102";"Female";"3. Senior (51+)";"South";46;"Monthly";48.64;0;17.05;1;2237.44
"CUST-9103";"Male";"2. Adult (31-50)";"West";18;"One year";86.2;0;51.92;0;1551.6
"CUST-9104";"Female";"2. Adult (31-50)";"West";28;"Monthly";118.58;0;53.86;0;3320.24
"CUST-9105";"Female";"1. Young Adult (18-30)";"South";36;"Monthly";77.03;0;49.15;0;2773.08
"CUST-9106";"Male";"3. Senior (51+)";"North";48;"Monthly";81.73;0;68.08;0;3923.04
"CUST-9107";"Female";"3. Senior (51+)";"North";21;"Monthly";47.93;0;55.93;0;1006.53
"CUST-9108";"Non-binary";"3. Senior (51+)";"South";22;"Monthly";94.08;0;58.01;0;2069.76
"CUST-9109";"Non-binary";"4. Unkownn/Missing";"North";58;"Monthly";20.86;0;70.12;0;1209.88
"CUST-9110";"Female";"3. Senior (51+)";"West";70;"One year";114.64;0;58.23;0;8024.8
"CUST-9111";"Female";"1. Young Adult (18-30)";"North";4;"Two year";72.93;0;43.31;0;291.72
"CUST-9112";"Male";"3. Senior (51+)";"North";4;"Monthly";105.95;9;35.31;1;423.8
"CUST-9113";"Female";"3. Senior (51+)";"South";63;"Monthly";22.6;2;54.89;0;1423.8
"CUST-9114";"Male";"3. Senior (51+)";"North";36;"Monthly";86.2;0;35.62;1;3103.2
"CUST-9115";"Female";"3. Senior (51+)";"North";70;"Monthly";60.54;0;97.77;1;4237.8
"CUST-9116";"Male";"2. Adult (31-50)";"West";39;"Monthly";83.83;4;33.13;0;3269.37
"CUST-9117";"Female";"3. Senior (51+)";"North";63;"One year";86.69;0;54.89;0;5461.47
"CUST-9118";"Female";"2. Adult (31-50)";"North";72;"Monthly";106.07;2;54.68;1;7637.04
"CUST-9119";"Non-binary";"2. Adult (31-50)";"North";65;"One year";54.99;0;74.28;0;3574.35
"CUST-9120";"Female";"3. Senior (51+)";"North";13;"Two year";84.44;3;49.79;0;1097.72
"CUST-9121";"Female";"3. Senior (51+)";"East";68;"Monthly";81.07;0;34.92;0;5512.76
"CUST-9122";"Male";"3. Senior (51+)";"West";57;"One year";60.85;1;82.67;0;3468.45
"CUST-9123";"Female";"1. Young Adult (18-30)";"North";24;"One year";43.23;3;50.66;1;1037.52
"CUST-9124";"Male";"3. Senior (51+)";"West";37;"One year";34.56;0;90.02;0;1278.72
"CUST-9125";"Female";"3. Senior (51+)";"East";69;"Two year";105.4;3;74.74;1;7272.6
"CUST-9126";"Female";"1. Young Adult (18-30)";"North";39;"One year";45.24;0;59.64;1;1764.36
"CUST-9127";"Female";"3. Senior (51+)";"South";48;"Monthly";58.96;0;84.78;0;2830.08
"CUST-9128";"Non-binary";"2. Adult (31-50)";"East";38;"Two year";31.86;0;53.79;0;1210.68
"CUST-9129";"Male";"2. Adult (31-50)";"West";16;"Two year";69.52;1;57.1;0;1112.32
"CUST-9130";"Non-binary";"2. Adult (31-50)";"South";68;"Monthly";61.4;0;57.81;1;4175.2
"CUST-9131";"Male";"3. Senior (51+)";"South";31;"Monthly";28.31;0;51.61;1;877.61
"CUST-9132";"Non-binary";"3. Senior (51+)";"West";47;"Two year";90.54;1;52.58;0;4255.38
"CUST-9133";"Male";"3. Senior (51+)";"South";66;"Monthly";113.89;0;54.86;1;7516.74
"CUST-9134";"Male";"2. Adult (31-50)";"West";19;"One year";88.8;2;55.11;0;1687.2
"CUST-9135";"Male";"1. Young Adult (18-30)";"West";3;"One year";56.7;0;42.33;0;170.1
"CUST-9136";"Female";"3. Senior (51+)";"North";51;"Two year";70.74;2;57.9;0;3607.74
"CUST-9137";"Female";"1. Young Adult (18-30)";"North";48;"One year";46.71;0;30.63;0;2242.08
"CUST-9138";"Female";"1. Young Adult (18-30)";"North";5;"Monthly";71.03;1;39.54;1;355.15
"CUST-9139";"Female";"3. Senior (51+)";"East";20;"One year";78.04;0;57.12;0;1560.8
"CUST-9140";"Male";"1. Young Adult (18-30)";"North";33;"Monthly";81.92;0;73.72;0;2703.36
"CUST-9141";"Male";"2. Adult (31-50)";"North";27;"Two year";117.18;0;84.6;1;3163.86
"CUST-9142";"Non-binary";"3. Senior (51+)";"West";21;"Monthly";46.25;0;55.93;0;971.25
"CUST-9143";"Non-binary";"3. Senior (51+)";"North";68;"One year";38.03;0;52.84;0;2586.04
"CUST-9144";"Non-binary";"3. Senior (51+)";"West";65;"One year";57.2;0;55.95;0;3718.0
"CUST-9145";"Non-binary";"2. Adult (31-50)";"South";58;"One year";93.36;3;98.19;0;5414.88
"CUST-9146";"Non-binary";"1. Young Adult (18-30)";"South";37;"Two year";76.9;3;54.96;0;2845.3
"CUST-9147";"Female";"2. Adult (31-50)";"West";47;"Monthly";98.32;1;78.58;1;4621.04
"CUST-9148";"Non-binary";"2. Adult (31-50)";"West";16;"One year";115.59;2;85.0;1;1849.44
"CUST-9149";"Non-binary";"1. Young Adult (18-30)";"East";53;"Two year";59.86;0;73.45;1;3172.58
"CUST-9150";"Non-binary";"3. Senior (51+)";"West";29;"Monthly";44.77;2;98.37;1;1298.33
"CUST-9151";"Female";"2. Adult (31-50)";"East";67;"Monthly";41.64;2;52.82;0;2789.88
"CUST-9152";"Non-binary";"3. Senior (51+)";"North";52;"Monthly";36.09;6;16.17;1;1876.68
"CUST-9153";"Male";"3. Senior (51+)";"East";68;"One year";88.87;1;57.81;0;6043.16
"CUST-9154";"Male";"3. Senior (51+)";"East";9;"One year";61.85;0;58.05;0;556.65
"CUST-9155";"Male";"2. Adult (31-50)";"West";56;"Monthly";39.68;0;49.25;0;2222.08
"CUST-9156";"Male";"3. Senior (51+)";"North";31;"Two year";68.14;5;25.18;1;2112.34
"CUST-9157";"Male";"2. Adult (31-50)";"North";26;"One year";64.83;0;61.62;0;1685.58
"CUST-9158";"Non-binary";"2. Adult (31-50)";"East";47;"One year";59.74;1;63.34;1;2807.78
"CUST-9159";"Non-binary";"1. Young Adult (18-30)";"North";61;"One year";89.11;0;23.07;0;5435.71
"CUST-9160";"Male";"3. Senior (51+)";"East";31;"Monthly";106.26;0;51.61;0;3294.06
"CUST-9161";"Male";"3. Senior (51+)";"South";60;"One year";57.31;0;41.47;0;3438.6
"CUST-9162";"Non-binary";"3. Senior (51+)";"North";52;"Monthly";43.35;0;54.79;0;2254.2
"CUST-9163";"Male";"2. Adult (31-50)";"East";43;"Two year";98.09;1;55.49;1;4217.87
"CUST-9164";"Male";"1. Young Adult (18-30)";"South";34;"One year";51.19;2;42.58;0;1740.46
"CUST-9165";"Female";"3. Senior (51+)";"East";18;"Two year";45.99;1;51.92;1;827.82
"CUST-9166";"Non-binary";"3. Senior (51+)";"North";42;"Monthly";99.2;0;83.53;1;4166.4
"CUST-9167";"Non-binary";"3. Senior (51+)";"North";11;"Monthly";104.2;2;53.43;0;1146.2
"CUST-9168";"Male";"1. Young Adult (18-30)";"South";46;"Monthly";64.92;0;96.24;0;2986.32
"CUST-9169";"Male";"2. Adult (31-50)";"North";67;"One year";72.18;2;52.82;0;4836.06
"CUST-9170";"Male";"3. Senior (51+)";"North";30;"One year";92.92;3;95.19;0;2787.6
"CUST-9171";"Non-binary";"3. Senior (51+)";"South";33;"Monthly";67.82;2;54.53;1;2238.06
"CUST-9172";"Non-binary";"2. Adult (31-50)";"South";24;"One year";118.3;2;50.66;0;2839.2
"CUST-9173";"Male";"3. Senior (51+)";"North";47;"Monthly";92.62;0;29.87;1;4353.14
"CUST-9174";"Male";"3. Senior (51+)";"North";4;"Monthly";62.44;0;43.31;0;249.76
"CUST-9175";"Non-binary";"2. Adult (31-50)";"West";71;"Monthly";102.02;0;29.46;1;7243.42
"CUST-9176";"Female";"2. Adult (31-50)";"North";0;"One year";75.02;3;77.87;0;0.0
"CUST-9177";"Female";"3. Senior (51+)";"North";10;"Two year";106.49;7;37.35;1;1064.9
"CUST-9178";"Female";"3. Senior (51+)";"East";7;"One year";67.69;0;86.48;0;473.83
"CUST-9179";"Male";"1. Young Adult (18-30)";"East";59;"One year";35.1;0;46.8;0;2070.9
"CUST-9180";"Female";"2. Adult (31-50)";"East";13;"Monthly";65.61;0;56.82;1;852.93
"CUST-9181";"Non-binary";"2. Adult (31-50)";"South";2;"Two year";107.26;0;42.67;0;214.52
"CUST-9182";"Male";"3. Senior (51+)";"West";53;"Monthly";50.39;1;55.3;0;2670.67
"CUST-9183";"Non-binary";"3. Senior (51+)";"South";3;"Two year";97.41;0;42.33;0;292.23
"CUST-9184";"Male";"2. Adult (31-50)";"West";45;"Two year";95.43;3;87.29;0;4294.35
"CUST-9185";"Non-binary";"3. Senior (51+)";"South";26;"Monthly";105.57;0;49.37;1;2744.82
"CUST-9186";"Female";"3. Senior (51+)";"North";44;"Two year";35.71;0;23.55;0;1571.24
"CUST-9187";"Female";"3. Senior (51+)";"East";25;"Monthly";41.16;3;57.71;1;1029.0
"CUST-9188";"Female";"2. Adult (31-50)";"West";22;"Two year";79.39;0;64.2;0;1746.58
"CUST-9189";"Male";"2. Adult (31-50)";"West";36;"Two year";110.77;0;89.83;0;3987.72
"CUST-9190";"Male";"1. Young Adult (18-30)";"South";15;"One year";86.04;0;71.63;0;1290.6
"CUST-9191";"Male";"2. Adult (31-50)";"North";0;"Two year";111.42;0;44.44;1;0.0
"CUST-9192";"Male";"1. Young Adult (18-30)";"North";71;"Monthly";98.94;2;54.72;0;7024.74
"CUST-9193";"Female";"3. Senior (51+)";"North";46;"Monthly";62.74;3;51.24;0;2886.04
"CUST-9194";"Male";"3. Senior (51+)";"North";17;"Monthly";82.0;0;57.39;1;1394.0
"CUST-9195";"Female";"3. Senior (51+)";"South";43;"One year";35.09;0;92.74;0;1508.87
"CUST-9196";"Female";"1. Young Adult (18-30)";"North";54;"Monthly";103.58;0;56.4;1;5593.32
"CUST-9197";"Non-binary";"2. Adult (31-50)";"North";48;"Monthly";25.82;0;95.5;0;1239.36
"CUST-9198";"Female";"3. Senior (51+)";"North";5;"One year";61.16;3;69.37;0;305.8
"CUST-9199";"Male";"3. Senior (51+)";"South";22;"One year";74.49;0;13.53;0;1638.78
"CUST-9200";"Male";"2. Adult (31-50)";"South";6;"One year";41.7;3;52.96;0;250.2
"CUST-9201";"Female";"1. Young Adult (18-30)";"South";23;"Two year";109.96;0;56.11;0;2529.08
"CUST-9202";"Female";"3. Senior (51+)";"East";54;"Two year";44.62;1;56.4;0;2409.48
"CUST-9203";"Male";"1. Young Adult (18-30)";"South";17;"One year";50.04;0;56.0;0;850.68
"CUST-9204";"Male";"1. Young Adult (18-30)";"South";17;"Two year";64.77;0;56.0;1;1101.09
"CUST-9205";"Non-binary";"3. Senior (51+)";"South";69;"Two year";119.65;2;57.1;0;8255.85
"CUST-9206";"Male";"3. Senior (51+)";"North";42;"One year";117.65;0;58.5;0;4941.3
"CUST-9207";"Male";"3. Senior (51+)";"West";61;"Monthly";37.08;0;55.13;0;2261.88
"CUST-9208";"Male";"3. Senior (51+)";"West";48;"One year";104.12;0;59.96;1;4997.76
"CUST-9209";"Female";"2. Adult (31-50)";"West";62;"Two year";116.5;3;57.07;1;7223.0
"CUST-9210";"Non-binary";"1. Young Adult (18-30)";"West";68;"Two year";82.91;0;53.63;0;5637.88
"CUST-9211";"Female";"1. Young Adult (18-30)";"North";68;"Monthly";20.66;3;57.81;1;1404.88
"CUST-9212";"Female";"3. Senior (51+)";"South";41;"One year";25.59;0;74.75;0;1049.19
"CUST-9213";"Female";"3. Senior (51+)";"South";13;"One year";85.07;0;56.82;0;1105.91
"CUST-9214";"Male";"3. Senior (51+)";"West";57;"Two year";23.36;2;74.11;0;1331.52
"CUST-9215";"Male";"1. Young Adult (18-30)";"West";23;"Monthly";66.48;1;56.11;0;1529.04
"CUST-9216";"Female";"2. Adult (31-50)";"West";56;"One year";68.22;2;71.5;0;3820.32
"CUST-9217";"Female";"2. Adult (31-50)";"West";18;"Monthly";82.45;0;11.25;1;1484.1
"CUST-9218";"Non-binary";"1. Young Adult (18-30)";"North";62;"Two year";104.2;0;52.93;0;6460.4
"CUST-9219";"Male";"3. Senior (51+)";"North";66;"Two year";99.35;0;24.94;1;6557.1
"CUST-9220";"Male";"1. Young Adult (18-30)";"South";60;"Monthly";108.72;0;57.22;1;6523.2
"CUST-9221";"Male";"2. Adult (31-50)";"West";18;"Two year";66.92;0;40.23;0;1204.56
"CUST-9222";"Male";"3. Senior (51+)";"South";41;"Monthly";112.35;0;51.63;0;4606.35
"CUST-9223";"Male";"3. Senior (51+)";"North";53;"Monthly";37.69;0;55.3;1;1997.57
"CUST-9224";"Non-binary";"2. Adult (31-50)";"West";7;"Two year";119.26;0;22.66;0;834.82
"CUST-9225";"Female";"3. Senior (51+)";"West";69;"Monthly";68.2;0;57.1;0;4705.8
"CUST-9226";"Male";"3. Senior (51+)";"South";34;"One year";64.85;0;87.54;0;2204.9
"CUST-9227";"Female";"3. Senior (51+)";"North";26;"Monthly";41.19;0;55.3;1;1070.94
"CUST-9228";"Non-binary";"3. Senior (51+)";"East";10;"Monthly";99.78;0;49.92;1;997.8
"CUST-9229";"Male";"3. Senior (51+)";"West";62;"Monthly";27.84;0;14.91;1;1726.08
"CUST-9230";"Female";"1. Young Adult (18-30)";"South";29;"Monthly";48.72;0;55.42;1;1412.88
"CUST-9231";"Male";"1. Young Adult (18-30)";"West";36;"One year";41.95;0;18.39;0;1510.2
"CUST-9232";"Non-binary";"1. Young Adult (18-30)";"North";66;"Monthly";23.72;3;98.26;0;1565.52
"CUST-9233";"Female";"1. Young Adult (18-30)";"East";1;"One year";109.5;0;43.21;0;109.5
"CUST-9234";"Female";"1. Young Adult (18-30)";"West";6;"Monthly";96.31;0;91.44;1;577.86
"CUST-9235";"Male";"3. Senior (51+)";"North";6;"Two year";114.86;0;52.96;1;689.16
"CUST-9236";"Female";"3. Senior (51+)";"North";45;"Monthly";87.27;2;56.4;1;3927.15
"CUST-9237";"Male";"3. Senior (51+)";"West";21;"Monthly";96.3;1;17.29;1;2022.3
"CUST-9238";"Male";"2. Adult (31-50)";"North";32;"Monthly";52.77;0;51.91;1;1688.64
"CUST-9239";"Male";"3. Senior (51+)";"West";62;"Two year";23.9;0;11.69;0;1481.8
"CUST-9240";"Non-binary";"3. Senior (51+)";"South";27;"Monthly";65.33;0;93.34;0;1763.91
"CUST-9241";"Female";"2. Adult (31-50)";"East";20;"Monthly";40.88;0;20.64;1;817.6
"CUST-9242";"Female";"3. Senior (51+)";"West";71;"Monthly";45.72;0;54.72;1;3246.12
"CUST-9243";"Female";"2. Adult (31-50)";"North";71;"One year";113.16;1;54.72;1;8034.36
"CUST-9244";"Female";"3. Senior (51+)";"West";67;"Monthly";26.06;3;52.82;1;1746.02
"CUST-9245";"Male";"4. Unkownn/Missing";"North";34;"Monthly";51.66;1;52.64;1;1756.44
"CUST-9246";"Female";"2. Adult (31-50)";"South";19;"Monthly";87.4;0;55.11;1;1660.6
"CUST-9247";"Male";"2. Adult (31-50)";"North";67;"Two year";34.43;0;52.82;0;2306.81
"CUST-9248";"Non-binary";"3. Senior (51+)";"West";60;"Monthly";98.3;3;57.22;0;5898.0
"CUST-9249";"Non-binary";"3. Senior (51+)";"North";31;"One year";52.96;0;51.61;0;1641.76
"CUST-9250";"Male";"1. Young Adult (18-30)";"North";34;"Monthly";82.5;0;24.64;1;2805.0
"CUST-9251";"Male";"2. Adult (31-50)";"East";30;"Two year";78.06;2;81.98;0;2341.8
"CUST-9252";"Male";"3. Senior (51+)";"East";30;"Two year";35.01;2;94.69;0;1050.3
"CUST-9253";"Male";"2. Adult (31-50)";"North";28;"Two year";80.43;0;51.56;0;2252.04
"CUST-9254";"Male";"1. Young Adult (18-30)";"South";70;"Monthly";108.32;0;75.33;1;7582.4
"CUST-9255";"Female";"2. Adult (31-50)";"South";38;"Two year";117.59;2;35.82;0;4468.42
"CUST-9256";"Non-binary";"1. Young Adult (18-30)";"North";10;"One year";71.66;0;47.69;0;716.6
"CUST-9257";"Male";"3. Senior (51+)";"North";47;"Monthly";51.37;0;96.29;1;2414.39
"CUST-9258";"Female";"3. Senior (51+)";"North";51;"One year";50.62;0;70.3;0;2581.62
"CUST-9259";"Female";"3. Senior (51+)";"West";2;"Two year";40.43;0;56.230000000000004;0;80.86
"CUST-9260";"Female";"3. Senior (51+)";"North";54;"Two year";46.35;0;56.4;0;2502.9
"CUST-9261";"Female";"3. Senior (51+)";"North";63;"Monthly";53.15;0;54.89;0;3348.45
"CUST-9262";"Female";"1. Young Adult (18-30)";"North";43;"Two year";35.8;0;11.56;1;1539.4
"CUST-9263";"Non-binary";"4. Unkownn/Missing";"South";17;"Monthly";51.16;1;56.0;1;869.72
"CUST-9264";"Female";"1. Young Adult (18-30)";"West";72;"Two year";55.05;2;54.68;0;3963.6
"CUST-9265";"Female";"2. Adult (31-50)";"South";17;"Two year";82.34;0;56.0;0;1399.78
"CUST-9266";"Female";"1. Young Adult (18-30)";"North";5;"Monthly";97.26;0;50.75;1;486.3
"CUST-9267";"Male";"3. Senior (51+)";"South";3;"Two year";35.01;3;75.7;0;105.03
"CUST-9268";"Non-binary";"3. Senior (51+)";"West";4;"Two year";50.45;0;43.31;1;201.8
"CUST-9269";"Male";"2. Adult (31-50)";"South";34;"Monthly";75.41;0;91.99;1;2563.94
"CUST-9270";"Non-binary";"1. Young Adult (18-30)";"West";32;"One year";20.46;0;51.91;0;654.72
"CUST-9271";"Non-binary";"3. Senior (51+)";"South";72;"Two year";35.16;0;54.68;0;2531.52
"CUST-9272";"Female";"3. Senior (51+)";"North";0;"Monthly";48.59;3;44.44;1;0.0
"CUST-9273";"Male";"2. Adult (31-50)";"West";26;"Monthly";111.59;0;61.62;1;2901.34
"CUST-9274";"Non-binary";"3. Senior (51+)";"South";48;"One year";87.93;0;88.4;0;4220.64
"CUST-9275";"Female";"3. Senior (51+)";"West";12;"Two year";114.1;2;54.82;0;1369.2
"CUST-9276";"Non-binary";"4. Unkownn/Missing";"West";68;"Monthly";72.44;0;51.69;0;4925.92
"CUST-9277";"Female";"1. Young Adult (18-30)";"West";5;"One year";37.39;2;72.24;0;186.95
"CUST-9278";"Non-binary";"3. Senior (51+)";"North";48;"Monthly";27.77;2;59.96;0;1332.96
"CUST-9279";"Female";"3. Senior (51+)";"South";60;"Monthly";101.01;0;97.82;1;6060.6
"CUST-9280";"Female";"2. Adult (31-50)";"South";60;"Monthly";88.71;3;68.67;0;5322.6
"CUST-9281";"Non-binary";"3. Senior (51+)";"South";3;"One year";40.29;0;63.34;0;120.87
"CUST-9282";"Male";"2. Adult (31-50)";"West";23;"Two year";85.78;0;56.11;0;1972.94
"CUST-9283";"Female";"2. Adult (31-50)";"South";19;"One year";55.62;0;55.11;0;1056.78
"CUST-9284";"Female";"2. Adult (31-50)";"North";18;"Monthly";25.72;1;51.92;1;462.96
"CUST-9285";"Non-binary";"3. Senior (51+)";"North";2;"Two year";108.48;0;42.67;0;216.96
"CUST-9286";"Male";"2. Adult (31-50)";"South";43;"Two year";110.11;5;20.84;1;4734.73
"CUST-9287";"Male";"3. Senior (51+)";"East";1;"One year";106.0;9;28.03;1;106.0
"CUST-9288";"Male";"3. Senior (51+)";"West";50;"Monthly";71.6;0;54.57;0;3580.0
"CUST-9289";"Male";"2. Adult (31-50)";"West";9;"Monthly";28.15;0;53.68;1;253.35
"CUST-9290";"Male";"3. Senior (51+)";"West";19;"Two year";78.11;0;55.11;0;1484.09
"CUST-9291";"Male";"3. Senior (51+)";"West";59;"One year";36.96;0;50.64;1;2180.64
"CUST-9292";"Male";"3. Senior (51+)";"North";55;"Monthly";40.78;2;50.94;1;2242.9
"CUST-9293";"Male";"2. Adult (31-50)";"South";25;"Monthly";71.6;0;99.35;0;1790.0
"CUST-9294";"Female";"4. Unkownn/Missing";"East";64;"Two year";45.7;0;81.94;0;2924.8
"CUST-9295";"Female";"3. Senior (51+)";"South";49;"Monthly";71.17;1;35.24;1;3487.33
"CUST-9296";"Female";"3. Senior (51+)";"East";27;"One year";64.48;1;49.9;0;1740.96
"CUST-9297";"Female";"3. Senior (51+)";"West";60;"One year";30.13;0;20.77;0;1807.8
"CUST-9298";"Male";"3. Senior (51+)";"North";24;"Monthly";59.37;1;50.66;1;1424.88
"CUST-9299";"Non-binary";"2. Adult (31-50)";"West";47;"Monthly";89.1;0;96.49;1;4187.7
"CUST-9300";"Non-binary";"4. Unkownn/Missing";"East";55;"One year";54.8;2;96.61;1;3014.0
"CUST-9301";"Male";"3. Senior (51+)";"East";26;"One year";89.2;0;94.05;0;2319.2
"CUST-9302";"Female";"3. Senior (51+)";"East";22;"One year";112.17;1;45.89;1;2467.74
"CUST-9303";"Male";"2. Adult (31-50)";"North";71;"Monthly";39.6;0;54.72;1;2811.6
"CUST-9304";"Non-binary";"3. Senior (51+)";"South";30;"Two year";60.03;3;84.05;0;1800.9
"CUST-9305";"Male";"3. Senior (51+)";"North";14;"One year";78.87;0;58.66;0;1104.18
"CUST-9306";"Female";"2. Adult (31-50)";"South";46;"One year";40.4;0;51.24;0;1858.4
"CUST-9307";"Male";"2. Adult (31-50)";"West";53;"Two year";88.61;0;73.96;0;4696.33
"CUST-9308";"Female";"3. Senior (51+)";"North";27;"Two year";74.4;4;15.36;0;2008.8
"CUST-9309";"Female";"1. Young Adult (18-30)";"East";61;"One year";34.87;0;49.68;0;2127.07
"CUST-9310";"Female";"3. Senior (51+)";"South";50;"One year";76.65;0;31.86;1;3832.5
"CUST-9311";"Male";"3. Senior (51+)";"North";55;"Monthly";23.39;3;56.08;0;1286.45
"CUST-9312";"Male";"3. Senior (51+)";"North";42;"One year";87.38;0;58.5;0;3669.96
"CUST-9313";"Male";"2. Adult (31-50)";"West";39;"Two year";112.48;10;28.37;0;4386.72
"CUST-9314";"Female";"3. Senior (51+)";"North";27;"One year";23.39;10;22.16;1;631.53
"CUST-9315";"Male";"2. Adult (31-50)";"South";21;"Monthly";60.32;2;55.93;0;1266.72
"CUST-9316";"Female";"3. Senior (51+)";"North";44;"One year";36.71;1;56.45;0;1615.24
"CUST-9317";"Female";"1. Young Adult (18-30)";"West";65;"One year";75.93;0;99.39;0;4935.45
"CUST-9318";"Female";"2. Adult (31-50)";"West";15;"Monthly";52.72;9;35.85;1;790.8
"CUST-9319";"Male";"1. Young Adult (18-30)";"South";54;"Monthly";26.66;2;38.64;0;1439.64
"CUST-9320";"Female";"3. Senior (51+)";"North";49;"One year";81.02;0;54.7;1;3969.98
"CUST-9321";"Female";"2. Adult (31-50)";"West";30;"Monthly";70.04;1;57.44;0;2101.2
"CUST-9322";"Female";"2. Adult (31-50)";"West";17;"Monthly";118.11;2;37.14;0;2007.87
"CUST-9323";"Female";"2. Adult (31-50)";"South";4;"Two year";29.38;2;43.31;0;117.52
"CUST-9324";"Male";"3. Senior (51+)";"South";49;"One year";63.8;0;56.06;1;3126.2
"CUST-9325";"Female";"2. Adult (31-50)";"South";11;"One year";49.93;0;53.43;1;549.23
"CUST-9326";"Female";"2. Adult (31-50)";"West";42;"Two year";22.57;0;40.67;0;947.94
"CUST-9327";"Female";"3. Senior (51+)";"West";3;"One year";62.62;0;42.33;0;187.86
"CUST-9328";"Female";"1. Young Adult (18-30)";"West";49;"Monthly";101.61;0;56.79;1;4978.89
"CUST-9329";"Female";"2. Adult (31-50)";"West";28;"Two year";28.01;0;53.86;0;784.28
"CUST-9330";"Non-binary";"2. Adult (31-50)";"South";6;"Monthly";21.79;0;74.39;1;130.74
"CUST-9331";"Female";"3. Senior (51+)";"West";6;"Monthly";30.25;0;52.96;0;181.5
"CUST-9332";"Non-binary";"3. Senior (51+)";"East";30;"Two year";45.05;0;57.44;0;1351.5
"CUST-9333";"Female";"2. Adult (31-50)";"West";62;"One year";112.4;1;52.93;0;6968.8
"CUST-9334";"Non-binary";"3. Senior (51+)";"East";2;"Monthly";110.35;1;49.61;1;220.7
"CUST-9335";"Male";"3. Senior (51+)";"North";26;"Monthly";38.11;1;84.15;0;990.86
"CUST-9336";"Male";"4. Unkownn/Missing";"East";34;"Two year";31.61;0;13.28;0;1074.74
"CUST-9337";"Female";"2. Adult (31-50)";"North";56;"Monthly";72.69;1;63.17;1;4070.64
"CUST-9338";"Male";"3. Senior (51+)";"North";6;"One year";77.44;6;19.98;0;464.64
"CUST-9339";"Male";"3. Senior (51+)";"West";24;"One year";100.79;0;50.66;0;2418.96
"CUST-9340";"Non-binary";"3. Senior (51+)";"East";13;"Monthly";80.04;0;56.82;0;1040.52
"CUST-9341";"Female";"3. Senior (51+)";"North";25;"Monthly";23.49;1;50.63;1;587.25
"CUST-9342";"Male";"3. Senior (51+)";"West";41;"Monthly";34.8;0;51.63;0;1426.8
"CUST-9343";"Male";"2. Adult (31-50)";"West";54;"Monthly";49.37;0;56.4;1;2665.98
"CUST-9344";"Female";"2. Adult (31-50)";"West";39;"Monthly";47.49;0;59.64;1;1852.11
"CUST-9345";"Male";"3. Senior (51+)";"South";0;"Monthly";82.23;0;42.86;0;0.0
"CUST-9346";"Male";"1. Young Adult (18-30)";"West";15;"Monthly";28.61;0;98.17;0;429.15
"CUST-9347";"Female";"2. Adult (31-50)";"West";52;"One year";48.19;5;13.8;1;2505.88
"CUST-9348";"Female";"3. Senior (51+)";"North";14;"Monthly";119.34;0;50.47;1;1670.76
"CUST-9349";"Female";"3. Senior (51+)";"West";29;"One year";50.82;0;89.2;0;1473.78
"CUST-9350";"Male";"3. Senior (51+)";"East";16;"One year";58.83;2;99.57;0;941.28
"CUST-9351";"Female";"2. Adult (31-50)";"South";32;"Monthly";69.87;2;51.91;1;2235.84
"CUST-9352";"Male";"3. Senior (51+)";"North";30;"One year";106.75;3;96.33;1;3202.5
"CUST-9353";"Non-binary";"3. Senior (51+)";"West";17;"Monthly";55.58;0;56.0;1;944.86
"CUST-9354";"Non-binary";"3. Senior (51+)";"South";0;"One year";108.04;3;44.44;0;0.0
"CUST-9355";"Male";"1. Young Adult (18-30)";"North";24;"One year";89.89;0;62.89;1;2157.36
"CUST-9356";"Non-binary";"4. Unkownn/Missing";"East";6;"Monthly";44.55;0;52.96;1;267.3
"CUST-9357";"Male";"2. Adult (31-50)";"West";3;"Two year";34.11;0;42.33;0;102.33
"CUST-9358";"Male";"2. Adult (31-50)";"East";25;"Two year";41.83;0;37.33;0;1045.75
"CUST-9359";"Non-binary";"3. Senior (51+)";"North";24;"Monthly";52.86;0;50.66;1;1268.64
"CUST-9360";"Male";"3. Senior (51+)";"East";35;"One year";22.2;2;56.85;0;777.0
"CUST-9361";"Female";"3. Senior (51+)";"West";32;"Two year";79.43;0;51.91;0;2541.76
"CUST-9362";"Female";"1. Young Adult (18-30)";"West";25;"Monthly";57.82;3;50.75;1;1445.5
"CUST-9363";"Female";"3. Senior (51+)";"North";9;"Two year";33.6;0;36.24;0;302.4
"CUST-9364";"Male";"3. Senior (51+)";"East";51;"Monthly";118.36;0;57.9;1;6036.36
"CUST-9365";"Non-binary";"2. Adult (31-50)";"South";5;"Monthly";32.22;0;39.54;1;161.1
"CUST-9366";"Male";"3. Senior (51+)";"South";27;"Monthly";50.85;0;49.9;1;1372.95
"CUST-9367";"Male";"3. Senior (51+)";"South";13;"Monthly";93.55;2;33.59;0;1216.15
"CUST-9368";"Male";"2. Adult (31-50)";"North";10;"Monthly";50.16;1;59.36;0;501.6
"CUST-9369";"Female";"2. Adult (31-50)";"South";45;"One year";95.64;2;77.01;0;4303.8
"CUST-9370";"Non-binary";"2. Adult (31-50)";"East";65;"One year";113.47;1;74.89;0;7375.55
"CUST-9371";"Female";"1. Young Adult (18-30)";"South";9;"One year";110.1;0;68.92;0;990.9
"CUST-9372";"Female";"3. Senior (51+)";"East";64;"Monthly";117.62;0;55.01;0;7527.68
"CUST-9373";"Female";"3. Senior (51+)";"South";24;"One year";49.68;3;50.66;0;1192.32
"CUST-9374";"Female";"4. Unkownn/Missing";"North";16;"Monthly";112.28;0;57.1;1;1796.48
"CUST-9375";"Female";"3. Senior (51+)";"East";20;"One year";84.12;2;53.01;1;1682.4
"CUST-9376";"Female";"2. Adult (31-50)";"West";28;"Monthly";102.11;2;24.49;1;2859.08
"CUST-9377";"Non-binary";"3. Senior (51+)";"West";63;"Two year";93.39;0;54.89;0;5883.57
"CUST-9378";"Male";"3. Senior (51+)";"South";48;"One year";47.23;3;86.98;0;2267.04
"CUST-9379";"Non-binary";"3. Senior (51+)";"West";40;"One year";66.68;0;54.99;0;2667.2
"CUST-9380";"Female";"3. Senior (51+)";"North";6;"Monthly";22.32;0;16.71;1;133.92
"CUST-9381";"Female";"3. Senior (51+)";"North";14;"Monthly";71.34;3;50.04;0;998.76
"CUST-9382";"Male";"2. Adult (31-50)";"East";47;"One year";93.95;0;12.91;0;4415.65
"CUST-9383";"Female";"3. Senior (51+)";"West";72;"Two year";73.27;2;84.25;0;5275.44
"CUST-9384";"Female";"3. Senior (51+)";"South";1;"Monthly";87.13;0;43.21;0;87.13
"CUST-9385";"Female";"3. Senior (51+)";"West";19;"Monthly";49.32;1;55.11;1;937.08
"CUST-9386";"Male";"2. Adult (31-50)";"West";24;"Monthly";24.03;0;75.34;0;576.72
"CUST-9387";"Female";"3. Senior (51+)";"West";42;"Monthly";97.86;0;46.74;1;4110.12
"CUST-9388";"Female";"3. Senior (51+)";"North";31;"One year";99.75;0;51.61;0;3092.25
"CUST-9389";"Non-binary";"3. Senior (51+)";"North";66;"One year";22.97;0;54.86;0;1516.02
"CUST-9390";"Male";"3. Senior (51+)";"South";56;"Monthly";64.47;0;63.17;0;3610.32
"CUST-9391";"Male";"2. Adult (31-50)";"East";65;"Monthly";33.65;0;55.95;0;2187.25
"CUST-9392";"Female";"3. Senior (51+)";"West";68;"One year";72.63;0;57.81;0;4938.84
"CUST-9393";"Male";"3. Senior (51+)";"West";60;"Monthly";79.61;0;29.16;1;4776.6
"CUST-9394";"Male";"1. Young Adult (18-30)";"North";2;"Two year";111.91;2;42.67;0;223.82
"CUST-9395";"Female";"1. Young Adult (18-30)";"North";46;"Monthly";99.24;3;98.47;1;4565.04
"CUST-9396";"Female";"3. Senior (51+)";"South";67;"Monthly";65.7;0;67.11;1;4401.9
"CUST-9397";"Female";"2. Adult (31-50)";"North";4;"Two year";91.8;0;43.31;0;367.2
"CUST-9398";"Non-binary";"3. Senior (51+)";"North";9;"Monthly";72.16;0;58.05;1;649.44
"CUST-9399";"Female";"2. Adult (31-50)";"North";36;"Monthly";79.76;0;49.15;0;2871.36
"CUST-9400";"Female";"3. Senior (51+)";"South";58;"Two year";65.85;0;56.15;1;3819.3
"CUST-9401";"Male";"3. Senior (51+)";"South";1;"Monthly";117.61;1;43.21;1;117.61
"CUST-9402";"Female";"2. Adult (31-50)";"North";61;"Monthly";34.68;0;71.02;0;2115.48
"CUST-9403";"Female";"2. Adult (31-50)";"South";14;"Monthly";21.61;9;15.54;1;302.54
"CUST-9404";"Male";"3. Senior (51+)";"North";3;"Monthly";104.01;0;42.33;1;312.03
"CUST-9405";"Non-binary";"2. Adult (31-50)";"North";47;"Two year";70.33;1;75.78;0;3305.51
"CUST-9406";"Male";"3. Senior (51+)";"South";64;"One year";42.9;0;42.11;0;2745.6
"CUST-9407";"Non-binary";"2. Adult (31-50)";"West";3;"Monthly";50.75;2;42.33;0;152.25
"CUST-9408";"Female";"3. Senior (51+)";"South";57;"Monthly";115.22;0;58.76;1;6567.54
"CUST-9409";"Female";"2. Adult (31-50)";"South";29;"Monthly";99.94;0;55.42;0;2898.26
"CUST-9410";"Female";"2. Adult (31-50)";"North";55;"One year";73.52;0;56.08;1;4043.6
"CUST-9411";"Female";"2. Adult (31-50)";"South";46;"Two year";32.42;0;12.48;1;1491.32
"CUST-9412";"Female";"2. Adult (31-50)";"East";36;"Monthly";43.23;3;89.55;0;1556.28
"CUST-9413";"Male";"1. Young Adult (18-30)";"West";46;"Two year";46.38;3;51.24;1;2133.48
"CUST-9414";"Non-binary";"3. Senior (51+)";"North";20;"One year";52.38;1;85.28;0;1047.6
"CUST-9415";"Male";"3. Senior (51+)";"North";59;"Two year";102.03;0;59.77;0;6019.77
"CUST-9416";"Non-binary";"1. Young Adult (18-30)";"East";68;"Monthly";82.53;2;16.69;1;5612.04
"CUST-9417";"Male";"3. Senior (51+)";"East";1;"Monthly";36.76;0;0.0;1;36.76
"CUST-9418";"Male";"1. Young Adult (18-30)";"West";1;"Monthly";38.13;0;43.21;1;38.13
"CUST-9419";"Male";"2. Adult (31-50)";"North";44;"Two year";21.92;0;51.4;0;964.48
"CUST-9420";"Non-binary";"3. Senior (51+)";"West";51;"Monthly";78.47;0;57.9;1;4001.97
"CUST-9421";"Male";"3. Senior (51+)";"West";50;"Two year";88.05;0;11.6;1;4402.5
"CUST-9422";"Non-binary";"1. Young Adult (18-30)";"East";9;"One year";89.39;0;19.15;0;804.51
"CUST-9423";"Male";"3. Senior (51+)";"South";35;"Monthly";48.02;2;56.85;1;1680.7
"CUST-9424";"Male";"2. Adult (31-50)";"West";42;"Two year";35.61;3;81.24;0;1495.62
"CUST-9425";"Non-binary";"2. Adult (31-50)";"South";43;"Two year";111.99;0;91.83;1;4815.57
"CUST-9426";"Non-binary";"2. Adult (31-50)";"West";58;"Monthly";25.51;0;63.5;1;1479.58
"CUST-9427";"Male";"3. Senior (51+)";"South";50;"Monthly";53.22;1;54.57;0;2661.0
"CUST-9428";"Male";"2. Adult (31-50)";"North";23;"One year";25.72;0;46.76;0;591.56
"CUST-9429";"Female";"3. Senior (51+)";"South";60;"Monthly";111.02;0;54.82;0;6661.2
"CUST-9430";"Female";"2. Adult (31-50)";"South";49;"Monthly";71.84;0;82.45;1;3520.16
"CUST-9431";"Female";"2. Adult (31-50)";"North";8;"One year";38.99;1;15.43;1;311.92
"CUST-9432";"Non-binary";"2. Adult (31-50)";"South";52;"Two year";94.48;0;64.65;1;4912.96
"CUST-9433";"Male";"3. Senior (51+)";"West";31;"Monthly";39.96;0;85.44;0;1238.76
"CUST-9434";"Male";"1. Young Adult (18-30)";"East";58;"Monthly";74.6;0;12.41;1;4326.8
"CUST-9435";"Male";"3. Senior (51+)";"North";26;"Monthly";66.08;0;74.92;0;1718.08
"CUST-9436";"Male";"3. Senior (51+)";"West";34;"Monthly";61.83;0;12.6;1;2102.22
"CUST-9437";"Female";"3. Senior (51+)";"East";24;"Monthly";107.71;0;35.07;1;2585.04
"CUST-9438";"Female";"1. Young Adult (18-30)";"East";42;"Two year";70.9;0;65.13;1;2977.8
"CUST-9439";"Female";"2. Adult (31-50)";"East";65;"Monthly";51.3;9;31.11;1;3334.5
"CUST-9440";"Female";"3. Senior (51+)";"East";1;"Monthly";95.21;0;0.0;1;95.21
"CUST-9441";"Female";"2. Adult (31-50)";"West";1;"One year";73.33;0;43.21;0;73.33
"CUST-9442";"Non-binary";"2. Adult (31-50)";"South";52;"Monthly";39.44;3;44.28;0;2050.88
"CUST-9443";"Male";"3. Senior (51+)";"South";1;"One year";63.17;0;43.21;0;63.17
"CUST-9444";"Male";"3. Senior (51+)";"East";35;"One year";60.03;0;56.85;0;2101.05
"CUST-9445";"Non-binary";"3. Senior (51+)";"North";28;"One year";42.37;0;87.19;0;1186.36
"CUST-9446";"Female";"3. Senior (51+)";"South";62;"One year";75.19;0;52.93;0;4661.78
"CUST-9447";"Male";"3. Senior (51+)";"East";30;"Two year";54.27;0;56.94;0;1628.1
"CUST-9448";"Male";"3. Senior (51+)";"East";36;"Monthly";74.06;0;49.15;0;2666.16
"CUST-9449";"Non-binary";"1. Young Adult (18-30)";"North";64;"Monthly";45.8;0;90.81;0;2931.2
"CUST-9450";"Non-binary";"3. Senior (51+)";"South";24;"Two year";23.49;0;14.09;0;563.76
"CUST-9451";"Female";"2. Adult (31-50)";"South";0;"Monthly";95.11;0;44.44;0;0.0
"CUST-9452";"Male";"3. Senior (51+)";"West";2;"Two year";112.19;0;42.67;1;224.38
"CUST-9453";"Non-binary";"2. Adult (31-50)";"South";71;"One year";100.89;3;47.49;1;7163.19
"CUST-9454";"Female";"1. Young Adult (18-30)";"North";31;"Monthly";98.25;1;51.61;1;3045.75
"CUST-9455";"Female";"3. Senior (51+)";"North";56;"One year";30.14;1;63.17;0;1687.84
"CUST-9456";"Female";"2. Adult (31-50)";"South";30;"One year";40.53;2;57.44;0;1215.9
"CUST-9457";"Male";"2. Adult (31-50)";"West";19;"Two year";33.85;3;48.73;1;643.15
"CUST-9458";"Female";"3. Senior (51+)";"South";3;"Monthly";96.25;0;29.92;0;288.75
"CUST-9459";"Male";"3. Senior (51+)";"North";32;"One year";38.86;2;51.91;0;1243.52
"CUST-9460";"Male";"1. Young Adult (18-30)";"West";65;"One year";62.97;0;83.34;0;4093.05
"CUST-9461";"Female";"3. Senior (51+)";"West";66;"One year";76.64;0;54.86;0;5058.24
"CUST-9462";"Female";"1. Young Adult (18-30)";"West";28;"One year";60.7;0;53.86;0;1699.6
"CUST-9463";"Female";"3. Senior (51+)";"North";4;"One year";102.83;0;5.120000000000001;1;411.32
"CUST-9464";"Female";"1. Young Adult (18-30)";"West";5;"Monthly";26.23;2;39.54;1;131.15
"CUST-9465";"Male";"1. Young Adult (18-30)";"South";26;"Monthly";78.58;0;61.62;1;2043.08
"CUST-9466";"Male";"2. Adult (31-50)";"North";38;"One year";102.46;3;91.24;0;3893.48
"CUST-9467";"Male";"3. Senior (51+)";"South";59;"One year";110.71;8;11.98;1;6531.89
"CUST-9468";"Female";"3. Senior (51+)";"North";56;"Monthly";35.74;0;63.17;0;2001.44
"CUST-9469";"Female";"1. Young Adult (18-30)";"West";37;"Monthly";60.57;3;54.96;0;2241.09
"CUST-9470";"Non-binary";"2. Adult (31-50)";"West";33;"Two year";41.37;0;54.53;0;1365.21
"CUST-9471";"Female";"1. Young Adult (18-30)";"South";44;"Two year";53.36;0;55.56;0;2347.84
"CUST-9472";"Female";"2. Adult (31-50)";"North";70;"Monthly";96.44;0;99.55;1;6750.8
"CUST-9473";"Male";"3. Senior (51+)";"West";0;"Monthly";80.22;0;0.0;0;0.0
"CUST-9474";"Non-binary";"2. Adult (31-50)";"South";48;"Monthly";78.36;0;55.3;0;3761.28
"CUST-9475";"Female";"3. Senior (51+)";"East";7;"Two year";108.8;0;44.84;1;761.6
"CUST-9476";"Male";"3. Senior (51+)";"North";17;"Two year";99.13;3;56.0;0;1685.21
"CUST-9477";"Female";"3. Senior (51+)";"North";23;"Monthly";71.51;0;25.33;1;1644.73
"CUST-9478";"Non-binary";"1. Young Adult (18-30)";"South";30;"One year";75.61;0;57.44;0;2268.3
"CUST-9479";"Male";"1. Young Adult (18-30)";"West";18;"Two year";116.92;0;76.58;1;2104.56
"CUST-9480";"Non-binary";"4. Unkownn/Missing";"South";3;"Monthly";66.02;0;83.33;0;198.06
"CUST-9481";"Male";"2. Adult (31-50)";"West";23;"Two year";105.38;0;56.11;0;2423.74
"CUST-9482";"Non-binary";"4. Unkownn/Missing";"North";23;"Monthly";29.89;3;56.11;1;687.47
"CUST-9483";"Female";"1. Young Adult (18-30)";"North";49;"One year";67.88;7;38.46;0;3326.12
"CUST-9484";"Female";"2. Adult (31-50)";"North";22;"Monthly";89.39;0;58.01;1;1966.58
"CUST-9485";"Non-binary";"3. Senior (51+)";"North";52;"Two year";30.57;2;62.08;0;1589.64
"CUST-9486";"Non-binary";"2. Adult (31-50)";"North";16;"Monthly";37.82;1;57.1;1;605.12
"CUST-9487";"Female";"3. Senior (51+)";"North";70;"Monthly";82.24;0;84.96;0;5756.8
"CUST-9488";"Female";"1. Young Adult (18-30)";"East";40;"Two year";84.72;1;85.62;1;3388.8
"CUST-9489";"Non-binary";"3. Senior (51+)";"North";32;"Two year";48.12;0;51.91;0;1539.84
"CUST-9490";"Female";"1. Young Adult (18-30)";"South";51;"One year";90.27;0;57.9;0;4603.77
"CUST-9491";"Female";"3. Senior (51+)";"South";15;"Monthly";35.47;3;53.77;1;532.05
"CUST-9492";"Female";"2. Adult (31-50)";"South";66;"One year";80.93;2;54.86;0;5341.38
"CUST-9493";"Male";"3. Senior (51+)";"East";32;"Monthly";118.93;0;51.91;0;3805.76
"CUST-9494";"Male";"2. Adult (31-50)";"South";62;"Monthly";118.77;2;52.93;0;7363.74
"CUST-9495";"Female";"3. Senior (51+)";"North";16;"One year";95.03;0;62.75;0;1520.48
"CUST-9496";"Male";"2. Adult (31-50)";"West";37;"One year";79.67;2;64.44;0;2947.79
"CUST-9497";"Non-binary";"1. Young Adult (18-30)";"North";21;"Monthly";95.87;1;80.58;0;2013.27
"CUST-9498";"Non-binary";"3. Senior (51+)";"South";52;"Monthly";22.56;3;54.79;1;1173.12
"CUST-9499";"Female";"2. Adult (31-50)";"West";25;"Monthly";35.41;0;71.29;0;885.25
"CUST-9500";"Female";"3. Senior (51+)";"South";48;"Two year";41.56;0;59.96;0;1994.88
"CUST-9501";"Male";"2. Adult (31-50)";"West";72;"One year";50.62;2;54.68;0;3644.64
"CUST-9502";"Male";"3. Senior (51+)";"West";2;"Monthly";108.88;0;40.98;1;217.76
"CUST-9503";"Non-binary";"3. Senior (51+)";"South";23;"Monthly";117.45;0;56.11;0;2701.35
"CUST-9504";"Non-binary";"3. Senior (51+)";"West";38;"Monthly";84.52;0;53.79;1;3211.76
"CUST-9505";"Non-binary";"1. Young Adult (18-30)";"North";39;"Monthly";43.58;1;82.46;1;1699.62
"CUST-9506";"Female";"3. Senior (51+)";"North";5;"Monthly";23.86;4;37.69;0;119.3
"CUST-9507";"Non-binary";"3. Senior (51+)";"West";10;"Monthly";108.06;0;47.69;0;1080.6
"CUST-9508";"Male";"3. Senior (51+)";"West";47;"Monthly";46.39;1;52.58;1;2180.33
"CUST-9509";"Male";"3. Senior (51+)";"South";27;"Two year";119.14;1;96.54;1;3216.78
"CUST-9510";"Male";"1. Young Adult (18-30)";"South";10;"Two year";92.83;5;37.72;1;928.3
"CUST-9511";"Male";"2. Adult (31-50)";"South";3;"One year";101.95;3;59.7;0;305.85
"CUST-9512";"Female";"1. Young Adult (18-30)";"West";4;"Monthly";101.13;0;43.31;1;404.52
"CUST-9513";"Male";"2. Adult (31-50)";"South";69;"One year";81.28;0;55.18;0;5608.32
"CUST-9514";"Female";"3. Senior (51+)";"South";27;"Monthly";36.02;0;49.9;1;972.54
"CUST-9515";"Male";"3. Senior (51+)";"East";56;"Monthly";36.93;0;66.06;1;2068.08
"CUST-9516";"Male";"3. Senior (51+)";"North";25;"One year";44.88;0;57.71;1;1122.0
"CUST-9517";"Male";"1. Young Adult (18-30)";"South";8;"One year";35.74;0;11.84;0;285.92
"CUST-9518";"Female";"3. Senior (51+)";"North";1;"Monthly";49.64;10;0.6899999999999995;1;49.64
"CUST-9519";"Male";"1. Young Adult (18-30)";"North";72;"One year";45.72;0;55.31;0;3291.84
"CUST-9520";"Non-binary";"3. Senior (51+)";"North";10;"One year";79.71;0;23.7;0;797.1
"CUST-9521";"Female";"3. Senior (51+)";"North";43;"Monthly";93.79;0;53.15;0;4032.97
"CUST-9522";"Non-binary";"1. Young Adult (18-30)";"East";36;"Monthly";30.18;3;49.15;0;1086.48
"CUST-9523";"Male";"3. Senior (51+)";"North";46;"Monthly";98.41;8;33.6;1;4526.86
"CUST-9524";"Male";"3. Senior (51+)";"North";6;"One year";86.98;3;52.96;0;521.88
"CUST-9525";"Female";"2. Adult (31-50)";"North";37;"Monthly";57.18;2;54.96;1;2115.66
"CUST-9526";"Male";"3. Senior (51+)";"South";66;"Monthly";100.8;0;58.75;1;6652.8
"CUST-9527";"Male";"3. Senior (51+)";"North";17;"One year";48.76;0;56.0;0;828.92
"CUST-9528";"Female";"3. Senior (51+)";"West";30;"Monthly";65.07;0;50.23;0;1952.1
"CUST-9529";"Female";"1. Young Adult (18-30)";"West";58;"One year";44.0;0;56.15;0;2552.0
"CUST-9530";"Male";"3. Senior (51+)";"South";38;"Monthly";102.88;0;22.92;1;3909.44
"CUST-9531";"Female";"1. Young Adult (18-30)";"West";38;"One year";107.15;0;53.79;1;4071.7
"CUST-9532";"Male";"1. Young Adult (18-30)";"East";53;"Two year";51.59;0;29.75;1;2734.27
"CUST-9533";"Male";"3. Senior (51+)";"South";43;"Monthly";119.03;0;98.08;0;5118.29
"CUST-9534";"Female";"1. Young Adult (18-30)";"North";3;"Two year";82.0;0;56.290000000000006;0;246.0
"CUST-9535";"Male";"3. Senior (51+)";"South";48;"One year";86.21;0;54.78;0;4138.08
"CUST-9536";"Female";"2. Adult (31-50)";"North";1;"Two year";113.32;0;43.21;0;113.32
"CUST-9537";"Non-binary";"3. Senior (51+)";"West";2;"Monthly";100.23;3;42.67;0;200.46
"CUST-9538";"Male";"1. Young Adult (18-30)";"West";72;"Two year";95.3;1;54.68;1;6861.6
"CUST-9539";"Male";"1. Young Adult (18-30)";"West";6;"One year";36.15;0;89.18;0;216.9
"CUST-9540";"Male";"2. Adult (31-50)";"West";69;"One year";56.22;0;91.84;0;3879.18
"CUST-9541";"Male";"2. Adult (31-50)";"South";15;"Monthly";23.89;2;62.17;0;358.35
"CUST-9542";"Female";"1. Young Adult (18-30)";"East";71;"Monthly";110.58;0;54.72;0;7851.18
"CUST-9543";"Non-binary";"1. Young Adult (18-30)";"West";45;"Monthly";27.28;0;26.79;1;1227.6
"CUST-9544";"Non-binary";"2. Adult (31-50)";"North";37;"One year";22.84;2;54.96;0;845.08
"CUST-9545";"Male";"1. Young Adult (18-30)";"West";0;"Two year";64.18;2;44.44;0;0.0
"CUST-9546";"Female";"2. Adult (31-50)";"East";48;"Monthly";80.36;3;59.96;1;3857.28
"CUST-9547";"Female";"1. Young Adult (18-30)";"North";52;"Monthly";36.15;0;67.63;1;1879.8
"CUST-9548";"Female";"1. Young Adult (18-30)";"West";39;"Two year";76.25;0;49.89;0;2973.75
"CUST-9549";"Female";"3. Senior (51+)";"West";31;"Monthly";65.48;0;51.61;0;2029.88
"CUST-9550";"Female";"3. Senior (51+)";"North";36;"Monthly";20.39;0;49.15;1;734.04
"CUST-9551";"Male";"3. Senior (51+)";"West";69;"One year";118.28;0;57.1;0;8161.32
"CUST-9552";"Non-binary";"2. Adult (31-50)";"West";39;"One year";77.41;9;27.02;1;3018.99
"CUST-9553";"Male";"3. Senior (51+)";"East";67;"One year";93.6;2;52.5;0;6271.2
"CUST-9554";"Non-binary";"1. Young Adult (18-30)";"West";5;"Monthly";100.21;0;69.68;1;501.05
"CUST-9555";"Female";"3. Senior (51+)";"East";49;"One year";87.07;0;54.7;0;4266.43
"CUST-9556";"Male";"2. Adult (31-50)";"North";32;"One year";64.87;1;49.06;0;2075.84
"CUST-9557";"Female";"3. Senior (51+)";"South";69;"One year";103.76;0;57.1;0;7159.44
"CUST-9558";"Non-binary";"1. Young Adult (18-30)";"South";27;"One year";65.61;1;49.9;0;1771.47
"CUST-9559";"Male";"2. Adult (31-50)";"South";69;"Two year";72.95;0;57.1;0;5033.55
"CUST-9560";"Male";"1. Young Adult (18-30)";"West";24;"Monthly";81.6;0;50.66;0;1958.4
"CUST-9561";"Non-binary";"4. Unkownn/Missing";"East";35;"Monthly";102.31;0;98.44;0;3580.85
"CUST-9562";"Male";"2. Adult (31-50)";"West";20;"Two year";39.97;0;51.68;0;799.4
"CUST-9563";"Female";"2. Adult (31-50)";"West";53;"Monthly";29.23;0;55.3;1;1549.19
"CUST-9564";"Non-binary";"4. Unkownn/Missing";"West";61;"Monthly";87.86;0;31.97;1;5359.46
"CUST-9565";"Male";"3. Senior (51+)";"North";42;"Monthly";36.67;0;58.5;1;1540.14
"CUST-9566";"Male";"3. Senior (51+)";"South";43;"Two year";94.35;1;85.45;0;4057.05
"CUST-9567";"Non-binary";"2. Adult (31-50)";"North";10;"Two year";104.58;2;98.54;0;1045.8
"CUST-9568";"Non-binary";"3. Senior (51+)";"East";51;"Monthly";117.34;0;57.9;1;5984.34
"CUST-9569";"Male";"3. Senior (51+)";"West";40;"One year";119.01;2;98.53;0;4760.4
"CUST-9570";"Female";"2. Adult (31-50)";"South";43;"Monthly";54.6;8;10.39;0;2347.8
"CUST-9571";"Male";"3. Senior (51+)";"West";8;"Monthly";77.09;0;56.44;1;616.72
"CUST-9572";"Female";"3. Senior (51+)";"West";1;"One year";118.23;2;43.21;0;118.23
"CUST-9573";"Female";"2. Adult (31-50)";"North";28;"One year";78.13;0;16.39;0;2187.64
"CUST-9574";"Non-binary";"3. Senior (51+)";"South";2;"Monthly";40.26;0;42.67;0;80.52
"CUST-9575";"Female";"2. Adult (31-50)";"South";33;"Monthly";91.93;3;54.53;1;3033.69
"CUST-9576";"Male";"3. Senior (51+)";"West";3;"One year";42.02;0;16.82;0;126.06
"CUST-9577";"Female";"3. Senior (51+)";"West";27;"One year";58.38;1;62.74;0;1576.26
"CUST-9578";"Non-binary";"3. Senior (51+)";"West";25;"Two year";97.93;0;53.48;0;2448.25
"CUST-9579";"Male";"3. Senior (51+)";"West";57;"Two year";46.65;0;58.76;0;2659.05
"CUST-9580";"Female";"2. Adult (31-50)";"East";13;"One year";95.34;0;56.82;0;1239.42
"CUST-9581";"Male";"3. Senior (51+)";"West";41;"Two year";56.42;1;51.63;0;2313.22
"CUST-9582";"Non-binary";"4. Unkownn/Missing";"North";47;"Two year";22.68;0;52.58;0;1065.96
"CUST-9583";"Non-binary";"1. Young Adult (18-30)";"West";13;"Monthly";87.22;0;56.82;0;1133.86
"CUST-9584";"Male";"2. Adult (31-50)";"North";41;"Two year";99.99;1;51.63;1;4099.59
"CUST-9585";"Male";"3. Senior (51+)";"East";29;"Monthly";82.33;0;23.92;0;2387.57
"CUST-9586";"Female";"2. Adult (31-50)";"West";5;"Two year";23.75;0;39.54;0;118.75
"CUST-9587";"Non-binary";"2. Adult (31-50)";"West";6;"Monthly";25.45;0;52.96;0;152.7
"CUST-9588";"Male";"3. Senior (51+)";"South";33;"Monthly";68.67;1;54.53;1;2266.11
"CUST-9589";"Male";"2. Adult (31-50)";"North";12;"One year";27.37;5;19.36;1;328.44
"CUST-9590";"Male";"2. Adult (31-50)";"West";30;"One year";59.35;3;57.44;0;1780.5
"CUST-9591";"Female";"2. Adult (31-50)";"South";57;"Two year";21.77;3;45.39;0;1240.89
"CUST-9592";"Female";"3. Senior (51+)";"West";70;"Monthly";72.94;0;58.23;0;5105.8
"CUST-9593";"Female";"3. Senior (51+)";"East";6;"One year";104.65;1;52.96;1;627.9
"CUST-9594";"Male";"3. Senior (51+)";"West";71;"Monthly";33.04;0;54.72;1;2345.84
"CUST-9595";"Male";"3. Senior (51+)";"South";32;"One year";28.5;1;51.91;1;912.0
"CUST-9596";"Male";"3. Senior (51+)";"North";9;"One year";51.0;0;58.05;0;459.0
"CUST-9597";"Male";"3. Senior (51+)";"East";44;"Monthly";107.24;0;17.97;1;4718.56
"CUST-9598";"Female";"2. Adult (31-50)";"East";13;"Monthly";36.72;0;56.82;1;477.36
"CUST-9599";"Non-binary";"2. Adult (31-50)";"South";70;"Monthly";85.05;0;55.97;0;5953.5
"CUST-9600";"Male";"3. Senior (51+)";"South";1;"Monthly";77.18;6;6.530000000000001;1;77.18
"CUST-9601";"Male";"1. Young Adult (18-30)";"West";45;"One year";91.38;2;84.12;0;4112.1
"CUST-9602";"Non-binary";"3. Senior (51+)";"South";46;"Two year";94.45;0;20.24;0;4344.7
"CUST-9603";"Male";"3. Senior (51+)";"North";9;"Monthly";80.9;3;58.05;1;728.1
"CUST-9604";"Female";"3. Senior (51+)";"North";63;"One year";38.25;2;78.48;1;2409.75
"CUST-9605";"Male";"3. Senior (51+)";"East";32;"Monthly";99.53;0;51.91;1;3184.96
"CUST-9606";"Non-binary";"3. Senior (51+)";"West";65;"One year";40.06;0;43.94;0;2603.9
"CUST-9607";"Non-binary";"3. Senior (51+)";"North";53;"Monthly";86.47;3;55.3;1;4582.91
"CUST-9608";"Non-binary";"2. Adult (31-50)";"South";45;"One year";99.25;2;65.38;0;4466.25
"CUST-9609";"Female";"3. Senior (51+)";"North";25;"Monthly";93.2;1;90.71;0;2330.0
"CUST-9610";"Female";"1. Young Adult (18-30)";"South";38;"Monthly";115.27;0;53.79;1;4380.26
"CUST-9611";"Female";"2. Adult (31-50)";"West";59;"Monthly";100.27;0;50.64;1;5915.93
"CUST-9612";"Male";"3. Senior (51+)";"North";10;"Monthly";105.56;1;47.69;0;1055.6
"CUST-9613";"Male";"1. Young Adult (18-30)";"West";66;"One year";111.79;2;54.86;0;7378.14
"CUST-9614";"Female";"1. Young Adult (18-30)";"West";23;"Two year";90.1;2;56.11;0;2072.3
"CUST-9615";"Male";"2. Adult (31-50)";"West";46;"One year";100.8;0;71.6;1;4636.8
"CUST-9616";"Female";"1. Young Adult (18-30)";"West";2;"One year";94.29;2;71.28;1;188.58
"CUST-9617";"Female";"4. Unkownn/Missing";"West";57;"One year";57.74;2;98.87;1;3291.18
"CUST-9618";"Male";"2. Adult (31-50)";"North";55;"Monthly";59.06;0;52.85;0;3248.3
"CUST-9619";"Non-binary";"3. Senior (51+)";"West";30;"Two year";85.75;3;69.82;0;2572.5
"CUST-9620";"Male";"3. Senior (51+)";"East";18;"Two year";90.36;3;51.92;0;1626.48
"CUST-9621";"Female";"4. Unkownn/Missing";"South";52;"One year";40.2;0;11.38;0;2090.4
"CUST-9622";"Female";"1. Young Adult (18-30)";"South";48;"One year";38.88;0;59.96;0;1866.24
"CUST-9623";"Male";"2. Adult (31-50)";"North";51;"One year";39.97;0;33.69;0;2038.47
"CUST-9624";"Male";"2. Adult (31-50)";"North";71;"One year";40.22;0;54.72;0;2855.62
"CUST-9625";"Female";"1. Young Adult (18-30)";"North";19;"Two year";31.41;0;69.66;0;596.79
"CUST-9626";"Non-binary";"3. Senior (51+)";"North";13;"One year";45.38;0;81.71;0;589.94
"CUST-9627";"Non-binary";"4. Unkownn/Missing";"South";53;"Two year";117.33;2;55.3;0;6218.49
"CUST-9628";"Male";"3. Senior (51+)";"South";37;"Monthly";76.95;0;12.45;1;2847.15
"CUST-9629";"Female";"3. Senior (51+)";"South";16;"Monthly";40.86;0;18.13;1;653.76
"CUST-9630";"Non-binary";"2. Adult (31-50)";"West";35;"One year";112.53;1;56.85;0;3938.55
"CUST-9631";"Female";"3. Senior (51+)";"South";72;"Monthly";108.79;0;10.8;0;7832.88
"CUST-9632";"Male";"3. Senior (51+)";"South";32;"One year";35.52;0;65.7;0;1136.64
"CUST-9633";"Male";"2. Adult (31-50)";"West";70;"One year";109.01;10;13.75;0;7630.7
"CUST-9634";"Male";"1. Young Adult (18-30)";"North";57;"One year";30.01;0;49.93;0;1710.57
"CUST-9635";"Non-binary";"1. Young Adult (18-30)";"West";70;"Monthly";55.37;0;65.75;1;3875.9
"CUST-9636";"Male";"3. Senior (51+)";"East";39;"One year";119.72;0;61.31;1;4669.08
"CUST-9637";"Female";"3. Senior (51+)";"West";61;"One year";89.5;1;55.13;0;5459.5
"CUST-9638";"Female";"4. Unkownn/Missing";"North";19;"Monthly";73.58;1;55.11;1;1398.02
"CUST-9639";"Female";"3. Senior (51+)";"South";50;"Monthly";60.43;0;54.57;0;3021.5
"CUST-9640";"Non-binary";"4. Unkownn/Missing";"West";48;"Two year";30.28;3;59.96;0;1453.44
"CUST-9641";"Male";"1. Young Adult (18-30)";"South";70;"Monthly";95.5;0;44.53;1;6685.0
"CUST-9642";"Male";"3. Senior (51+)";"West";48;"One year";92.99;0;78.99;0;4463.52
"CUST-9643";"Non-binary";"3. Senior (51+)";"West";30;"One year";73.01;0;57.44;1;2190.3
"CUST-9644";"Non-binary";"2. Adult (31-50)";"East";67;"One year";115.99;3;63.96;1;7771.33
"CUST-9645";"Female";"1. Young Adult (18-30)";"North";24;"Monthly";106.36;2;27.55;1;2552.64
"CUST-9646";"Female";"1. Young Adult (18-30)";"South";8;"Monthly";74.18;0;41.13;0;593.44
"CUST-9647";"Male";"2. Adult (31-50)";"West";24;"Two year";102.28;1;50.66;0;2454.72
"CUST-9648";"Female";"1. Young Adult (18-30)";"West";11;"Two year";93.85;2;50.87;0;1032.35
"CUST-9649";"Male";"2. Adult (31-50)";"West";66;"Two year";78.91;1;77.91;0;5208.06
"CUST-9650";"Male";"2. Adult (31-50)";"East";63;"One year";26.28;3;93.16;0;1655.64
"CUST-9651";"Female";"4. Unkownn/Missing";"South";28;"Two year";63.28;0;53.86;0;1771.84
"CUST-9652";"Female";"2. Adult (31-50)";"West";22;"Monthly";118.76;0;49.37;0;2612.72
"CUST-9653";"Non-binary";"2. Adult (31-50)";"West";66;"Monthly";68.27;0;54.86;0;4505.82
"CUST-9654";"Female";"2. Adult (31-50)";"West";11;"One year";33.64;0;95.33;1;370.04
"CUST-9655";"Female";"1. Young Adult (18-30)";"North";60;"Monthly";109.31;1;66.92;0;6558.6
"CUST-9656";"Male";"3. Senior (51+)";"West";0;"One year";73.68;8;36.49;0;0.0
"CUST-9657";"Male";"2. Adult (31-50)";"South";64;"Monthly";91.77;3;49.79;1;5873.28
"CUST-9658";"Female";"2. Adult (31-50)";"East";1;"Monthly";100.03;1;43.21;0;100.03
"CUST-9659";"Male";"3. Senior (51+)";"West";32;"One year";108.79;0;51.91;1;3481.28
"CUST-9660";"Male";"3. Senior (51+)";"South";53;"Monthly";33.33;0;55.3;0;1766.49
"CUST-9661";"Male";"1. Young Adult (18-30)";"South";57;"Two year";96.29;0;16.91;1;5488.53
"CUST-9662";"Female";"1. Young Adult (18-30)";"South";60;"Monthly";83.98;0;55.14;0;5038.8
"CUST-9663";"Male";"2. Adult (31-50)";"East";72;"Monthly";119.85;0;23.95;1;8629.2
"CUST-9664";"Non-binary";"2. Adult (31-50)";"North";59;"Two year";113.83;0;60.12;0;6715.97
"CUST-9665";"Male";"1. Young Adult (18-30)";"South";22;"Monthly";49.89;0;66.17;1;1097.58
"CUST-9666";"Male";"3. Senior (51+)";"North";53;"Monthly";79.41;1;55.3;1;4208.73
"CUST-9667";"Female";"1. Young Adult (18-30)";"West";65;"Two year";47.51;0;55.95;0;3088.15
"CUST-9668";"Non-binary";"3. Senior (51+)";"West";48;"One year";75.58;0;95.71;0;3627.84
"CUST-9669";"Female";"2. Adult (31-50)";"North";66;"Monthly";69.26;3;54.86;0;4571.16
"CUST-9670";"Female";"3. Senior (51+)";"West";46;"Monthly";80.49;0;38.86;0;3702.54
"CUST-9671";"Male";"2. Adult (31-50)";"North";61;"Monthly";35.99;3;55.13;1;2195.39
"CUST-9672";"Male";"3. Senior (51+)";"West";61;"Two year";70.9;3;55.41;0;4324.9
"CUST-9673";"Female";"3. Senior (51+)";"North";69;"Two year";32.58;0;57.1;0;2248.02
"CUST-9674";"Male";"2. Adult (31-50)";"South";26;"Monthly";86.39;2;61.62;0;2246.14
"CUST-9675";"Male";"3. Senior (51+)";"West";55;"Monthly";86.73;3;75.37;0;4770.15
"CUST-9676";"Male";"3. Senior (51+)";"West";68;"One year";76.87;0;77.26;0;5227.16
"CUST-9677";"Male";"3. Senior (51+)";"East";60;"Monthly";59.21;0;57.22;0;3552.6
"CUST-9678";"Male";"2. Adult (31-50)";"South";12;"Two year";68.64;0;46.06;0;823.68
"CUST-9679";"Male";"2. Adult (31-50)";"North";40;"Monthly";110.49;1;54.99;1;4419.6
"CUST-9680";"Female";"3. Senior (51+)";"North";69;"One year";111.55;0;57.1;0;7696.95
"CUST-9681";"Male";"2. Adult (31-50)";"South";59;"One year";30.05;0;50.64;0;1772.95
"CUST-9682";"Female";"3. Senior (51+)";"West";31;"Monthly";56.09;0;56.23;0;1738.79
"CUST-9683";"Male";"1. Young Adult (18-30)";"North";71;"One year";31.57;0;86.32;0;2241.47
"CUST-9684";"Female";"3. Senior (51+)";"West";23;"One year";81.29;0;56.11;0;1869.67
"CUST-9685";"Male";"2. Adult (31-50)";"West";66;"Monthly";49.18;0;89.24;0;3245.88
"CUST-9686";"Male";"1. Young Adult (18-30)";"East";45;"One year";48.55;0;95.07;0;2184.75
"CUST-9687";"Female";"4. Unkownn/Missing";"South";0;"Monthly";92.68;4;19.25;0;0.0
"CUST-9688";"Male";"2. Adult (31-50)";"North";27;"Monthly";90.64;0;49.9;0;2447.28
"CUST-9689";"Non-binary";"2. Adult (31-50)";"West";34;"Two year";40.55;3;11.24;0;1378.7
"CUST-9690";"Male";"1. Young Adult (18-30)";"East";4;"One year";80.12;0;43.31;0;320.48
"CUST-9691";"Male";"2. Adult (31-50)";"North";39;"Monthly";43.97;0;59.64;0;1714.83
"CUST-9692";"Male";"3. Senior (51+)";"East";37;"Monthly";62.67;2;54.96;1;2318.79
"CUST-9693";"Female";"1. Young Adult (18-30)";"South";49;"Two year";47.36;1;54.7;0;2320.64
"CUST-9694";"Male";"3. Senior (51+)";"West";35;"One year";81.47;0;50.34;0;2851.45
"CUST-9695";"Non-binary";"3. Senior (51+)";"West";60;"Monthly";39.01;0;57.22;1;2340.6
"CUST-9696";"Female";"3. Senior (51+)";"North";28;"Monthly";37.21;0;48.21;0;1041.88
"CUST-9697";"Female";"3. Senior (51+)";"South";45;"Two year";117.26;1;86.45;0;5276.7
"CUST-9698";"Male";"1. Young Adult (18-30)";"South";56;"Monthly";119.3;1;95.24;1;6680.8
"CUST-9699";"Non-binary";"3. Senior (51+)";"East";70;"One year";56.82;1;33.22;1;3977.4
"CUST-9700";"Non-binary";"2. Adult (31-50)";"North";71;"Monthly";40.21;1;91.68;1;2854.91
"CUST-9701";"Male";"4. Unkownn/Missing";"North";55;"Two year";69.13;0;41.11;0;3802.15
"CUST-9702";"Male";"3. Senior (51+)";"West";13;"Monthly";54.18;3;56.82;1;704.34
"CUST-9703";"Male";"2. Adult (31-50)";"North";71;"Monthly";105.84;0;36.73;0;7514.64
"CUST-9704";"Non-binary";"3. Senior (51+)";"East";61;"Two year";23.27;3;97.47;0;1419.47
"CUST-9705";"Non-binary";"2. Adult (31-50)";"West";29;"Monthly";116.55;0;34.35;0;3379.95
"CUST-9706";"Non-binary";"4. Unkownn/Missing";"West";61;"One year";104.78;0;55.13;0;6391.58
"CUST-9707";"Non-binary";"3. Senior (51+)";"West";53;"Monthly";77.61;0;21.74;1;4113.33
"CUST-9708";"Male";"3. Senior (51+)";"North";35;"Monthly";41.9;3;52.3;0;1466.5
"CUST-9709";"Non-binary";"1. Young Adult (18-30)";"North";7;"Monthly";44.06;1;59.79;0;308.42
"CUST-9710";"Male";"3. Senior (51+)";"North";72;"Monthly";119.41;0;85.29;1;8597.52
"CUST-9711";"Female";"3. Senior (51+)";"East";57;"Monthly";93.22;1;66.38;0;5313.54
"CUST-9712";"Female";"1. Young Adult (18-30)";"North";56;"Monthly";117.27;1;63.17;1;6567.12
"CUST-9713";"Male";"2. Adult (31-50)";"North";1;"Monthly";75.0;9;39.39;1;75.0
"CUST-9714";"Female";"2. Adult (31-50)";"West";1;"One year";56.24;0;43.21;0;56.24
"CUST-9715";"Female";"3. Senior (51+)";"South";58;"One year";68.08;0;46.04;0;3948.64
"CUST-9716";"Female";"3. Senior (51+)";"North";10;"One year";94.39;1;41.72;0;943.9
"CUST-9717";"Male";"3. Senior (51+)";"West";20;"Monthly";94.99;0;53.01;1;1899.8
"CUST-9718";"Male";"3. Senior (51+)";"North";41;"One year";81.92;0;10.63;0;3358.72
"CUST-9719";"Male";"3. Senior (51+)";"West";43;"Monthly";94.28;0;53.15;0;4054.04
"CUST-9720";"Male";"3. Senior (51+)";"West";37;"Two year";79.48;0;54.96;0;2940.76
"CUST-9721";"Male";"3. Senior (51+)";"West";38;"Monthly";26.08;2;53.79;0;991.04
"CUST-9722";"Female";"3. Senior (51+)";"East";46;"Two year";103.09;0;51.24;0;4742.14
"CUST-9723";"Non-binary";"1. Young Adult (18-30)";"North";60;"Monthly";41.68;2;64.52;1;2500.8
"CUST-9724";"Female";"1. Young Adult (18-30)";"North";31;"Two year";26.67;0;96.59;0;826.77
"CUST-9725";"Male";"2. Adult (31-50)";"South";14;"Monthly";96.68;3;50.47;1;1353.52
"CUST-9726";"Male";"1. Young Adult (18-30)";"North";19;"Two year";79.47;0;76.71;0;1509.93
"CUST-9727";"Male";"4. Unkownn/Missing";"South";44;"Monthly";105.39;1;56.45;0;4637.16
"CUST-9728";"Female";"1. Young Adult (18-30)";"North";69;"Two year";105.7;0;66.12;1;7293.3
"CUST-9729";"Male";"3. Senior (51+)";"South";33;"Two year";105.68;1;54.53;0;3487.44
"CUST-9730";"Non-binary";"1. Young Adult (18-30)";"North";67;"Monthly";36.44;0;52.82;0;2441.48
"CUST-9731";"Female";"2. Adult (31-50)";"South";32;"One year";49.67;2;51.91;0;1589.44
"CUST-9732";"Non-binary";"1. Young Adult (18-30)";"South";12;"Two year";42.59;1;54.82;1;511.08
"CUST-9733";"Non-binary";"3. Senior (51+)";"East";62;"One year";104.86;0;52.93;0;6501.32
"CUST-9734";"Female";"2. Adult (31-50)";"North";4;"Monthly";109.79;0;43.31;1;439.16
"CUST-9735";"Female";"3. Senior (51+)";"South";8;"Monthly";88.44;3;73.28;0;707.52
"CUST-9736";"Male";"1. Young Adult (18-30)";"North";17;"One year";101.95;1;56.0;0;1733.15
"CUST-9737";"Male";"4. Unkownn/Missing";"South";54;"Monthly";57.71;3;78.71;1;3116.34
"CUST-9738";"Female";"1. Young Adult (18-30)";"West";21;"Two year";105.62;1;55.93;0;2218.02
"CUST-9739";"Non-binary";"3. Senior (51+)";"South";10;"Monthly";69.92;1;47.69;1;699.2
"CUST-9740";"Female";"3. Senior (51+)";"South";17;"One year";31.63;0;21.42;1;537.71
"CUST-9741";"Non-binary";"3. Senior (51+)";"West";50;"Monthly";44.78;0;54.57;1;2239.0
"CUST-9742";"Female";"3. Senior (51+)";"North";45;"Monthly";70.46;0;56.15;0;3170.7
"CUST-9743";"Female";"3. Senior (51+)";"West";58;"Monthly";106.63;2;79.82;1;6184.54
"CUST-9744";"Male";"2. Adult (31-50)";"East";26;"Monthly";46.26;0;61.62;1;1202.76
"CUST-9745";"Female";"3. Senior (51+)";"North";1;"One year";81.05;0;42.61;0;81.05
"CUST-9746";"Non-binary";"2. Adult (31-50)";"South";69;"Two year";35.3;0;95.57;0;2435.7
"CUST-9747";"Female";"2. Adult (31-50)";"West";42;"Monthly";23.21;1;58.5;1;974.82
"CUST-9748";"Non-binary";"3. Senior (51+)";"South";45;"Two year";79.79;1;56.4;0;3590.55
"CUST-9749";"Non-binary";"3. Senior (51+)";"West";36;"Monthly";73.07;0;10.74;0;2630.52
"CUST-9750";"Male";"4. Unkownn/Missing";"South";22;"Monthly";46.67;0;71.99;0;1026.74
"CUST-9751";"Female";"3. Senior (51+)";"North";27;"One year";115.76;0;49.9;1;3125.52
"CUST-9752";"Male";"2. Adult (31-50)";"West";21;"Monthly";84.84;1;55.93;0;1781.64
"CUST-9753";"Male";"4. Unkownn/Missing";"North";71;"One year";20.94;1;54.72;0;1486.74
"CUST-9754";"Non-binary";"1. Young Adult (18-30)";"East";21;"Two year";83.72;2;55.93;0;1758.12
"CUST-9755";"Non-binary";"3. Senior (51+)";"West";30;"Monthly";29.74;0;57.44;1;892.2
"CUST-9756";"Female";"2. Adult (31-50)";"West";5;"Two year";74.24;0;43.83;0;371.2
"CUST-9757";"Non-binary";"3. Senior (51+)";"East";23;"Monthly";63.81;6;16.3;1;1467.63
"CUST-9758";"Male";"2. Adult (31-50)";"South";49;"One year";75.27;0;54.7;0;3688.23
"CUST-9759";"Female";"2. Adult (31-50)";"North";71;"Two year";48.39;2;54.72;0;3435.69
"CUST-9760";"Non-binary";"3. Senior (51+)";"South";41;"One year";42.26;3;51.63;0;1732.66
"CUST-9761";"Male";"2. Adult (31-50)";"West";22;"Monthly";102.08;0;58.01;1;2245.76
"CUST-9762";"Male";"3. Senior (51+)";"West";44;"One year";76.74;1;41.66;0;3376.56
"CUST-9763";"Male";"2. Adult (31-50)";"South";19;"Monthly";62.47;0;55.11;1;1186.93
"CUST-9764";"Non-binary";"3. Senior (51+)";"West";12;"One year";74.2;0;69.82;0;890.4
"CUST-9765";"Male";"4. Unkownn/Missing";"East";17;"Two year";59.22;0;95.72;0;1006.74
"CUST-9766";"Male";"1. Young Adult (18-30)";"South";67;"One year";73.99;0;17.23;1;4957.33
"CUST-9767";"Female";"3. Senior (51+)";"North";72;"One year";27.24;0;54.68;0;1961.28
"CUST-9768";"Female";"3. Senior (51+)";"North";28;"One year";105.0;2;53.86;1;2940.0
"CUST-9769";"Non-binary";"1. Young Adult (18-30)";"North";3;"Monthly";77.94;0;19.29;1;233.82
"CUST-9770";"Female";"3. Senior (51+)";"North";72;"One year";70.09;2;40.69;0;5046.48
"CUST-9771";"Female";"3. Senior (51+)";"East";65;"One year";44.84;0;55.95;0;2914.6
"CUST-9772";"Male";"3. Senior (51+)";"South";62;"Monthly";94.86;1;52.93;0;5881.32
"CUST-9773";"Female";"4. Unkownn/Missing";"West";67;"Monthly";114.87;2;60.3;1;7696.29
"CUST-9774";"Male";"4. Unkownn/Missing";"West";2;"Monthly";85.5;6;25.47;1;171.0
"CUST-9775";"Male";"2. Adult (31-50)";"North";22;"Monthly";57.18;3;60.29;1;1257.96
"CUST-9776";"Non-binary";"3. Senior (51+)";"North";18;"One year";118.21;0;76.33;0;2127.78
"CUST-9777";"Female";"3. Senior (51+)";"West";48;"One year";54.2;0;59.96;1;2601.6
"CUST-9778";"Male";"3. Senior (51+)";"South";40;"One year";32.05;0;66.34;0;1282.0
"CUST-9779";"Female";"3. Senior (51+)";"North";68;"Monthly";20.4;1;78.28;1;1387.2
"CUST-9780";"Male";"3. Senior (51+)";"North";25;"One year";66.19;0;79.19;0;1654.75
"CUST-9781";"Female";"2. Adult (31-50)";"West";44;"One year";84.67;0;77.37;0;3725.48
"CUST-9782";"Female";"3. Senior (51+)";"North";4;"One year";45.84;0;43.31;0;183.36
"CUST-9783";"Female";"3. Senior (51+)";"North";3;"Two year";48.32;0;42.33;0;144.96
"CUST-9784";"Male";"2. Adult (31-50)";"East";57;"Monthly";118.76;0;50.23;1;6769.32
"CUST-9785";"Female";"3. Senior (51+)";"West";28;"Two year";31.43;0;35.37;0;880.04
"CUST-9786";"Female";"3. Senior (51+)";"North";71;"Monthly";37.81;0;54.72;1;2684.51
"CUST-9787";"Female";"1. Young Adult (18-30)";"East";54;"Monthly";26.32;0;41.44;0;1421.28
"CUST-9788";"Male";"1. Young Adult (18-30)";"North";4;"Monthly";54.29;0;5.100000000000001;1;217.16
"CUST-9789";"Non-binary";"3. Senior (51+)";"West";64;"One year";28.16;0;89.51;0;1802.24
"CUST-9790";"Female";"4. Unkownn/Missing";"South";50;"Monthly";88.69;0;54.57;1;4434.5
"CUST-9791";"Non-binary";"2. Adult (31-50)";"South";31;"Monthly";107.17;0;51.61;1;3322.27
"CUST-9792";"Male";"2. Adult (31-50)";"West";24;"One year";33.46;0;50.66;0;803.04
"CUST-9793";"Male";"2. Adult (31-50)";"North";67;"Monthly";55.66;0;71.9;0;3729.22
"CUST-9794";"Non-binary";"1. Young Adult (18-30)";"East";54;"Monthly";69.03;0;21.93;1;3727.62
"CUST-9795";"Female";"3. Senior (51+)";"West";47;"Monthly";106.34;0;52.58;0;4997.98
"CUST-9796";"Non-binary";"3. Senior (51+)";"North";54;"Monthly";92.35;0;84.99;1;4986.9
"CUST-9797";"Male";"2. Adult (31-50)";"West";4;"One year";51.48;3;43.31;0;205.92
"CUST-9798";"Non-binary";"2. Adult (31-50)";"North";63;"Monthly";53.09;0;47.01;1;3344.67
"CUST-9799";"Male";"1. Young Adult (18-30)";"West";33;"Monthly";61.26;0;85.24;1;2021.58
"CUST-9800";"Male";"2. Adult (31-50)";"West";43;"Two year";79.78;0;37.93;0;3430.54
"CUST-9801";"Male";"3. Senior (51+)";"South";46;"Monthly";56.72;0;28.77;1;2609.12
"CUST-9802";"Female";"2. Adult (31-50)";"North";47;"One year";51.65;0;52.58;0;2427.55
"CUST-9803";"Male";"1. Young Adult (18-30)";"North";60;"Monthly";104.22;1;57.22;1;6253.2
"CUST-9804";"Male";"3. Senior (51+)";"South";2;"Monthly";71.3;0;42.67;1;142.6
"CUST-9805";"Male";"3. Senior (51+)";"North";29;"Monthly";72.94;0;55.42;0;2115.26
"CUST-9806";"Non-binary";"3. Senior (51+)";"East";72;"Monthly";78.82;0;54.68;0;5675.04
"CUST-9807";"Female";"3. Senior (51+)";"North";30;"One year";101.43;1;48.62;0;3042.9
"CUST-9808";"Female";"2. Adult (31-50)";"North";12;"Two year";119.46;0;43.59;0;1433.52
"CUST-9809";"Female";"2. Adult (31-50)";"North";63;"Monthly";43.33;1;54.89;1;2729.79
"CUST-9810";"Male";"2. Adult (31-50)";"West";11;"Monthly";81.51;3;82.11;0;896.61
"CUST-9811";"Female";"1. Young Adult (18-30)";"North";41;"Two year";25.78;10;33.53;1;1056.98
"CUST-9812";"Non-binary";"3. Senior (51+)";"North";65;"Monthly";83.35;0;79.08;1;5417.75
"CUST-9813";"Male";"3. Senior (51+)";"South";47;"One year";107.19;3;52.58;0;5037.93
"CUST-9814";"Non-binary";"3. Senior (51+)";"South";72;"One year";46.35;3;98.37;0;3337.2
"CUST-9815";"Male";"2. Adult (31-50)";"West";5;"Monthly";116.81;2;39.54;1;584.05
"CUST-9816";"Non-binary";"1. Young Adult (18-30)";"West";33;"Monthly";45.51;0;54.53;1;1501.83
"CUST-9817";"Male";"1. Young Adult (18-30)";"West";50;"Monthly";110.31;0;54.57;1;5515.5
"CUST-9818";"Female";"3. Senior (51+)";"South";24;"Two year";112.99;0;50.66;0;2711.76
"CUST-9819";"Female";"2. Adult (31-50)";"South";0;"Monthly";115.61;0;44.44;1;0.0
"CUST-9820";"Non-binary";"1. Young Adult (18-30)";"North";55;"Monthly";78.34;0;56.08;1;4308.7
"CUST-9821";"Male";"3. Senior (51+)";"West";16;"Monthly";116.97;0;86.9;1;1871.52
"CUST-9822";"Female";"3. Senior (51+)";"North";9;"Monthly";20.22;0;58.05;0;181.98
"CUST-9823";"Non-binary";"3. Senior (51+)";"West";21;"One year";37.79;0;20.58;0;793.59
"CUST-9824";"Female";"2. Adult (31-50)";"North";57;"Monthly";58.24;0;58.76;0;3319.68
"CUST-9825";"Female";"2. Adult (31-50)";"West";69;"Monthly";107.31;0;57.1;0;7404.39
"CUST-9826";"Female";"2. Adult (31-50)";"South";23;"Two year";108.28;0;49.03;0;2490.44
"CUST-9827";"Female";"3. Senior (51+)";"North";65;"Monthly";111.62;1;55.95;0;7255.3
"CUST-9828";"Female";"2. Adult (31-50)";"North";27;"Two year";46.87;0;49.9;0;1265.49
"CUST-9829";"Female";"2. Adult (31-50)";"West";38;"Monthly";30.65;0;53.79;0;1164.7
"CUST-9830";"Female";"2. Adult (31-50)";"North";32;"One year";59.59;0;51.91;0;1906.88
"CUST-9831";"Male";"1. Young Adult (18-30)";"West";57;"One year";41.11;0;33.47;0;2343.27
"CUST-9832";"Male";"3. Senior (51+)";"South";16;"Two year";107.88;0;57.1;0;1726.08
"CUST-9833";"Female";"1. Young Adult (18-30)";"North";43;"One year";111.41;0;53.15;1;4790.63
"CUST-9834";"Female";"2. Adult (31-50)";"West";37;"Monthly";89.41;1;54.96;1;3308.17
"CUST-9835";"Female";"3. Senior (51+)";"West";24;"One year";94.75;2;59.51;0;2274.0
"CUST-9836";"Non-binary";"3. Senior (51+)";"North";64;"Monthly";111.81;0;74.17;0;7155.84
"CUST-9837";"Male";"2. Adult (31-50)";"East";3;"Monthly";64.19;0;42.33;0;192.57
"CUST-9838";"Male";"2. Adult (31-50)";"East";44;"Two year";40.21;0;96.81;0;1769.24
"CUST-9839";"Male";"2. Adult (31-50)";"West";48;"Monthly";35.91;6;13.85;1;1723.68
"CUST-9840";"Female";"1. Young Adult (18-30)";"West";29;"Monthly";79.63;0;70.11;0;2309.27
"CUST-9841";"Male";"3. Senior (51+)";"West";6;"Monthly";109.92;5;32.63;1;659.52
"CUST-9842";"Female";"1. Young Adult (18-30)";"South";71;"Monthly";27.43;0;15.89;0;1947.53
"CUST-9843";"Male";"2. Adult (31-50)";"North";40;"Monthly";71.33;0;54.99;1;2853.2
"CUST-9844";"Male";"1. Young Adult (18-30)";"East";72;"Monthly";39.01;1;54.68;0;2808.72
"CUST-9845";"Male";"2. Adult (31-50)";"East";62;"Two year";38.0;0;99.71;0;2356.0
"CUST-9846";"Non-binary";"2. Adult (31-50)";"West";33;"One year";63.67;0;54.53;0;2101.11
"CUST-9847";"Non-binary";"3. Senior (51+)";"West";2;"Two year";108.42;1;42.67;0;216.84
"CUST-9848";"Female";"2. Adult (31-50)";"North";71;"Two year";73.36;0;92.87;0;5208.56
"CUST-9849";"Non-binary";"2. Adult (31-50)";"North";36;"Monthly";38.27;0;49.46;0;1377.72
"CUST-9850";"Female";"3. Senior (51+)";"South";10;"Monthly";37.46;3;47.69;1;374.6
"CUST-9851";"Male";"3. Senior (51+)";"North";19;"Monthly";71.36;0;55.11;1;1355.84
"CUST-9852";"Non-binary";"3. Senior (51+)";"North";61;"Monthly";109.05;0;55.13;0;6652.05
"CUST-9853";"Non-binary";"2. Adult (31-50)";"West";8;"One year";109.37;0;51.19;0;874.96
"CUST-9854";"Female";"3. Senior (51+)";"East";50;"One year";105.76;0;54.57;0;5288.0
"CUST-9855";"Female";"3. Senior (51+)";"East";55;"One year";111.65;6;28.65;1;6140.75
"CUST-9856";"Non-binary";"3. Senior (51+)";"West";5;"One year";32.82;3;39.54;0;164.1
"CUST-9857";"Non-binary";"3. Senior (51+)";"North";15;"Monthly";79.22;0;53.77;1;1188.3
"CUST-9858";"Male";"1. Young Adult (18-30)";"South";0;"Monthly";60.73;1;67.71;0;0.0
"CUST-9859";"Female";"2. Adult (31-50)";"South";29;"Two year";22.26;0;95.32;0;645.54
"CUST-9860";"Male";"2. Adult (31-50)";"South";0;"Two year";66.49;0;0.5399999999999991;0;0.0
"CUST-9861";"Male";"2. Adult (31-50)";"East";8;"Monthly";65.53;0;82.05;0;524.24
"CUST-9862";"Male";"2. Adult (31-50)";"West";40;"Two year";111.48;0;40.47;0;4459.2
"CUST-9863";"Male";"2. Adult (31-50)";"North";50;"One year";113.56;0;54.57;0;5678.0
"CUST-9864";"Female";"3. Senior (51+)";"West";3;"Monthly";27.1;0;46.56;0;81.3
"CUST-9865";"Female";"2. Adult (31-50)";"North";10;"Two year";114.76;10;18.01;0;1147.6
"CUST-9866";"Male";"2. Adult (31-50)";"South";40;"One year";93.71;2;60.13;0;3748.4
"CUST-9867";"Male";"1. Young Adult (18-30)";"West";23;"Monthly";49.44;0;56.11;0;1137.12
"CUST-9868";"Female";"3. Senior (51+)";"South";10;"Two year";74.98;0;23.67;0;749.8
"CUST-9869";"Male";"3. Senior (51+)";"West";6;"Monthly";109.81;0;35.25;0;658.86
"CUST-9870";"Male";"2. Adult (31-50)";"East";66;"One year";52.36;0;54.86;1;3455.76
"CUST-9871";"Female";"2. Adult (31-50)";"North";41;"One year";38.21;0;51.63;1;1566.61
"CUST-9872";"Non-binary";"1. Young Adult (18-30)";"North";18;"One year";105.65;1;51.92;0;1901.7
"CUST-9873";"Non-binary";"2. Adult (31-50)";"South";36;"Two year";76.65;0;49.15;0;2759.4
"CUST-9874";"Male";"2. Adult (31-50)";"West";29;"Monthly";37.87;0;75.89;1;1098.23
"CUST-9875";"Male";"2. Adult (31-50)";"East";43;"Monthly";114.72;0;53.15;1;4932.96
"CUST-9876";"Male";"2. Adult (31-50)";"East";10;"Two year";111.82;1;91.43;0;1118.2
"CUST-9877";"Female";"3. Senior (51+)";"West";50;"Monthly";78.11;2;54.57;1;3905.5
"CUST-9878";"Male";"3. Senior (51+)";"South";39;"One year";109.39;0;59.64;0;4266.21
"CUST-9879";"Non-binary";"3. Senior (51+)";"West";25;"Monthly";95.35;0;95.04;1;2383.75
"CUST-9880";"Non-binary";"3. Senior (51+)";"East";28;"Monthly";69.53;0;53.86;0;1946.84
"CUST-9881";"Male";"2. Adult (31-50)";"West";17;"Monthly";115.6;0;53.18;1;1965.2
"CUST-9882";"Female";"3. Senior (51+)";"North";71;"Monthly";42.12;1;54.72;0;2990.52
"CUST-9883";"Non-binary";"3. Senior (51+)";"South";40;"Two year";26.02;3;54.99;1;1040.8
"CUST-9884";"Female";"2. Adult (31-50)";"South";28;"Monthly";75.88;2;53.86;0;2124.64
"CUST-9885";"Non-binary";"2. Adult (31-50)";"West";35;"Monthly";80.11;2;88.12;0;2803.85
"CUST-9886";"Female";"1. Young Adult (18-30)";"West";5;"Monthly";61.63;0;69.3;0;308.15
"CUST-9887";"Female";"2. Adult (31-50)";"North";58;"Monthly";115.36;0;56.15;1;6690.88
"CUST-9888";"Female";"3. Senior (51+)";"West";17;"Monthly";87.4;0;56.0;1;1485.8
"CUST-9889";"Male";"3. Senior (51+)";"South";3;"Monthly";76.14;0;4.079999999999998;0;228.42
"CUST-9890";"Male";"3. Senior (51+)";"South";53;"Monthly";70.9;0;12.09;0;3757.7
"CUST-9891";"Female";"1. Young Adult (18-30)";"North";59;"One year";54.02;0;50.64;1;3187.18
"CUST-9892";"Male";"3. Senior (51+)";"West";33;"Monthly";60.52;0;54.53;1;1997.16
"CUST-9893";"Male";"3. Senior (51+)";"North";6;"Two year";62.37;0;30.98;1;374.22
"CUST-9894";"Male";"3. Senior (51+)";"North";48;"Monthly";96.76;2;59.96;0;4644.48
"CUST-9895";"Male";"2. Adult (31-50)";"West";17;"Two year";104.46;1;56.0;1;1775.82
"CUST-9896";"Female";"4. Unkownn/Missing";"West";41;"Two year";105.89;1;51.63;0;4341.49
"CUST-9897";"Female";"3. Senior (51+)";"North";29;"Monthly";95.54;0;55.42;1;2770.66
"CUST-9898";"Male";"1. Young Adult (18-30)";"West";8;"Two year";99.72;0;41.6;0;797.76
"CUST-9899";"Male";"3. Senior (51+)";"South";44;"Monthly";31.25;1;49.28;0;1375.0
"CUST-9900";"Non-binary";"2. Adult (31-50)";"West";49;"One year";108.23;3;54.7;0;5303.27
"CUST-9901";"Male";"3. Senior (51+)";"North";52;"Monthly";23.4;3;54.79;1;1216.8
"CUST-9902";"Female";"2. Adult (31-50)";"South";4;"Monthly";116.04;0;43.31;1;464.16
"CUST-9903";"Non-binary";"3. Senior (51+)";"North";70;"Monthly";30.7;10;16.67;1;2149.0
"CUST-9904";"Male";"3. Senior (51+)";"North";42;"Monthly";93.45;0;58.5;0;3924.9
"CUST-9905";"Non-binary";"1. Young Adult (18-30)";"South";65;"Monthly";100.29;1;55.95;0;6518.85
"CUST-9906";"Non-binary";"2. Adult (31-50)";"South";41;"One year";72.2;0;51.63;1;2960.2
"CUST-9907";"Male";"2. Adult (31-50)";"South";46;"Monthly";67.54;0;55.99;0;3106.84
"CUST-9908";"Non-binary";"2. Adult (31-50)";"West";18;"Monthly";78.35;0;18.22;1;1410.3
"CUST-9909";"Non-binary";"2. Adult (31-50)";"South";6;"Monthly";82.81;0;93.6;0;496.86
"CUST-9910";"Male";"1. Young Adult (18-30)";"North";49;"Monthly";110.22;0;54.7;0;5400.78
"CUST-9911";"Non-binary";"3. Senior (51+)";"North";50;"Two year";61.67;0;16.58;0;3083.5
"CUST-9912";"Non-binary";"2. Adult (31-50)";"West";42;"Monthly";72.67;3;87.02;0;3052.14
"CUST-9913";"Male";"1. Young Adult (18-30)";"West";50;"One year";44.7;0;54.57;1;2235.0
"CUST-9914";"Female";"3. Senior (51+)";"North";17;"One year";104.82;0;56.0;0;1781.94
"CUST-9915";"Male";"3. Senior (51+)";"North";59;"One year";75.89;0;96.97;1;4477.51
"CUST-9916";"Non-binary";"2. Adult (31-50)";"South";29;"Two year";77.61;1;55.42;0;2250.69
"CUST-9917";"Female";"2. Adult (31-50)";"South";27;"One year";57.9;1;61.73;0;1563.3
"CUST-9918";"Male";"2. Adult (31-50)";"North";23;"One year";37.16;0;79.0;0;854.68
"CUST-9919";"Male";"3. Senior (51+)";"North";18;"Two year";50.22;0;69.19;0;903.96
"CUST-9920";"Male";"2. Adult (31-50)";"North";43;"One year";37.67;3;53.15;0;1619.81
"CUST-9921";"Male";"3. Senior (51+)";"West";47;"One year";34.41;1;52.58;0;1617.27
"CUST-9922";"Female";"3. Senior (51+)";"West";32;"Two year";115.78;0;51.91;1;3704.96
"CUST-9923";"Male";"3. Senior (51+)";"South";68;"Monthly";73.61;1;57.81;0;5005.48
"CUST-9924";"Non-binary";"3. Senior (51+)";"South";69;"One year";83.25;1;18.42;0;5744.25
"CUST-9925";"Non-binary";"2. Adult (31-50)";"West";60;"One year";23.65;0;65.82;0;1419.0
"CUST-9926";"Male";"1. Young Adult (18-30)";"South";51;"One year";113.08;1;96.67;0;5767.08
"CUST-9927";"Female";"3. Senior (51+)";"West";63;"Two year";59.91;2;29.31;0;3774.33
"CUST-9928";"Male";"1. Young Adult (18-30)";"West";17;"One year";109.58;0;34.51;0;1862.86
"CUST-9929";"Female";"2. Adult (31-50)";"West";46;"Monthly";89.94;0;51.24;0;4137.24
"CUST-9930";"Female";"4. Unkownn/Missing";"South";23;"Monthly";26.97;0;56.11;0;620.31
"CUST-9931";"Male";"2. Adult (31-50)";"North";68;"One year";116.48;3;86.62;1;7920.64
"CUST-9932";"Male";"2. Adult (31-50)";"West";64;"Monthly";100.33;2;49.79;1;6421.12
"CUST-9933";"Female";"3. Senior (51+)";"West";65;"One year";106.21;0;94.72;0;6903.65
"CUST-9934";"Female";"1. Young Adult (18-30)";"West";72;"Two year";117.02;0;69.89;1;8425.44
"CUST-9935";"Non-binary";"2. Adult (31-50)";"South";4;"Monthly";61.25;0;55.53;1;245.0
"CUST-9936";"Female";"1. Young Adult (18-30)";"West";17;"One year";81.64;1;50.32;0;1387.88
"CUST-9937";"Female";"2. Adult (31-50)";"East";57;"One year";106.1;0;58.76;1;6047.7
"CUST-9938";"Non-binary";"4. Unkownn/Missing";"South";64;"Monthly";88.5;0;22.55;0;5664.0
"CUST-9939";"Male";"3. Senior (51+)";"North";64;"Two year";29.55;2;44.23;0;1891.2
"CUST-9940";"Non-binary";"4. Unkownn/Missing";"South";67;"Monthly";112.86;0;52.82;0;7561.62
"CUST-9941";"Male";"3. Senior (51+)";"West";23;"Monthly";96.16;0;56.11;0;2211.68
"CUST-9942";"Male";"3. Senior (51+)";"West";22;"One year";113.71;0;43.45;1;2501.62
"CUST-9943";"Non-binary";"3. Senior (51+)";"South";33;"Two year";69.71;3;79.96;0;2300.43
"CUST-9944";"Non-binary";"3. Senior (51+)";"East";59;"Monthly";29.09;0;25.08;1;1716.31
"CUST-9945";"Female";"2. Adult (31-50)";"West";43;"Monthly";75.03;0;64.24;0;3226.29
"CUST-9946";"Male";"1. Young Adult (18-30)";"East";28;"Monthly";35.55;1;25.41;1;995.4
"CUST-9947";"Non-binary";"3. Senior (51+)";"North";61;"Monthly";34.58;1;47.32;1;2109.38
"CUST-9948";"Non-binary";"3. Senior (51+)";"East";16;"Two year";99.95;1;79.32;1;1599.2
"CUST-9949";"Non-binary";"3. Senior (51+)";"South";62;"Two year";107.43;0;73.62;0;6660.66
"CUST-9950";"Non-binary";"3. Senior (51+)";"South";29;"Monthly";52.22;0;75.67;0;1514.38
"CUST-9951";"Female";"3. Senior (51+)";"North";53;"One year";73.35;3;55.3;0;3887.55
"CUST-9952";"Non-binary";"3. Senior (51+)";"South";60;"Two year";113.14;6;38.51;1;6788.4
"CUST-9953";"Non-binary";"2. Adult (31-50)";"West";63;"Monthly";34.66;0;31.19;0;2183.58
"CUST-9954";"Female";"3. Senior (51+)";"North";3;"One year";46.04;0;14.23;0;138.12
"CUST-9955";"Male";"2. Adult (31-50)";"East";50;"One year";94.77;2;94.6;0;4738.5
"CUST-9956";"Female";"3. Senior (51+)";"South";17;"Monthly";118.73;0;56.0;0;2018.41
"CUST-9957";"Female";"1. Young Adult (18-30)";"North";49;"One year";34.44;8;22.05;0;1687.56
"CUST-9958";"Female";"2. Adult (31-50)";"East";44;"Monthly";20.58;0;56.45;0;905.52
"CUST-9959";"Non-binary";"3. Senior (51+)";"East";51;"Monthly";40.23;3;57.9;1;2051.73
"CUST-9960";"Non-binary";"3. Senior (51+)";"South";53;"Monthly";52.27;0;44.69;0;2770.31
"CUST-9961";"Male";"1. Young Adult (18-30)";"North";52;"Two year";86.69;0;85.73;0;4507.88
"CUST-9962";"Male";"3. Senior (51+)";"East";27;"Monthly";83.68;0;79.05;0;2259.36
"CUST-9963";"Male";"1. Young Adult (18-30)";"North";51;"Monthly";82.47;1;67.53;1;4205.97
"CUST-9964";"Female";"3. Senior (51+)";"South";6;"Monthly";114.81;0;55.94;1;688.86
"CUST-9965";"Male";"2. Adult (31-50)";"South";61;"One year";64.37;10;16.45;1;3926.57
"CUST-9966";"Male";"1. Young Adult (18-30)";"North";7;"Monthly";55.44;0;65.27;0;388.08
"CUST-9967";"Male";"2. Adult (31-50)";"West";53;"Monthly";21.67;0;54.86;0;1148.51
"CUST-9968";"Non-binary";"3. Senior (51+)";"East";70;"One year";101.39;3;58.23;1;7097.3
"CUST-9969";"Male";"3. Senior (51+)";"East";43;"One year";73.09;0;42.33;0;3142.87
"CUST-9970";"Non-binary";"3. Senior (51+)";"North";3;"Two year";117.49;0;42.33;0;352.47
"CUST-9971";"Male";"3. Senior (51+)";"West";71;"One year";53.0;0;86.86;0;3763.0
"CUST-9972";"Male";"3. Senior (51+)";"North";52;"Monthly";73.74;0;57.75;0;3834.48
"CUST-9973";"Male";"1. Young Adult (18-30)";"North";8;"Monthly";44.43;0;49.67;1;355.44
"CUST-9974";"Male";"2. Adult (31-50)";"South";62;"One year";97.16;10;22.46;1;6023.92
"CUST-9975";"Male";"4. Unkownn/Missing";"North";3;"One year";72.43;0;3.3599999999999994;1;217.29
"CUST-9976";"Male";"3. Senior (51+)";"North";36;"Two year";49.85;2;49.15;0;1794.6
"CUST-9977";"Male";"1. Young Adult (18-30)";"West";11;"Monthly";38.51;0;58.7;1;423.61
"CUST-9978";"Non-binary";"3. Senior (51+)";"West";9;"One year";50.09;2;58.05;0;450.81
"CUST-9979";"Female";"3. Senior (51+)";"South";55;"Monthly";113.57;0;78.49;1;6246.35
"CUST-9980";"Female";"3. Senior (51+)";"North";40;"Monthly";118.36;0;54.99;0;4734.4
"CUST-9981";"Non-binary";"3. Senior (51+)";"North";12;"Monthly";116.74;2;77.8;1;1400.88
"CUST-9982";"Female";"4. Unkownn/Missing";"South";53;"Two year";24.89;0;34.01;0;1319.17
"CUST-9983";"Male";"3. Senior (51+)";"North";21;"One year";116.13;0;56.75;1;2438.73
"CUST-9984";"Female";"3. Senior (51+)";"South";22;"One year";34.98;0;45.99;0;769.56
"CUST-9985";"Female";"3. Senior (51+)";"North";32;"One year";30.1;0;38.22;0;963.2
"CUST-9986";"Non-binary";"2. Adult (31-50)";"South";7;"Two year";68.59;1;72.93;0;480.13
"CUST-9987";"Non-binary";"3. Senior (51+)";"South";17;"Monthly";28.86;0;56.0;0;490.62
"CUST-9988";"Non-binary";"2. Adult (31-50)";"South";70;"Monthly";113.22;0;38.28;1;7925.4
"CUST-9989";"Female";"3. Senior (51+)";"North";44;"One year";81.46;1;56.45;0;3584.24
"CUST-9990";"Non-binary";"3. Senior (51+)";"West";9;"Monthly";41.17;2;58.05;0;370.53
"CUST-9991";"Male";"1. Young Adult (18-30)";"North";47;"Monthly";96.86;1;52.58;0;4552.42
"CUST-9992";"Male";"2. Adult (31-50)";"North";52;"Monthly";87.75;3;54.79;0;4563.0
"CUST-9993";"Female";"2. Adult (31-50)";"South";17;"One year";61.79;2;98.5;0;1050.43
"CUST-9994";"Male";"4. Unkownn/Missing";"West";69;"One year";100.23;0;21.76;1;6915.87
"CUST-9995";"Female";"3. Senior (51+)";"East";33;"Two year";51.02;7;23.93;0;1683.66
"CUST-9996";"Non-binary";"2. Adult (31-50)";"South";36;"One year";44.58;0;49.15;0;1604.88
"CUST-9997";"Male";"3. Senior (51+)";"North";71;"One year";102.65;0;54.72;0;7288.15
"CUST-9998";"Male";"2. Adult (31-50)";"South";33;"Monthly";71.82;0;71.95;0;2370.06
"CUST-9999";"Female";"2. Adult (31-50)";"North";8;"Monthly";96.22;0;56.44;1;769.76
