CustomerID,Gender,Age,Geography,Tenure,Contract,MonthlyCharges,SupportTickets,UsageScore,Churn,TotalCharges
CUST-9707,non-binary,55,West,53,m2m,77.61,,21.74,1,"$4,113.33"
CUST-8078,M,46,South,23,Month-to-month,47.99,3.0,,0,"$1,103.77"
CUST-2450,Female,76,South,7,Month-to-month,30.82,,63.59,0,$215.74
CUST-4764,Male,75,North,29,One year,101.54,,28.22,0,"$2,944.66"
CUST-8634,M,250,North,0,m2m,63.42,,,1,$0.0
CUST-6307,M,52,North,17,m2m,93.52,2.0,,1,"$1,589.84"
CUST-8474,F,56,North,42,Month-to-month,45.67,,,0,"$1,918.14"
CUST-2709,Male,50,East,35,1yr,34.65,,,0,"$1,212.75"
CUST-3540,Male,250,East,70,Two year,20.34,,18.63,0,"$1,423.8"
CUST-9573,F,45,North,28,One year,78.13,,16.39,0,"$2,187.64"
CUST-3146,F,44,North,5,Two year,58.68,2.0,0.0,1,$293.4
CUST-9448,M,79,East,36,Month-to-month,74.06,,,0,"$2,666.16"
CUST-3895,Male,53,East,1,m2m,97.94,,7.600000000000001,1,$97.94
CUST-5442,M,53,North,67,Month-to-month,92.14,,74.66,1,"$6,173.38"
CUST-1617,Female,18,South,53,Month-to-month,45.9,0.0,,0,"$2,432.7"
CUST-8642,non-binary,20,West,71,m2m,56.11,,73.59,1,"$3,983.81"
CUST-2735,non-binary,75,East,41,Month-to-month,24.95,,,0,"$1,022.95"
CUST-2787,non-binary,63,East,30,m2m,21.24,,41.11,0,$637.2
CUST-7959,M,77,West,30,Month-to-month,29.05,,79.12,0,$871.5
CUST-2268,Female,79,South,4,m2m,93.15,,,0,$372.6
CUST-1307,Male,51,West,51,One year,56.89,2.0,,0,"$2,901.39"
CUST-6900,F,62,South,39,One year,52.04,,28.48,0,"$2,029.56"
CUST-7383,Male,42,South,11,Two year,117.3,0.0,60.98,0,"$1,290.3"
CUST-4487,non-binary,25,South,1,One year,45.75,,71.76,0,$45.75
CUST-5702,F,37,South,22,Two year,42.6,3.0,85.96,0,$937.2
CUST-10277,non-binary,31,North,21,Month-to-month,24.45,,85.37,0,$513.45
CUST-7299,M,70,North,4,m2m,50.36,,,1,$201.44
CUST-8817,F,26,South,16,Month-to-month,63.37,,33.73,1,"$1,013.92"
CUST-7457,Female,69,East,54,Two year,109.48,,50.32,0,"$5,911.92"
CUST-8393,Male,32,North,3,Month-to-month,82.57,,0.0,1,$247.71
CUST-7316,F,74,South,39,Month-to-month,80.42,2.0,44.36,0,"$3,136.38"
CUST-1542,non-binary,31,North,70,One year,51.67,,70.32,0,"$3,616.9"
CUST-4763,Male,54,North,64,One year,119.44,,17.96,1,"$7,644.16"
CUST-9211,Female,23,North,68,Month-to-month,20.66,3.0,,1,"$1,404.88"
CUST-10742,Female,44,North,72,m2m,57.26,3.0,,1,"$4,122.72"
CUST-5337,M,72,South,34,Two year,52.57,,,0,"$1,787.38"
CUST-9094,M,24,West,72,Month-to-month,48.99,,,0,"$3,527.28"
CUST-4675,M,35,West,7,Month-to-month,61.45,1.0,45.81,0,$430.15
CUST-7854,F,250,North,58,Two year,104.6,,28.06,1,"$6,066.8"
CUST-3544,M,34,West,34,1yr,59.21,,,0,"$2,013.14"
CUST-10066,M,23,North,55,Month-to-month,49.69,,24.83,0,"$2,732.95"
CUST-4964,non-binary,30,North,6,Month-to-month,73.48,,,0,$440.88
CUST-9801,M,69,South,46,Month-to-month,56.72,,28.77,1,"$2,609.12"
CUST-4483,Female,66,South,3,Month-to-month,44.7,0.0,,1,$134.1
CUST-5002,Female,40,North,12,m2m,107.87,,61.39,0,"$1,294.44"
CUST-9764,non-binary,65,West,12,One year,74.2,,69.82,0,$890.4
CUST-10080,F,72,South,57,One year,59.58,2.0,,0,"$3,396.06"
CUST-4299,M,-5,South,22,1yr,62.14,2.0,,0,"$1,367.08"
CUST-7343,Female,40,West,3,Month-to-month,20.59,5.0,10.489999999999998,1,$61.77
CUST-1089,M,63,East,52,Month-to-month,113.13,0.0,,1,"$5,882.76"
CUST-5860,non-binary,250,South,61,Two year,78.48,,83.16,0,"$4,787.28"
CUST-8220,F,47,South,16,Two year,74.72,,,0,"$1,195.52"
CUST-6453,Female,65,North,56,Month-to-month,64.46,,,0,"$3,609.76"
CUST-10900,F,42,North,37,One year,54.53,3.0,83.56,0,"$2,017.61"
CUST-7675,Male,78,North,46,Month-to-month,62.94,2.0,,0,"$2,895.24"
CUST-4499,Female,42,South,1,Two year,99.91,,29.18,0,$99.91
CUST-6086,M,54,South,26,Month-to-month,67.79,3.0,,1,"$1,762.54"
CUST-4167,M,23,South,17,Month-to-month,47.24,,91.1,0,$803.08
CUST-7132,non-binary,33,South,69,Month-to-month,47.88,,,1,"$3,303.72"
CUST-6258,F,33,North,15,One year,83.93,,67.17,0,"$1,258.95"
CUST-7373,non-binary,26,West,15,Two year,46.18,,,1,$692.7
CUST-10754,M,67,East,63,One year,31.39,3.0,,1,"$1,977.57"
CUST-5751,F,19,South,22,Two year,39.67,3.0,90.64,0,$872.74
CUST-3501,M,23,North,18,Month-to-month,96.89,,,0,"$1,744.02"
CUST-2840,Female,65,South,26,Two year,86.39,0.0,,0,"$2,246.14"
CUST-5556,Female,77,North,12,Two year,96.95,2.0,,0,"$1,163.4"
CUST-4565,Female,68,West,55,One year,77.95,,,0,"$4,287.25"
CUST-3883,M,65,North,13,Month-to-month,58.75,,,1,$763.75
CUST-6196,M,25,West,64,Month-to-month,76.43,1.0,,0,"$4,891.52"
CUST-5016,Male,63,East,67,Month-to-month,106.36,1.0,,1,"$7,126.12"
CUST-7789,non-binary,52,West,9,Month-to-month,61.03,,66.18,0,$549.27
CUST-3025,F,41,East,54,One year,103.75,,,0,"$5,602.5"
CUST-5736,Female,57,North,1,One year,87.85,1.0,,0,$87.85
CUST-3720,Female,45,North,30,One year,83.94,3.0,,0,"$2,518.2"
CUST-5163,non-binary,76,East,31,m2m,79.12,,,1,"$2,452.72"
CUST-9794,non-binary,28,East,54,Month-to-month,69.03,0.0,21.93,1,"$3,727.62"
CUST-10287,non-binary,77,North,61,Month-to-month,25.71,1.0,,0,"$1,568.31"
CUST-5660,non-binary,67,North,25,Month-to-month,87.47,1.0,58.61,0,"$2,186.75"
CUST-5576,F,56,East,32,Month-to-month,84.77,,,1,"$2,712.64"
CUST-3323,non-binary,74,North,46,Month-to-month,31.54,,,1,"$1,450.84"
CUST-9108,non-binary,56,South,22,Month-to-month,94.08,,,0,"$2,069.76"
CUST-10433,Female,50,West,72,Month-to-month,112.33,,81.43,1,"$8,087.76"
CUST-2686,Male,57,West,18,Two year,82.92,2.0,,0,"$1,492.56"
CUST-7001,M,68,South,43,m2m,36.34,2.0,,1,"$1,562.62"
CUST-6824,F,31,North,26,Two year,99.61,2.0,,0,"$2,589.86"
CUST-4630,Male,65,West,1,Month-to-month,103.62,0.0,,0,$103.62
CUST-3021,M,26,North,43,One year,75.81,,92.32,0,"$3,259.83"
CUST-10966,F,79,East,54,One year,37.4,,,0,"$2,019.6"
CUST-8906,F,-5,North,27,1yr,33.7,2.0,,0,$909.9
CUST-10910,M,52,North,1,Month-to-month,32.55,,81.07,0,$32.55
CUST-3349,F,250,South,41,Month-to-month,27.68,3.0,49.68,0,"$1,134.88"
CUST-1333,Male,24,East,42,Month-to-month,71.02,2.0,57.27,0,"$2,982.84"
CUST-4050,Male,40,South,58,m2m,100.23,,,1,"$5,813.34"
CUST-3291,F,46,North,27,Month-to-month,38.08,1.0,64.41,1,"$1,028.16"
CUST-10212,non-binary,56,North,63,1yr,49.0,,,0,"$3,087.0"
CUST-6361,F,27,West,32,Month-to-month,56.79,,,0,"$1,817.28"
CUST-7668,non-binary,20,West,28,1yr,98.15,,73.98,0,"$2,748.2"
CUST-9101,F,60,East,58,Month-to-month,78.49,,10.43,0,"$4,552.42"
CUST-8324,Female,62,North,62,Month-to-month,71.08,3.0,,0,"$4,406.96"
CUST-6817,M,60,North,63,Month-to-month,106.4,3.0,67.26,1,"$6,703.2"
CUST-4326,M,37,West,15,One year,85.71,,50.12,0,"$1,285.65"
CUST-3433,Male,250,West,24,m2m,44.89,2.0,65.1,1,"$1,077.36"
CUST-9345,Male,58,South,0,Month-to-month,82.23,0.0,42.86,0,$0.0
CUST-4748,non-binary,24,North,4,Month-to-month,115.55,2.0,,0,$462.2
CUST-7123,non-binary,32,East,15,Month-to-month,50.83,2.0,77.86,1,$762.45
CUST-6956,M,62,South,49,Two year,88.93,,97.66,1,"$4,357.57"
CUST-10780,Male,72,North,5,2yr,101.93,,4.43,1,$509.65
CUST-4361,Female,46,East,19,Month-to-month,29.6,,,0,$562.4
CUST-10023,Male,34,East,52,Month-to-month,93.53,1.0,,1,"$4,863.56"
CUST-1890,F,28,West,23,Two year,24.53,1.0,,0,$564.19
CUST-6410,F,71,West,64,Month-to-month,75.35,6.0,26.05,1,"$4,822.4"
CUST-2212,Male,41,South,51,One year,77.25,,,0,"$3,939.75"
CUST-8933,F,46,West,41,2yr,85.06,,,1,"$3,487.46"
CUST-4522,Male,22,South,36,Month-to-month,61.88,,,1,"$2,227.68"
CUST-8659,Female,51,North,40,One year,98.89,,34.18,0,"$3,955.6"
CUST-2688,Female,56,South,72,2yr,35.91,2.0,75.1,1,"$2,585.52"
CUST-3506,F,33,East,1,Month-to-month,91.04,2.0,59.980000000000004,1,$91.04
CUST-7881,M,39,East,33,One year,83.71,0.0,,1,"$2,762.43"
CUST-1688,non-binary,250,West,5,1yr,111.24,,26.119999999999997,0,$556.2
CUST-4827,Male,59,South,33,One year,48.49,,86.4,0,"$1,600.17"
CUST-9665,M,22,South,22,Month-to-month,49.89,,66.17,1,"$1,097.58"
CUST-2685,F,46,South,28,1yr,109.22,,89.14,0,"$3,058.16"
CUST-2174,Male,50,South,29,Month-to-month,110.34,,,1,"$3,199.86"
CUST-6104,F,45,North,69,One year,63.83,3.0,,1,"$4,404.27"
CUST-2691,non-binary,18,North,18,Month-to-month,42.37,0.0,75.35,0,$762.66
CUST-1030,Male,29,West,57,Month-to-month,93.43,3.0,,0,"$5,325.51"
CUST-7569,Female,42,North,38,Two year,48.35,2.0,,1,"$1,837.3"
CUST-8128,Male,69,East,52,m2m,80.36,,,0,"$4,178.72"
CUST-2622,F,42,North,72,One year,101.35,,27.33,0,"$7,297.2"
CUST-6451,F,32,West,24,Month-to-month,42.97,3.0,,0,"$1,031.28"
CUST-2050,F,59,South,0,2yr,113.15,,,0,$0.0
CUST-10455,Female,35,South,12,Month-to-month,72.04,2.0,,0,$864.48
CUST-1193,M,31,West,22,Month-to-month,21.82,,61.41,0,$480.04
CUST-9346,Male,24,West,15,Month-to-month,28.61,,98.17,0,$429.15
CUST-2157,Female,30,East,31,Month-to-month,115.99,1.0,,1,"$3,595.69"
CUST-9241,Female,44,East,20,Month-to-month,40.88,,20.64,1,$817.6
CUST-7662,Female,47,West,51,One year,62.61,0.0,,0,"$3,193.11"
CUST-6913,Male,58,South,46,Month-to-month,101.75,,,1,"$4,680.5"
CUST-2734,Female,79,North,22,Month-to-month,33.35,,,0,$733.7
CUST-8840,F,250,South,56,Month-to-month,105.21,,35.43,1,"$5,891.76"
CUST-10213,Female,72,West,45,One year,32.67,2.0,,0,"$1,470.15"
CUST-7522,Male,55,East,63,Month-to-month,94.93,,51.51,1,"$5,980.59"
CUST-6627,M,70,South,6,Month-to-month,116.56,,32.43,1,$699.36
CUST-4319,M,50,West,13,2yr,52.54,,,0,$683.02
CUST-1799,M,33,North,52,Month-to-month,25.74,,28.46,0,"$1,338.48"
CUST-5386,F,53,South,35,Month-to-month,90.32,0.0,65.48,0,"$3,161.2"
CUST-1391,M,42,West,68,Two year,24.86,,52.19,0,"$1,690.48"
CUST-3328,non-binary,23,West,1,Two year,31.71,0.0,,0,$31.71
CUST-3440,Male,53,South,39,Month-to-month,84.42,,,1,"$3,292.38"
CUST-6613,M,72,East,5,Month-to-month,100.99,3.0,,1,$504.95
CUST-8550,F,52,West,34,Month-to-month,43.2,0.0,90.08,0,"$1,468.8"
CUST-8959,M,68,North,56,One year,107.27,2.0,,0,"$6,007.12"
CUST-4132,F,57,West,6,Month-to-month,74.8,,,1,$448.8
CUST-9141,Male,49,North,27,2yr,117.18,,84.6,1,"$3,163.86"
CUST-8545,Female,58,West,11,Month-to-month,44.8,0.0,68.8,0,$492.8
CUST-2835,Female,28,North,16,Two year,41.55,1.0,,0,$664.8
CUST-10098,M,43,North,70,Month-to-month,48.61,1.0,,0,"$3,402.7"
CUST-3405,Male,42,North,21,1yr,102.5,,,0,"$2,152.5"
CUST-4996,M,43,South,34,Month-to-month,47.76,3.0,,1,"$1,623.84"
CUST-4677,non-binary,47,West,30,One year,34.23,3.0,,0,"$1,026.9"
CUST-8987,F,19,West,15,One year,103.95,3.0,,0,"$1,559.25"
CUST-4978,Female,39,South,54,2yr,111.27,,85.47,1,"$6,008.58"
CUST-3882,M,43,East,17,Month-to-month,43.45,,33.45,1,$738.65
CUST-9776,non-binary,52,North,18,One year,118.21,,76.33,0,"$2,127.78"
CUST-5318,F,58,North,61,Month-to-month,83.57,4.0,19.99,0,"$5,097.77"
CUST-9378,Male,65,South,48,One year,47.23,3.0,86.98,0,"$2,267.04"
CUST-10031,non-binary,250,West,51,m2m,35.11,,,0,"$1,790.61"
CUST-10841,M,56,South,44,Two year,115.96,1.0,,0,"$5,102.24"
CUST-1421,Female,38,West,65,One year,44.61,,43.63,0,"$2,899.65"
CUST-8577,F,70,South,4,Month-to-month,104.36,3.0,52.7,1,$417.44
CUST-1436,F,44,South,22,One year,63.4,,69.88,0,"$1,394.8"
CUST-9038,F,38,South,27,1yr,51.67,1.0,,0,"$1,395.09"
CUST-9023,F,50,North,31,One year,118.42,2.0,55.31,0,"$3,671.02"
CUST-7642,F,69,North,52,One year,60.23,,75.0,0,"$3,131.96"
CUST-7670,F,69,South,62,m2m,102.94,1.0,,0,"$6,382.28"
CUST-3181,Female,29,South,26,m2m,109.39,,40.0,1,"$2,844.14"
CUST-7646,Male,64,South,50,Month-to-month,42.69,,42.45,0,"$2,134.5"
CUST-7888,Male,67,East,10,Month-to-month,103.91,,86.29,1,"$1,039.1"
CUST-7197,Female,52,South,51,Month-to-month,38.6,,,0,"$1,968.6"
CUST-9200,Male,40,South,6,One year,41.7,3.0,,0,$250.2
CUST-3586,Male,40,South,58,Month-to-month,98.28,3.0,46.78,0,"$5,700.24"
CUST-9230,F,20,South,29,m2m,48.72,,,1,"$1,412.88"
CUST-1597,Female,57,North,39,Month-to-month,111.28,3.0,44.21,1,"$4,339.92"
CUST-10158,non-binary,34,South,5,Two year,34.35,,52.760000000000005,0,$171.75
CUST-1534,Male,41,South,64,Two year,107.05,,,0,"$6,851.2"
CUST-9209,Female,33,West,62,2yr,116.5,3.0,57.07,1,"$7,223.0"
CUST-4934,non-binary,62,West,71,One year,108.5,1.0,19.08,0,"$7,703.5"
CUST-8554,Male,43,North,39,m2m,98.69,2.0,66.36,0,"$3,848.91"
CUST-1833,M,50,South,33,One year,53.61,,30.57,0,"$1,769.13"
CUST-1491,non-binary,51,North,44,One year,53.08,,12.81,0,"$2,335.52"
CUST-6324,F,40,South,34,m2m,117.15,2.0,,0,"$3,983.1"
CUST-3036,non-binary,27,West,62,Month-to-month,24.52,,,1,"$1,520.24"
CUST-10240,Male,21,West,0,Month-to-month,50.89,6.0,27.25,1,$0.0
CUST-3133,M,70,West,13,m2m,61.11,,,1,$794.43
CUST-8891,F,54,North,57,One year,105.17,2.0,17.41,0,"$5,994.69"
CUST-1248,F,21,North,45,One year,30.99,,,1,"$1,394.55"
CUST-9633,Male,49,West,70,One year,109.01,10.0,13.75,0,"$7,630.7"
CUST-2168,Female,23,West,15,Two year,24.9,0.0,,0,$373.5
CUST-4944,F,73,North,55,Month-to-month,78.3,,46.27,1,"$4,306.5"
CUST-2975,non-binary,76,South,70,Month-to-month,62.81,1.0,,0,"$4,396.7"
CUST-9509,M,57,South,27,Two year,119.14,1.0,96.54,1,"$3,216.78"
CUST-6511,Female,66,North,56,Two year,94.55,,,0,"$5,294.8"
CUST-6481,Female,25,North,34,Month-to-month,108.36,3.0,,0,"$3,684.24"
CUST-6037,non-binary,71,West,24,m2m,25.04,1.0,58.13,1,$600.96
CUST-3547,F,38,North,65,Month-to-month,70.21,2.0,,0,"$4,563.65"
CUST-7430,non-binary,77,North,20,Two year,48.15,,,0,$963.0
CUST-5562,Female,32,North,29,Month-to-month,50.87,,84.41,0,"$1,475.23"
CUST-8944,Female,46,North,58,2yr,88.42,0.0,,1,"$5,128.36"
CUST-10716,Female,53,North,64,m2m,84.53,2.0,,0,"$5,409.92"
CUST-8627,M,18,South,46,1yr,109.24,2.0,,0,"$5,025.04"
CUST-10187,F,65,South,21,Month-to-month,118.86,4.0,10.49,1,"$2,496.06"
CUST-7859,non-binary,20,East,16,Month-to-month,117.56,1.0,,1,"$1,880.96"
CUST-9495,F,53,North,16,One year,95.03,,62.75,0,"$1,520.48"
CUST-4508,Female,58,East,39,Two year,74.51,,84.27,0,"$2,905.89"
CUST-2027,Male,55,East,54,Month-to-month,45.44,,61.31,1,"$2,453.76"
CUST-8468,F,58,South,70,Two year,67.74,,,0,"$4,741.8"
CUST-2199,non-binary,30,West,7,Two year,79.28,2.0,30.56,1,$554.96
CUST-9847,non-binary,63,West,2,Two year,108.42,1.0,,0,$216.84
CUST-5217,M,76,West,48,Month-to-month,89.7,1.0,,0,"$4,305.6"
CUST-3341,M,44,South,61,Month-to-month,78.01,,,0,"$4,758.61"
CUST-9473,M,77,West,0,Month-to-month,80.22,,0.0,0,$0.0
CUST-5205,Female,41,South,39,Month-to-month,116.27,1.0,,1,"$4,534.53"
CUST-2305,F,29,South,65,2yr,78.49,2.0,,0,"$5,101.85"
CUST-1772,non-binary,47,South,66,One year,79.75,,,0,"$5,263.5"
CUST-5279,Female,80,East,4,Two year,103.77,,,1,$415.08
CUST-5817,F,80,West,69,Two year,106.94,2.0,40.18,0,"$7,378.86"
CUST-8985,non-binary,73,North,72,Month-to-month,93.99,,15.4,1,"$6,767.28"
CUST-7629,non-binary,23,East,35,1yr,45.48,,47.32,0,"$1,591.8"
CUST-7470,Female,49,North,12,Two year,75.82,,54.15,0,$909.84
CUST-2179,non-binary,51,North,49,Two year,25.05,,72.19,0,"$1,227.45"
CUST-5176,Female,77,East,15,One year,90.39,3.0,,1,"$1,355.85"
CUST-6298,M,29,North,44,2yr,49.76,0.0,71.31,0,"$2,189.44"
CUST-2339,M,20,West,52,Month-to-month,30.06,,10.95,1,"$1,563.12"
CUST-4087,Female,18,North,48,2yr,46.37,,,0,"$2,225.76"
CUST-1049,F,250,South,69,Month-to-month,113.57,,62.68,1,"$7,836.33"
CUST-2803,non-binary,43,South,19,Month-to-month,92.19,,22.46,1,"$1,751.61"
CUST-9663,M,39,East,72,Month-to-month,119.85,,23.95,1,"$8,629.2"
CUST-1025,Female,28,West,1,Month-to-month,32.95,1.0,,0,$32.95
CUST-3862,non-binary,250,North,0,Two year,114.84,1.0,,0,$0.0
CUST-9140,M,26,North,33,Month-to-month,81.92,,73.72,0,"$2,703.36"
CUST-6271,Male,28,South,33,One year,21.1,,15.24,0,$696.3
CUST-7354,Female,76,South,39,2yr,78.31,,,0,"$3,054.09"
CUST-8975,Male,23,North,66,Month-to-month,79.6,3.0,,0,"$5,253.6"
CUST-6059,Female,36,North,59,Month-to-month,79.98,8.0,13.93,1,"$4,718.82"
CUST-6573,Male,36,North,1,2yr,37.02,3.0,84.47,1,$37.02
CUST-3003,Female,42,North,20,Two year,110.71,3.0,,0,"$2,214.2"
CUST-3020,F,34,East,32,Month-to-month,86.93,,12.04,1,"$2,781.76"
CUST-5079,Female,67,West,42,One year,68.67,,54.12,0,"$2,884.14"
CUST-1562,Male,65,East,9,Month-to-month,90.99,,10.69,1,$818.91
CUST-10662,Female,19,South,72,One year,50.98,,17.15,0,"$3,670.56"
CUST-3118,non-binary,78,West,23,Month-to-month,30.93,,45.74,0,$711.39
CUST-8418,M,65,North,44,One year,48.91,,99.68,0,"$2,152.04"
CUST-4890,Male,48,North,35,One year,54.18,3.0,,0,"$1,896.3"
CUST-2438,F,41,South,37,Month-to-month,65.52,0.0,,1,"$2,424.24"
CUST-2758,Male,26,West,5,One year,109.84,,,0,$549.2
CUST-6735,non-binary,28,West,46,Month-to-month,119.65,,35.31,0,"$5,503.9"
CUST-8392,Male,78,North,7,1yr,56.14,1.0,,1,$392.98
CUST-6850,F,42,West,64,m2m,28.56,,,1,"$1,827.84"
CUST-7320,F,65,West,48,Month-to-month,29.93,,11.18,0,"$1,436.64"
CUST-9047,M,53,South,48,Month-to-month,40.18,0.0,75.63,0,"$1,928.64"
CUST-9978,non-binary,55,West,9,One year,50.09,2.0,,0,$450.81
CUST-7017,Male,19,West,63,Month-to-month,42.28,1.0,66.75,0,"$2,663.64"
CUST-7575,M,67,East,19,m2m,101.26,,,1,"$1,923.94"
CUST-1891,Female,32,North,48,One year,101.79,,,0,"$4,885.92"
CUST-5678,F,43,East,11,m2m,98.85,,,1,"$1,087.35"
CUST-9911,non-binary,65,North,50,Two year,61.67,,16.58,0,"$3,083.5"
CUST-6079,F,44,South,62,2yr,70.13,,23.26,0,"$4,348.06"
CUST-2887,Female,29,West,48,Month-to-month,64.51,2.0,75.74,1,"$3,096.48"
CUST-9785,Female,52,West,28,Two year,31.43,,35.37,0,$880.04
CUST-5929,M,39,North,38,Month-to-month,33.01,5.0,35.6,1,"$1,254.38"
CUST-8715,Female,22,South,44,Month-to-month,60.42,1.0,64.44,0,"$2,658.48"
CUST-10473,non-binary,59,West,26,Two year,61.42,,34.75,0,"$1,596.92"
CUST-8413,Male,34,South,3,Month-to-month,86.11,3.0,,0,$258.33
CUST-8641,non-binary,61,North,42,One year,101.57,1.0,,0,"$4,265.94"
CUST-9774,M,250,West,2,Month-to-month,85.5,6.0,25.47,1,$171.0
CUST-7672,F,26,South,5,Two year,43.93,,,0,$219.65
CUST-10623,M,56,East,59,Two year,101.28,1.0,,1,"$5,975.52"
CUST-3238,non-binary,74,East,68,Month-to-month,24.78,,,1,"$1,685.04"
CUST-3005,Female,60,East,24,Month-to-month,57.48,2.0,,0,"$1,379.52"
CUST-4965,Female,77,South,49,m2m,86.79,,,1,"$4,252.71"
CUST-8053,F,44,East,43,Month-to-month,34.25,,58.6,0,"$1,472.75"
CUST-5743,Male,46,East,17,2yr,87.98,0.0,91.71,1,"$1,495.66"
CUST-2084,F,35,West,63,Two year,95.06,,,1,"$5,988.78"
CUST-10309,F,40,North,39,One year,52.73,,19.53,1,"$2,056.47"
CUST-5149,M,29,East,36,Month-to-month,23.24,2.0,,1,$836.64
CUST-1456,non-binary,61,North,13,Two year,40.62,0.0,49.86,0,$528.06
CUST-9021,M,31,West,59,Month-to-month,63.6,,,0,"$3,752.4"
CUST-4404,Male,250,West,42,Month-to-month,104.62,,25.44,1,"$4,394.04"
CUST-1008,F,20,West,57,One year,61.98,,36.36,0,"$3,532.86"
CUST-9476,Male,68,North,17,Two year,99.13,3.0,,0,"$1,685.21"
CUST-4419,F,47,South,32,m2m,53.29,0.0,83.51,1,"$1,705.28"
CUST-10274,F,70,East,19,One year,33.55,,,0,$637.45
CUST-3191,non-binary,37,South,13,One year,57.88,,92.7,0,$752.44
CUST-5292,F,39,West,34,One year,106.97,,,0,"$3,636.98"
CUST-10143,non-binary,52,West,2,Month-to-month,119.4,,55.989999999999995,1,$238.8
CUST-9138,Female,29,North,5,Month-to-month,71.03,1.0,,1,$355.15
CUST-3045,non-binary,-5,North,58,One year,46.37,0.0,84.13,0,"$2,689.46"
CUST-8544,non-binary,80,North,38,One year,114.92,9.0,32.85,0,"$4,366.96"
CUST-10221,non-binary,58,West,48,Month-to-month,113.65,,,1,"$5,455.2"
CUST-7255,Female,33,North,5,One year,113.13,,,0,$565.65
CUST-1472,F,37,West,56,m2m,28.12,,88.67,1,"$1,574.72"
CUST-10327,Female,21,South,71,Month-to-month,65.66,2.0,,1,"$4,661.86"
CUST-6250,Female,46,North,37,One year,25.92,1.0,90.04,0,$959.04
CUST-4107,M,70,North,0,m2m,104.05,,73.14,1,$0.0
CUST-6459,Female,65,North,12,Two year,37.47,2.0,66.94,0,$449.64
CUST-3639,M,71,East,51,One year,74.69,2.0,,0,"$3,809.19"
CUST-1285,Male,65,North,38,One year,49.87,,,0,"$1,895.06"
CUST-3417,Male,66,West,10,Month-to-month,22.87,,51.96,0,$228.7
CUST-4102,F,42,East,6,Month-to-month,46.3,,26.13,1,$277.8
CUST-5560,F,63,North,69,Month-to-month,110.47,0.0,58.67,1,"$7,622.43"
CUST-9294,Female,250,East,64,Two year,45.7,,81.94,0,"$2,924.8"
CUST-10014,Male,45,West,16,Two year,63.43,1.0,73.71,0,"$1,014.88"
CUST-2594,Female,47,South,31,Month-to-month,87.15,3.0,,1,"$2,701.65"
CUST-1713,Male,79,West,33,Month-to-month,119.01,,96.21,0,"$3,927.33"
CUST-6712,F,63,South,19,Two year,116.25,3.0,,0,"$2,208.75"
CUST-4475,Female,67,West,4,Two year,48.26,0.0,,0,$193.04
CUST-1200,M,47,South,61,One year,37.97,3.0,,0,"$2,316.17"
CUST-4576,F,61,North,57,One year,116.29,,,0,"$6,628.53"
CUST-1729,non-binary,41,South,71,Month-to-month,114.16,,83.72,1,"$8,105.36"
CUST-8030,M,78,North,40,Two year,59.1,,,0,"$2,364.0"
CUST-1015,Male,73,North,27,Month-to-month,56.76,,80.29,0,"$1,532.52"
CUST-3266,non-binary,46,North,49,m2m,76.8,,14.9,0,"$3,763.2"
CUST-6116,Female,63,North,28,Two year,95.91,0.0,78.53,0,"$2,685.48"
CUST-10092,F,51,East,3,Month-to-month,33.3,2.0,,1,$99.9
CUST-3423,F,57,North,52,One year,39.11,,,0,"$2,033.72"
CUST-8696,F,34,South,29,Month-to-month,28.4,1.0,89.31,0,$823.6
CUST-7985,Female,57,West,26,1yr,28.34,,,0,$736.84
CUST-2033,M,51,North,19,Month-to-month,116.48,,,1,"$2,213.12"
CUST-5512,non-binary,36,South,9,One year,89.76,,,0,$807.84
CUST-7198,F,56,East,44,One year,62.53,,71.48,1,"$2,751.32"
CUST-4200,F,27,South,20,Month-to-month,30.76,,,0,$615.2
CUST-5979,Female,52,South,62,One year,83.72,2.0,,0,"$5,190.64"
CUST-10891,Male,76,East,64,One year,56.04,0.0,75.22,0,"$3,586.56"
CUST-10821,Female,49,North,35,m2m,27.54,,,0,$963.9
CUST-5945,F,73,West,38,1yr,60.06,3.0,47.89,0,"$2,282.28"
CUST-1699,M,73,East,52,Month-to-month,109.56,,,0,"$5,697.12"
CUST-6974,Female,60,East,31,Two year,74.01,,,1,"$2,294.31"
CUST-1059,Female,39,East,42,Month-to-month,69.19,2.0,,1,"$2,905.98"
CUST-9264,F,20,West,72,Two year,55.05,2.0,,0,"$3,963.6"
CUST-10139,non-binary,250,North,5,2yr,37.74,,,0,$188.7
CUST-1414,non-binary,250,South,54,Month-to-month,107.09,,,1,"$5,782.86"
CUST-1125,non-binary,38,South,8,1yr,64.43,,,0,$515.44
CUST-7388,Female,63,North,40,m2m,57.36,,66.93,0,"$2,294.4"
CUST-1674,Female,68,South,31,One year,60.62,,,0,"$1,879.22"
CUST-4572,Female,36,West,37,One year,63.57,1.0,,0,"$2,352.09"
CUST-4024,non-binary,73,North,37,Two year,114.88,,,0,"$4,250.56"
CUST-9424,Male,33,West,42,Two year,35.61,3.0,81.24,0,"$1,495.62"
CUST-5821,Male,60,North,10,Month-to-month,46.45,,,0,$464.5
CUST-9307,M,35,West,53,Two year,88.61,,73.96,0,"$4,696.33"
CUST-5123,non-binary,63,North,68,Month-to-month,33.58,1.0,58.58,0,"$2,283.44"
CUST-3206,non-binary,68,South,72,Month-to-month,92.89,,30.95,1,"$6,688.08"
CUST-10268,Male,61,North,24,One year,48.75,,60.57,0,"$1,170.0"
CUST-8759,M,250,North,59,Month-to-month,98.1,,,1,"$5,787.9"
CUST-5483,Female,20,North,62,Month-to-month,116.76,,,0,"$7,239.12"
CUST-5939,Female,33,West,19,One year,24.11,,20.95,0,$458.09
CUST-5174,Male,74,West,16,Month-to-month,85.07,1.0,83.07,1,"$1,361.12"
CUST-2403,F,39,North,69,1yr,77.31,,,0,"$5,334.39"
CUST-5019,non-binary,30,North,51,Two year,102.84,2.0,,0,"$5,244.84"
CUST-1933,non-binary,47,North,25,m2m,57.46,2.0,,0,"$1,436.5"
CUST-4124,Female,71,North,68,Two year,100.39,0.0,60.02,0,"$6,826.52"
CUST-9189,Male,35,West,36,Two year,110.77,,89.83,0,"$3,987.72"
CUST-8546,Female,75,North,53,Month-to-month,23.14,,45.38,1,"$1,226.42"
CUST-7098,Female,47,North,45,Month-to-month,32.75,2.0,,1,"$1,473.75"
CUST-4439,Female,39,South,34,Two year,21.63,2.0,61.52,0,$735.42
CUST-5353,Male,30,East,37,One year,40.13,3.0,,0,"$1,484.81"
CUST-5314,Female,79,North,25,Month-to-month,45.58,1.0,53.5,1,"$1,139.5"
CUST-2676,F,49,West,1,Month-to-month,104.46,,62.18000000000001,0,$104.46
CUST-7873,non-binary,43,East,31,One year,53.23,2.0,,0,"$1,650.13"
CUST-10467,F,56,East,35,Month-to-month,34.54,,,0,"$1,208.9"
CUST-10460,F,80,South,10,1yr,113.6,,,0,"$1,136.0"
CUST-4547,M,27,West,58,Month-to-month,91.78,0.0,,1,"$5,323.24"
CUST-7604,Female,61,East,41,One year,83.31,,14.66,1,"$3,415.71"
CUST-6728,non-binary,22,South,0,One year,43.8,4.0,6.07,0,$0.0
CUST-4389,Female,21,East,2,Month-to-month,41.81,,50.8,1,$83.62
CUST-4052,M,72,North,1,Month-to-month,30.01,,39.82,0,$30.01
CUST-10686,non-binary,67,North,63,One year,117.59,0.0,,0,"$7,408.17"
CUST-4556,Male,43,South,53,One year,33.56,,,0,"$1,778.68"
CUST-9872,non-binary,29,North,18,One year,105.65,1.0,,0,"$1,901.7"
CUST-3677,F,68,East,39,1yr,68.98,,,1,"$2,690.22"
CUST-7407,non-binary,45,South,28,Month-to-month,42.43,,,1,"$1,188.04"
CUST-7016,F,50,West,26,Month-to-month,106.34,4.0,13.12,1,"$2,764.84"
CUST-1638,Female,56,North,29,Month-to-month,96.52,,34.21,1,"$2,799.08"
CUST-6738,F,23,North,65,Month-to-month,69.1,,44.09,0,"$4,491.5"
CUST-10509,M,24,North,7,Two year,70.56,,56.4,0,$493.92
CUST-8059,Male,59,West,68,Two year,101.18,,,0,"$6,880.24"
CUST-5095,F,41,East,19,One year,93.94,,31.39,1,"$1,784.86"
CUST-3205,F,44,West,44,One year,59.65,3.0,97.74,0,"$2,624.6"
CUST-2464,Female,76,South,1,One year,48.84,,36.1,0,$48.84
CUST-7450,M,45,North,67,Month-to-month,37.68,3.0,69.41,1,"$2,524.56"
CUST-10957,F,22,North,56,One year,81.51,,,0,"$4,564.56"
CUST-4237,Female,38,West,42,One year,35.83,,28.92,1,"$1,504.86"
CUST-9585,M,52,East,29,Month-to-month,82.33,,23.92,0,"$2,387.57"
CUST-3978,Female,54,East,41,One year,73.28,,,0,"$3,004.48"
CUST-5218,non-binary,37,West,41,Month-to-month,95.3,,13.25,1,"$3,907.3"
CUST-3961,non-binary,68,South,11,One year,91.78,0.0,,0,"$1,009.58"
CUST-3312,M,59,North,43,Month-to-month,80.36,0.0,,0,"$3,455.48"
CUST-9037,M,22,West,19,Month-to-month,60.88,,52.5,0,"$1,156.72"
CUST-7294,M,21,East,42,Two year,94.66,,,0,"$3,975.72"
CUST-8821,M,52,West,45,Month-to-month,73.2,2.0,25.64,1,"$3,294.0"
CUST-4844,M,24,West,45,1yr,63.14,,,0,"$2,841.3"
CUST-10604,Male,32,West,4,Month-to-month,57.49,,,0,$229.96
CUST-9789,non-binary,68,West,64,1yr,28.16,,89.51,0,"$1,802.24"
CUST-4892,F,59,South,42,1yr,37.42,1.0,66.93,0,"$1,571.64"
CUST-6321,non-binary,40,South,27,Month-to-month,114.92,,97.0,1,"$3,102.84"
CUST-10884,Male,45,West,67,Month-to-month,55.36,0.0,66.07,0,"$3,709.12"
CUST-8884,non-binary,45,North,26,One year,61.92,3.0,,0,"$1,609.92"
CUST-4816,Male,26,West,7,One year,66.33,3.0,,0,$464.31
CUST-3814,F,24,East,6,One year,30.0,,,1,$180.0
CUST-5400,M,28,North,68,Month-to-month,60.1,,21.69,1,"$4,086.8"
CUST-3192,F,24,West,16,Month-to-month,42.69,2.0,,1,$683.04
CUST-10574,Male,67,South,19,Two year,119.34,3.0,55.22,0,"$2,267.46"
CUST-2042,F,39,East,29,Two year,50.71,2.0,,0,"$1,470.59"
CUST-8130,M,26,North,41,Month-to-month,105.28,,,1,"$4,316.48"
CUST-10090,F,45,West,30,m2m,89.52,,27.46,1,"$2,685.6"
CUST-3314,M,58,North,64,Month-to-month,97.84,,66.7,0,"$6,261.76"
CUST-1313,non-binary,40,North,39,One year,67.73,,48.4,0,"$2,641.47"
CUST-4770,Female,43,West,48,Two year,114.62,,90.58,0,"$5,501.76"
CUST-8669,M,78,North,24,Month-to-month,116.35,0.0,61.84,1,"$2,792.4"
CUST-2194,non-binary,40,South,9,Month-to-month,23.87,10.0,31.28,0,$214.83
CUST-1009,F,78,West,54,Two year,27.14,,84.27,0,"$1,465.56"
CUST-3384,M,52,North,52,One year,102.69,,,0,"$5,339.88"
CUST-8390,F,43,East,72,Two year,47.78,0.0,,0,"$3,440.16"
CUST-5280,M,44,North,19,One year,88.88,2.0,56.56,0,"$1,688.72"
CUST-9210,non-binary,19,West,68,Two year,82.91,0.0,53.63,0,"$5,637.88"
CUST-6961,F,71,South,11,m2m,71.17,1.0,,1,$782.87
CUST-8425,F,67,East,67,One year,53.37,1.0,35.31,0,"$3,575.79"
CUST-7661,M,32,East,24,Month-to-month,87.86,0.0,72.77,0,"$2,108.64"
CUST-3465,F,20,West,45,Month-to-month,111.27,,87.03,1,"$5,007.15"
CUST-4492,F,250,South,16,One year,115.87,3.0,59.78,0,"$1,853.92"
CUST-10925,M,38,East,50,One year,49.52,,92.66,1,"$2,476.0"
CUST-9167,non-binary,52,North,11,Month-to-month,104.2,2.0,,0,"$1,146.2"
CUST-10429,Female,67,South,43,Month-to-month,33.73,,47.73,0,"$1,450.39"
CUST-3917,Female,27,North,66,One year,89.41,,,0,"$5,901.06"
CUST-7345,F,24,West,1,Two year,102.17,2.0,,1,$102.17
CUST-5864,non-binary,27,West,28,Month-to-month,35.56,2.0,68.57,1,$995.68
CUST-9277,F,24,West,5,One year,37.39,2.0,72.24,0,$186.95
CUST-9339,M,68,West,24,One year,100.79,0.0,,0,"$2,418.96"
CUST-8615,Male,-5,West,45,Month-to-month,57.89,,,0,"$2,605.05"
CUST-4395,M,41,South,0,Two year,62.8,3.0,74.84,0,$0.0
CUST-8856,Male,41,West,37,Month-to-month,60.2,1.0,11.2,1,"$2,227.4"
CUST-8775,non-binary,73,North,58,Month-to-month,75.92,,13.79,1,"$4,403.36"
CUST-7145,non-binary,70,West,13,Month-to-month,79.91,2.0,,1,"$1,038.83"
CUST-6147,Male,26,West,34,m2m,78.89,,,0,"$2,682.26"
CUST-1286,Male,28,North,46,Month-to-month,97.62,3.0,,1,"$4,490.52"
CUST-8167,Male,44,South,32,Month-to-month,85.51,,,0,"$2,736.32"
CUST-6811,non-binary,36,East,56,2yr,40.49,0.0,,0,"$2,267.44"
CUST-6739,Female,66,North,23,Month-to-month,83.75,,,1,"$1,926.25"
CUST-10833,Female,76,West,69,One year,38.23,2.0,73.78,0,"$2,637.87"
CUST-7516,M,22,North,36,One year,90.19,0.0,,0,"$3,246.84"
CUST-6714,Male,48,South,48,2yr,41.77,3.0,,0,"$2,004.96"
CUST-7000,Male,25,North,22,Two year,28.28,0.0,67.19,0,$622.16
CUST-6899,M,49,North,16,Month-to-month,72.76,,28.87,1,"$1,164.16"
CUST-7775,M,39,South,46,Month-to-month,109.92,0.0,,0,"$5,056.32"
CUST-6365,Male,72,North,68,m2m,70.43,3.0,23.71,0,"$4,789.24"
CUST-4248,F,60,West,17,Month-to-month,42.49,1.0,,1,$722.33
CUST-4141,non-binary,20,West,72,1yr,57.63,1.0,42.03,0,"$4,149.36"
CUST-1139,non-binary,31,West,34,Two year,27.18,,,0,$924.12
CUST-2798,Male,63,North,67,Month-to-month,49.86,,,0,"$3,340.62"
CUST-7203,Male,60,North,68,Month-to-month,81.63,2.0,97.35,1,"$5,550.84"
CUST-1444,M,41,North,52,One year,113.25,5.0,18.24,0,"$5,889.0"
CUST-4374,Female,39,West,8,m2m,46.76,2.0,71.61,0,$374.08
CUST-3605,M,-5,South,17,Month-to-month,38.09,,,1,$647.53
CUST-2136,Female,36,North,35,1yr,113.61,1.0,,0,"$3,976.35"
CUST-2795,M,22,West,16,Month-to-month,100.87,,,0,"$1,613.92"
CUST-3828,Male,52,South,54,Month-to-month,108.94,2.0,,0,"$5,882.76"
CUST-9465,Male,22,South,26,m2m,78.58,,,1,"$2,043.08"
CUST-3017,Male,66,West,38,Month-to-month,44.29,2.0,,0,"$1,683.02"
CUST-4987,Female,28,South,18,One year,49.06,,,0,$883.08
CUST-7717,M,40,West,20,Two year,48.79,,,1,$975.8
CUST-5622,Female,250,West,8,1yr,62.59,,,0,$500.72
CUST-4484,non-binary,-5,North,9,One year,62.62,,20.35,1,$563.58
CUST-2799,non-binary,34,West,48,1yr,54.39,0.0,,0,"$2,610.72"
CUST-1271,M,65,West,28,One year,70.13,,74.73,0,"$1,963.64"
CUST-4611,Female,66,South,46,One year,105.25,,18.51,0,"$4,841.5"
CUST-8160,F,23,West,61,Two year,88.43,0.0,96.89,0,"$5,394.23"
CUST-6564,F,42,West,9,1yr,111.6,,38.59,0,"$1,004.4"
CUST-2187,Female,22,North,1,2yr,65.44,0.0,,0,$65.44
CUST-6210,Female,35,South,21,One year,29.28,,22.83,0,$614.88
CUST-4676,F,70,East,56,One year,68.32,2.0,,0,"$3,825.92"
CUST-9246,Female,35,South,19,m2m,87.4,,,1,"$1,660.6"
CUST-3356,non-binary,40,West,11,Two year,49.45,2.0,52.54,0,$543.95
CUST-10495,Male,60,West,63,Two year,116.35,1.0,,1,"$7,330.05"
CUST-9996,non-binary,38,South,36,One year,44.58,,,0,"$1,604.88"
CUST-4848,Female,40,North,72,Two year,97.96,1.0,42.41,0,"$7,053.12"
CUST-5605,non-binary,55,North,15,Month-to-month,110.46,,,0,"$1,656.9"
CUST-3861,non-binary,29,East,10,One year,43.8,3.0,,0,$438.0
CUST-5558,Male,44,South,61,m2m,100.04,3.0,26.68,1,"$6,102.44"
CUST-1117,M,24,North,10,Two year,86.51,,,0,$865.1
CUST-4152,non-binary,67,West,9,One year,46.52,,49.46,0,$418.68
CUST-4582,Female,80,South,28,Month-to-month,53.41,0.0,,0,"$1,495.48"
CUST-5714,Female,55,South,5,Two year,73.13,,,0,$365.65
CUST-3453,F,22,West,2,One year,54.28,,,0,$108.56
CUST-6501,Female,27,South,38,Two year,83.75,,61.05,0,"$3,182.5"
CUST-9289,Male,36,West,9,Month-to-month,28.15,,53.68,1,$253.35
CUST-7398,Female,69,North,55,One year,79.02,,,0,"$4,346.1"
CUST-7757,Male,66,East,67,One year,90.6,,,0,"$6,070.2"
CUST-9278,non-binary,69,North,48,Month-to-month,27.77,2.0,,0,"$1,332.96"
CUST-9357,M,33,West,3,Two year,34.11,,,0,$102.33
CUST-6241,non-binary,56,West,64,Month-to-month,49.81,,28.69,1,"$3,187.84"
CUST-4344,Male,49,North,40,2yr,88.15,1.0,78.45,0,"$3,526.0"
CUST-1163,F,48,North,71,Month-to-month,72.32,3.0,,1,"$5,134.72"
CUST-5855,Male,74,West,38,One year,25.65,2.0,,0,$974.7
CUST-1517,Male,36,North,72,Two year,82.41,3.0,54.12,0,"$5,933.52"
CUST-6312,F,37,West,21,Month-to-month,23.35,1.0,,1,$490.35
CUST-2888,Male,70,South,1,Two year,42.22,5.0,0.0,1,$42.22
CUST-9656,M,57,West,0,1yr,73.68,8.0,36.49,0,$0.0
CUST-10453,M,60,South,47,One year,25.39,,,0,"$1,193.33"
CUST-4240,non-binary,30,North,28,Month-to-month,106.72,1.0,,1,"$2,988.16"
CUST-8438,non-binary,24,North,6,Month-to-month,110.53,1.0,,0,$663.18
CUST-7237,F,43,South,65,Month-to-month,47.71,0.0,81.34,1,"$3,101.15"
CUST-9054,non-binary,30,West,36,Month-to-month,57.1,,39.86,1,"$2,055.6"
CUST-5055,non-binary,68,North,41,Two year,58.34,,,0,"$2,391.94"
CUST-8576,Female,72,West,45,One year,40.06,0.0,60.35,1,"$1,802.7"
CUST-6191,non-binary,25,North,40,Month-to-month,60.44,3.0,55.23,1,"$2,417.6"
CUST-10934,Male,40,West,56,Month-to-month,107.4,3.0,36.63,0,"$6,014.4"
CUST-8321,Female,41,West,45,Month-to-month,29.77,1.0,,0,"$1,339.65"
CUST-4224,M,67,West,62,Month-to-month,37.25,,,0,"$2,309.5"
CUST-3024,Male,19,West,0,Month-to-month,20.88,,,0,$0.0
CUST-8263,Female,65,West,37,One year,96.34,2.0,73.46,0,"$3,564.58"
CUST-2404,M,46,North,21,One year,82.62,,,0,"$1,735.02"
CUST-5887,Male,62,East,29,m2m,56.08,,82.15,1,"$1,626.32"
CUST-8835,non-binary,35,North,62,1yr,56.35,2.0,51.23,0,"$3,493.7"
CUST-4559,F,71,West,57,Month-to-month,21.36,,,1,"$1,217.52"
CUST-8460,M,250,South,51,Month-to-month,44.92,,24.01,0,"$2,290.92"
CUST-8441,non-binary,35,East,62,Two year,73.81,,36.95,0,"$4,576.22"
CUST-2693,Male,20,South,22,Month-to-month,112.04,,27.79,1,"$2,464.88"
CUST-2507,non-binary,56,West,70,Month-to-month,64.91,6.0,32.0,1,"$4,543.7"
CUST-10543,Female,77,West,22,2yr,97.31,7.0,23.49,0,"$2,140.82"
CUST-9084,non-binary,61,West,38,Month-to-month,23.25,,,1,$883.5
CUST-2451,Male,65,West,11,m2m,92.13,2.0,71.06,1,"$1,013.43"
CUST-5317,Male,250,West,11,Two year,92.91,,52.33,0,"$1,022.01"
CUST-5975,non-binary,48,South,23,Two year,113.21,,,0,"$2,603.83"
CUST-6797,F,18,South,38,One year,28.28,,,0,"$1,074.64"
CUST-4033,Male,51,West,49,1yr,34.32,1.0,40.78,0,"$1,681.68"
CUST-9684,F,51,West,23,One year,81.29,,,0,"$1,869.67"
CUST-8052,M,36,South,18,Month-to-month,119.24,,89.96,0,"$2,146.32"
CUST-10385,M,55,East,49,m2m,75.01,,,0,"$3,675.49"
CUST-2928,F,39,East,27,One year,38.99,,35.66,0,"$1,052.73"
CUST-10563,non-binary,43,East,37,m2m,82.72,0.0,,1,"$3,060.64"
CUST-5650,F,76,North,4,One year,35.48,0.0,,0,$141.92
CUST-9972,Male,71,North,52,Month-to-month,73.74,,57.75,0,"$3,834.48"
CUST-7192,M,23,North,50,Month-to-month,49.76,,,1,"$2,488.0"
CUST-10576,Female,33,West,38,Month-to-month,30.29,2.0,43.41,0,"$1,151.02"
CUST-5592,Female,46,West,55,One year,103.59,3.0,97.08,1,"$5,697.45"
CUST-6575,Female,63,South,23,Two year,41.31,3.0,,0,$950.13
CUST-1807,F,24,South,13,Month-to-month,118.51,1.0,93.44,1,"$1,540.63"
CUST-2690,Female,77,West,9,m2m,37.96,9.0,31.66,1,$341.64
CUST-9650,Male,33,East,63,One year,26.28,3.0,93.16,0,"$1,655.64"
CUST-1915,M,62,North,37,Month-to-month,75.87,2.0,61.88,1,"$2,807.19"
CUST-9695,non-binary,51,West,60,Month-to-month,39.01,,,1,"$2,340.6"
CUST-6415,M,27,West,44,m2m,83.34,5.0,27.61,1,"$3,666.96"
CUST-3182,Female,32,North,44,m2m,50.7,,66.58,1,"$2,230.8"
CUST-7712,non-binary,31,North,36,One year,104.97,,,0,"$3,778.92"
CUST-4013,M,75,North,12,One year,50.24,1.0,54.07,0,$602.88
CUST-8630,non-binary,31,East,61,m2m,86.38,,,1,"$5,269.18"
CUST-5587,F,54,West,10,m2m,39.6,,71.06,0,$396.0
CUST-6479,Male,59,South,50,Month-to-month,94.56,3.0,,1,"$4,728.0"
CUST-6884,M,60,West,3,Month-to-month,53.49,,,0,$160.47
CUST-2345,non-binary,51,South,62,Month-to-month,95.66,,,1,"$5,930.92"
CUST-3964,Female,51,West,26,One year,84.74,3.0,,1,"$2,203.24"
CUST-7655,non-binary,79,South,47,Month-to-month,72.81,2.0,56.38,1,"$3,422.07"
CUST-10398,non-binary,28,North,38,Two year,58.77,0.0,18.18,0,"$2,233.26"
CUST-6882,non-binary,47,West,48,2yr,80.29,1.0,91.47,0,"$3,853.92"
CUST-1812,M,33,North,22,Two year,25.4,1.0,63.79,0,$558.8
CUST-9064,non-binary,43,West,66,Month-to-month,75.33,1.0,56.11,1,"$4,971.78"
CUST-10968,M,25,North,71,Two year,51.98,,,0,"$3,690.58"
CUST-5700,Male,65,North,35,Month-to-month,91.41,,65.51,1,"$3,199.35"
CUST-10170,F,70,East,39,Month-to-month,76.89,,,1,"$2,998.71"
CUST-7758,Male,29,East,43,Month-to-month,39.96,0.0,,1,"$1,718.28"
CUST-9832,Male,69,South,16,Two year,107.88,,,0,"$1,726.08"
CUST-1958,Female,22,North,61,One year,52.63,,,0,"$3,210.43"
CUST-6067,F,33,North,59,1yr,69.82,3.0,,0,"$4,119.38"
CUST-2086,Female,64,South,2,m2m,108.2,2.0,,0,$216.4
CUST-1090,F,56,West,36,Two year,48.9,1.0,,0,"$1,760.4"
CUST-2647,Female,20,South,65,One year,72.82,,,0,"$4,733.3"
CUST-1680,F,33,West,53,Month-to-month,26.53,3.0,55.74,1,"$1,406.09"
CUST-4615,non-binary,77,West,5,One year,65.29,8.0,6.460000000000001,0,$326.45
CUST-8238,F,22,North,3,1yr,81.13,1.0,72.45,0,$243.39
CUST-7332,F,56,South,12,One year,26.73,,,0,$320.76
CUST-5557,Male,65,West,47,Month-to-month,114.74,1.0,,1,"$5,392.78"
CUST-8687,Female,38,North,21,Month-to-month,45.3,1.0,,0,$951.3
CUST-1804,Male,43,South,19,2yr,95.09,2.0,,0,"$1,806.71"
CUST-1463,Male,60,East,47,2yr,54.88,,34.6,0,"$2,579.36"
CUST-8957,non-binary,41,North,66,One year,46.66,3.0,,0,"$3,079.56"
CUST-1520,F,44,South,24,Month-to-month,65.77,0.0,,1,"$1,578.48"
CUST-3420,non-binary,44,West,52,1yr,65.79,2.0,11.63,0,"$3,421.08"
CUST-8800,M,72,South,6,Month-to-month,55.26,1.0,94.45,1,$331.56
CUST-10506,non-binary,24,North,1,m2m,41.29,2.0,,0,$41.29
CUST-8666,F,53,East,4,Month-to-month,51.89,,43.93,0,$207.56
CUST-8885,Female,49,North,24,m2m,36.68,,,1,$880.32
CUST-5021,F,37,North,59,Month-to-month,107.4,,,0,"$6,336.6"
CUST-3030,F,44,West,33,Month-to-month,56.83,2.0,12.73,1,"$1,875.39"
CUST-1508,M,23,South,66,Month-to-month,100.56,3.0,90.46,0,"$6,636.96"
CUST-3773,Female,55,South,65,Month-to-month,33.74,,,1,"$2,193.1"
CUST-9436,Male,58,West,34,m2m,61.83,,12.6,1,"$2,102.22"
CUST-5980,non-binary,21,South,31,One year,20.78,0.0,,0,$644.18
CUST-3569,M,56,East,69,One year,50.53,,88.41,0,"$3,486.57"
CUST-6661,non-binary,80,South,58,Two year,25.36,,,0,"$1,470.88"
CUST-9129,Male,45,West,16,Two year,69.52,1.0,,0,"$1,112.32"
CUST-1126,M,40,North,47,Month-to-month,100.11,3.0,45.6,1,"$4,705.17"
CUST-2469,non-binary,55,South,22,One year,78.32,,60.75,0,"$1,723.04"
CUST-7485,Male,20,South,37,One year,62.91,,,0,"$2,327.67"
CUST-2382,Female,250,East,72,m2m,114.82,,,1,"$8,267.04"
CUST-10108,Female,71,West,69,1yr,74.88,,,0,"$5,166.72"
CUST-7166,non-binary,55,West,70,2yr,58.73,0.0,,0,"$4,111.1"
CUST-5520,Female,26,South,64,Month-to-month,62.24,,,0,"$3,983.36"
CUST-7215,M,56,North,28,m2m,94.66,0.0,85.56,0,"$2,650.48"
CUST-7919,non-binary,65,West,62,m2m,106.13,5.0,15.79,1,"$6,580.06"
CUST-10874,M,22,West,46,Two year,118.16,,16.14,0,"$5,435.36"
CUST-1871,M,78,West,66,2yr,51.79,,12.32,0,"$3,418.14"
CUST-3958,Female,31,North,40,m2m,50.7,,40.72,1,"$2,028.0"
CUST-6399,non-binary,58,East,31,One year,72.61,2.0,98.94,0,"$2,250.91"
CUST-7113,F,37,North,22,Month-to-month,48.38,,23.43,0,"$1,064.36"
CUST-10751,Male,69,East,18,2yr,65.32,2.0,,0,"$1,175.76"
CUST-7557,F,27,North,26,One year,92.5,1.0,,0,"$2,405.0"
CUST-10205,F,73,North,34,Two year,77.31,1.0,,0,"$2,628.54"
CUST-7265,F,80,West,59,One year,37.62,1.0,,0,"$2,219.58"
CUST-1494,Female,71,East,32,One year,95.1,6.0,10.1,1,"$3,043.2"
CUST-9882,Female,78,North,71,Month-to-month,42.12,1.0,,0,"$2,990.52"
CUST-7647,Male,250,South,66,One year,103.7,,73.11,0,"$6,844.2"
CUST-8480,Male,73,North,54,Two year,108.1,,,0,"$5,837.4"
CUST-5008,F,43,North,28,Month-to-month,102.2,,,1,"$2,861.6"
CUST-3228,M,67,West,52,One year,96.69,0.0,45.17,0,"$5,027.88"
CUST-5487,M,76,South,47,Month-to-month,84.32,0.0,,0,"$3,963.04"
CUST-10990,Female,77,South,3,Month-to-month,78.7,0.0,63.010000000000005,0,$236.1
CUST-1924,F,33,South,63,Two year,96.45,2.0,24.57,1,"$6,076.35"
CUST-3888,M,45,South,61,One year,53.48,1.0,70.48,0,"$3,262.28"
CUST-4699,M,26,West,45,One year,52.37,,,1,"$2,356.65"
CUST-10168,F,-5,South,10,Month-to-month,27.13,1.0,,0,$271.3
CUST-8575,F,51,North,32,Two year,111.95,2.0,,1,"$3,582.4"
CUST-8180,non-binary,40,West,3,Two year,35.94,,,0,$107.82
CUST-1418,non-binary,-5,West,61,2yr,49.53,2.0,19.75,0,"$3,021.33"
CUST-3632,Male,46,North,13,Month-to-month,97.52,0.0,,0,"$1,267.76"
CUST-2085,Male,39,East,31,Month-to-month,63.41,,76.14,1,"$1,965.71"
CUST-3069,Male,38,North,67,Month-to-month,55.92,,,0,"$3,746.64"
CUST-7885,F,44,West,66,m2m,41.15,0.0,60.54,1,"$2,715.9"
CUST-9324,M,78,South,49,One year,63.8,,56.06,1,"$3,126.2"
CUST-9677,M,76,East,60,m2m,59.21,,,0,"$3,552.6"
CUST-10344,Male,66,North,53,Month-to-month,86.68,1.0,25.61,1,"$4,594.04"
CUST-7351,Female,37,West,4,Month-to-month,44.61,,,1,$178.44
CUST-8328,F,36,West,44,Month-to-month,101.62,,,0,"$4,471.28"
CUST-8526,Male,60,West,2,Two year,33.31,,23.259999999999998,1,$66.62
CUST-7478,non-binary,58,West,26,Two year,37.89,1.0,,0,$985.14
CUST-3258,non-binary,42,West,32,Month-to-month,47.67,4.0,14.0,0,"$1,525.44"
CUST-4910,F,73,West,40,Two year,105.38,,,0,"$4,215.2"
CUST-5256,M,73,East,40,Month-to-month,119.69,,58.6,0,"$4,787.6"
CUST-5881,non-binary,72,East,52,m2m,62.66,,27.85,1,"$3,258.32"
CUST-4170,F,57,North,24,Month-to-month,27.37,3.0,,1,$656.88
CUST-10779,F,56,South,14,One year,82.94,,,0,"$1,161.16"
CUST-10717,Male,71,North,17,Month-to-month,28.2,5.0,10.41,1,$479.4
CUST-10208,non-binary,46,West,59,Month-to-month,22.62,1.0,,1,"$1,334.58"
CUST-3239,F,36,West,9,Month-to-month,108.58,6.0,33.66,1,$977.22
CUST-7946,M,49,South,21,Two year,33.4,,20.6,1,$701.4
CUST-8868,non-binary,71,North,34,Month-to-month,39.55,,,0,"$1,344.7"
CUST-6586,non-binary,51,North,66,One year,58.39,2.0,,0,"$3,853.74"
CUST-6832,non-binary,250,South,70,One year,65.33,,,0,"$4,573.1"
CUST-9563,Female,47,West,53,m2m,29.23,,,1,"$1,549.19"
CUST-4477,non-binary,61,East,46,Month-to-month,86.51,8.0,18.28,1,"$3,979.46"
CUST-1945,non-binary,78,East,62,Month-to-month,48.48,9.0,30.35,1,"$3,005.76"
CUST-3114,Male,-5,West,54,Month-to-month,62.27,,51.78,0,"$3,362.58"
CUST-8446,Male,74,North,52,One year,58.1,0.0,63.24,0,"$3,021.2"
CUST-10262,M,57,South,57,One year,56.0,,,0,"$3,192.0"
CUST-6857,Female,67,North,17,One year,74.39,,41.42,0,"$1,264.63"
CUST-9494,M,43,South,62,Month-to-month,118.77,2.0,,0,"$7,363.74"
CUST-10005,M,41,South,56,Month-to-month,80.72,,49.34,0,"$4,520.32"
CUST-3031,F,65,South,48,Two year,67.48,2.0,40.81,0,"$3,239.04"
CUST-2235,M,41,West,5,Month-to-month,93.0,0.0,,0,$465.0
CUST-9456,F,31,South,30,One year,40.53,2.0,,0,"$1,215.9"
CUST-5320,M,28,North,28,2yr,54.34,,,0,"$1,521.52"
CUST-5148,Female,76,South,67,Month-to-month,103.38,0.0,69.79,0,"$6,926.46"
CUST-5593,M,19,South,61,One year,34.43,,59.25,0,"$2,100.23"
CUST-7940,Male,-5,North,59,Month-to-month,35.54,3.0,80.37,0,"$2,096.86"
CUST-5219,Female,48,East,8,Month-to-month,43.46,,99.52,1,$347.68
CUST-2115,F,70,South,4,Two year,32.28,,20.740000000000002,0,$129.12
CUST-6554,Male,250,South,34,2yr,116.03,2.0,75.14,0,"$3,945.02"
CUST-10741,non-binary,21,East,67,Two year,102.05,2.0,44.59,0,"$6,837.35"
CUST-10562,M,29,South,1,Two year,112.54,,,0,$112.54
CUST-5654,Male,71,West,12,Month-to-month,43.59,,,0,$523.08
CUST-2413,non-binary,78,North,44,Month-to-month,94.9,,,1,"$4,175.6"
CUST-2976,Male,57,East,65,Month-to-month,74.63,,,1,"$4,850.95"
CUST-2910,non-binary,39,East,18,Two year,47.74,7.0,24.75,1,$859.32
CUST-4323,M,67,North,48,1yr,46.54,,46.15,0,"$2,233.92"
CUST-4343,Female,56,West,54,One year,52.71,0.0,62.87,0,"$2,846.34"
CUST-1130,F,43,West,34,Two year,84.82,0.0,60.3,0,"$2,883.88"
CUST-7598,Male,18,West,14,One year,106.29,2.0,,0,"$1,488.06"
CUST-6928,M,48,West,35,Month-to-month,26.79,,,1,$937.65
CUST-9727,Male,-5,South,44,Month-to-month,105.39,1.0,,0,"$4,637.16"
CUST-4110,non-binary,44,West,45,Month-to-month,97.78,3.0,73.57,1,"$4,400.1"
CUST-4218,Male,52,West,10,1yr,35.4,,41.7,0,$354.0
CUST-3850,F,18,South,52,Two year,26.63,3.0,97.14,0,"$1,384.76"
CUST-9205,non-binary,60,South,69,2yr,119.65,2.0,,0,"$8,255.85"
CUST-8673,non-binary,51,South,0,Month-to-month,114.32,,83.63,1,$0.0
CUST-4955,Male,57,South,17,Month-to-month,74.15,10.0,36.96,0,"$1,260.55"
CUST-8795,non-binary,35,East,69,Month-to-month,82.35,,22.78,0,"$5,682.15"
CUST-10520,F,66,West,34,Month-to-month,30.38,7.0,15.7,1,"$1,032.92"
CUST-8261,F,60,South,55,m2m,114.76,2.0,,0,"$6,311.8"
CUST-1113,M,70,West,58,Month-to-month,101.17,,94.41,0,"$5,867.86"
CUST-8689,Female,53,North,54,Month-to-month,85.07,1.0,77.99,0,"$4,593.78"
CUST-8925,F,36,West,46,One year,94.9,,11.09,1,"$4,365.4"
CUST-9499,F,45,West,25,m2m,35.41,,71.29,0,$885.25
CUST-7030,Female,60,South,40,Month-to-month,62.14,3.0,,1,"$2,485.6"
CUST-5287,Female,49,South,42,One year,84.61,,,0,"$3,553.62"
CUST-7742,F,40,East,39,One year,77.72,,,1,"$3,031.08"
CUST-9771,Female,61,East,65,1yr,44.84,,,0,"$2,914.6"
CUST-8495,M,31,South,25,Month-to-month,97.07,,,0,"$2,426.75"
CUST-5537,non-binary,39,West,20,Two year,81.31,6.0,38.28,0,"$1,626.2"
CUST-10519,Female,27,North,62,Month-to-month,91.65,0.0,65.99,1,"$5,682.3"
CUST-8003,M,-5,South,47,2yr,55.7,,13.63,0,"$2,617.9"
CUST-10549,Male,33,East,2,Two year,31.62,1.0,,0,$63.24
CUST-4385,F,46,South,19,Month-to-month,82.94,,76.16,1,"$1,575.86"
CUST-8356,non-binary,38,South,4,Month-to-month,40.27,10.0,20.46,1,$161.08
CUST-10641,M,30,North,25,Month-to-month,51.1,2.0,99.29,1,"$1,277.5"
CUST-6292,Female,41,East,72,m2m,63.84,1.0,,0,"$4,596.48"
CUST-5410,Male,49,South,58,Month-to-month,114.95,3.0,,1,"$6,667.1"
CUST-9863,Male,43,North,50,One year,113.56,,,0,"$5,678.0"
CUST-1803,non-binary,250,West,54,m2m,79.25,,48.77,1,"$4,279.5"
CUST-9136,F,69,North,51,Two year,70.74,2.0,,0,"$3,607.74"
CUST-6819,Female,250,South,70,One year,72.45,,80.8,0,"$5,071.5"
CUST-8859,Male,54,South,65,One year,110.85,,,1,"$7,205.25"
CUST-8396,F,55,West,20,Month-to-month,98.22,,80.17,1,"$1,964.4"
CUST-4172,M,63,East,67,One year,110.62,1.0,,0,"$7,411.54"
CUST-4330,non-binary,56,North,46,One year,114.26,,47.55,0,"$5,255.96"
CUST-10843,M,74,North,41,Month-to-month,65.33,0.0,,1,"$2,678.53"
CUST-5167,Female,72,North,2,1yr,31.0,,,0,$62.0
CUST-1819,Male,32,South,44,2yr,70.67,,98.27,0,"$3,109.48"
CUST-5683,non-binary,43,North,59,Month-to-month,53.8,1.0,,1,"$3,174.2"
CUST-5506,Male,250,South,37,Month-to-month,107.21,,50.64,1,"$3,966.77"
CUST-1045,M,58,South,19,Month-to-month,100.08,,,1,"$1,901.52"
CUST-4406,F,44,West,71,Month-to-month,52.98,,63.85,1,"$3,761.58"
CUST-10077,Female,250,West,34,m2m,118.95,1.0,,1,"$4,044.3"
CUST-4459,M,-5,North,53,Two year,40.55,,,0,"$2,149.15"
CUST-7011,M,47,North,43,Two year,96.25,3.0,,1,"$4,138.75"
CUST-3953,Male,69,North,54,Month-to-month,81.39,4.0,20.69,1,"$4,395.06"
CUST-10450,M,27,South,30,One year,82.25,0.0,,0,"$2,467.5"
CUST-1269,Female,24,South,54,2yr,56.58,,,0,"$3,055.32"
CUST-6975,Male,21,North,69,1yr,97.52,,34.81,1,"$6,728.88"
CUST-8342,non-binary,50,East,33,Month-to-month,33.98,,,1,"$1,121.34"
CUST-5120,F,37,West,1,Two year,55.54,2.0,,0,$55.54
CUST-7285,F,66,North,69,One year,98.31,1.0,93.42,0,"$6,783.39"
CUST-3528,F,58,South,55,One year,37.81,,96.6,0,"$2,079.55"
CUST-4253,Male,56,West,28,Month-to-month,88.66,,43.4,1,"$2,482.48"
CUST-9644,non-binary,48,East,67,One year,115.99,3.0,63.96,1,"$7,771.33"
CUST-9719,Male,71,West,43,Month-to-month,94.28,,,0,"$4,054.04"
CUST-10354,Male,22,South,64,Month-to-month,53.3,,21.42,0,"$3,411.2"
CUST-9762,Male,65,West,44,One year,76.74,1.0,41.66,0,"$3,376.56"
CUST-3166,Female,47,South,43,Month-to-month,57.3,,,0,"$2,463.9"
CUST-7288,Male,20,West,29,1yr,40.71,,59.42,0,"$1,180.59"
CUST-8879,Male,41,East,15,m2m,102.7,2.0,,0,"$1,540.5"
CUST-6164,non-binary,45,West,68,One year,91.37,,,0,"$6,213.16"
CUST-7931,M,46,South,52,1yr,100.03,,76.36,0,"$5,201.56"
CUST-10599,Female,80,South,29,m2m,57.33,,80.63,1,"$1,662.57"
CUST-2823,M,29,North,38,m2m,24.44,,,1,$928.72
CUST-10654,Female,26,West,46,One year,64.12,,18.29,0,"$2,949.52"
CUST-2474,F,41,North,27,One year,117.71,,41.92,0,"$3,178.17"
CUST-2011,M,33,South,54,m2m,86.33,,,0,"$4,661.82"
CUST-1840,Female,76,North,31,m2m,67.79,0.0,,0,"$2,101.49"
CUST-1994,F,67,East,54,One year,32.71,2.0,,0,"$1,766.34"
CUST-10586,F,26,North,32,One year,25.42,1.0,37.27,0,$813.44
CUST-10544,Female,250,North,40,One year,95.01,,,0,"$3,800.4"
CUST-2974,Male,25,West,4,Month-to-month,82.2,3.0,,0,$328.8
CUST-6404,Male,-5,North,56,Month-to-month,112.22,,68.31,1,"$6,284.32"
CUST-2897,non-binary,30,South,12,Month-to-month,76.82,,,0,$921.84
CUST-10791,F,71,North,56,One year,55.07,,,1,"$3,083.92"
CUST-9564,non-binary,-5,West,61,m2m,87.86,,31.97,1,"$5,359.46"
CUST-9616,F,26,West,2,1yr,94.29,2.0,71.28,1,$188.58
CUST-2612,F,43,North,40,One year,23.91,,78.06,0,$956.4
CUST-1943,Female,77,West,60,One year,102.3,,81.67,0,"$6,138.0"
CUST-5187,Female,61,West,12,One year,111.69,2.0,65.3,1,"$1,340.28"
CUST-7164,Female,45,South,6,Month-to-month,28.85,,11.27,1,$173.1
CUST-2900,F,37,South,54,Two year,44.04,1.0,80.69,0,"$2,378.16"
CUST-9281,non-binary,70,South,3,One year,40.29,,63.34,0,$120.87
CUST-10819,F,25,South,13,Month-to-month,93.37,0.0,,1,"$1,213.81"
CUST-9151,F,32,East,67,Month-to-month,41.64,2.0,,0,"$2,789.88"
CUST-2904,Female,39,East,41,Month-to-month,64.72,2.0,,1,"$2,653.52"
CUST-6103,Male,67,South,8,One year,63.51,,80.92,0,$508.08
CUST-7723,M,55,West,20,Two year,32.51,4.0,19.77,0,$650.2
CUST-1098,Male,20,South,58,One year,39.8,1.0,89.74,0,"$2,308.4"
CUST-5919,Male,36,West,19,m2m,105.14,2.0,79.78,0,"$1,997.66"
CUST-7701,non-binary,50,South,72,Two year,85.35,,84.75,0,"$6,145.2"
CUST-2487,M,-5,North,44,Two year,118.65,2.0,,1,"$5,220.6"
CUST-2818,F,48,West,3,Two year,85.63,,,0,$256.89
CUST-10471,F,24,West,41,Month-to-month,52.74,,79.47,1,"$2,162.34"
CUST-3853,Female,51,South,68,One year,53.75,,96.58,0,"$3,655.0"
CUST-2327,Female,24,West,16,One year,47.24,1.0,22.82,0,$755.84
CUST-10814,non-binary,39,North,15,m2m,20.25,,59.31,1,$303.75
CUST-1427,Female,-5,South,31,1yr,31.24,,,0,$968.44
CUST-9015,M,49,West,60,m2m,33.63,,42.38,1,"$2,017.8"
CUST-1272,non-binary,66,North,8,Two year,48.88,,67.6,0,$391.04
CUST-7585,F,64,North,30,One year,92.32,,,0,"$2,769.6"
CUST-8562,Female,29,East,6,Month-to-month,42.89,0.0,,0,$257.34
CUST-6696,Male,53,North,30,2yr,20.16,,19.17,0,$604.8
CUST-9604,F,67,North,63,1yr,38.25,2.0,78.48,1,"$2,409.75"
CUST-5850,Male,250,West,44,Two year,48.04,0.0,,1,"$2,113.76"
CUST-5631,F,22,West,48,Month-to-month,25.24,1.0,46.36,1,"$1,211.52"
CUST-10616,Female,24,South,8,Month-to-month,107.26,2.0,,1,$858.08
CUST-9704,non-binary,58,East,61,Two year,23.27,3.0,97.47,0,"$1,419.47"
CUST-3514,F,63,East,13,One year,82.68,,87.96,0,"$1,074.84"
CUST-6362,M,35,South,25,Month-to-month,83.57,3.0,,1,"$2,089.25"
CUST-8587,non-binary,55,North,62,Two year,102.61,0.0,90.67,0,"$6,361.82"
CUST-4366,non-binary,71,North,64,Two year,21.06,,42.68,1,"$1,347.84"
CUST-9851,M,66,North,19,m2m,71.36,,,1,"$1,355.84"
CUST-9302,Female,73,East,22,One year,112.17,1.0,45.89,1,"$2,467.74"
CUST-5797,Male,72,North,36,Month-to-month,64.97,3.0,,0,"$2,338.92"
CUST-4785,F,18,West,43,Month-to-month,97.09,,,1,"$4,174.87"
CUST-5989,non-binary,61,South,47,Month-to-month,84.42,1.0,62.99,0,"$3,967.74"
CUST-4695,Female,63,North,18,Month-to-month,55.67,0.0,,1,"$1,002.06"
CUST-5249,Male,21,West,34,Two year,39.78,3.0,,0,"$1,352.52"
CUST-8349,non-binary,77,East,42,Month-to-month,21.68,,,0,$910.56
CUST-6314,Male,51,South,17,Two year,92.68,0.0,59.25,0,"$1,575.56"
CUST-6775,Male,45,West,10,One year,65.12,2.0,,0,$651.2
CUST-3468,Male,-5,West,42,Month-to-month,77.15,,,0,"$3,240.3"
CUST-10598,Male,61,North,22,2yr,100.56,1.0,,0,"$2,212.32"
CUST-4598,M,52,South,44,Month-to-month,48.24,1.0,66.8,0,"$2,122.56"
CUST-4118,Male,-5,East,1,One year,84.88,1.0,67.98,1,$84.88
CUST-8247,Female,44,North,54,2yr,96.54,,,1,"$5,213.16"
CUST-8862,Female,75,South,14,Month-to-month,100.18,,85.77,1,"$1,402.52"
CUST-4800,non-binary,62,North,27,Two year,75.32,3.0,,0,"$2,033.64"
CUST-6153,Male,-5,West,22,Two year,57.42,1.0,,0,"$1,263.24"
CUST-10810,Female,71,East,67,One year,58.2,,,0,"$3,899.4"
CUST-9354,non-binary,60,South,0,1yr,108.04,3.0,,0,$0.0
CUST-5198,Female,33,North,72,One year,80.65,,20.62,0,"$5,806.8"
CUST-1064,F,18,South,24,m2m,26.35,,,0,$632.4
CUST-10921,Male,72,North,8,1yr,99.3,3.0,46.68,1,$794.4
CUST-3970,M,28,South,18,Month-to-month,98.94,0.0,,0,"$1,780.92"
CUST-7246,Male,62,West,4,Month-to-month,109.37,,,1,$437.48
CUST-7502,M,-5,South,61,Month-to-month,45.39,2.0,54.63,0,"$2,768.79"
CUST-5227,F,60,West,41,One year,54.17,,57.65,0,"$2,220.97"
CUST-1112,F,250,North,52,Two year,32.42,3.0,55.69,1,"$1,685.84"
CUST-6447,Female,44,West,39,m2m,59.44,,17.97,1,"$2,318.16"
CUST-3782,Female,22,West,23,Month-to-month,43.41,,,1,$998.43
CUST-10322,Male,33,South,44,One year,79.9,,89.43,1,"$3,515.6"
CUST-2264,non-binary,35,North,65,Two year,50.93,2.0,11.18,0,"$3,310.45"
CUST-10111,Female,55,West,68,Month-to-month,79.52,,60.69,0,"$5,407.36"
CUST-6635,non-binary,33,South,47,Month-to-month,24.27,,,0,"$1,140.69"
CUST-6589,Male,28,South,2,One year,69.93,,,0,$139.86
CUST-1176,F,44,West,32,Two year,110.69,0.0,,0,"$3,542.08"
CUST-10797,M,54,South,46,Two year,21.18,,,0,$974.28
CUST-2497,Female,39,South,49,1yr,106.8,,,1,"$5,233.2"
CUST-6111,F,250,North,4,Month-to-month,100.96,0.0,,1,$403.84
CUST-5689,Male,21,North,32,One year,62.32,0.0,,0,"$1,994.24"
CUST-2316,F,59,West,43,Month-to-month,95.36,0.0,84.21,0,"$4,100.48"
CUST-8395,M,36,South,2,Month-to-month,28.17,,80.84,1,$56.34
CUST-1076,F,63,South,21,Month-to-month,38.71,2.0,50.11,1,$812.91
CUST-8841,M,62,West,53,Two year,81.09,,81.98,0,"$4,297.77"
CUST-8787,non-binary,75,North,24,Two year,74.04,,,1,"$1,776.96"
CUST-10530,Male,44,South,51,Month-to-month,25.3,2.0,,1,"$1,290.3"
CUST-1481,F,41,North,44,Month-to-month,26.96,5.0,10.43,1,"$1,186.24"
CUST-1099,M,60,West,43,Month-to-month,85.92,7.0,17.57,1,"$3,694.56"
CUST-4433,Male,77,South,62,m2m,92.46,8.0,10.27,1,"$5,732.52"
CUST-4190,Male,24,North,36,m2m,94.01,3.0,,1,"$3,384.36"
CUST-1187,non-binary,36,South,48,One year,112.9,,,1,"$5,419.2"
CUST-8327,Female,56,East,65,Two year,95.51,1.0,,0,"$6,208.15"
CUST-2667,M,36,South,10,One year,58.5,3.0,,0,$585.0
CUST-4867,non-binary,44,West,27,Month-to-month,83.45,0.0,29.58,1,"$2,253.15"
CUST-4154,non-binary,70,North,10,Two year,40.47,2.0,67.75,0,$404.7
CUST-4975,non-binary,47,West,20,Two year,62.49,,61.42,0,"$1,249.8"
CUST-2392,M,43,North,72,Month-to-month,99.13,,41.1,1,"$7,137.36"
CUST-1748,non-binary,18,South,45,Month-to-month,89.44,3.0,60.3,1,"$4,024.8"
CUST-7209,M,29,East,34,Month-to-month,115.0,,,1,"$3,910.0"
CUST-10004,F,30,West,6,One year,24.1,,47.51,0,$144.6
CUST-8581,Male,41,West,51,One year,47.21,,,0,"$2,407.71"
CUST-7983,Male,23,West,61,Two year,85.25,3.0,,0,"$5,200.25"
CUST-7079,Male,76,West,35,Month-to-month,113.39,,,1,"$3,968.65"
CUST-8369,F,58,West,1,One year,97.26,1.0,55.650000000000006,0,$97.26
CUST-8857,M,45,East,57,Month-to-month,68.44,,14.74,0,"$3,901.08"
CUST-4967,Male,65,North,67,Month-to-month,87.88,3.0,95.58,1,"$5,887.96"
CUST-5121,F,45,South,10,Month-to-month,36.17,3.0,,0,$361.7
CUST-2672,M,27,East,36,1yr,30.41,,32.3,0,"$1,094.76"
CUST-10922,Male,21,North,68,One year,27.61,5.0,22.19,0,"$1,877.48"
CUST-1339,F,54,South,35,Month-to-month,76.19,2.0,,1,"$2,666.65"
CUST-3496,M,75,South,19,Month-to-month,81.86,2.0,34.11,1,"$1,555.34"
CUST-6136,M,65,South,28,Month-to-month,87.73,1.0,55.03,1,"$2,456.44"
CUST-3539,non-binary,21,West,1,One year,62.74,,,0,$62.74
CUST-9300,non-binary,-5,East,55,One year,54.8,2.0,96.61,1,"$3,014.0"
CUST-2109,Female,62,North,56,One year,35.93,3.0,,0,"$2,012.08"
CUST-2432,Male,38,East,39,One year,32.69,,,0,"$1,274.91"
CUST-2254,Female,67,South,70,Month-to-month,115.38,1.0,,0,"$8,076.6"
CUST-6343,M,19,North,22,Month-to-month,119.31,,68.84,0,"$2,624.82"
CUST-2238,F,40,West,43,Month-to-month,81.64,,,0,"$3,510.52"
CUST-2987,Male,-5,West,57,Month-to-month,95.46,3.0,,1,"$5,441.22"
CUST-4211,Female,32,East,38,Month-to-month,90.59,,,1,"$3,442.42"
CUST-9628,Male,80,South,37,Month-to-month,76.95,,12.45,1,"$2,847.15"
CUST-4924,M,79,West,36,Month-to-month,95.16,,82.5,1,"$3,425.76"
CUST-2601,Female,46,North,18,m2m,33.52,,76.36,1,$603.36
CUST-8256,F,62,West,61,Month-to-month,98.61,,,0,"$6,015.21"
CUST-8093,M,32,North,22,Month-to-month,102.84,2.0,97.44,0,"$2,262.48"
CUST-2291,M,73,North,21,Month-to-month,22.02,2.0,,0,$462.42
CUST-1806,non-binary,56,West,66,One year,35.81,1.0,,0,"$2,363.46"
CUST-7358,F,21,West,12,Two year,34.49,,38.3,0,$413.88
CUST-7270,Male,32,West,61,m2m,105.92,,,1,"$6,461.12"
CUST-6883,non-binary,30,West,41,Month-to-month,57.83,1.0,,1,"$2,371.03"
CUST-8326,Female,72,North,5,One year,31.46,0.0,,1,$157.3
CUST-2080,F,50,South,47,Month-to-month,78.31,3.0,11.3,1,"$3,680.57"
CUST-5186,non-binary,68,South,62,Month-to-month,104.36,3.0,47.62,1,"$6,470.32"
CUST-3697,F,28,East,9,2yr,103.34,,,0,$930.06
CUST-5974,non-binary,46,East,57,One year,24.02,2.0,,0,"$1,369.14"
CUST-6498,Male,21,South,55,m2m,96.77,1.0,79.1,0,"$5,322.35"
CUST-2511,non-binary,37,East,66,1yr,60.69,,,0,"$4,005.54"
CUST-6620,F,22,West,7,Month-to-month,27.06,,,0,$189.42
CUST-3778,non-binary,22,West,24,Month-to-month,40.72,3.0,,1,$977.28
CUST-2195,non-binary,25,South,35,One year,34.26,,50.28,0,"$1,199.1"
CUST-6912,M,32,South,19,One year,26.23,,10.79,0,$498.37
CUST-6403,F,73,West,31,Month-to-month,100.83,2.0,,0,"$3,125.73"
CUST-8262,non-binary,25,North,29,2yr,76.79,,,0,"$2,226.91"
CUST-2095,non-binary,55,North,15,One year,45.43,3.0,,0,$681.45
CUST-1752,Male,34,South,7,Month-to-month,89.73,0.0,75.35,0,$628.11
CUST-2418,Female,37,South,68,1yr,31.08,,,1,"$2,113.44"
CUST-9111,Female,29,North,4,Two year,72.93,,,0,$291.72
CUST-10993,M,49,East,49,Two year,105.57,2.0,19.82,1,"$5,172.93"
CUST-2934,Female,19,South,44,Month-to-month,59.64,,,1,"$2,624.16"
CUST-4497,Male,77,North,68,One year,38.86,,68.03,0,"$2,642.48"
CUST-7787,F,37,South,32,Month-to-month,65.47,,,0,"$2,095.04"
CUST-2065,non-binary,250,South,6,One year,95.2,,,0,$571.2
CUST-7658,M,20,North,36,Month-to-month,49.39,,,0,"$1,778.04"
CUST-7268,M,74,South,55,2yr,63.72,0.0,,0,"$3,504.6"
CUST-4574,Female,48,North,26,1yr,62.75,,83.64,0,"$1,631.5"
CUST-5796,Male,24,North,4,Month-to-month,87.0,,,0,$348.0
CUST-1577,F,76,South,20,Month-to-month,50.43,7.0,26.94,1,"$1,008.6"
CUST-7517,non-binary,20,South,8,Two year,105.0,,,0,$840.0
CUST-5831,Male,47,North,38,Month-to-month,70.26,,,1,"$2,669.88"
CUST-2849,Female,70,East,33,2yr,77.19,5.0,32.72,1,"$2,547.27"
CUST-4647,Female,30,North,0,Two year,95.4,,,0,$0.0
CUST-9730,non-binary,19,North,67,m2m,36.44,,,0,"$2,441.48"
CUST-5447,M,29,West,63,Month-to-month,82.45,,93.95,0,"$5,194.35"
CUST-7290,M,51,West,70,Month-to-month,75.37,,,0,"$5,275.9"
CUST-2092,non-binary,38,East,26,Two year,48.99,3.0,,0,"$1,273.74"
CUST-8849,Male,59,South,49,m2m,82.7,1.0,85.47,0,"$4,052.3"
CUST-3689,Male,68,South,38,Two year,106.4,3.0,75.61,0,"$4,043.2"
CUST-9716,Female,72,North,10,One year,94.39,1.0,41.72,0,$943.9
CUST-2583,F,19,West,50,Month-to-month,35.1,,,0,"$1,755.0"
CUST-5168,Male,74,South,62,m2m,46.69,3.0,14.49,1,"$2,894.78"
CUST-5036,M,70,West,48,Two year,75.08,,,0,"$3,603.84"
CUST-2949,Male,29,South,59,Two year,71.53,,17.52,0,"$4,220.27"
CUST-2997,non-binary,76,South,19,One year,91.98,3.0,,0,"$1,747.62"
CUST-4700,M,69,South,11,One year,47.74,3.0,22.61,0,$525.14
CUST-4223,Female,39,North,25,Month-to-month,106.17,,73.68,1,"$2,654.25"
CUST-3347,Male,68,West,21,m2m,33.73,6.0,33.18,1,$708.33
CUST-4635,non-binary,43,South,49,Month-to-month,22.11,1.0,,0,"$1,083.39"
CUST-3050,Male,71,North,47,One year,65.63,2.0,54.6,0,"$3,084.61"
CUST-10042,non-binary,79,North,8,Month-to-month,50.46,3.0,,1,$403.68
CUST-2628,non-binary,41,North,54,Two year,48.86,,17.14,1,"$2,638.44"
CUST-2934,Female,19,South,44,Month-to-month,59.64,,,1,"$2,624.16"
CUST-6893,Male,36,West,25,One year,90.16,,84.58,1,"$2,254.0"
CUST-3695,Female,-5,North,67,Month-to-month,118.08,0.0,81.9,1,"$7,911.36"
CUST-7410,non-binary,79,South,62,m2m,64.05,,68.8,0,"$3,971.1"
CUST-5342,Male,29,West,40,Two year,24.5,3.0,47.25,1,$980.0
CUST-1081,non-binary,20,South,4,Two year,116.95,4.0,23.97,0,$467.8
CUST-1204,non-binary,47,West,28,Month-to-month,40.26,,,1,"$1,127.28"
CUST-5010,non-binary,23,East,59,Month-to-month,45.45,,,1,"$2,681.55"
CUST-3295,non-binary,-5,East,57,Month-to-month,21.07,,59.89,0,"$1,200.99"
CUST-8784,M,67,West,59,Month-to-month,93.03,,49.49,0,"$5,488.77"
CUST-10303,Female,63,West,61,Month-to-month,30.18,3.0,,0,"$1,840.98"
CUST-8350,Female,79,North,54,One year,112.56,2.0,,0,"$6,078.24"
CUST-2714,Female,40,North,53,Month-to-month,44.31,,44.41,1,"$2,348.43"
CUST-1861,Male,50,North,17,2yr,119.92,,,0,"$2,038.64"
CUST-8617,Female,46,West,11,Two year,28.79,,29.61,1,$316.69
CUST-4254,non-binary,24,South,51,m2m,53.55,10.0,13.15,1,"$2,731.05"
CUST-5941,F,29,South,62,1yr,90.55,4.0,19.91,0,"$5,614.1"
CUST-1277,non-binary,65,East,70,1yr,110.64,,,1,"$7,744.8"
CUST-4016,F,66,South,48,2yr,52.1,2.0,21.36,1,"$2,500.8"
CUST-8600,Male,48,West,70,Month-to-month,72.06,1.0,82.05,0,"$5,044.2"
CUST-2668,Male,73,West,56,One year,95.05,1.0,,1,"$5,322.8"
CUST-1700,F,22,West,71,Month-to-month,99.37,,,0,"$7,055.27"
CUST-9621,Female,-5,South,52,One year,40.2,,11.38,0,"$2,090.4"
CUST-6303,Male,19,West,9,Month-to-month,42.97,0.0,48.59,1,$386.73
CUST-10008,F,54,West,44,Month-to-month,75.93,,,1,"$3,340.92"
CUST-1630,Female,29,South,55,Month-to-month,87.19,,,0,"$4,795.45"
CUST-9908,non-binary,38,West,18,Month-to-month,78.35,,18.22,1,"$1,410.3"
CUST-7028,non-binary,24,North,37,One year,103.07,2.0,,1,"$3,813.59"
CUST-10805,F,49,South,64,m2m,53.71,,10.35,1,"$3,437.44"
CUST-2364,F,-5,North,29,m2m,37.81,,20.02,1,"$1,096.49"
CUST-5065,F,36,South,63,One year,78.45,,24.77,1,"$4,942.35"
CUST-5776,non-binary,62,East,71,m2m,23.19,2.0,,1,"$1,646.49"
CUST-3611,Male,53,South,72,Two year,78.59,,61.24,0,"$5,658.48"
CUST-10231,Male,18,West,41,m2m,61.23,,,0,"$2,510.43"
CUST-9296,Female,53,East,27,One year,64.48,1.0,,0,"$1,740.96"
CUST-8674,non-binary,79,West,11,Two year,59.54,3.0,,0,$654.94
CUST-5954,Male,45,North,5,1yr,44.78,,,0,$223.9
CUST-7479,M,34,South,4,Two year,58.23,1.0,,0,$232.92
CUST-7560,Female,71,West,36,One year,64.11,,,0,"$2,307.96"
CUST-7499,M,54,West,54,Month-to-month,117.9,0.0,,1,"$6,366.6"
CUST-8225,F,27,North,28,m2m,112.07,,27.5,0,"$3,137.96"
CUST-8881,Female,22,East,13,m2m,77.73,,,1,"$1,010.49"
CUST-7827,non-binary,74,North,38,One year,118.02,1.0,,0,"$4,484.76"
CUST-8942,Male,80,North,12,Month-to-month,71.23,,84.98,0,$854.76
CUST-5235,non-binary,56,North,69,Month-to-month,29.11,,32.07,1,"$2,008.59"
CUST-4306,non-binary,44,South,7,One year,39.22,2.0,83.28,1,$274.54
CUST-5884,non-binary,70,South,8,One year,71.75,3.0,,0,$574.0
CUST-6741,Male,71,West,26,Month-to-month,64.16,,30.07,1,"$1,668.16"
CUST-4312,non-binary,62,West,36,Month-to-month,51.86,10.0,34.73,1,"$1,866.96"
CUST-5677,Male,26,South,16,One year,37.87,,55.66,0,$605.92
CUST-2577,non-binary,65,South,29,Month-to-month,106.08,,74.6,0,"$3,076.32"
CUST-3950,M,20,North,34,Month-to-month,105.33,,91.26,0,"$3,581.22"
CUST-1738,Male,49,North,30,Month-to-month,37.63,,,0,"$1,128.9"
CUST-10428,non-binary,30,West,51,One year,78.74,0.0,56.56,0,"$4,015.74"
CUST-9271,non-binary,79,South,72,2yr,35.16,,,0,"$2,531.52"
CUST-8131,Female,-5,West,26,Month-to-month,92.62,3.0,79.56,0,"$2,408.12"
CUST-9379,non-binary,62,West,40,1yr,66.68,,,0,"$2,667.2"
CUST-7803,F,21,West,11,One year,37.87,,,0,$416.57
CUST-6383,Female,57,North,1,Month-to-month,82.19,,,0,$82.19
CUST-10402,non-binary,42,North,67,One year,63.5,2.0,,0,"$4,254.5"
CUST-10939,M,32,South,55,Month-to-month,45.17,1.0,32.27,1,"$2,484.35"
CUST-1671,Female,53,West,3,One year,52.95,,72.41,0,$158.85
CUST-1901,Female,67,West,3,Month-to-month,109.31,0.0,,1,$327.93
CUST-4655,M,26,East,7,Month-to-month,112.83,1.0,,1,$789.81
CUST-8626,non-binary,37,East,68,Month-to-month,103.94,,87.53,0,"$7,067.92"
CUST-1574,Male,42,North,44,One year,89.72,,83.9,1,"$3,947.68"
CUST-3096,Female,21,West,20,Month-to-month,103.04,0.0,31.43,1,"$2,060.8"
CUST-1601,M,77,West,20,One year,92.73,,,1,"$1,854.6"
CUST-3914,F,63,South,54,One year,62.71,3.0,,0,"$3,386.34"
CUST-5231,M,61,North,63,One year,42.17,2.0,,0,"$2,656.71"
CUST-8702,M,48,West,33,m2m,78.85,5.0,36.18,1,"$2,602.05"
CUST-6760,Male,49,West,27,Month-to-month,113.9,2.0,,0,"$3,075.3"
CUST-6304,Female,39,North,14,Month-to-month,56.64,,,0,$792.96
CUST-8919,Female,47,West,52,Month-to-month,74.57,,82.47,1,"$3,877.64"
CUST-4383,M,80,East,50,m2m,96.56,0.0,40.17,1,"$4,828.0"
CUST-2952,M,18,South,19,One year,63.04,1.0,98.7,0,"$1,197.76"
CUST-6020,F,19,West,26,One year,80.15,1.0,58.07,0,"$2,083.9"
CUST-5406,Female,77,North,35,Two year,92.77,,,0,"$3,246.95"
CUST-7378,Male,33,North,51,One year,91.42,,17.69,1,"$4,662.42"
CUST-1846,F,50,West,33,Month-to-month,100.3,1.0,,0,"$3,309.9"
CUST-3305,F,79,North,21,One year,96.33,0.0,48.63,1,"$2,022.93"
CUST-1302,Male,36,North,14,Month-to-month,32.59,2.0,96.73,1,$456.26
CUST-3168,non-binary,22,South,57,Two year,22.54,2.0,,0,"$1,284.78"
CUST-3955,F,59,West,14,One year,86.89,3.0,90.48,0,"$1,216.46"
CUST-7747,F,50,South,11,Month-to-month,46.87,6.0,12.58,0,$515.57
CUST-8139,M,250,North,42,Two year,105.35,2.0,,1,"$4,424.7"
CUST-6654,Female,20,West,12,Month-to-month,99.49,,83.88,1,"$1,193.88"
CUST-10602,M,27,West,17,Month-to-month,33.16,,66.25,1,$563.72
CUST-5460,M,38,West,49,One year,108.04,,,0,"$5,293.96"
CUST-7768,F,77,North,41,Month-to-month,23.8,3.0,93.29,1,$975.8
CUST-3162,M,24,South,43,2yr,102.88,0.0,83.49,0,"$4,423.84"
CUST-6690,Female,25,West,16,Month-to-month,112.68,,74.2,1,"$1,802.88"
CUST-8239,Male,34,North,13,Month-to-month,45.38,,,0,$589.94
CUST-7714,Male,38,West,52,Month-to-month,68.58,1.0,,1,"$3,566.16"
CUST-1066,F,38,West,30,One year,59.13,2.0,80.27,0,"$1,773.9"
CUST-4660,F,65,East,37,Month-to-month,113.85,,43.07,1,"$4,212.45"
CUST-6722,non-binary,250,South,53,One year,95.91,,,0,"$5,083.23"
CUST-10650,Female,51,South,62,2yr,37.21,,,0,"$2,307.02"
CUST-9818,Female,79,South,24,Two year,112.99,,,0,"$2,711.76"
CUST-4174,non-binary,38,West,27,One year,66.1,,,0,"$1,784.7"
CUST-8722,Female,75,North,54,One year,80.74,,84.59,0,"$4,359.96"
CUST-3389,non-binary,31,East,16,One year,41.87,0.0,44.02,0,$669.92
CUST-5477,Female,72,North,40,Month-to-month,83.04,,12.74,0,"$3,321.6"
CUST-1230,F,27,East,42,Month-to-month,78.01,1.0,,0,"$3,276.42"
CUST-7146,non-binary,20,North,26,Month-to-month,42.8,1.0,,1,"$1,112.8"
CUST-1383,M,22,West,60,Two year,103.29,,64.7,0,"$6,197.4"
CUST-2088,M,31,North,42,1yr,43.54,1.0,,0,"$1,828.68"
CUST-7015,Male,77,South,5,m2m,108.63,,,1,$543.15
CUST-6658,Male,79,West,26,Month-to-month,46.15,1.0,67.33,0,"$1,199.9"
CUST-5468,F,78,West,57,Month-to-month,22.03,0.0,,1,"$1,255.71"
CUST-8549,non-binary,34,West,72,Two year,78.33,,69.59,0,"$5,639.76"
CUST-4369,M,70,West,18,Month-to-month,42.49,3.0,43.98,0,$764.82
CUST-4813,Female,61,East,2,Month-to-month,73.11,,22.990000000000002,1,$146.22
CUST-4638,non-binary,21,North,23,Month-to-month,45.11,,,0,"$1,037.53"
CUST-9317,Female,22,West,65,One year,75.93,,99.39,0,"$4,935.45"
CUST-1043,F,59,North,38,Month-to-month,42.02,0.0,93.85,1,"$1,596.76"
CUST-4821,Male,43,West,69,Month-to-month,99.0,3.0,,1,"$6,831.0"
CUST-7133,Female,52,West,58,2yr,73.17,2.0,,1,"$4,243.86"
CUST-5815,Female,35,North,29,2yr,58.36,0.0,,0,"$1,692.44"
CUST-1217,non-binary,39,North,5,Month-to-month,40.54,3.0,,0,$202.7
CUST-2680,M,38,West,49,One year,39.62,,83.66,0,"$1,941.38"
CUST-7387,Male,25,South,24,Month-to-month,70.15,,68.53,0,"$1,683.6"
CUST-4977,F,-5,East,53,Month-to-month,34.44,2.0,,1,"$1,825.32"
CUST-3294,Male,51,North,10,Month-to-month,68.01,2.0,,1,$680.1
CUST-9732,non-binary,27,South,12,2yr,42.59,1.0,,1,$511.08
CUST-5681,F,30,South,56,Month-to-month,45.58,,,0,"$2,552.48"
CUST-7825,Male,32,South,23,Month-to-month,75.93,3.0,,1,"$1,746.39"
CUST-2068,M,76,North,53,Month-to-month,51.11,3.0,,0,"$2,708.83"
CUST-4925,non-binary,64,South,27,One year,118.16,3.0,52.08,0,"$3,190.32"
CUST-3672,M,63,North,6,One year,110.27,0.0,,0,$661.62
CUST-8970,Male,21,South,48,Month-to-month,85.05,,43.08,1,"$4,082.4"
CUST-4531,Male,55,North,42,One year,56.33,9.0,39.21,1,"$2,365.86"
CUST-7394,non-binary,54,South,39,Month-to-month,35.41,,,0,"$1,380.99"
CUST-5035,Female,32,West,30,Two year,22.89,,53.14,0,$686.7
CUST-8112,M,66,North,64,Two year,112.4,2.0,86.16,0,"$7,193.6"
CUST-10783,Female,31,West,61,Month-to-month,113.15,0.0,81.98,0,"$6,902.15"
CUST-2190,Female,66,South,0,1yr,83.1,,25.39,0,$0.0
CUST-6036,Male,44,North,46,One year,24.95,,,0,"$1,147.7"
CUST-6202,M,66,South,50,One year,102.32,,,0,"$5,116.0"
CUST-10331,M,52,West,21,Two year,45.4,,,0,$953.4
CUST-3469,non-binary,79,North,66,Two year,88.81,4.0,35.9,0,"$5,861.46"
CUST-9815,M,49,West,5,Month-to-month,116.81,2.0,,1,$584.05
CUST-10835,M,43,South,14,m2m,67.53,,20.26,1,$945.42
CUST-7734,M,69,North,59,Month-to-month,29.16,2.0,,0,"$1,720.44"
CUST-2977,non-binary,-5,West,7,One year,77.13,,,0,$539.91
CUST-6963,Female,43,East,57,Month-to-month,88.4,3.0,,0,"$5,038.8"
CUST-9269,M,32,South,34,Month-to-month,75.41,,91.99,1,"$2,563.94"
CUST-9459,M,58,North,32,One year,38.86,2.0,,0,"$1,243.52"
CUST-1095,Female,26,North,47,One year,91.01,1.0,81.86,0,"$4,277.47"
CUST-1250,non-binary,77,West,22,One year,65.67,,,0,"$1,444.74"
CUST-4840,Male,76,West,48,Month-to-month,58.42,,62.43,1,"$2,804.16"
CUST-5823,non-binary,34,North,52,Month-to-month,23.51,,19.59,1,"$1,222.52"
CUST-5708,M,41,North,51,Month-to-month,111.83,2.0,,1,"$5,703.33"
CUST-9372,Female,70,East,64,Month-to-month,117.62,,55.01,0,"$7,527.68"
CUST-10372,non-binary,20,West,21,1yr,60.94,3.0,,0,"$1,279.74"
CUST-5376,non-binary,61,South,50,One year,75.05,7.0,26.37,0,"$3,752.5"
CUST-3799,F,43,South,56,One year,98.3,,,0,"$5,504.8"
CUST-3616,non-binary,39,South,49,Month-to-month,33.59,0.0,,0,"$1,645.91"
CUST-4985,Female,70,North,47,Month-to-month,26.51,1.0,,0,"$1,245.97"
CUST-2684,Male,250,North,15,Two year,59.83,2.0,,0,$897.45
CUST-1766,Female,41,East,50,One year,48.31,4.0,18.71,0,"$2,415.5"
CUST-8343,Male,80,South,57,One year,109.72,0.0,49.53,0,"$6,254.04"
CUST-3878,F,64,South,44,One year,83.74,,,0,"$3,684.56"
CUST-4376,M,32,North,7,Two year,115.3,,57.55,1,$807.1
CUST-7481,Female,52,West,49,One year,98.93,3.0,75.5,0,"$4,847.57"
CUST-8698,F,38,East,70,Month-to-month,28.41,0.0,,0,"$1,988.7"
CUST-7230,Female,18,South,6,2yr,62.09,,,0,$372.54
CUST-7703,M,-5,South,10,1yr,77.99,10.0,39.63,0,$779.9
CUST-8685,M,66,South,38,Month-to-month,29.31,1.0,66.0,1,"$1,113.78"
CUST-1455,F,55,South,19,Month-to-month,53.96,,,0,"$1,025.24"
CUST-7262,non-binary,68,South,32,Month-to-month,112.37,,,1,"$3,595.84"
CUST-1324,Female,40,South,41,One year,42.48,0.0,,0,"$1,741.68"
CUST-1283,F,34,North,36,Month-to-month,51.86,,17.01,0,"$1,866.96"
CUST-2858,Male,77,West,53,Two year,109.38,0.0,,1,"$5,797.14"
CUST-10351,M,54,North,53,Month-to-month,83.32,,20.36,1,"$4,415.96"
CUST-10839,M,77,North,65,Two year,34.09,6.0,27.82,1,"$2,215.85"
CUST-9272,F,63,North,0,Month-to-month,48.59,3.0,,1,$0.0
CUST-6323,F,70,East,69,Month-to-month,30.57,2.0,,0,"$2,109.33"
CUST-7504,Female,27,South,56,Month-to-month,57.79,,,1,"$3,236.24"
CUST-8895,Female,32,East,7,Month-to-month,112.26,,,1,$785.82
CUST-1171,F,49,South,26,m2m,79.99,1.0,,1,"$2,079.74"
CUST-9506,F,64,North,5,Month-to-month,23.86,4.0,37.69,0,$119.3
CUST-7540,F,65,South,25,Two year,90.92,2.0,81.76,0,"$2,273.0"
CUST-7615,F,18,West,62,Month-to-month,84.59,,27.04,1,"$5,244.58"
CUST-8104,F,63,North,12,2yr,49.64,,,0,$595.68
CUST-3638,Male,51,South,70,One year,106.59,1.0,14.84,0,"$7,461.3"
CUST-9268,non-binary,78,West,4,Two year,50.45,,,1,$201.8
CUST-2682,M,56,East,30,One year,73.89,1.0,72.48,0,"$2,216.7"
CUST-4150,F,71,South,49,One year,65.15,1.0,36.05,0,"$3,192.35"
CUST-5848,Male,27,West,10,Two year,36.93,,48.57,0,$369.3
CUST-8923,M,47,West,60,One year,114.26,,,0,"$6,855.6"
CUST-4301,Female,28,South,36,m2m,59.98,2.0,,1,"$2,159.28"
CUST-5805,F,67,South,71,Month-to-month,36.76,,,1,"$2,609.96"
CUST-9303,M,42,North,71,Month-to-month,39.6,,,1,"$2,811.6"
CUST-2385,Male,29,West,47,1yr,71.05,8.0,12.32,1,"$3,339.35"
CUST-2120,non-binary,43,South,6,Month-to-month,29.11,1.0,,1,$174.66
CUST-2162,F,39,North,60,m2m,103.72,1.0,49.52,0,"$6,223.2"
CUST-1830,non-binary,47,West,37,Month-to-month,96.68,,15.68,1,"$3,577.16"
CUST-7012,Male,-5,West,70,1yr,75.69,2.0,,0,"$5,298.3"
CUST-8812,Male,250,West,38,m2m,75.93,,,1,"$2,885.34"
CUST-8450,F,72,South,18,Two year,97.04,2.0,,0,"$1,746.72"
CUST-1323,F,76,West,31,Two year,98.12,,50.35,1,"$3,041.72"
CUST-8187,Female,47,South,17,2yr,63.04,1.0,,0,"$1,071.68"
CUST-1792,M,65,West,43,m2m,69.12,3.0,,1,"$2,972.16"
CUST-9375,Female,70,East,20,One year,84.12,2.0,,1,"$1,682.4"
CUST-6127,non-binary,50,North,66,One year,52.71,2.0,44.14,0,"$3,478.86"
CUST-4171,Male,80,West,59,Month-to-month,30.48,,42.19,1,"$1,798.32"
CUST-6048,Male,75,North,39,Two year,69.51,,,0,"$2,710.89"
CUST-9533,M,74,South,43,Month-to-month,119.03,,98.08,0,"$5,118.29"
CUST-7852,F,33,East,2,Two year,107.93,,,0,$215.86
CUST-1716,Male,27,West,10,One year,98.33,3.0,,1,$983.3
CUST-6915,M,21,South,43,Month-to-month,84.78,,,1,"$3,645.54"
CUST-8573,Male,67,North,23,Two year,28.24,,,1,$649.52
CUST-4028,Female,18,West,26,Month-to-month,20.45,,99.44,0,$531.7
CUST-8478,Male,65,South,28,One year,115.34,,,0,"$3,229.52"
CUST-1959,non-binary,61,South,48,Month-to-month,33.48,0.0,61.94,0,"$1,607.04"
CUST-5080,F,38,North,49,One year,111.87,,51.62,0,"$5,481.63"
CUST-3644,F,22,North,13,Month-to-month,113.98,,,0,"$1,481.74"
CUST-3176,F,43,North,9,m2m,56.25,7.0,15.76,1,$506.25
CUST-2062,Male,60,South,1,One year,89.13,,,1,$89.13
CUST-4846,Female,52,East,61,Month-to-month,31.65,,,0,"$1,930.65"
CUST-6251,Female,66,North,44,Two year,34.58,3.0,64.81,0,"$1,521.52"
CUST-1395,non-binary,43,North,17,Month-to-month,71.62,0.0,,1,"$1,217.54"
CUST-10626,non-binary,27,East,8,One year,60.56,2.0,80.91,1,$484.48
CUST-10012,M,80,North,67,Month-to-month,72.01,1.0,92.92,1,"$4,824.67"
CUST-9579,M,66,West,57,2yr,46.65,0.0,,0,"$2,659.05"
CUST-9780,Male,54,North,25,1yr,66.19,,79.19,0,"$1,654.75"
CUST-5834,Female,40,North,28,One year,28.74,0.0,,0,$804.72
CUST-2868,F,71,East,58,Two year,26.41,4.0,13.92,1,"$1,531.78"
CUST-5028,Male,68,West,65,One year,73.14,,48.57,0,"$4,754.1"
CUST-10163,Female,43,East,67,m2m,45.88,10.0,27.21,1,"$3,073.96"
CUST-3338,Male,50,North,39,One year,27.18,,,0,"$1,060.02"
CUST-8330,Female,78,North,63,Two year,20.88,3.0,,0,"$1,315.44"
CUST-1547,Male,250,North,7,Two year,94.46,,57.6,0,$661.22
CUST-7930,M,35,South,22,m2m,54.37,,77.24,0,"$1,196.14"
CUST-8154,F,48,South,0,Two year,115.75,3.0,,1,$0.0
CUST-9877,Female,74,West,50,Month-to-month,78.11,2.0,,1,"$3,905.5"
CUST-10953,Male,19,North,62,Month-to-month,93.35,0.0,,1,"$5,787.7"
CUST-2872,F,45,North,33,Two year,58.17,1.0,,1,"$1,919.61"
CUST-3063,non-binary,47,South,51,Month-to-month,62.69,,63.86,1,"$3,197.19"
CUST-6572,non-binary,69,West,67,Two year,94.37,,45.53,0,"$6,322.79"
CUST-8735,F,36,North,34,Two year,44.76,,,0,"$1,521.84"
CUST-3116,non-binary,76,North,39,Month-to-month,80.63,1.0,,1,"$3,144.57"
CUST-5291,M,53,South,48,Month-to-month,39.31,,,1,"$1,886.88"
CUST-1981,F,75,West,67,1yr,68.72,,25.22,0,"$4,604.24"
CUST-1663,M,58,South,53,Month-to-month,79.06,,10.54,1,"$4,190.18"
CUST-7488,Male,74,West,40,Month-to-month,66.08,,25.79,1,"$2,643.2"
CUST-4729,Male,73,North,46,Two year,55.17,2.0,,1,"$2,537.82"
CUST-3851,M,25,East,63,Two year,67.25,3.0,,0,"$4,236.75"
CUST-3023,Male,36,North,18,Two year,59.0,0.0,60.6,0,"$1,062.0"
CUST-5873,M,35,North,2,Month-to-month,54.35,1.0,80.49,0,$108.7
CUST-10578,Male,34,South,64,Month-to-month,105.95,,,1,"$6,780.8"
CUST-5045,F,46,East,52,Month-to-month,37.22,,,1,"$1,935.44"
CUST-8539,M,30,West,54,Two year,83.51,,,0,"$4,509.54"
CUST-7074,Female,36,North,70,Month-to-month,24.08,,42.13,0,"$1,685.6"
CUST-6689,Male,32,West,27,Month-to-month,58.51,3.0,45.65,1,"$1,579.77"
CUST-9931,Male,41,North,68,One year,116.48,3.0,86.62,1,"$7,920.64"
CUST-6650,Male,62,West,70,Month-to-month,48.99,2.0,71.7,1,"$3,429.3"
CUST-7601,F,31,West,7,m2m,60.45,,24.41,1,$423.15
CUST-9976,Male,58,North,36,Two year,49.85,2.0,,0,"$1,794.6"
CUST-6185,Male,76,West,36,One year,110.99,,51.49,0,"$3,995.64"
CUST-4549,Female,55,South,54,Two year,115.98,1.0,,1,"$6,262.92"
CUST-9873,non-binary,50,South,36,2yr,76.65,,,0,"$2,759.4"
CUST-6668,Female,74,West,5,m2m,66.17,1.0,50.19,1,$330.85
CUST-6477,F,30,West,70,One year,24.69,,,0,"$1,728.3"
CUST-10476,Male,55,South,23,m2m,21.95,,,1,$504.85
CUST-10475,Female,67,North,21,2yr,95.37,,,0,"$2,002.77"
CUST-9162,non-binary,52,North,52,Month-to-month,43.35,,,0,"$2,254.2"
CUST-5691,M,28,East,1,m2m,119.6,,,0,$119.6
CUST-8205,Male,49,East,14,Month-to-month,111.72,7.0,33.56,1,"$1,564.08"
CUST-3458,F,53,West,56,One year,35.98,,17.93,1,"$2,014.88"
CUST-2223,Female,65,South,43,Two year,38.97,,42.3,0,"$1,675.71"
CUST-2389,Male,57,West,7,Two year,79.0,0.0,64.78,0,$553.0
CUST-6964,F,63,North,7,Two year,89.82,2.0,57.34,0,$628.74
CUST-2764,Female,67,North,47,Month-to-month,101.75,3.0,46.64,1,"$4,782.25"
CUST-5058,F,70,West,10,Month-to-month,80.99,,,0,$809.9
CUST-5479,Male,47,West,4,Month-to-month,56.42,,42.91,0,$225.68
CUST-9145,non-binary,48,South,58,One year,93.36,3.0,98.19,0,"$5,414.88"
CUST-1944,F,46,South,9,One year,31.41,,,0,$282.69
CUST-6763,non-binary,34,North,58,Month-to-month,32.76,,74.28,0,"$1,900.08"
CUST-3727,non-binary,73,North,23,One year,77.87,2.0,,0,"$1,791.01"
CUST-3702,Male,30,South,65,Month-to-month,62.62,2.0,73.21,1,"$4,070.3"
CUST-4113,M,34,South,4,1yr,74.06,0.0,,0,$296.24
CUST-1824,M,76,West,28,Two year,109.98,,71.25,0,"$3,079.44"
CUST-8088,Female,20,East,43,2yr,44.98,,,1,"$1,934.14"
CUST-1952,M,39,West,16,Two year,84.65,3.0,89.33,0,"$1,354.4"
CUST-1370,non-binary,53,West,24,Month-to-month,84.6,,,1,"$2,030.4"
CUST-1571,Female,66,East,36,2yr,50.22,,,0,"$1,807.92"
CUST-5116,F,51,East,4,Month-to-month,45.5,,82.42,0,$182.0
CUST-5018,non-binary,48,West,55,Month-to-month,62.06,1.0,89.48,1,"$3,413.3"
CUST-2857,F,28,West,41,Month-to-month,41.44,1.0,,1,"$1,699.04"
CUST-9088,M,48,West,7,m2m,78.58,,,1,$550.06
CUST-9212,Female,73,South,41,One year,25.59,,74.75,0,"$1,049.19"
CUST-8613,non-binary,22,West,32,One year,71.27,,75.37,0,"$2,280.64"
CUST-8558,M,67,East,33,Two year,51.75,,,0,"$1,707.75"
CUST-8485,M,25,East,34,Month-to-month,85.93,,,1,"$2,921.62"
CUST-6380,F,76,West,41,Month-to-month,58.8,,,1,"$2,410.8"
CUST-10597,non-binary,25,East,28,1yr,28.53,9.0,21.13,0,$798.84
CUST-10491,F,40,West,63,Month-to-month,99.42,0.0,,1,"$6,263.46"
CUST-3466,M,55,West,49,Two year,100.66,,24.22,1,"$4,932.34"
CUST-8700,M,70,South,60,Month-to-month,99.04,,66.52,1,"$5,942.4"
CUST-10643,non-binary,79,North,29,Month-to-month,25.77,3.0,94.99,0,$747.33
CUST-6439,Female,47,West,36,Month-to-month,39.76,3.0,64.44,0,"$1,431.36"
CUST-7730,Male,44,North,52,Two year,93.79,,,0,"$4,877.08"
CUST-10136,Female,35,South,39,1yr,51.63,1.0,43.16,0,"$2,013.57"
CUST-2939,Female,35,West,49,2yr,56.13,3.0,87.7,0,"$2,750.37"
CUST-10970,F,22,North,25,Month-to-month,51.99,3.0,41.33,0,"$1,299.75"
CUST-7196,M,70,West,12,m2m,103.64,,24.74,1,"$1,243.68"
CUST-10664,Male,28,North,55,Two year,80.99,,47.03,0,"$4,454.45"
CUST-6911,F,30,South,22,Month-to-month,42.45,8.0,14.78,1,$933.9
CUST-8870,M,49,South,17,Month-to-month,22.17,,81.76,0,$376.89
CUST-4026,Female,76,West,59,One year,109.6,,72.55,1,"$6,466.4"
CUST-3482,Female,48,North,0,1yr,34.74,2.0,65.81,0,$0.0
CUST-6113,Female,62,South,61,Two year,57.27,1.0,58.89,0,"$3,493.47"
CUST-7492,Male,54,West,22,Two year,34.59,,,1,$760.98
CUST-10784,F,57,North,68,Month-to-month,82.17,,,0,"$5,587.56"
CUST-8246,non-binary,36,West,19,Month-to-month,92.39,,,0,"$1,755.41"
CUST-9480,non-binary,-5,South,3,Month-to-month,66.02,,83.33,0,$198.06
CUST-1293,non-binary,21,West,26,Month-to-month,30.15,3.0,63.01,1,$783.9
CUST-10885,F,56,East,4,Two year,119.4,2.0,,0,$477.6
CUST-6053,Female,53,North,69,One year,39.11,0.0,71.91,0,"$2,698.59"
CUST-9713,M,37,North,1,Month-to-month,75.0,9.0,39.39,1,$75.0
CUST-9304,non-binary,63,South,30,Two year,60.03,3.0,84.05,0,"$1,800.9"
CUST-4269,F,51,North,44,Month-to-month,24.63,,53.59,1,"$1,083.72"
CUST-10666,Female,70,West,50,Two year,116.86,,,0,"$5,843.0"
CUST-4128,non-binary,57,North,45,m2m,89.26,,21.84,1,"$4,016.7"
CUST-3701,F,73,West,19,1yr,61.47,3.0,78.65,0,"$1,167.93"
CUST-8209,Female,18,South,4,Two year,52.3,7.0,25.17,1,$209.2
CUST-6898,M,34,South,36,One year,58.01,,72.19,0,"$2,088.36"
CUST-4302,non-binary,80,North,68,Two year,64.77,,,0,"$4,404.36"
CUST-1600,non-binary,25,North,58,Two year,64.93,,24.32,1,"$3,765.94"
CUST-2330,M,21,South,41,m2m,46.41,3.0,95.26,1,"$1,902.81"
CUST-3930,non-binary,49,South,30,Month-to-month,92.32,,,0,"$2,769.6"
CUST-2677,Male,72,West,1,2yr,65.34,,59.519999999999996,0,$65.34
CUST-9891,Female,21,North,59,1yr,54.02,,,1,"$3,187.18"
CUST-6845,M,63,South,63,One year,45.47,,,0,"$2,864.61"
CUST-5485,F,59,East,46,Month-to-month,57.98,,,0,"$2,667.08"
CUST-2044,non-binary,250,South,48,Month-to-month,27.95,,,0,"$1,341.6"
CUST-6841,non-binary,31,South,45,One year,21.28,0.0,,0,$957.6
CUST-4031,M,42,South,29,m2m,75.34,0.0,48.91,0,"$2,184.86"
CUST-8044,Female,61,East,14,One year,95.45,,,1,"$1,336.3"
CUST-3982,non-binary,21,North,9,Two year,113.12,,45.54,1,"$1,018.08"
CUST-2298,F,74,West,54,One year,39.9,,44.8,0,"$2,154.6"
CUST-8074,Male,42,East,46,One year,45.74,0.0,,1,"$2,104.04"
CUST-3301,non-binary,57,East,70,m2m,101.1,0.0,,1,"$7,077.0"
CUST-8010,F,51,South,59,One year,69.67,2.0,61.47,0,"$4,110.53"
CUST-9580,Female,43,East,13,One year,95.34,0.0,,0,"$1,239.42"
CUST-1843,M,-5,South,22,One year,69.02,,23.8,0,"$1,518.44"
CUST-9722,F,75,East,46,Two year,103.09,0.0,,0,"$4,742.14"
CUST-3991,non-binary,61,South,0,Month-to-month,31.91,,80.46,0,$0.0
CUST-1478,F,-5,East,4,1yr,34.8,1.0,,1,$139.2
CUST-8028,Female,66,South,54,Two year,117.81,1.0,,0,"$6,361.74"
CUST-2485,non-binary,43,West,64,Month-to-month,95.18,3.0,17.36,1,"$6,091.52"
CUST-10363,M,69,South,14,One year,40.68,,,0,$569.52
CUST-9560,M,21,West,24,Month-to-month,81.6,,,0,"$1,958.4"
CUST-3299,F,52,North,5,2yr,113.35,3.0,6.100000000000001,0,$566.75
CUST-3285,M,74,North,26,Two year,56.92,2.0,73.27,1,"$1,479.92"
CUST-9552,non-binary,41,West,39,One year,77.41,9.0,27.02,1,"$3,018.99"
CUST-7505,Female,72,East,40,One year,110.51,1.0,,1,"$4,420.4"
CUST-2224,M,41,West,47,One year,46.18,,61.4,0,"$2,170.46"
CUST-1553,Female,32,East,27,Two year,79.57,0.0,,0,"$2,148.39"
CUST-7243,F,73,North,64,Month-to-month,95.51,3.0,99.23,1,"$6,112.64"
CUST-5129,Male,63,North,9,One year,88.88,,,0,$799.92
CUST-6887,M,56,East,68,Month-to-month,47.23,,20.49,1,"$3,211.64"
CUST-4329,M,27,West,69,1yr,68.11,,,0,"$4,699.59"
CUST-6131,Female,24,West,56,Month-to-month,79.9,,55.46,0,"$4,474.4"
CUST-2556,M,43,West,63,Two year,73.22,,,0,"$4,612.86"
CUST-2443,Male,58,North,2,Two year,100.84,,,0,$201.68
CUST-4039,non-binary,38,West,40,Two year,68.77,0.0,,0,"$2,750.8"
CUST-9131,M,76,South,31,Month-to-month,28.31,,,1,$877.61
CUST-1505,Male,27,North,59,One year,102.64,1.0,50.02,1,"$6,055.76"
CUST-5243,non-binary,24,West,34,Month-to-month,92.04,0.0,59.27,1,"$3,129.36"
CUST-6245,F,18,East,36,Month-to-month,95.25,1.0,,1,"$3,429.0"
CUST-2535,non-binary,73,East,65,Two year,65.19,,90.5,1,"$4,237.35"
CUST-4604,Female,44,East,59,Two year,24.83,1.0,64.73,0,"$1,464.97"
CUST-10201,Female,24,East,64,Month-to-month,92.75,2.0,,1,"$5,936.0"
CUST-9333,Female,33,West,62,One year,112.4,1.0,,0,"$6,968.8"
CUST-4553,non-binary,61,West,53,1yr,88.22,0.0,,0,"$4,675.66"
CUST-2343,F,78,North,9,Month-to-month,105.56,,76.83,1,$950.04
CUST-2440,M,28,North,33,Month-to-month,23.8,,,1,$785.4
CUST-7576,F,47,West,26,Two year,25.79,,,1,$670.54
CUST-10582,Male,44,West,46,One year,49.64,,84.49,0,"$2,283.44"
CUST-8608,M,20,North,5,One year,84.19,,,0,$420.95
CUST-2273,Female,19,West,11,One year,22.24,,66.82,0,$244.64
CUST-5890,Male,56,North,68,Two year,77.26,0.0,50.38,0,"$5,253.68"
CUST-9528,Female,59,West,30,m2m,65.07,,50.23,0,"$1,952.1"
CUST-10730,Female,64,South,9,Month-to-month,96.75,3.0,,1,$870.75
CUST-7003,F,26,West,28,One year,57.14,,45.02,0,"$1,599.92"
CUST-9061,M,63,South,7,m2m,48.77,3.0,,1,$341.39
CUST-5710,Male,61,West,16,Month-to-month,103.43,1.0,,0,"$1,654.88"
CUST-10998,Female,40,West,20,Month-to-month,39.67,,,0,$793.4
CUST-7848,Female,27,West,45,1yr,98.74,0.0,,0,"$4,443.3"
CUST-9006,Female,24,West,42,m2m,68.5,,,1,"$2,877.0"
CUST-7460,M,20,West,68,One year,31.4,,,0,"$2,135.2"
CUST-5444,F,18,North,24,Month-to-month,36.97,0.0,,0,$887.28
CUST-10813,non-binary,27,South,45,Month-to-month,108.23,3.0,,0,"$4,870.35"
CUST-2500,M,18,West,20,Month-to-month,100.05,,,1,"$2,001.0"
CUST-5718,Male,250,North,31,Month-to-month,21.03,1.0,17.08,1,$651.93
CUST-9106,Male,72,North,48,Month-to-month,81.73,0.0,68.08,0,"$3,923.04"
CUST-7771,M,71,South,66,m2m,52.68,0.0,,0,"$3,476.88"
CUST-1666,F,56,West,71,One year,67.78,,,0,"$4,812.38"
CUST-4426,non-binary,45,West,15,Two year,86.24,2.0,,0,"$1,293.6"
CUST-8522,non-binary,59,North,33,m2m,33.63,,91.89,1,"$1,109.79"
CUST-7276,M,34,North,70,Month-to-month,61.95,1.0,90.3,1,"$4,336.5"
CUST-8518,Male,66,North,50,One year,32.16,3.0,,0,"$1,608.0"
CUST-8996,M,69,West,35,One year,92.9,,11.35,0,"$3,251.5"
CUST-4027,non-binary,67,West,19,Month-to-month,116.83,,99.6,0,"$2,219.77"
CUST-9935,non-binary,49,South,4,Month-to-month,61.25,,55.53,1,$245.0
CUST-10744,Male,69,West,41,m2m,85.78,,97.61,1,"$3,516.98"
CUST-5380,F,78,West,41,Month-to-month,97.6,,86.49,0,"$4,001.6"
CUST-9077,non-binary,41,North,2,Two year,40.32,,,0,$80.64
CUST-3308,Female,35,South,51,Month-to-month,75.74,,22.42,1,"$3,862.74"
CUST-8640,M,40,West,56,One year,76.38,,93.38,0,"$4,277.28"
CUST-5215,non-binary,23,North,14,Month-to-month,70.5,0.0,11.29,1,$987.0
CUST-6022,non-binary,26,North,49,1yr,112.3,,,0,"$5,502.7"
CUST-2362,non-binary,24,South,64,One year,47.47,2.0,21.67,0,"$3,038.08"
CUST-10093,non-binary,71,South,43,One year,34.48,7.0,15.88,0,"$1,482.64"
CUST-4612,Female,24,East,45,One year,106.81,1.0,,0,"$4,806.45"
CUST-7042,M,29,West,24,One year,33.93,,29.13,0,$814.32
CUST-4213,non-binary,34,East,31,One year,93.01,1.0,66.08,1,"$2,883.31"
CUST-3087,Male,63,West,23,One year,66.19,1.0,59.08,0,"$1,522.37"
CUST-7687,non-binary,48,North,56,m2m,34.3,,74.94,1,"$1,920.8"
CUST-1340,F,18,North,68,Two year,107.38,,,0,"$7,301.84"
CUST-7148,M,35,North,61,Month-to-month,95.27,1.0,,1,"$5,811.47"
CUST-10935,non-binary,35,West,46,One year,27.55,2.0,95.96,0,"$1,267.3"
CUST-10477,Male,37,West,66,Month-to-month,77.47,,23.11,1,"$5,113.02"
CUST-4643,Female,18,East,54,Month-to-month,36.38,1.0,,1,"$1,964.52"
CUST-7222,Male,35,South,48,Month-to-month,57.45,,,0,"$2,757.6"
CUST-7258,Female,69,West,0,One year,26.88,,78.28,0,$0.0
CUST-9934,Female,29,West,72,Two year,117.02,,69.89,1,"$8,425.44"
CUST-10517,Male,78,North,61,One year,112.63,,,0,"$6,870.43"
CUST-9457,M,34,West,19,Two year,33.85,3.0,48.73,1,$643.15
CUST-1031,Female,-5,South,32,m2m,88.57,2.0,49.29,0,"$2,834.24"
CUST-2325,F,57,West,34,Two year,83.15,,,0,"$2,827.1"
CUST-7105,Male,45,West,44,1yr,65.69,,57.04,0,"$2,890.36"
CUST-5673,Female,23,North,36,Month-to-month,67.59,,,0,"$2,433.24"
CUST-7683,M,80,South,16,Month-to-month,63.1,,96.88,0,"$1,009.6"
CUST-6192,Female,49,East,17,One year,65.71,,,1,"$1,117.07"
CUST-2101,Female,77,South,52,Two year,91.19,0.0,,0,"$4,741.88"
CUST-3745,Female,59,West,63,Month-to-month,37.41,,,1,"$2,356.83"
CUST-3194,Female,30,East,17,Two year,112.89,,,1,"$1,919.13"
CUST-8934,Male,36,North,33,Month-to-month,101.09,,,0,"$3,335.97"
CUST-2710,non-binary,53,South,16,Two year,73.07,,,0,"$1,169.12"
CUST-9645,F,19,North,24,Month-to-month,106.36,2.0,27.55,1,"$2,552.64"
CUST-1020,M,56,North,57,Two year,102.01,,73.69,0,"$5,814.57"
CUST-2108,Male,36,North,61,Two year,43.71,,,0,"$2,666.31"
CUST-7553,Female,32,South,23,m2m,83.05,,,0,"$1,910.15"
CUST-1786,F,20,North,29,Month-to-month,25.05,3.0,,0,$726.45
CUST-1426,Male,66,West,41,2yr,74.81,1.0,,0,"$3,067.21"
CUST-5932,F,-5,South,29,Month-to-month,30.88,,20.07,1,$895.52
CUST-10892,M,64,South,12,One year,100.74,0.0,,1,"$1,208.88"
CUST-8241,non-binary,57,West,2,2yr,41.62,,,0,$83.24
CUST-7525,M,79,North,13,One year,112.93,2.0,93.54,1,"$1,468.09"
CUST-10542,Male,36,North,59,One year,88.83,,,1,"$5,240.97"
CUST-4116,M,35,West,15,One year,57.64,3.0,,0,$864.6
CUST-6986,Female,34,East,24,Month-to-month,24.96,2.0,40.11,1,$599.04
CUST-2488,non-binary,64,West,17,Month-to-month,113.39,,,1,"$1,927.63"
CUST-9740,F,76,South,17,1yr,31.63,,21.42,1,$537.71
CUST-6460,non-binary,80,West,11,Month-to-month,80.7,,70.85,1,$887.7
CUST-7810,non-binary,55,West,29,One year,99.91,,38.61,0,"$2,897.39"
CUST-2479,Male,39,West,26,Two year,82.49,2.0,43.29,0,"$2,144.74"
CUST-6391,M,75,North,65,Month-to-month,34.74,,10.08,1,"$2,258.1"
CUST-5878,M,250,East,12,Month-to-month,91.11,,77.76,0,"$1,093.32"
CUST-1728,non-binary,37,West,52,Month-to-month,64.12,3.0,,0,"$3,334.24"
CUST-4215,F,71,East,13,Month-to-month,35.54,,,1,$462.02
CUST-8249,M,44,North,59,Month-to-month,64.15,3.0,,0,"$3,784.85"
CUST-5766,non-binary,80,East,70,1yr,69.06,,46.36,0,"$4,834.2"
CUST-3071,M,79,North,71,Two year,107.01,,43.82,0,"$7,597.71"
CUST-7966,Male,33,West,69,Month-to-month,105.42,0.0,,1,"$7,273.98"
CUST-1785,non-binary,41,South,56,One year,41.19,,,0,"$2,306.64"
CUST-5533,Male,250,North,57,One year,85.99,1.0,87.96,0,"$4,901.43"
CUST-9899,Male,73,South,44,m2m,31.25,1.0,49.28,0,"$1,375.0"
CUST-5559,non-binary,63,South,70,Month-to-month,23.57,,,0,"$1,649.9"
CUST-5703,M,63,West,31,One year,63.45,3.0,50.37,0,"$1,966.95"
CUST-6505,Male,53,North,19,One year,38.37,1.0,53.38,0,$729.03
CUST-9838,M,42,East,44,Two year,40.21,0.0,96.81,0,"$1,769.24"
CUST-6270,non-binary,69,North,0,Month-to-month,59.43,,,0,$0.0
CUST-4333,F,53,North,70,Month-to-month,110.02,,,0,"$7,701.4"
CUST-5462,Female,46,North,72,Two year,23.58,,71.32,0,"$1,697.76"
CUST-6569,M,70,East,26,Two year,39.04,,,0,"$1,015.04"
CUST-6773,Female,250,North,50,m2m,64.59,,97.28,1,"$3,229.5"
CUST-3626,M,24,North,13,Month-to-month,68.27,,70.34,1,$887.51
CUST-6347,M,21,West,43,Month-to-month,81.85,2.0,94.56,0,"$3,519.55"
CUST-8793,M,54,West,46,m2m,106.39,,,0,"$4,893.94"
CUST-4935,F,20,West,56,One year,72.79,,,0,"$4,076.24"
CUST-5835,non-binary,39,West,52,One year,89.7,,97.34,0,"$4,664.4"
CUST-6993,F,24,West,22,2yr,93.57,,,0,"$2,058.54"
CUST-2441,M,77,West,33,m2m,119.13,,,1,"$3,931.29"
CUST-9542,F,24,East,71,m2m,110.58,,,0,"$7,851.18"
CUST-8409,Male,76,South,45,Month-to-month,101.51,7.0,11.57,1,"$4,567.95"
CUST-5686,F,66,North,20,Month-to-month,66.19,2.0,,1,"$1,323.8"
CUST-7191,F,36,North,71,Month-to-month,42.07,,,1,"$2,986.97"
CUST-9410,F,40,North,55,1yr,73.52,,,1,"$4,043.6"
CUST-2574,non-binary,51,North,0,Month-to-month,110.49,,,1,$0.0
CUST-5421,non-binary,18,North,10,Month-to-month,72.23,5.0,21.54,1,$722.3
CUST-1349,non-binary,29,East,45,Month-to-month,117.27,,,0,"$5,277.15"
CUST-6199,M,77,West,65,Two year,85.57,0.0,,0,"$5,562.05"
CUST-1281,F,18,East,51,One year,101.9,,,1,"$5,196.9"
CUST-2984,Male,65,North,20,Month-to-month,34.0,0.0,,0,$680.0
CUST-8580,F,19,East,52,Month-to-month,83.09,,52.29,1,"$4,320.68"
CUST-9083,F,72,North,12,One year,105.79,,16.79,0,"$1,269.48"
CUST-2306,Male,71,West,47,Month-to-month,30.64,1.0,,0,"$1,440.08"
CUST-8404,Male,57,North,61,Month-to-month,64.42,10.0,22.62,1,"$3,929.62"
CUST-2210,F,19,South,62,Two year,81.84,3.0,,0,"$5,074.08"
CUST-4444,non-binary,28,North,22,m2m,61.14,3.0,,0,"$1,345.08"
CUST-9657,Male,39,South,64,Month-to-month,91.77,3.0,,1,"$5,873.28"
CUST-1645,non-binary,56,South,40,One year,88.36,,25.25,0,"$3,534.4"
CUST-1997,M,76,North,41,Month-to-month,52.87,0.0,35.05,0,"$2,167.67"
CUST-4841,non-binary,66,West,57,Month-to-month,98.31,,90.85,0,"$5,603.67"
CUST-4349,non-binary,59,West,1,Month-to-month,26.04,0.0,56.78,0,$26.04
CUST-9081,non-binary,72,South,50,Month-to-month,119.28,,39.69,1,"$5,964.0"
CUST-3388,F,59,West,27,2yr,90.19,0.0,99.11,0,"$2,435.13"
CUST-4767,F,59,West,50,Month-to-month,34.18,1.0,,0,"$1,709.0"
CUST-5953,non-binary,35,North,62,One year,66.29,,,0,"$4,109.98"
CUST-8023,Male,79,South,72,Month-to-month,66.15,,,0,"$4,762.8"
CUST-3231,F,80,West,19,Month-to-month,81.53,,,0,"$1,549.07"
CUST-2955,non-binary,50,West,55,Month-to-month,108.43,2.0,92.91,1,"$5,963.65"
CUST-10386,Male,74,West,55,2yr,116.04,,77.73,0,"$6,382.2"
CUST-6522,non-binary,53,South,6,Month-to-month,119.07,1.0,,1,$714.42
CUST-1679,F,49,North,67,Month-to-month,59.25,,52.33,0,"$3,969.75"
CUST-2012,Male,73,East,31,One year,104.67,2.0,,0,"$3,244.77"
CUST-10731,Male,36,South,39,One year,26.25,1.0,,0,"$1,023.75"
CUST-7519,Male,50,North,24,m2m,52.32,3.0,84.04,1,"$1,255.68"
CUST-3736,Female,-5,West,56,m2m,45.59,3.0,,1,"$2,553.04"
CUST-4384,Female,76,West,65,Month-to-month,73.58,0.0,75.36,1,"$4,782.7"
CUST-9325,F,38,South,11,One year,49.93,,,1,$549.23
CUST-3159,F,47,North,44,One year,67.69,1.0,,0,"$2,978.36"
CUST-8890,non-binary,61,West,8,Month-to-month,78.17,,,1,$625.36
CUST-9466,Male,34,North,38,One year,102.46,3.0,91.24,0,"$3,893.48"
CUST-2417,Male,76,South,24,m2m,83.06,,13.86,1,"$1,993.44"
CUST-1004,F,29,North,4,Two year,99.18,,43.02,0,$396.72
CUST-1673,Male,49,North,54,One year,43.18,,86.87,0,"$2,331.72"
CUST-9218,non-binary,30,North,62,2yr,104.2,,,0,"$6,460.4"
CUST-4164,Male,58,South,16,Two year,52.81,,90.9,0,$844.96
CUST-1778,M,38,East,50,Two year,47.8,,,1,"$2,390.0"
CUST-6864,non-binary,41,South,60,One year,45.8,2.0,,0,"$2,748.0"
CUST-10050,F,59,East,65,Month-to-month,78.18,2.0,,0,"$5,081.7"
CUST-8148,F,70,South,2,Two year,87.64,2.0,,0,$175.28
CUST-5396,Male,67,North,56,2yr,90.73,,,0,"$5,080.88"
CUST-4749,non-binary,52,South,68,One year,36.66,3.0,64.51,0,"$2,492.88"
CUST-8424,Female,79,North,31,Month-to-month,108.78,,,0,"$3,372.18"
CUST-2427,M,50,North,67,Month-to-month,102.16,0.0,,1,"$6,844.72"
CUST-10188,Male,60,East,38,Month-to-month,27.55,1.0,10.95,0,"$1,046.9"
CUST-1559,Female,41,South,71,2yr,74.63,3.0,,0,"$5,298.73"
CUST-10051,Male,21,West,39,1yr,105.87,,,0,"$4,128.93"
CUST-8305,Female,58,East,33,One year,46.69,,,0,"$1,540.77"
CUST-5125,non-binary,22,West,8,One year,54.54,,63.99,0,$436.32
CUST-8662,non-binary,68,East,26,Two year,92.2,1.0,94.32,0,"$2,397.2"
CUST-5029,non-binary,250,West,29,One year,90.25,2.0,,1,"$2,617.25"
CUST-6246,non-binary,66,South,1,Month-to-month,72.18,1.0,,1,$72.18
CUST-2528,M,35,West,9,Month-to-month,80.52,,,1,$724.68
CUST-1084,non-binary,66,North,26,m2m,50.06,,,0,"$1,301.56"
CUST-7325,Female,40,West,29,One year,58.47,8.0,13.77,1,"$1,695.63"
CUST-2030,non-binary,61,East,11,Month-to-month,108.19,4.0,27.65,1,"$1,190.09"
CUST-9224,non-binary,39,West,7,Two year,119.26,,22.66,0,$834.82
CUST-9505,non-binary,22,North,39,Month-to-month,43.58,1.0,82.46,1,"$1,699.62"
CUST-1512,M,57,West,22,One year,26.84,0.0,,0,$590.48
CUST-4575,Female,59,South,43,Two year,76.13,,52.1,0,"$3,273.59"
CUST-9219,Male,65,North,66,Two year,99.35,,24.94,1,"$6,557.1"
CUST-3290,M,36,South,69,Month-to-month,34.65,1.0,,1,"$2,390.85"
CUST-4578,non-binary,54,East,3,Month-to-month,26.86,0.0,55.480000000000004,1,$80.58
CUST-2948,Male,31,South,39,Month-to-month,77.13,3.0,,1,"$3,008.07"
CUST-1397,Female,21,West,24,Two year,46.4,1.0,,0,"$1,113.6"
CUST-7924,F,31,South,18,One year,115.98,0.0,47.85,1,"$2,087.64"
CUST-10376,Female,73,North,67,Month-to-month,43.26,,59.85,0,"$2,898.42"
CUST-6364,non-binary,76,South,25,1yr,63.11,,,0,"$1,577.75"
CUST-1660,non-binary,33,West,55,One year,71.91,,23.23,0,"$3,955.05"
CUST-8568,Male,35,West,67,Month-to-month,23.99,,,0,"$1,607.33"
CUST-6206,F,66,South,57,1yr,59.36,6.0,21.28,0,"$3,383.52"
CUST-5519,M,18,South,50,1yr,110.7,4.0,34.2,0,"$5,535.0"
CUST-4021,F,33,South,51,Month-to-month,77.88,2.0,,1,"$3,971.88"
CUST-2864,Male,58,West,65,2yr,53.7,2.0,,0,"$3,490.5"
CUST-6904,M,35,North,14,m2m,31.62,0.0,,0,$442.68
CUST-10987,non-binary,26,North,27,One year,62.34,0.0,86.28,0,"$1,683.18"
CUST-1241,F,59,South,59,One year,90.71,,,0,"$5,351.89"
CUST-2279,F,33,West,2,Month-to-month,98.11,3.0,,1,$196.22
CUST-9617,Female,-5,West,57,One year,57.74,2.0,98.87,1,"$3,291.18"
CUST-10765,non-binary,30,South,1,Month-to-month,70.68,,,0,$70.68
CUST-4712,M,250,West,41,Month-to-month,113.51,,74.8,0,"$4,653.91"
CUST-3546,Male,62,West,49,Two year,111.85,,31.9,0,"$5,480.65"
CUST-7158,Male,35,South,7,One year,72.18,1.0,70.15,0,$505.26
CUST-9149,non-binary,18,East,53,Two year,59.86,,73.45,1,"$3,172.58"
CUST-6694,M,54,West,62,1yr,108.75,1.0,81.83,1,"$6,742.5"
CUST-6429,Female,63,South,27,Month-to-month,70.2,3.0,,1,"$1,895.4"
CUST-10615,Male,43,North,52,Month-to-month,24.05,0.0,94.33,0,"$1,250.6"
CUST-5838,M,63,South,14,Month-to-month,83.27,3.0,,0,"$1,165.78"
CUST-6421,Female,27,North,41,m2m,20.93,1.0,75.0,0,$858.13
CUST-9796,non-binary,67,North,54,Month-to-month,92.35,,84.99,1,"$4,986.9"
CUST-6318,F,68,North,9,Two year,84.54,1.0,69.51,0,$760.86
CUST-10233,F,20,West,66,Two year,71.88,0.0,,0,"$4,744.08"
CUST-10593,non-binary,65,North,21,One year,57.75,3.0,,0,"$1,212.75"
CUST-4185,F,22,North,44,One year,80.52,3.0,81.39,0,"$3,542.88"
CUST-8353,non-binary,71,West,69,One year,46.84,,10.22,0,"$3,231.96"
CUST-1373,M,31,South,40,m2m,85.97,0.0,20.08,1,"$3,438.8"
CUST-4747,Male,49,North,68,One year,38.82,0.0,,0,"$2,639.76"
CUST-4599,non-binary,66,South,62,Month-to-month,47.65,0.0,,1,"$2,954.3"
CUST-5525,F,32,East,65,Month-to-month,30.72,,41.53,0,"$1,996.8"
CUST-8954,non-binary,38,West,65,Month-to-month,22.37,,,0,"$1,454.05"
CUST-8939,F,22,North,39,Month-to-month,90.58,,99.26,0,"$3,532.62"
CUST-9093,Male,51,West,66,Month-to-month,21.81,,,1,"$1,439.46"
CUST-2082,Male,47,North,51,Month-to-month,100.59,,,0,"$5,130.09"
CUST-1195,Female,74,South,13,One year,105.61,,,0,"$1,372.93"
CUST-5857,M,50,South,11,One year,55.05,,49.48,0,$605.55
CUST-5771,Female,43,East,35,2yr,75.95,0.0,,1,"$2,658.25"
CUST-4591,non-binary,60,West,30,Month-to-month,43.0,3.0,,1,"$1,290.0"
CUST-9521,Female,73,North,43,Month-to-month,93.79,,,0,"$4,032.97"
CUST-8708,M,56,South,48,Two year,82.15,0.0,82.51,0,"$3,943.2"
CUST-5363,non-binary,22,West,12,Month-to-month,29.85,2.0,,0,$358.2
CUST-8822,M,32,West,5,One year,116.96,,53.72,1,$584.8
CUST-1606,Female,50,North,15,Month-to-month,69.49,,,1,"$1,042.35"
CUST-9937,F,31,East,57,One year,106.1,,,1,"$6,047.7"
CUST-8804,non-binary,28,South,68,Two year,98.02,,70.26,0,"$6,665.36"
CUST-3000,Male,36,South,36,One year,64.93,,89.39,0,"$2,337.48"
CUST-8308,F,50,North,39,Month-to-month,109.74,,90.47,0,"$4,279.86"
CUST-3952,F,30,South,58,One year,39.74,,24.97,0,"$2,304.92"
CUST-7437,Male,39,South,4,One year,85.69,,,0,$342.76
CUST-8818,Female,20,North,13,Month-to-month,113.52,4.0,36.68,0,"$1,475.76"
CUST-8376,Female,42,East,24,1yr,108.46,,,0,"$2,603.04"
CUST-5315,Male,48,East,45,Month-to-month,103.95,0.0,,1,"$4,677.75"
CUST-8513,F,19,West,23,m2m,96.49,,,1,"$2,219.27"
CUST-5403,Female,56,East,32,One year,26.61,,,0,$851.52
CUST-10585,Female,74,North,46,One year,69.3,2.0,,1,"$3,187.8"
CUST-3897,Male,20,South,70,Month-to-month,104.24,,,1,"$7,296.8"
CUST-1820,Male,36,North,59,m2m,33.33,8.0,16.31,1,"$1,966.47"
CUST-5777,non-binary,24,East,33,Month-to-month,42.7,,,0,"$1,409.1"
CUST-1382,non-binary,73,South,50,Two year,95.51,,,1,"$4,775.5"
CUST-1755,M,39,West,32,One year,79.97,2.0,,1,"$2,559.04"
CUST-4617,F,74,South,72,One year,111.34,3.0,78.7,0,"$8,016.48"
CUST-4153,Male,29,South,58,Month-to-month,66.38,1.0,,0,"$3,850.04"
CUST-10461,Male,29,East,23,1yr,105.25,,12.01,1,"$2,420.75"
CUST-6596,Female,25,South,64,Two year,50.11,,54.48,1,"$3,207.04"
CUST-4922,M,62,North,72,Month-to-month,63.64,6.0,31.3,0,"$4,582.08"
CUST-6488,Female,57,East,11,Two year,80.11,3.0,,0,$881.21
CUST-3224,non-binary,62,East,1,Two year,68.28,1.0,47.86,0,$68.28
CUST-10534,Female,80,West,68,m2m,53.66,3.0,84.25,1,"$3,648.88"
CUST-7993,M,20,South,25,Month-to-month,91.36,3.0,,1,"$2,284.0"
CUST-6207,M,52,West,40,Month-to-month,39.77,,25.4,1,"$1,590.8"
CUST-9381,F,59,North,14,Month-to-month,71.34,3.0,50.04,0,$998.76
CUST-7632,F,44,South,40,One year,117.52,,27.04,1,"$4,700.8"
CUST-6093,Male,21,West,66,Month-to-month,38.02,,79.93,1,"$2,509.32"
CUST-7310,Male,57,North,19,One year,81.19,3.0,40.48,0,"$1,542.61"
CUST-3074,non-binary,61,North,36,Two year,39.8,,,0,"$1,432.8"
CUST-5883,M,74,West,71,One year,42.39,,58.17,0,"$3,009.69"
CUST-2964,F,68,North,14,m2m,59.5,,,0,$833.0
CUST-4624,F,72,East,58,Month-to-month,96.77,0.0,,0,"$5,612.66"
CUST-9736,M,21,North,17,One year,101.95,1.0,,0,"$1,733.15"
CUST-3485,non-binary,65,West,47,m2m,113.12,,,1,"$5,316.64"
CUST-9134,M,48,West,19,One year,88.8,2.0,,0,"$1,687.2"
CUST-9820,non-binary,25,North,55,Month-to-month,78.34,,,1,"$4,308.7"
CUST-2200,F,78,East,41,One year,69.62,1.0,,0,"$2,854.42"
CUST-9770,Female,70,North,72,One year,70.09,2.0,40.69,0,"$5,046.48"
CUST-2396,M,23,West,12,Two year,32.67,3.0,95.62,0,$392.04
CUST-4112,M,80,West,41,Month-to-month,118.64,10.0,24.4,1,"$4,864.24"
CUST-6581,Female,21,West,10,Month-to-month,51.13,,93.17,1,$511.3
CUST-1040,M,56,North,37,One year,107.5,3.0,,0,"$3,977.5"
CUST-9363,F,78,North,9,2yr,33.6,,36.24,0,$302.4
CUST-5613,Male,29,North,9,Month-to-month,117.56,,95.51,0,"$1,058.04"
CUST-4752,non-binary,79,North,37,One year,76.02,1.0,52.66,0,"$2,812.74"
CUST-5610,M,48,South,46,Month-to-month,23.8,,70.23,0,"$1,094.8"
CUST-5866,M,77,West,12,Month-to-month,50.14,1.0,,1,$601.68
CUST-5427,Female,35,North,53,Month-to-month,72.84,,,1,"$3,860.52"
CUST-6033,M,-5,South,70,Two year,25.04,0.0,32.34,1,"$1,752.8"
CUST-10096,Female,56,South,26,One year,62.41,2.0,,0,"$1,622.66"
CUST-10110,F,32,South,4,One year,30.11,1.0,,0,$120.44
CUST-3216,F,79,West,25,1yr,38.31,,46.91,0,$957.75
CUST-10508,F,62,West,10,1yr,79.04,,,0,$790.4
CUST-8108,non-binary,42,North,16,One year,101.58,3.0,,0,"$1,625.28"
CUST-5711,F,20,West,70,Month-to-month,64.33,,,1,"$4,503.1"
CUST-3242,non-binary,51,North,19,One year,96.18,2.0,,0,"$1,827.42"
CUST-2844,M,45,West,53,Month-to-month,80.54,,46.05,1,"$4,268.62"
CUST-6536,Male,29,North,20,One year,47.29,,,0,$945.8
CUST-3833,non-binary,21,North,47,Month-to-month,111.35,,,0,"$5,233.45"
CUST-7195,Male,50,West,35,Two year,41.89,1.0,,0,"$1,466.15"
CUST-4268,M,67,South,22,1yr,32.45,,85.96,0,$713.9
CUST-4414,Female,19,North,15,One year,48.67,1.0,65.92,0,$730.05
CUST-5097,F,49,East,10,One year,68.19,0.0,,0,$681.9
CUST-4120,F,58,South,32,Two year,22.72,,15.19,0,$727.04
CUST-8228,non-binary,50,East,55,1yr,47.65,,91.39,0,"$2,620.75"
CUST-6830,F,63,East,31,m2m,112.49,,10.24,1,"$3,487.19"
CUST-5959,Female,64,North,69,One year,34.75,,,0,"$2,397.75"
CUST-2250,M,18,South,47,Month-to-month,112.96,2.0,95.74,0,"$5,309.12"
CUST-4103,Female,55,North,38,Month-to-month,62.34,0.0,40.03,0,"$2,368.92"
CUST-1692,Female,80,South,60,m2m,23.25,1.0,,1,"$1,395.0"
CUST-9481,Male,46,West,23,Two year,105.38,,,0,"$2,423.74"
CUST-6969,non-binary,45,South,48,Month-to-month,101.72,,,0,"$4,882.56"
CUST-2969,M,79,North,69,Month-to-month,86.01,2.0,42.91,0,"$5,934.69"
CUST-7926,M,-5,East,37,Month-to-month,49.15,2.0,99.68,1,"$1,818.55"
CUST-10335,M,38,South,22,m2m,99.1,,47.9,0,"$2,180.2"
CUST-4602,Male,35,North,64,Month-to-month,46.89,3.0,97.17,1,"$3,000.96"
CUST-7664,Male,28,East,11,Month-to-month,114.19,,,1,"$1,256.09"
CUST-4318,M,23,East,7,Month-to-month,85.91,7.0,32.97,1,$601.37
CUST-6109,non-binary,24,West,72,One year,62.79,3.0,43.94,0,"$4,520.88"
CUST-3588,F,41,North,12,Month-to-month,58.75,2.0,,0,$705.0
CUST-5464,F,72,South,60,m2m,54.09,2.0,30.38,1,"$3,245.4"
CUST-9640,non-binary,-5,West,48,Two year,30.28,3.0,,0,"$1,453.44"
CUST-1368,M,77,East,49,One year,74.08,,77.61,0,"$3,629.92"
CUST-7331,Male,57,North,47,Month-to-month,117.61,,25.65,1,"$5,527.67"
CUST-2274,Female,63,South,29,Two year,74.86,4.0,18.62,1,"$2,170.94"
CUST-1225,M,66,West,60,Month-to-month,41.66,,75.43,0,"$2,499.6"
CUST-10276,M,74,East,2,One year,64.56,2.0,70.56,0,$129.12
CUST-9184,Male,31,West,45,Two year,95.43,3.0,87.29,0,"$4,294.35"
CUST-5646,Female,33,East,55,Month-to-month,36.62,1.0,61.84,0,"$2,014.1"
CUST-3664,Male,55,South,15,1yr,56.98,,38.7,0,$854.7
CUST-10721,F,27,South,16,Month-to-month,95.07,3.0,83.9,1,"$1,521.12"
CUST-8109,Male,80,North,37,One year,86.3,3.0,61.28,0,"$3,193.1"
CUST-10580,non-binary,51,South,5,Month-to-month,90.49,2.0,1.8299999999999983,1,$452.45
CUST-6720,F,39,West,20,Month-to-month,107.32,2.0,,1,"$2,146.4"
CUST-9194,M,72,North,17,Month-to-month,82.0,,57.39,1,"$1,394.0"
CUST-10213,Female,72,West,45,One year,32.67,2.0,,0,"$1,470.15"
CUST-8064,Female,32,South,34,Month-to-month,94.09,,66.98,1,"$3,199.06"
CUST-8469,Male,43,North,42,One year,91.61,,,0,"$3,847.62"
CUST-5737,Male,29,North,15,Month-to-month,116.84,3.0,,1,"$1,752.6"
CUST-1180,Female,19,West,26,1yr,37.28,2.0,59.18,0,$969.28
CUST-5858,non-binary,250,West,61,One year,73.96,,20.78,0,"$4,511.56"
CUST-8762,F,46,South,22,2yr,82.76,,74.44,0,"$1,820.72"
CUST-3719,Male,26,West,32,Month-to-month,94.86,,,1,"$3,035.52"
CUST-2789,F,48,West,68,One year,97.08,5.0,39.8,0,"$6,601.44"
CUST-7040,Female,25,West,1,Month-to-month,78.57,1.0,,0,$78.57
CUST-7261,M,34,North,11,Two year,87.94,1.0,,0,$967.34
CUST-8625,Male,24,South,29,Month-to-month,116.66,,25.98,1,"$3,383.14"
CUST-1999,Male,75,North,36,Two year,75.83,,49.42,0,"$2,729.88"
CUST-8994,Female,68,North,65,1yr,35.35,,,0,"$2,297.75"
CUST-1561,M,38,South,64,2yr,54.36,,,0,"$3,479.04"
CUST-3866,Female,53,South,48,Month-to-month,58.91,3.0,,0,"$2,827.68"
CUST-6134,M,60,South,26,One year,86.75,0.0,,0,"$2,255.5"
CUST-10667,M,41,South,34,2yr,86.41,,33.43,0,"$2,937.94"
CUST-9944,non-binary,71,East,59,Month-to-month,29.09,,25.08,1,"$1,716.31"
CUST-10619,Female,38,North,56,One year,81.83,,55.8,0,"$4,582.48"
CUST-6879,non-binary,71,North,37,2yr,41.23,0.0,,0,"$1,525.51"
CUST-4435,non-binary,22,West,32,One year,64.2,,,0,"$2,054.4"
CUST-6995,non-binary,70,West,53,Month-to-month,98.26,1.0,24.1,1,"$5,207.78"
CUST-6593,F,64,West,7,One year,25.66,1.0,97.63,0,$179.62
CUST-6344,F,44,North,59,Month-to-month,64.32,,52.99,1,"$3,794.88"
CUST-8803,Male,56,North,15,One year,65.26,,47.6,0,$978.9
CUST-8553,F,23,South,24,Month-to-month,88.33,,10.17,1,"$2,119.92"
CUST-8387,non-binary,46,South,18,Month-to-month,33.43,0.0,54.26,1,$601.74
CUST-7507,non-binary,33,West,59,One year,95.16,7.0,24.4,0,"$5,614.44"
CUST-7263,M,75,West,11,m2m,85.95,0.0,,0,$945.45
CUST-3137,Female,69,South,17,Month-to-month,39.66,,28.77,1,$674.22
CUST-1046,non-binary,45,South,38,One year,117.67,2.0,,0,"$4,471.46"
CUST-7137,Female,19,North,17,Month-to-month,71.24,,,0,"$1,211.08"
CUST-10660,Female,24,North,52,1yr,34.18,2.0,44.87,0,"$1,777.36"
CUST-1936,Male,58,West,46,Month-to-month,49.51,1.0,,0,"$2,277.46"
CUST-7657,Female,26,West,42,One year,103.87,1.0,,0,"$4,362.54"
CUST-6420,M,37,West,31,Two year,33.21,,,0,"$1,029.51"
CUST-5143,M,62,North,22,Month-to-month,98.9,,,0,"$2,175.8"
CUST-9347,Female,38,West,52,1yr,48.19,5.0,13.8,1,"$2,505.88"
CUST-4646,F,56,South,13,One year,35.35,1.0,44.93,0,$459.55
CUST-1529,M,18,West,49,Month-to-month,86.01,,,1,"$4,214.49"
CUST-3179,M,35,North,43,One year,89.45,0.0,83.72,0,"$3,846.35"
CUST-8392,Male,78,North,7,1yr,56.14,1.0,,1,$392.98
CUST-6623,Male,54,West,12,Month-to-month,92.48,,,0,"$1,109.76"
CUST-9647,Male,40,West,24,Two year,102.28,1.0,,0,"$2,454.72"
CUST-6561,F,43,East,3,Month-to-month,26.04,1.0,84.18,0,$78.12
CUST-9702,Male,70,West,13,Month-to-month,54.18,3.0,,1,$704.34
CUST-1085,Female,38,South,12,Month-to-month,36.35,3.0,79.12,1,$436.2
CUST-10334,F,37,South,65,Month-to-month,23.23,2.0,,0,"$1,509.95"
CUST-7986,non-binary,36,North,9,1yr,98.01,,81.21,0,$882.09
CUST-10211,F,53,West,7,Two year,81.32,,,0,$569.24
CUST-5800,non-binary,52,North,33,Month-to-month,53.55,,65.56,0,"$1,767.15"
CUST-7086,non-binary,76,West,40,Month-to-month,56.87,,77.85,0,"$2,274.8"
CUST-4290,M,21,West,44,One year,94.33,2.0,,0,"$4,150.52"
CUST-8561,F,62,East,10,Two year,61.34,0.0,57.92,0,$613.4
CUST-10487,Female,77,West,45,Month-to-month,64.19,3.0,,0,"$2,888.55"
CUST-7743,M,38,South,0,One year,59.52,1.0,54.959999999999994,0,$0.0
CUST-3733,non-binary,26,North,54,Month-to-month,114.9,,,0,"$6,204.6"
CUST-8371,non-binary,56,North,70,m2m,102.57,3.0,,1,"$7,179.9"
CUST-8124,non-binary,57,West,23,Two year,56.6,0.0,98.33,1,"$1,301.8"
CUST-1022,M,33,North,71,Two year,79.08,,38.68,0,"$5,614.68"
CUST-8967,Male,40,West,10,1yr,114.82,2.0,55.01,0,"$1,148.2"
CUST-9207,Male,57,West,61,m2m,37.08,,,0,"$2,261.88"
CUST-9172,non-binary,33,South,24,One year,118.3,2.0,,0,"$2,839.2"
CUST-3847,Female,33,West,31,Month-to-month,84.93,0.0,43.89,1,"$2,632.83"
CUST-8905,Male,64,North,17,Two year,24.44,2.0,,0,$415.48
CUST-6509,Female,33,North,6,Month-to-month,118.08,,32.47,1,$708.48
CUST-10989,M,54,South,72,Two year,52.96,8.0,20.96,0,"$3,813.12"
CUST-4966,M,65,West,59,Month-to-month,37.07,2.0,,1,"$2,187.13"
CUST-10494,Female,61,South,35,Month-to-month,97.08,,,1,"$3,397.8"
CUST-4600,non-binary,-5,South,31,Month-to-month,85.7,,41.39,1,"$2,656.7"
CUST-1531,non-binary,22,North,6,One year,87.75,3.0,96.85,0,$526.5
CUST-5991,non-binary,65,North,69,m2m,105.84,0.0,,1,"$7,302.96"
CUST-9701,M,-5,North,55,Two year,69.13,,41.11,0,"$3,802.15"
CUST-6746,F,23,North,62,Two year,115.21,1.0,,0,"$7,143.02"
CUST-1221,F,64,West,69,Month-to-month,81.62,3.0,,1,"$5,631.78"
CUST-2183,F,21,West,44,1yr,80.26,,,0,"$3,531.44"
CUST-8227,non-binary,35,West,5,One year,78.23,1.0,40.58,0,$391.15
CUST-3120,Female,77,North,25,Month-to-month,33.18,,,1,$829.5
CUST-8134,Male,52,West,42,2yr,51.99,,,0,"$2,183.58"
CUST-4049,Female,72,North,63,Two year,26.2,,30.54,0,"$1,650.6"
CUST-5584,Female,54,West,62,Month-to-month,118.76,,51.34,0,"$7,363.12"
CUST-1260,F,64,South,22,Two year,92.63,0.0,,0,"$2,037.86"
CUST-10132,non-binary,73,East,3,One year,23.59,,8.690000000000001,0,$70.77
CUST-10999,F,34,East,31,Two year,41.12,3.0,66.98,0,"$1,274.72"
CUST-10204,M,23,South,38,Month-to-month,33.63,1.0,48.56,0,"$1,277.94"
CUST-2551,Female,45,North,54,One year,26.5,,64.07,0,"$1,431.0"
CUST-9592,Female,69,West,70,Month-to-month,72.94,,,0,"$5,105.8"
CUST-7935,F,66,North,69,Two year,115.53,0.0,,0,"$7,971.57"
CUST-10451,Male,-5,South,66,Two year,24.12,2.0,69.87,0,"$1,591.92"
CUST-3282,Female,32,North,2,Month-to-month,62.07,3.0,41.12,1,$124.14
CUST-1017,Male,23,West,2,Month-to-month,58.34,,63.510000000000005,1,$116.68
CUST-2517,Female,66,North,69,2yr,48.7,0.0,,1,"$3,360.3"
CUST-5191,F,62,East,0,One year,112.63,2.0,61.8,0,$0.0
CUST-7498,Male,38,North,43,Month-to-month,76.39,0.0,,1,"$3,284.77"
CUST-7833,Female,41,North,48,Two year,94.7,1.0,50.95,1,"$4,545.6"
CUST-2557,M,58,East,26,m2m,88.57,,,1,"$2,302.82"
CUST-3284,F,76,North,8,One year,48.76,2.0,,0,$390.08
CUST-10366,non-binary,51,North,47,Month-to-month,118.1,1.0,,1,"$5,550.7"
CUST-8055,Female,61,West,23,1yr,41.56,,63.95,0,$955.88
CUST-4613,non-binary,29,North,69,Two year,66.07,,59.36,0,"$4,558.83"
CUST-3741,F,48,East,0,Month-to-month,83.61,,,1,$0.0
CUST-3171,M,55,North,51,Month-to-month,79.23,,,1,"$4,040.73"
CUST-3575,non-binary,65,North,68,Two year,102.16,,47.66,0,"$6,946.88"
CUST-3288,Male,55,West,54,Month-to-month,83.26,,,1,"$4,496.04"
CUST-5947,F,35,West,58,Two year,75.66,1.0,71.89,0,"$4,388.28"
CUST-6843,Female,30,West,5,m2m,70.05,,,0,$350.25
CUST-4631,M,33,West,13,One year,37.5,9.0,14.09,0,$487.5
CUST-3791,F,44,West,1,Month-to-month,20.78,,65.93,1,$20.78
CUST-4731,M,75,West,5,Two year,38.94,5.0,37.26,0,$194.7
CUST-9962,M,64,East,27,Month-to-month,83.68,,79.05,0,"$2,259.36"
CUST-6796,non-binary,47,West,58,One year,79.85,3.0,,0,"$4,631.3"
CUST-3838,non-binary,42,West,70,m2m,27.1,,23.05,1,"$1,897.0"
CUST-2219,non-binary,45,East,57,Month-to-month,80.8,,70.36,0,"$4,605.6"
CUST-9458,F,60,South,3,Month-to-month,96.25,,29.92,0,$288.75
CUST-7080,non-binary,34,North,6,Two year,117.98,,,1,$707.88
CUST-4709,Male,78,North,32,1yr,109.64,2.0,53.83,0,"$3,508.48"
CUST-4686,Female,72,East,69,One year,58.61,2.0,,0,"$4,044.09"
CUST-9313,Male,32,West,39,Two year,112.48,10.0,28.37,0,"$4,386.72"
CUST-10279,Male,54,South,29,Month-to-month,116.72,3.0,,1,"$3,384.88"
CUST-9261,F,74,North,63,Month-to-month,53.15,,,0,"$3,348.45"
CUST-8486,non-binary,20,East,25,Month-to-month,105.72,3.0,50.66,0,"$2,643.0"
CUST-2654,F,50,East,17,One year,81.67,,20.26,0,"$1,388.39"
CUST-8672,Male,250,West,23,2yr,77.31,,,0,"$1,778.13"
CUST-3907,M,25,South,63,1yr,88.99,2.0,,0,"$5,606.37"
CUST-9933,Female,78,West,65,One year,106.21,,94.72,0,"$6,903.65"
CUST-10981,Male,60,West,70,Two year,86.14,3.0,,0,"$6,029.8"
CUST-6267,Female,79,North,59,Month-to-month,95.15,,67.82,1,"$5,613.85"
CUST-5294,M,73,East,52,Month-to-month,112.71,,81.05,1,"$5,860.92"
CUST-1514,M,44,North,18,1yr,89.25,1.0,,0,"$1,606.5"
CUST-9394,M,21,North,2,Two year,111.91,2.0,,0,$223.82
CUST-7907,M,-5,South,0,m2m,49.77,0.0,39.81,0,$0.0
CUST-5118,Female,47,North,24,Month-to-month,76.63,0.0,16.77,1,"$1,839.12"
CUST-6432,M,61,West,67,One year,119.61,1.0,,0,"$8,013.87"
CUST-4205,F,56,North,69,Month-to-month,69.6,0.0,,0,"$4,802.4"
CUST-10577,Female,73,South,48,One year,79.73,,22.09,1,"$3,827.04"
CUST-7937,Male,18,South,64,2yr,112.86,2.0,,0,"$7,223.04"
CUST-8801,F,75,South,42,One year,114.18,,30.84,1,"$4,795.56"
CUST-4309,M,56,West,45,Month-to-month,28.31,1.0,11.19,1,"$1,273.95"
CUST-5213,Male,59,North,46,Month-to-month,53.59,2.0,45.78,1,"$2,465.14"
CUST-9335,M,65,North,26,Month-to-month,38.11,1.0,84.15,0,$990.86
CUST-8244,Female,64,North,46,2yr,78.05,2.0,,0,"$3,590.3"
CUST-4357,Male,24,East,0,Two year,74.29,3.0,38.93,0,$0.0
CUST-8567,Male,39,West,43,m2m,71.62,,,0,"$3,079.66"
CUST-3960,F,59,South,59,One year,87.16,3.0,,0,"$5,142.44"
CUST-6393,Male,24,North,4,Month-to-month,64.52,5.0,6.359999999999999,1,$258.08
CUST-2356,non-binary,35,North,32,Two year,53.09,,82.15,0,"$1,698.88"
CUST-8503,Female,52,West,71,One year,103.02,1.0,63.31,0,"$7,314.42"
CUST-9040,non-binary,36,North,46,Month-to-month,39.35,0.0,,0,"$1,810.1"
CUST-3631,F,71,South,42,2yr,53.76,2.0,,0,"$2,257.92"
CUST-4780,M,78,North,47,Month-to-month,80.72,0.0,,0,"$3,793.84"
CUST-8601,Male,32,South,21,Month-to-month,31.23,,,0,$655.83
CUST-8311,M,22,West,37,One year,80.66,1.0,,0,"$2,984.42"
CUST-8794,M,44,West,60,One year,95.38,3.0,,0,"$5,722.8"
CUST-3523,non-binary,52,South,57,One year,21.43,3.0,,1,"$1,221.51"
CUST-4777,M,53,East,39,One year,71.05,,52.72,0,"$2,770.95"
CUST-6625,F,63,North,6,2yr,60.08,,,0,$360.48
CUST-6478,F,20,South,27,Month-to-month,70.37,,20.53,0,"$1,899.99"
CUST-6751,non-binary,61,South,45,Two year,52.9,4.0,16.77,0,"$2,380.5"
CUST-5849,Female,75,South,32,One year,48.84,7.0,26.62,0,"$1,562.88"
CUST-3598,M,59,North,11,Month-to-month,84.6,4.0,26.31,1,$930.6
CUST-7371,Female,59,South,37,Month-to-month,91.79,1.0,,0,"$3,396.23"
CUST-7518,Female,24,West,19,Month-to-month,29.27,0.0,,1,$556.13
CUST-1628,F,56,South,36,One year,44.53,3.0,,0,"$1,603.08"
CUST-1153,non-binary,41,South,17,Month-to-month,22.57,,24.33,0,$383.69
CUST-1079,non-binary,74,North,24,m2m,48.5,10.0,23.3,1,"$1,164.0"
CUST-5206,F,26,West,17,2yr,100.9,,,0,"$1,715.3"
CUST-8303,F,46,West,40,One year,37.48,2.0,,0,"$1,499.2"
CUST-8332,F,59,West,49,Month-to-month,119.49,1.0,,1,"$5,855.01"
CUST-1254,non-binary,71,South,0,Two year,65.78,,37.25,0,$0.0
CUST-2651,M,29,North,9,Month-to-month,54.09,,,0,$486.81
CUST-1656,Male,39,South,9,One year,28.21,,,0,$253.89
CUST-6632,Female,70,North,72,Two year,82.46,,,0,"$5,937.12"
CUST-3274,non-binary,75,West,32,2yr,75.56,3.0,55.36,1,"$2,417.92"
CUST-3935,Male,39,North,53,m2m,34.24,0.0,69.15,1,"$1,814.72"
CUST-5451,Female,71,North,23,m2m,110.98,1.0,,1,"$2,552.54"
CUST-9353,non-binary,80,West,17,Month-to-month,55.58,0.0,,1,$944.86
CUST-8525,Female,80,West,47,1yr,84.38,,50.44,0,"$3,965.86"
CUST-6369,Female,67,West,32,One year,111.99,1.0,58.6,0,"$3,583.68"
CUST-3818,Male,70,West,11,One year,33.44,2.0,,0,$367.84
CUST-3706,F,32,North,43,1yr,62.32,,41.41,0,"$2,679.76"
CUST-2442,Male,21,North,59,Month-to-month,40.26,2.0,,0,"$2,375.34"
CUST-1103,non-binary,59,South,0,One year,97.92,,57.84,0,$0.0
CUST-4605,non-binary,72,North,39,Month-to-month,71.39,,,1,"$2,784.21"
CUST-5484,Female,49,South,71,Two year,60.91,,44.23,0,"$4,324.61"
CUST-5760,non-binary,62,North,69,Month-to-month,93.84,3.0,83.36,1,"$6,474.96"
CUST-9675,Male,76,West,55,Month-to-month,86.73,3.0,75.37,0,"$4,770.15"
CUST-2205,Female,33,East,10,One year,47.9,3.0,,1,$479.0
CUST-5611,Female,66,West,15,1yr,74.18,2.0,44.09,0,"$1,112.7"
CUST-7954,Female,80,North,34,Month-to-month,89.87,2.0,,0,"$3,055.58"
CUST-2544,F,80,West,49,Month-to-month,111.47,3.0,63.86,1,"$5,462.03"
CUST-4072,F,42,South,14,Month-to-month,74.29,2.0,69.52,1,"$1,040.06"
CUST-2630,non-binary,61,West,29,One year,92.35,1.0,,0,"$2,678.15"
CUST-10793,F,43,South,58,Month-to-month,54.33,0.0,71.33,1,"$3,151.14"
CUST-1832,F,37,North,33,One year,88.36,,,0,"$2,915.88"
CUST-6182,Female,250,East,13,Month-to-month,103.58,2.0,56.07,1,"$1,346.54"
CUST-2715,F,51,West,9,One year,22.25,,71.34,0,$200.25
CUST-6609,M,54,West,70,Month-to-month,50.28,,87.17,0,"$3,519.6"
CUST-4610,Male,65,West,63,One year,69.42,,55.5,0,"$4,373.46"
CUST-10036,Male,47,North,42,m2m,20.4,,15.69,1,$856.8
CUST-1839,Male,72,West,20,Two year,44.84,8.0,22.82,1,$896.8
CUST-9555,Female,73,East,49,One year,87.07,,,0,"$4,266.43"
CUST-7121,non-binary,27,West,18,2yr,91.55,,33.02,0,"$1,647.9"
CUST-9000,M,35,East,60,m2m,22.46,1.0,,1,"$1,347.6"
CUST-4990,Female,47,East,23,One year,98.49,,,0,"$2,265.27"
CUST-1111,Male,71,South,48,One year,71.55,,,0,"$3,434.4"
CUST-9326,F,46,West,42,2yr,22.57,,40.67,0,$947.94
CUST-3471,Female,42,South,0,1yr,43.57,,0.0,0,$0.0
CUST-9671,M,33,North,61,Month-to-month,35.99,3.0,,1,"$2,195.39"
CUST-2615,F,40,South,55,One year,61.37,,,0,"$3,375.35"
CUST-1182,non-binary,19,South,70,One year,97.04,,,0,"$6,792.8"
CUST-6708,non-binary,29,North,40,One year,42.71,,,0,"$1,708.4"
CUST-10724,F,32,South,25,Two year,45.44,3.0,71.14,0,"$1,136.0"
CUST-10394,non-binary,67,North,46,One year,47.6,,,0,"$2,189.6"
CUST-1428,Male,67,North,16,Two year,55.45,,57.93,0,$887.2
CUST-6994,Male,24,North,38,1yr,95.36,,,0,"$3,623.68"
CUST-6163,Male,35,West,40,One year,114.11,1.0,78.77,0,"$4,564.4"
CUST-6522,non-binary,53,South,6,Month-to-month,119.07,1.0,,1,$714.42
CUST-3722,Male,27,West,25,Month-to-month,59.19,0.0,,1,"$1,479.75"
CUST-6416,Male,42,North,57,Month-to-month,93.56,,,0,"$5,332.92"
CUST-1450,non-binary,29,South,32,2yr,25.63,0.0,,0,$820.16
CUST-5068,Male,73,West,24,2yr,45.01,3.0,,0,"$1,080.24"
CUST-6523,Female,41,West,48,Two year,20.03,0.0,,0,$961.44
CUST-10067,Female,27,West,20,Month-to-month,31.86,,22.69,1,$637.2
CUST-1371,M,61,West,61,1yr,55.52,,13.79,1,"$3,386.72"
CUST-9025,M,42,North,43,1yr,56.28,,,0,"$2,420.04"
CUST-4281,non-binary,31,South,31,1yr,24.41,1.0,,0,$756.71
CUST-3197,non-binary,80,South,36,One year,63.88,2.0,30.59,0,"$2,299.68"
CUST-5150,M,30,North,37,Month-to-month,55.13,,,0,"$2,039.81"
CUST-2713,Male,41,South,72,Month-to-month,39.96,,17.42,1,"$2,877.12"
CUST-1996,Female,36,West,7,Month-to-month,88.62,0.0,65.31,0,$620.34
CUST-3601,Female,69,East,46,One year,81.42,0.0,,1,"$3,745.32"
CUST-3744,M,58,North,39,One year,31.01,2.0,,0,"$1,209.39"
CUST-6531,Female,43,West,69,One year,66.98,2.0,,0,"$4,621.62"
CUST-3975,M,65,North,10,Month-to-month,73.36,1.0,87.65,1,$733.6
CUST-4715,non-binary,37,North,59,One year,107.87,,,0,"$6,364.33"
CUST-3894,Male,79,West,14,Month-to-month,112.6,,,1,"$1,576.4"
CUST-5311,M,26,West,19,Month-to-month,62.32,1.0,,0,"$1,184.08"
CUST-4358,F,22,North,53,One year,40.37,,,0,"$2,139.61"
CUST-3542,M,19,North,3,Month-to-month,77.8,,70.73,1,$233.4
CUST-1461,non-binary,34,South,11,Two year,40.44,,,0,$444.84
CUST-3870,M,37,West,10,One year,72.9,,,0,$729.0
CUST-8719,F,38,North,27,One year,32.63,,,0,$881.01
CUST-3564,non-binary,57,North,33,Month-to-month,55.15,,69.15,0,"$1,819.95"
CUST-7266,M,36,North,10,One year,45.06,2.0,47.88,1,$450.6
CUST-10296,M,65,South,54,Month-to-month,99.11,3.0,,1,"$5,351.94"
CUST-6139,non-binary,35,North,48,Month-to-month,36.42,,57.6,1,"$1,748.16"
CUST-6512,non-binary,29,North,2,One year,31.18,2.0,,0,$62.36
CUST-3642,M,31,North,34,Month-to-month,114.63,7.0,24.32,1,"$3,897.42"
CUST-7586,Female,34,West,53,Month-to-month,23.69,0.0,,1,"$1,255.57"
CUST-8974,M,47,South,18,Two year,56.79,2.0,70.94,0,"$1,022.22"
CUST-10658,non-binary,80,North,24,Month-to-month,101.98,3.0,,1,"$2,447.52"
CUST-3942,M,29,South,58,m2m,86.12,,,0,"$4,994.96"
CUST-5007,M,53,South,24,One year,115.4,,,0,"$2,769.6"
CUST-8041,non-binary,76,South,45,Month-to-month,108.17,2.0,85.22,0,"$4,867.65"
CUST-6750,Male,52,South,60,Two year,93.79,1.0,50.57,1,"$5,627.4"
CUST-10028,non-binary,26,North,9,One year,108.96,2.0,,0,$980.64
CUST-1756,Male,61,North,65,Month-to-month,119.12,3.0,,0,"$7,742.8"
CUST-8668,Female,27,North,9,1yr,60.56,,,0,$545.04
CUST-2779,non-binary,61,West,46,One year,112.45,,,0,"$5,172.7"
CUST-2995,M,33,West,5,1yr,34.05,1.0,,0,$170.25
CUST-4251,F,250,North,13,Month-to-month,73.96,0.0,,0,$961.48
CUST-6641,Male,80,South,55,m2m,69.64,3.0,51.41,1,"$3,830.2"
CUST-8482,non-binary,29,West,41,Month-to-month,76.66,3.0,,0,"$3,143.06"
CUST-7050,Male,77,West,71,Month-to-month,24.8,9.0,15.17,1,"$1,760.8"
CUST-1759,Male,75,South,48,Month-to-month,59.3,,,0,"$2,846.4"
CUST-10750,Male,38,East,71,One year,71.03,,,0,"$5,043.13"
CUST-3076,Female,48,South,55,Month-to-month,50.68,4.0,13.68,1,"$2,787.4"
CUST-4437,M,55,West,44,Month-to-month,98.1,,78.66,0,"$4,316.4"
CUST-1207,M,54,West,5,Two year,50.39,,,0,$251.95
CUST-1082,non-binary,66,West,37,One year,23.35,2.0,,0,$863.95
CUST-9980,F,60,North,40,Month-to-month,118.36,,,0,"$4,734.4"
CUST-5707,Male,69,West,63,Two year,115.32,,47.18,1,"$7,265.16"
CUST-3865,non-binary,77,North,20,1yr,38.12,,44.74,0,$762.4
CUST-7969,non-binary,54,South,58,Month-to-month,89.88,,45.49,0,"$5,213.04"
CUST-3519,Female,46,West,26,Month-to-month,106.23,,75.54,1,"$2,761.98"
CUST-5102,F,58,West,8,One year,116.91,3.0,,0,$935.28
CUST-1876,Male,36,West,66,Two year,66.47,2.0,54.68,0,"$4,387.02"
CUST-4620,non-binary,58,West,70,One year,49.12,3.0,86.7,0,"$3,438.4"
CUST-6636,M,27,West,39,One year,88.53,2.0,56.88,0,"$3,452.67"
CUST-3127,Female,47,West,7,Month-to-month,25.18,,,1,$176.26
CUST-1974,M,66,East,56,Month-to-month,47.92,,,1,"$2,683.52"
CUST-1864,non-binary,35,South,19,m2m,79.81,1.0,40.31,0,"$1,516.39"
CUST-4142,non-binary,34,North,24,Month-to-month,32.35,,78.61,0,$776.4
CUST-8770,M,51,North,60,1yr,119.5,0.0,,0,"$7,170.0"
CUST-5063,Male,250,North,41,m2m,72.15,,92.68,0,"$2,958.15"
CUST-7886,Male,41,West,35,1yr,67.56,,,0,"$2,364.6"
CUST-7887,F,54,South,56,Month-to-month,87.97,0.0,,0,"$4,926.32"
CUST-9351,F,41,South,32,Month-to-month,69.87,2.0,,1,"$2,235.84"
CUST-5456,M,61,South,71,One year,76.7,2.0,90.39,0,"$5,445.7"
CUST-5967,M,54,West,4,Month-to-month,106.96,,68.33,1,$427.84
CUST-4653,Male,51,West,38,m2m,37.94,9.0,14.77,1,"$1,441.72"
CUST-7840,non-binary,35,West,58,m2m,46.27,,97.64,1,"$2,683.66"
CUST-8900,Female,79,North,31,Two year,109.57,1.0,,0,"$3,396.67"
CUST-10210,M,42,South,40,Month-to-month,113.19,,31.49,0,"$4,527.6"
CUST-4382,Female,53,North,67,Month-to-month,80.22,4.0,33.98,0,"$5,374.74"
CUST-6862,F,64,South,38,Two year,92.81,1.0,69.41,0,"$3,526.78"
CUST-9866,M,36,South,40,One year,93.71,2.0,60.13,0,"$3,748.4"
CUST-5086,Male,48,West,62,Month-to-month,57.38,,78.83,1,"$3,557.56"
CUST-7578,F,77,East,42,One year,53.64,,,0,"$2,252.88"
CUST-4367,Female,48,North,26,One year,36.42,3.0,,0,$946.92
CUST-1345,non-binary,60,North,24,One year,81.69,,,1,"$1,960.56"
CUST-10237,F,80,South,28,One year,53.86,,,0,"$1,508.08"
CUST-4811,F,27,West,28,Month-to-month,106.11,2.0,,0,"$2,971.08"
CUST-10903,Female,24,North,44,One year,41.93,,,1,"$1,844.92"
CUST-8384,Male,57,North,65,Month-to-month,85.28,3.0,,0,"$5,543.2"
CUST-4148,M,31,West,65,Month-to-month,52.24,,90.28,1,"$3,395.6"
CUST-1948,Female,22,South,71,Two year,52.71,0.0,92.86,0,"$3,742.41"
CUST-3705,F,49,North,34,Month-to-month,22.42,2.0,68.03,0,$762.28
CUST-3346,M,53,East,10,m2m,76.62,1.0,,0,$766.2
CUST-6683,Male,34,West,46,Month-to-month,32.96,,66.13,0,"$1,516.16"
CUST-3771,F,53,South,5,1yr,110.66,8.0,7.969999999999999,1,$553.3
CUST-7577,Male,42,South,30,m2m,117.13,0.0,,0,"$3,513.9"
CUST-6240,F,-5,North,61,1yr,95.71,0.0,61.73,0,"$5,838.31"
CUST-4294,M,39,North,44,Two year,101.51,,95.71,0,"$4,466.44"
CUST-7174,F,54,North,34,One year,96.33,7.0,20.38,1,"$3,275.22"
CUST-9266,Female,18,North,5,Month-to-month,97.26,,50.75,1,$486.3
CUST-3480,Male,80,North,5,Month-to-month,90.52,,,1,$452.6
CUST-4259,Female,61,East,53,One year,105.34,,17.45,0,"$5,583.02"
CUST-3154,Female,20,North,44,Month-to-month,114.56,,,1,"$5,040.64"
CUST-3607,M,50,West,19,One year,105.57,,25.13,1,"$2,005.83"
CUST-6607,M,28,South,16,Month-to-month,92.09,,,0,"$1,473.44"
CUST-9408,F,53,South,57,Month-to-month,115.22,,,1,"$6,567.54"
CUST-6170,non-binary,63,West,3,One year,55.44,,,0,$166.32
CUST-4831,Male,32,North,66,Month-to-month,32.77,1.0,42.9,1,"$2,162.82"
CUST-2457,Female,32,East,27,One year,66.54,2.0,94.73,0,"$1,796.58"
CUST-5093,Male,60,East,38,One year,87.18,2.0,65.37,0,"$3,312.84"
CUST-5877,F,41,West,64,One year,85.59,2.0,73.44,0,"$5,477.76"
CUST-7076,Male,20,South,8,1yr,45.36,3.0,,0,$362.88
CUST-10315,M,65,North,68,2yr,106.27,0.0,,0,"$7,226.36"
CUST-1978,non-binary,77,West,20,One year,84.68,,78.89,0,"$1,693.6"
CUST-2800,Male,35,South,22,2yr,64.56,,,1,"$1,420.32"
CUST-8374,Male,55,South,14,Month-to-month,45.22,0.0,,1,$633.08
CUST-1130,F,43,West,34,Two year,84.82,0.0,60.3,0,"$2,883.88"
CUST-2415,F,74,West,72,Month-to-month,109.54,,,1,"$7,886.88"
CUST-2609,F,49,North,49,2yr,62.26,1.0,59.39,0,"$3,050.74"
CUST-1417,non-binary,41,West,16,Month-to-month,73.84,2.0,,1,"$1,181.44"
CUST-7624,M,63,West,67,Two year,39.02,,43.25,0,"$2,614.34"
CUST-3563,Male,56,North,65,One year,73.83,0.0,95.33,0,"$4,798.95"
CUST-5637,M,65,South,19,1yr,66.04,2.0,86.92,0,"$1,254.76"
CUST-2178,F,59,South,14,One year,110.55,1.0,,1,"$1,547.7"
CUST-7019,M,66,North,49,Two year,48.24,,48.92,0,"$2,363.76"
CUST-5085,Male,75,South,38,Two year,81.05,,,0,"$3,079.9"
CUST-1053,non-binary,74,North,41,Two year,21.79,0.0,,0,$893.39
CUST-7153,Male,26,South,3,1yr,77.91,,,0,$233.73
CUST-2104,F,66,East,57,Month-to-month,73.57,0.0,,0,"$4,193.49"
CUST-6281,M,51,South,1,Month-to-month,25.42,,55.61,0,$25.42
CUST-9414,non-binary,65,North,20,One year,52.38,1.0,85.28,0,"$1,047.6"
CUST-5257,M,58,South,58,Two year,99.42,0.0,,0,"$5,766.36"
CUST-6051,M,61,West,18,Month-to-month,55.52,,23.19,1,$999.36
CUST-10038,M,44,West,25,Month-to-month,110.71,1.0,54.36,0,"$2,767.75"
CUST-2533,F,36,East,62,One year,51.07,,78.28,0,"$3,166.34"
CUST-3391,F,50,North,72,One year,26.92,,79.37,0,"$1,938.24"
CUST-6330,F,59,South,34,Month-to-month,24.64,1.0,,0,$837.76
CUST-4525,Male,79,West,2,m2m,26.32,,30.18,1,$52.64
CUST-10072,Female,42,North,61,1yr,43.49,,31.43,0,"$2,652.89"
CUST-7353,F,29,South,32,One year,78.63,7.0,11.88,0,"$2,516.16"
CUST-8006,non-binary,58,South,70,m2m,80.1,1.0,,0,"$5,607.0"
CUST-6040,M,48,North,45,Two year,80.64,,11.02,0,"$3,628.8"
CUST-1097,non-binary,62,East,5,m2m,20.42,,,1,$102.1
CUST-2689,non-binary,67,North,45,Month-to-month,113.66,0.0,96.9,1,"$5,114.7"
CUST-9121,F,79,East,68,Month-to-month,81.07,,34.92,0,"$5,512.76"
CUST-9949,non-binary,69,South,62,Two year,107.43,,73.62,0,"$6,660.66"
CUST-4912,Male,48,West,45,Month-to-month,114.64,3.0,,1,"$5,158.8"
CUST-8618,non-binary,50,North,63,m2m,85.61,1.0,51.78,1,"$5,393.43"
CUST-7468,Male,24,North,26,Two year,108.9,3.0,90.38,0,"$2,831.4"
CUST-9334,non-binary,77,East,2,Month-to-month,110.35,1.0,49.61,1,$220.7
CUST-5507,M,34,East,66,m2m,102.07,2.0,99.71,1,"$6,736.62"
CUST-5292,F,39,West,34,One year,106.97,,,0,"$3,636.98"
CUST-3620,F,24,West,15,m2m,117.52,2.0,57.05,1,"$1,762.8"
CUST-8848,F,68,South,13,2yr,49.01,,43.39,0,$637.13
CUST-4714,M,80,West,30,Two year,38.76,3.0,,1,"$1,162.8"
CUST-5022,F,65,North,22,One year,103.33,2.0,,1,"$2,273.26"
CUST-3765,Male,37,South,50,m2m,41.1,,,0,"$2,055.0"
CUST-9063,M,35,East,45,Month-to-month,100.34,,69.25,1,"$4,515.3"
CUST-2965,M,41,East,27,One year,39.05,1.0,,1,"$1,054.35"
CUST-9031,Female,24,West,51,Month-to-month,93.55,,,1,"$4,771.05"
CUST-4919,F,48,East,56,One year,115.74,1.0,,0,"$6,481.44"
CUST-10434,Male,76,South,71,Month-to-month,65.82,,,0,"$4,673.22"
CUST-9568,non-binary,60,East,51,Month-to-month,117.34,,,1,"$5,984.34"
CUST-1882,Female,45,West,46,Month-to-month,95.33,,,1,"$4,385.18"
CUST-7376,non-binary,69,South,23,One year,108.84,0.0,45.95,0,"$2,503.32"
CUST-7763,M,26,South,25,Month-to-month,90.62,,67.75,0,"$2,265.5"
CUST-5696,Female,24,North,55,Month-to-month,101.38,,,1,"$5,575.9"
CUST-4230,non-binary,55,North,60,One year,109.17,7.0,17.26,1,"$6,550.2"
CUST-8361,F,24,North,58,Month-to-month,79.92,,13.59,1,"$4,635.36"
CUST-3490,M,22,West,61,m2m,50.21,2.0,81.08,1,"$3,062.81"
CUST-5586,Female,45,North,72,One year,101.44,,,0,"$7,303.68"
CUST-3279,M,59,South,60,Month-to-month,84.5,3.0,88.45,1,"$5,070.0"
CUST-3070,Female,26,East,22,One year,52.39,,,1,"$1,152.58"
CUST-10252,non-binary,58,North,71,2yr,40.24,8.0,16.28,0,"$2,857.04"
CUST-2472,F,78,West,53,Month-to-month,98.92,5.0,22.78,1,"$5,242.76"
CUST-4577,Female,53,West,24,Two year,117.33,,46.5,0,"$2,815.92"
CUST-8716,non-binary,35,East,55,One year,96.56,2.0,,0,"$5,310.8"
CUST-2477,Female,56,South,32,Month-to-month,25.85,,21.91,0,$827.2
CUST-2906,Female,78,South,64,Month-to-month,80.68,,38.01,0,"$5,163.52"
CUST-5756,Female,74,East,5,Month-to-month,42.48,,,0,$212.4
CUST-7776,Male,26,West,33,Month-to-month,31.17,7.0,35.11,0,"$1,028.61"
CUST-10381,Female,37,East,65,Month-to-month,79.32,1.0,77.74,1,"$5,155.8"
CUST-8717,F,80,North,35,Month-to-month,114.35,0.0,85.38,1,"$4,002.25"
CUST-4441,non-binary,67,South,18,One year,30.04,,45.91,0,$540.72
CUST-4094,F,80,West,48,m2m,101.65,0.0,47.82,1,"$4,879.2"
CUST-5416,F,38,West,25,2yr,29.41,0.0,73.67,0,$735.25
CUST-4734,F,33,East,57,2yr,87.55,,,0,"$4,990.35"
CUST-10861,non-binary,47,North,54,1yr,71.15,0.0,,0,"$3,842.1"
CUST-4932,M,57,North,54,One year,54.18,,,0,"$2,925.72"
CUST-8690,M,56,North,25,m2m,47.39,,96.22,1,"$1,184.75"
CUST-5043,Male,-5,West,34,Month-to-month,75.82,0.0,,0,"$2,577.88"
CUST-2806,F,72,West,20,One year,58.64,,87.66,0,"$1,172.8"
CUST-6277,non-binary,39,East,55,m2m,50.76,,50.33,0,"$2,791.8"
CUST-10059,Female,23,West,31,Month-to-month,21.46,,,0,$665.26
CUST-7638,M,78,North,43,Month-to-month,84.47,,41.8,1,"$3,632.21"
CUST-8431,M,250,North,37,One year,20.55,3.0,,0,$760.35
CUST-5034,non-binary,64,South,31,Month-to-month,112.91,6.0,36.85,0,"$3,500.21"
CUST-10083,non-binary,58,West,30,One year,113.11,2.0,44.46,0,"$3,393.3"
CUST-10065,Male,43,South,61,Month-to-month,20.67,2.0,,1,"$1,260.87"
CUST-9670,Female,76,West,46,Month-to-month,80.49,,38.86,0,"$3,702.54"
CUST-3371,F,72,West,33,Month-to-month,112.36,1.0,40.98,1,"$3,707.88"
CUST-2908,Male,50,South,63,One year,22.03,,,0,"$1,387.89"
CUST-4909,Female,61,South,37,Month-to-month,68.91,1.0,,1,"$2,549.67"
CUST-6464,Male,57,South,4,Month-to-month,21.36,3.0,,0,$85.44
CUST-1288,Female,70,North,67,Two year,116.73,2.0,,0,"$7,820.91"
CUST-5879,M,19,East,50,Month-to-month,81.9,0.0,,1,"$4,095.0"
CUST-9007,Female,54,North,14,Month-to-month,68.57,1.0,54.72,0,$959.98
CUST-2767,M,57,South,58,2yr,49.44,3.0,,0,"$2,867.52"
CUST-1052,F,65,West,5,Two year,88.39,,,0,$441.95
CUST-10745,M,52,West,48,One year,24.48,,44.49,1,"$1,175.04"
CUST-6276,Female,22,East,34,Month-to-month,50.72,,,0,"$1,724.48"
CUST-2302,Male,34,South,22,One year,61.56,0.0,96.36,0,"$1,354.32"
CUST-5114,Male,61,East,46,Two year,107.7,,31.16,1,"$4,954.2"
CUST-2619,non-binary,40,West,19,Two year,74.7,,,0,"$1,419.3"
CUST-3652,non-binary,76,East,29,m2m,20.86,,93.3,1,$604.94
CUST-4308,non-binary,70,West,10,Two year,59.46,,,0,$594.6
CUST-6972,Female,34,East,37,m2m,52.53,2.0,79.77,0,"$1,943.61"
CUST-6772,Male,65,West,29,Month-to-month,30.59,2.0,57.43,0,$887.11
CUST-4538,non-binary,23,North,14,Month-to-month,103.27,,11.33,0,"$1,445.78"
CUST-8972,F,29,North,31,Month-to-month,93.65,0.0,55.12,1,"$2,903.15"
CUST-2137,non-binary,68,East,23,m2m,93.09,0.0,,1,"$2,141.07"
CUST-3275,F,20,North,30,Month-to-month,30.39,,,0,$911.7
CUST-2358,Male,74,South,17,Month-to-month,74.37,,97.21,0,"$1,264.29"
CUST-4775,F,32,North,16,Two year,39.11,,,0,$625.76
CUST-4401,non-binary,35,East,70,m2m,103.38,2.0,50.18,1,"$7,236.6"
CUST-8163,Female,29,East,5,Month-to-month,31.39,,55.790000000000006,1,$156.95
CUST-4579,non-binary,39,North,8,Two year,95.11,2.0,88.83,1,$760.88
CUST-1027,M,34,West,9,Month-to-month,72.65,1.0,88.35,0,$653.85
CUST-7798,F,68,North,52,Two year,75.72,,92.21,0,"$3,937.44"
CUST-6450,Male,42,North,3,One year,48.28,1.0,,0,$144.84
CUST-3034,non-binary,39,East,67,Month-to-month,106.58,10.0,23.6,1,"$7,140.86"
CUST-9839,Male,35,West,48,Month-to-month,35.91,6.0,13.85,1,"$1,723.68"
CUST-7408,Female,53,East,37,One year,72.09,,,0,"$2,667.33"
CUST-1243,F,28,North,13,2yr,85.54,,,0,"$1,112.02"
CUST-5382,non-binary,45,South,32,Two year,67.49,,65.76,0,"$2,159.68"
CUST-1405,non-binary,29,South,67,One year,68.11,1.0,,0,"$4,563.37"
CUST-7466,Female,74,South,13,Month-to-month,80.56,2.0,,1,"$1,047.28"
CUST-9010,M,51,West,6,Two year,46.87,,55.04,0,$281.22
CUST-6916,M,37,West,5,One year,78.79,,46.84,0,$393.95
CUST-7961,M,45,West,19,Month-to-month,32.44,,,0,$616.36
CUST-10645,Male,73,North,21,Month-to-month,111.68,,72.33,1,"$2,345.28"
CUST-1062,Male,58,North,72,Month-to-month,63.81,,,1,"$4,594.32"
CUST-6063,Female,30,West,3,One year,20.16,2.0,,0,$60.48
CUST-2670,F,39,North,56,One year,29.49,3.0,,0,"$1,651.44"
CUST-3803,Female,53,West,16,One year,81.92,3.0,,0,"$1,310.72"
CUST-8045,M,79,East,53,2yr,75.84,,,0,"$4,019.52"
CUST-10470,Female,34,West,2,Month-to-month,88.83,3.0,54.95,1,$177.66
CUST-8411,F,-5,North,7,Two year,95.75,2.0,,1,$670.25
CUST-3201,Female,26,West,45,One year,66.38,,93.69,0,"$2,987.1"
CUST-2285,Female,61,West,56,Month-to-month,41.84,2.0,84.72,0,"$2,343.04"
CUST-2286,Male,39,North,51,1yr,89.19,6.0,35.73,0,"$4,548.69"
CUST-7696,M,47,West,3,2yr,50.87,,7.289999999999999,0,$152.61
CUST-1346,Female,-5,North,4,Month-to-month,84.35,,82.43,1,$337.4
CUST-1589,M,59,East,17,One year,45.0,0.0,,0,$765.0
CUST-6909,M,31,South,39,One year,72.6,2.0,,0,"$2,831.4"
CUST-10862,non-binary,29,North,69,Month-to-month,35.34,,,0,"$2,438.46"
CUST-7606,non-binary,25,North,27,Month-to-month,105.68,,,1,"$2,853.36"
CUST-5617,F,75,East,40,m2m,66.29,,89.38,1,"$2,651.6"
CUST-8406,non-binary,24,South,72,Month-to-month,29.0,0.0,,0,"$2,088.0"
CUST-9610,Female,28,South,38,Month-to-month,115.27,0.0,,1,"$4,380.26"
CUST-8950,M,67,North,71,Month-to-month,21.26,1.0,,0,"$1,509.46"
CUST-6107,Female,40,South,37,m2m,94.56,10.0,35.1,1,"$3,498.72"
CUST-10633,Male,46,West,56,Two year,85.94,2.0,73.8,0,"$4,812.64"
CUST-10533,M,35,East,0,Month-to-month,31.64,2.0,,1,$0.0
CUST-4109,M,48,South,28,Two year,44.51,5.0,35.06,0,"$1,246.28"
CUST-1006,Male,38,North,10,Month-to-month,24.11,0.0,65.38,1,$241.1
CUST-9726,Male,27,North,19,Two year,79.47,,76.71,0,"$1,509.93"
CUST-2260,F,24,South,21,m2m,76.37,,,0,"$1,603.77"
CUST-2185,Female,30,East,44,1yr,51.49,4.0,31.04,1,"$2,265.56"
CUST-5782,M,75,North,70,2yr,25.98,0.0,,0,"$1,818.6"
CUST-2929,non-binary,55,South,39,Month-to-month,74.07,,,0,"$2,888.73"
CUST-8212,M,18,West,23,Two year,62.46,,,0,"$1,436.58"
CUST-10755,non-binary,68,West,14,Two year,69.67,2.0,83.9,0,$975.38
CUST-9383,F,59,West,72,Two year,73.27,2.0,84.25,0,"$5,275.44"
CUST-4447,F,68,North,33,1yr,34.52,,43.18,0,"$1,139.16"
CUST-1750,Male,20,North,70,Month-to-month,78.43,,75.29,0,"$5,490.1"
CUST-7065,F,64,West,33,One year,100.58,1.0,,0,"$3,319.14"
CUST-1467,Female,23,North,3,Month-to-month,87.62,,76.87,0,$262.86
CUST-4974,F,76,South,33,Two year,57.37,2.0,,0,"$1,893.21"
CUST-7748,Male,28,North,44,One year,28.76,,,0,"$1,265.44"
CUST-4044,Male,33,South,21,Month-to-month,83.76,,,0,"$1,758.96"
CUST-9321,Female,38,West,30,Month-to-month,70.04,1.0,,0,"$2,101.2"
CUST-3662,Female,61,North,2,Two year,87.42,,36.69,0,$174.84
CUST-1332,non-binary,35,South,51,2yr,107.07,,26.47,0,"$5,460.57"
CUST-2366,Male,25,East,2,One year,25.8,,,0,$51.6
CUST-10629,Male,62,North,33,m2m,34.83,1.0,,0,"$1,149.39"
CUST-7272,Female,46,South,34,Month-to-month,74.57,,80.03,0,"$2,535.38"
CUST-7694,Female,54,West,40,Month-to-month,111.03,0.0,78.41,0,"$4,441.2"
CUST-7425,Male,30,South,17,1yr,64.65,2.0,55.7,0,"$1,099.05"
CUST-8079,non-binary,51,West,58,One year,41.98,2.0,,1,"$2,434.84"
CUST-2077,Male,74,North,15,Month-to-month,20.52,,,0,$307.8
CUST-7204,non-binary,63,North,41,Month-to-month,66.17,,86.4,1,"$2,712.97"
CUST-1318,Male,58,North,44,Month-to-month,61.8,,32.32,1,"$2,719.2"
CUST-2228,M,22,West,10,Two year,95.77,3.0,14.9,0,$957.7
CUST-5856,non-binary,50,West,63,m2m,79.41,2.0,,0,"$5,002.83"
CUST-7312,F,20,South,53,Two year,30.14,0.0,,0,"$1,597.42"
CUST-7218,F,68,North,49,Month-to-month,78.01,3.0,91.96,1,"$3,822.49"
CUST-4478,non-binary,49,South,20,m2m,21.43,1.0,93.79,0,$428.6
CUST-5448,non-binary,35,West,14,Two year,113.67,,54.8,0,"$1,591.38"
CUST-1743,F,78,East,30,Month-to-month,44.99,,81.81,0,"$1,349.7"
CUST-10116,M,72,South,71,Month-to-month,27.55,5.0,23.67,1,"$1,956.05"
CUST-9982,Female,250,South,53,2yr,24.89,,34.01,0,"$1,319.17"
CUST-2175,Female,23,West,4,Two year,75.42,3.0,,0,$301.68
CUST-4111,Female,43,West,30,Month-to-month,39.87,2.0,,0,"$1,196.1"
CUST-6173,F,37,North,48,m2m,93.67,,,1,"$4,496.16"
CUST-3136,Female,72,North,45,One year,27.75,1.0,,0,"$1,248.75"
CUST-2859,M,28,South,47,One year,38.09,0.0,,0,"$1,790.23"
CUST-9029,F,22,South,19,Month-to-month,25.86,2.0,,0,$491.34
CUST-4493,M,28,North,26,One year,116.36,2.0,,1,"$3,025.36"
CUST-4637,non-binary,47,South,16,Month-to-month,118.92,0.0,53.71,0,"$1,902.72"
CUST-4370,non-binary,59,West,18,One year,114.21,,,0,"$2,055.78"
CUST-5350,Female,54,North,13,Month-to-month,99.22,3.0,74.03,0,"$1,289.86"
CUST-8483,Female,40,North,21,One year,42.63,3.0,65.86,0,$895.23
CUST-9755,non-binary,52,West,30,m2m,29.74,,,1,$892.2
CUST-6624,Female,78,South,12,Month-to-month,37.98,,,0,$455.76
CUST-3342,Female,61,West,48,Two year,49.12,,77.35,0,"$2,357.76"
CUST-5005,Male,73,East,2,m2m,109.19,0.0,66.31,1,$218.38
CUST-7901,F,54,South,16,One year,84.8,0.0,,0,"$1,356.8"
CUST-3548,M,49,East,37,One year,59.26,,,0,"$2,192.62"
CUST-3813,Female,35,South,43,1yr,107.87,1.0,,0,"$4,638.41"
CUST-9751,F,64,North,27,One year,115.76,,,1,"$3,125.52"
CUST-8056,Male,66,East,0,Month-to-month,114.97,,28.549999999999997,0,$0.0
CUST-8113,non-binary,75,West,60,Two year,62.46,3.0,84.86,0,"$3,747.6"
CUST-4514,non-binary,76,South,40,One year,110.52,0.0,,1,"$4,420.8"
CUST-9598,Female,33,East,13,Month-to-month,36.72,,,1,$477.36
CUST-9514,Female,64,South,27,Month-to-month,36.02,,,1,$972.54
CUST-1893,Female,72,West,67,Month-to-month,39.42,1.0,,0,"$2,641.14"
CUST-9493,M,59,East,32,Month-to-month,118.93,,,0,"$3,805.76"
CUST-9876,M,49,East,10,2yr,111.82,1.0,91.43,0,"$1,118.2"
CUST-10120,Male,53,South,44,One year,101.55,,49.71,0,"$4,468.2"
CUST-2426,M,25,West,51,Month-to-month,76.82,2.0,97.78,0,"$3,917.82"
CUST-4068,F,39,North,3,One year,25.01,5.0,8.32,1,$75.03
CUST-3931,non-binary,78,South,62,Month-to-month,25.15,,,0,"$1,559.3"
CUST-9119,non-binary,36,North,65,One year,54.99,,74.28,0,"$3,574.35"
CUST-2016,M,60,North,41,Month-to-month,62.29,2.0,,0,"$2,553.89"
CUST-9323,F,50,South,4,Two year,29.38,2.0,,0,$117.52
CUST-4581,M,58,South,26,m2m,51.25,,66.46,0,"$1,332.5"
CUST-1551,F,47,North,31,m2m,87.93,3.0,50.83,0,"$2,725.83"
CUST-3754,Female,73,West,63,Month-to-month,60.91,,,0,"$3,837.33"
CUST-10991,M,47,North,31,Month-to-month,58.29,4.0,20.53,0,"$1,806.99"
CUST-5713,non-binary,33,North,66,Month-to-month,77.75,1.0,,0,"$5,131.5"
CUST-8574,non-binary,31,West,72,Two year,90.53,1.0,18.93,0,"$6,518.16"
CUST-7326,F,40,East,39,One year,114.68,0.0,,0,"$4,472.52"
CUST-8463,Female,37,North,25,One year,45.25,3.0,86.45,0,"$1,131.25"
CUST-5493,non-binary,52,South,71,Month-to-month,81.86,,,1,"$5,812.06"
CUST-1735,F,24,East,8,One year,114.45,8.0,17.38,0,$915.6
CUST-1975,non-binary,250,North,39,One year,86.75,,18.77,1,"$3,383.25"
CUST-3549,Male,73,North,52,Month-to-month,85.49,,13.42,1,"$4,445.48"
CUST-10924,Male,26,North,37,Month-to-month,93.31,,19.28,0,"$3,452.47"
CUST-5367,Female,25,West,60,Month-to-month,76.71,2.0,31.81,1,"$4,602.6"
CUST-7894,F,53,South,1,One year,106.88,,,0,$106.88
CUST-5749,Female,79,South,29,Month-to-month,36.0,2.0,18.82,1,"$1,044.0"
CUST-6329,Male,76,North,47,Two year,40.51,3.0,,0,"$1,903.97"
CUST-1489,non-binary,54,South,0,1yr,96.66,2.0,0.0,0,$0.0
CUST-3911,Male,36,North,53,One year,22.66,,,0,"$1,200.98"
CUST-3965,F,27,West,27,Two year,85.17,6.0,26.76,1,"$2,299.59"
CUST-2644,Female,47,East,50,2yr,33.49,,78.19,0,"$1,674.5"
CUST-3064,Male,53,East,63,Month-to-month,77.9,,72.03,0,"$4,907.7"
CUST-8038,M,74,North,7,One year,94.76,,26.13,0,$663.32
CUST-4267,Male,33,North,5,Month-to-month,22.39,,,0,$111.95
CUST-7399,Male,27,East,40,One year,20.33,1.0,,0,$813.2
CUST-8086,F,42,West,22,One year,42.48,2.0,71.44,1,$934.56
CUST-2998,Male,44,North,4,Month-to-month,75.9,2.0,,0,$303.6
CUST-5624,Male,51,East,66,1yr,44.77,,,0,"$2,954.82"
CUST-7007,Female,29,South,46,One year,56.43,,,0,"$2,595.78"
CUST-9953,non-binary,34,West,63,Month-to-month,34.66,,31.19,0,"$2,183.58"
CUST-4351,Female,51,South,14,Two year,113.51,,,0,"$1,589.14"
CUST-4949,F,48,North,53,Month-to-month,24.5,,55.94,0,"$1,298.5"
CUST-2988,Female,-5,South,39,Two year,73.35,,95.59,1,"$2,860.65"
CUST-3770,non-binary,37,North,68,Month-to-month,101.13,,,1,"$6,876.84"
CUST-7124,Male,21,West,6,Two year,103.43,,40.99,0,$620.58
CUST-5544,F,26,North,1,One year,57.02,,10.739999999999998,0,$57.02
CUST-1080,M,24,South,58,Two year,64.12,,,0,"$3,718.96"
CUST-1449,M,79,West,51,Month-to-month,99.01,1.0,91.12,1,"$5,049.51"
CUST-7831,M,41,West,32,Two year,57.14,1.0,,0,"$1,828.48"
CUST-2582,non-binary,60,South,29,Month-to-month,29.75,,12.27,1,$862.75
CUST-4707,F,23,West,20,Month-to-month,73.95,,95.09,0,"$1,479.0"
CUST-8294,M,28,West,7,1yr,99.48,,33.92,1,$696.36
CUST-9550,Female,67,North,36,Month-to-month,20.39,,,1,$734.04
CUST-2723,M,24,North,27,One year,52.85,3.0,,0,"$1,426.95"
CUST-8119,Female,73,North,29,Two year,62.24,1.0,57.75,0,"$1,804.96"
CUST-8723,Male,75,North,24,1yr,59.13,1.0,,0,"$1,419.12"
CUST-5871,F,22,West,24,m2m,87.14,,70.4,0,"$2,091.36"
CUST-6220,M,37,South,25,1yr,62.86,2.0,,0,"$1,571.5"
CUST-3229,non-binary,53,South,31,Month-to-month,93.75,2.0,,1,"$2,906.25"
CUST-5455,Female,39,West,14,Month-to-month,100.0,10.0,14.79,1,"$1,400.0"
CUST-4217,F,71,East,57,Two year,112.21,2.0,53.97,0,"$6,395.97"
CUST-6306,F,63,West,60,One year,32.0,,,0,"$1,920.0"
CUST-1930,M,47,North,52,One year,113.14,0.0,,0,"$5,883.28"
CUST-2512,Female,29,North,24,m2m,87.97,2.0,,1,"$2,111.28"
CUST-5492,M,40,North,23,Month-to-month,52.5,3.0,,0,"$1,207.5"
CUST-6580,non-binary,250,North,71,Two year,75.71,,,0,"$5,375.41"
CUST-3986,non-binary,31,North,4,m2m,58.0,,40.23,0,$232.0
CUST-5261,non-binary,61,West,0,Month-to-month,75.85,,44.35,0,$0.0
CUST-2782,M,68,North,12,Month-to-month,117.22,,,0,"$1,406.64"
CUST-8440,M,51,South,1,Month-to-month,24.78,,,0,$24.78
CUST-6085,F,41,South,38,Month-to-month,108.92,,32.44,1,"$4,138.96"
CUST-9097,Male,66,North,5,Two year,117.69,1.0,,0,$588.45
CUST-9485,non-binary,80,North,52,Two year,30.57,2.0,62.08,0,"$1,589.64"
CUST-9999,F,41,North,8,Month-to-month,96.22,0.0,,1,$769.76
CUST-6466,Female,50,North,70,One year,98.72,3.0,66.23,0,"$6,910.4"
CUST-5327,Male,62,South,0,One year,118.72,0.0,56.69,0,$0.0
CUST-4258,Female,44,West,28,One year,74.07,,22.42,1,"$2,073.96"
CUST-6551,Male,60,West,0,2yr,58.8,,,0,$0.0
CUST-8964,Female,27,South,49,Month-to-month,48.41,2.0,83.93,0,"$2,372.09"
CUST-3532,M,69,North,47,Month-to-month,47.83,,,0,"$2,248.01"
CUST-4981,Female,22,South,9,Month-to-month,97.64,0.0,74.08,0,$878.76
CUST-6468,Male,25,South,55,Two year,73.1,2.0,80.82,0,"$4,020.5"
CUST-4271,Male,48,North,2,Two year,54.74,,15.239999999999998,0,$109.48
CUST-1273,Female,48,East,51,Month-to-month,31.15,,21.92,1,"$1,588.65"
CUST-3355,non-binary,78,North,9,One year,90.23,,90.39,0,$812.07
CUST-6550,F,35,North,10,Two year,88.77,1.0,,1,$887.7
CUST-4626,Male,23,North,59,m2m,41.04,,39.25,0,"$2,421.36"
CUST-9595,M,66,South,32,One year,28.5,1.0,,1,$912.0
CUST-8205,Male,49,East,14,Month-to-month,111.72,7.0,33.56,1,"$1,564.08"
CUST-3863,F,74,South,39,One year,34.67,,53.84,0,"$1,352.13"
CUST-9477,F,65,North,23,Month-to-month,71.51,,25.33,1,"$1,644.73"
CUST-7613,Male,75,South,36,m2m,64.58,,,1,"$2,324.88"
CUST-7063,Female,32,South,68,Month-to-month,109.62,,59.92,1,"$7,454.16"
CUST-6925,M,41,North,58,One year,66.49,,96.19,0,"$3,856.42"
CUST-2793,M,79,North,24,Month-to-month,74.3,,44.08,0,"$1,783.2"
CUST-5499,M,-5,North,49,One year,32.72,2.0,,0,"$1,603.28"
CUST-2239,Female,37,South,36,Month-to-month,115.94,2.0,,1,"$4,173.84"
CUST-2051,non-binary,24,South,50,Two year,36.59,,,0,"$1,829.5"
CUST-1928,Female,46,South,63,Month-to-month,28.95,,91.98,1,"$1,823.85"
CUST-10016,M,33,North,36,Month-to-month,62.93,,50.84,0,"$2,265.48"
CUST-9327,Female,59,West,3,One year,62.62,,,0,$187.86
CUST-4463,F,28,West,13,2yr,111.76,3.0,,1,"$1,452.88"
CUST-2160,non-binary,63,East,16,Two year,64.94,,,1,"$1,039.04"
CUST-7311,M,28,North,70,One year,20.16,,,0,"$1,411.2"
CUST-3462,M,40,West,37,Two year,65.37,3.0,41.78,0,"$2,418.69"
CUST-8786,Male,22,North,40,Month-to-month,76.79,3.0,65.5,1,"$3,071.6"
CUST-10826,Male,24,North,55,Two year,49.33,,,0,"$2,713.15"
CUST-1875,Female,36,South,43,One year,94.97,,19.02,0,"$4,083.71"
CUST-1219,F,-5,East,60,Month-to-month,49.77,5.0,39.27,1,"$2,986.2"
CUST-2231,non-binary,46,West,19,One year,36.21,,,0,$687.99
CUST-6721,F,73,South,7,Month-to-month,23.91,,69.59,0,$167.37
CUST-7583,Female,18,West,46,One year,26.05,3.0,,0,"$1,198.3"
CUST-9158,non-binary,33,East,47,One year,59.74,1.0,63.34,1,"$2,807.78"
CUST-4131,Female,65,South,46,Month-to-month,28.65,9.0,18.75,1,"$1,317.9"
CUST-1856,Female,56,South,68,Two year,104.9,0.0,46.81,1,"$7,133.2"
CUST-6713,Male,64,North,67,Month-to-month,58.17,0.0,,0,"$3,897.39"
CUST-10969,Male,40,North,32,Month-to-month,82.42,0.0,51.49,1,"$2,637.44"
CUST-7786,M,25,North,66,m2m,85.79,0.0,89.81,0,"$5,662.14"
CUST-8358,M,64,East,54,Month-to-month,107.66,,,1,"$5,813.64"
CUST-9812,non-binary,63,North,65,Month-to-month,83.35,,79.08,1,"$5,417.75"
CUST-2019,F,76,South,52,Month-to-month,105.78,,,0,"$5,500.56"
CUST-4387,Female,41,South,57,One year,50.8,,34.56,1,"$2,895.6"
CUST-8973,F,44,West,36,m2m,83.68,,30.41,1,"$3,012.48"
CUST-1908,Male,70,North,69,Month-to-month,119.76,1.0,,1,"$8,263.44"
CUST-2555,Female,39,South,4,One year,71.94,,48.63,0,$287.76
CUST-8214,Female,50,North,71,Month-to-month,33.61,,19.52,0,"$2,386.31"
CUST-10152,Male,70,North,69,Month-to-month,28.85,,,1,"$1,990.65"
CUST-10663,Male,41,North,69,Month-to-month,75.32,,45.65,0,"$5,197.08"
CUST-3059,Male,23,West,51,Two year,72.95,,93.86,0,"$3,720.45"
CUST-2824,Female,63,North,42,Month-to-month,102.05,2.0,93.26,1,"$4,286.1"
CUST-5709,non-binary,59,East,18,Month-to-month,81.12,,,0,"$1,460.16"
CUST-1977,M,36,West,61,Month-to-month,44.33,,,0,"$2,704.13"
CUST-4453,F,-5,West,54,One year,72.23,3.0,13.89,0,"$3,900.42"
CUST-1860,M,25,West,66,One year,60.46,2.0,69.29,0,"$3,990.36"
CUST-8341,M,77,North,11,One year,54.46,,,0,$599.06
CUST-9070,Female,73,North,25,2yr,84.4,0.0,,0,"$2,110.0"
CUST-3174,F,-5,South,56,Month-to-month,109.8,1.0,94.98,1,"$6,148.8"
CUST-8872,Female,57,South,7,Two year,73.82,1.0,,0,$516.74
CUST-10253,Female,33,East,32,Month-to-month,109.01,,70.34,1,"$3,488.32"
CUST-8141,non-binary,18,South,67,One year,44.26,1.0,,0,"$2,965.42"
CUST-9623,Male,31,North,51,One year,39.97,,33.69,0,"$2,038.47"
CUST-4304,F,70,North,29,Month-to-month,57.8,2.0,,1,"$1,676.2"
CUST-3360,F,74,South,6,Month-to-month,93.78,,29.29,0,$562.68
CUST-3361,Female,57,West,42,One year,103.45,,,0,"$4,344.9"
CUST-10347,F,36,South,35,One year,30.06,5.0,33.82,1,"$1,052.1"
CUST-5354,Male,20,East,49,Month-to-month,104.12,3.0,58.56,1,"$5,101.88"
CUST-3415,Female,42,West,59,m2m,93.87,3.0,52.07,1,"$5,538.33"
CUST-7070,M,71,South,28,One year,82.88,2.0,32.29,1,"$2,320.64"
CUST-1102,F,72,West,24,Two year,96.91,,,0,"$2,325.84"
CUST-9195,Female,62,South,43,One year,35.09,0.0,92.74,0,"$1,508.87"
CUST-1650,Male,60,West,51,One year,104.49,3.0,,1,"$5,328.99"
CUST-7783,Male,42,North,35,One year,60.35,,95.8,0,"$2,112.25"
CUST-6308,Female,73,South,60,One year,97.13,2.0,53.72,0,"$5,827.8"
CUST-10490,Male,62,West,15,Two year,114.27,1.0,,0,"$1,714.05"
CUST-6828,Male,58,West,35,Month-to-month,69.68,1.0,,1,"$2,438.8"
CUST-10930,Female,55,West,69,Month-to-month,93.07,2.0,,0,"$6,421.83"
CUST-1881,non-binary,56,East,40,Month-to-month,21.28,3.0,54.5,0,$851.2
CUST-10000,Female,48,North,31,Month-to-month,101.33,1.0,48.83,1,"$3,141.23"
CUST-10760,Male,39,West,47,2yr,112.52,2.0,89.34,0,"$5,288.44"
CUST-8211,Male,53,East,45,One year,101.59,2.0,,1,"$4,571.55"
CUST-10412,M,64,West,15,Two year,54.82,,87.5,0,$822.3
CUST-6289,M,61,West,38,Month-to-month,49.48,3.0,,0,"$1,880.24"
CUST-4545,non-binary,61,East,61,One year,42.02,,,1,"$2,563.22"
CUST-10876,F,72,West,13,2yr,69.18,9.0,26.88,1,$899.34
CUST-2038,non-binary,31,North,41,One year,112.26,3.0,85.46,0,"$4,602.66"
CUST-1586,F,63,North,11,Month-to-month,20.24,,,1,$222.64
CUST-3751,Female,27,East,35,Month-to-month,108.18,,,0,"$3,786.3"
CUST-8144,Female,65,West,24,Month-to-month,45.82,,87.53,1,"$1,099.68"
CUST-6529,Male,62,North,14,Month-to-month,119.32,5.0,15.25,1,"$1,670.48"
CUST-3825,M,77,North,15,One year,118.81,,89.1,1,"$1,782.15"
CUST-8883,Female,75,West,41,Month-to-month,64.19,,10.47,0,"$2,631.79"
CUST-7589,F,56,West,13,m2m,109.12,,97.46,0,"$1,418.56"
CUST-7381,non-binary,-5,West,30,One year,115.36,,,0,"$3,460.8"
CUST-3737,M,23,West,24,One year,87.22,,,0,"$2,093.28"
CUST-5934,Male,78,East,55,Month-to-month,54.93,,,1,"$3,021.15"
CUST-3591,F,44,North,32,m2m,83.7,,21.61,1,"$2,678.4"
CUST-3922,Female,34,East,61,m2m,57.28,,22.71,1,"$3,494.08"
CUST-2924,F,24,East,63,Month-to-month,39.74,,45.86,0,"$2,503.62"
CUST-6590,Female,71,South,56,Month-to-month,84.7,1.0,76.09,0,"$4,743.2"
CUST-9156,M,70,North,31,Two year,68.14,5.0,25.18,1,"$2,112.34"
CUST-9879,non-binary,80,West,25,Month-to-month,95.35,,95.04,1,"$2,383.75"
CUST-5840,non-binary,41,West,4,2yr,61.21,0.0,,0,$244.84
CUST-1889,F,43,North,1,Month-to-month,24.0,,45.71,0,$24.0
CUST-8960,F,46,North,21,Month-to-month,108.29,,,0,"$2,274.09"
CUST-8097,M,46,East,27,One year,47.76,0.0,10.12,1,"$1,289.52"
CUST-4573,F,19,South,14,1yr,67.5,3.0,84.45,0,$945.0
CUST-4735,Female,26,East,17,Month-to-month,31.46,,,1,$534.82
CUST-3094,Male,78,North,50,One year,112.52,0.0,,1,"$5,626.0"
CUST-7465,Male,63,South,18,Month-to-month,87.4,,78.97,1,"$1,573.2"
CUST-3881,non-binary,47,South,29,Two year,35.36,,,0,"$1,025.44"
CUST-6445,non-binary,69,South,49,One year,95.31,,,1,"$4,670.19"
CUST-8529,Male,250,East,5,Month-to-month,58.12,0.0,,0,$290.6
CUST-4778,non-binary,30,East,12,1yr,80.05,,,0,$960.6
CUST-5827,F,70,North,58,1yr,64.81,,,0,"$3,758.98"
CUST-6367,M,62,South,47,Two year,76.65,,,0,"$3,602.55"
CUST-4252,Male,-5,East,72,Month-to-month,100.49,0.0,97.34,1,"$7,235.28"
CUST-10778,Male,25,South,52,Two year,65.22,2.0,,0,"$3,391.44"
CUST-3381,Male,21,East,38,Month-to-month,89.83,2.0,54.04,0,"$3,413.54"
CUST-4859,F,58,North,52,One year,64.54,1.0,82.3,1,"$3,356.08"
CUST-3372,Female,19,North,25,Two year,46.86,,14.62,1,"$1,171.5"
CUST-2884,F,71,South,41,Two year,57.84,,76.73,0,"$2,371.44"
CUST-6540,F,37,North,67,1yr,31.67,,43.26,0,"$2,121.89"
CUST-5094,M,66,South,47,m2m,51.75,2.0,81.9,0,"$2,432.25"
CUST-7975,non-binary,30,South,60,One year,57.93,,,0,"$3,475.8"
CUST-2814,Male,68,North,27,Two year,87.16,,17.49,1,"$2,353.32"
CUST-1530,Male,51,West,63,Two year,21.26,0.0,,0,"$1,339.38"
CUST-8982,non-binary,24,South,12,Month-to-month,36.48,,,1,$437.76
CUST-10392,Male,71,North,44,m2m,65.91,,,0,"$2,900.04"
CUST-10743,Male,24,East,9,Month-to-month,54.29,3.0,,0,$488.61
CUST-4532,M,22,North,11,Month-to-month,26.34,,,1,$289.74
CUST-7044,Male,61,West,51,m2m,82.14,10.0,31.63,1,"$4,189.14"
CUST-8611,F,33,South,59,Month-to-month,90.03,,39.82,0,"$5,311.77"
CUST-1646,Male,41,East,53,Two year,82.55,3.0,44.32,0,"$4,375.15"
CUST-6831,Female,39,North,15,One year,41.49,3.0,85.81,1,$622.35
CUST-7978,Male,68,West,30,Two year,91.61,,,1,"$2,748.3"
CUST-5569,M,30,West,60,One year,67.49,,,0,"$4,049.4"
CUST-9681,M,42,South,59,One year,30.05,,,0,"$1,772.95"
CUST-2478,M,29,South,22,m2m,75.0,,13.84,0,"$1,650.0"
CUST-6938,Female,40,South,28,One year,24.73,1.0,61.5,0,$692.44
CUST-8253,non-binary,66,West,45,m2m,107.68,,76.74,1,"$4,845.6"
CUST-2570,non-binary,27,South,43,One year,99.36,,44.84,1,"$4,272.48"
CUST-10176,Female,20,West,39,Two year,25.14,,,0,$980.46
CUST-1253,F,37,East,62,Month-to-month,76.36,2.0,66.46,0,"$4,734.32"
CUST-7804,F,62,South,19,Month-to-month,48.28,1.0,,0,$917.32
CUST-9190,M,23,South,15,One year,86.04,,71.63,0,"$1,290.6"
CUST-5739,Male,58,West,63,Month-to-month,84.81,2.0,37.17,0,"$5,343.03"
CUST-5182,M,80,East,16,One year,25.64,10.0,20.9,1,$410.24
CUST-1971,M,55,East,6,m2m,54.24,1.0,,1,$325.44
CUST-4738,F,56,North,52,One year,31.17,,46.05,0,"$1,620.84"
CUST-7129,Female,52,North,60,One year,25.04,5.0,21.23,1,"$1,502.4"
CUST-9561,non-binary,-5,East,35,Month-to-month,102.31,,98.44,0,"$3,580.85"
CUST-8889,Male,21,North,30,1yr,83.64,2.0,64.83,0,"$2,509.2"
CUST-9316,F,61,North,44,One year,36.71,1.0,,0,"$1,615.24"
CUST-8339,F,73,North,21,Month-to-month,97.52,2.0,,0,"$2,047.92"
CUST-6284,Female,61,South,46,One year,45.17,3.0,46.02,0,"$2,077.82"
CUST-2878,F,24,East,60,2yr,113.54,2.0,,0,"$6,812.4"
CUST-8075,non-binary,250,North,30,Month-to-month,110.25,0.0,,1,"$3,307.5"
CUST-5229,M,44,South,20,Month-to-month,24.56,,,1,$491.2
CUST-4741,M,26,South,17,m2m,103.04,1.0,,0,"$1,751.68"
CUST-8057,M,-5,South,30,m2m,30.91,,49.84,1,$927.3
CUST-6014,non-binary,36,North,36,Two year,105.85,,,1,"$3,810.6"
CUST-5067,F,25,West,19,Month-to-month,72.08,,24.8,0,"$1,369.52"
CUST-3841,non-binary,-5,North,28,Month-to-month,96.03,,,0,"$2,688.84"
CUST-1564,Male,46,West,28,Month-to-month,89.56,,,1,"$2,507.68"
CUST-6444,M,43,West,53,Month-to-month,85.08,2.0,97.59,0,"$4,509.24"
CUST-3761,F,45,North,28,2yr,89.34,1.0,,0,"$2,501.52"
CUST-6401,F,69,West,58,Month-to-month,97.16,3.0,,1,"$5,635.28"
CUST-4011,non-binary,25,South,26,One year,50.94,,49.56,0,"$1,324.44"
CUST-6322,Male,49,North,11,Month-to-month,46.19,,20.01,1,$508.09
CUST-10793,F,43,South,58,Month-to-month,54.33,0.0,71.33,1,"$3,151.14"
CUST-8899,M,69,East,13,Two year,56.78,,52.84,0,$738.14
CUST-8291,F,64,West,52,One year,35.72,,,0,"$1,857.44"
CUST-5355,M,47,South,29,Month-to-month,65.65,,77.29,1,"$1,903.85"
CUST-4851,Female,52,East,40,1yr,53.11,1.0,,0,"$2,124.4"
CUST-1065,Female,250,North,56,Month-to-month,51.47,,85.1,0,"$2,882.32"
CUST-6114,non-binary,57,East,4,Month-to-month,97.81,2.0,77.83,1,$391.24
CUST-1011,non-binary,30,West,19,Month-to-month,113.03,,,1,"$2,147.57"
CUST-9993,F,41,South,17,One year,61.79,2.0,98.5,0,"$1,050.43"
CUST-10156,non-binary,54,South,19,Month-to-month,52.48,1.0,89.03,0,$997.12
CUST-3461,M,43,South,13,Month-to-month,37.62,0.0,54.77,0,$489.06
CUST-6497,M,26,South,18,2yr,78.37,,65.83,1,"$1,410.66"
CUST-6687,non-binary,71,East,49,2yr,112.23,,68.5,0,"$5,499.27"
CUST-8966,Male,25,West,28,One year,86.33,2.0,,0,"$2,417.24"
CUST-1396,Female,51,East,67,1yr,39.91,,,0,"$2,673.97"
CUST-4288,M,75,West,40,One year,31.38,,77.8,0,"$1,255.2"
CUST-8279,non-binary,55,East,18,1yr,60.83,,83.67,1,"$1,094.94"
CUST-3946,non-binary,250,West,1,Two year,67.1,,23.89,0,$67.1
CUST-10690,non-binary,73,West,22,Month-to-month,70.67,6.0,16.43,1,"$1,554.74"
CUST-10465,non-binary,62,South,56,Two year,33.28,,,0,"$1,863.68"
CUST-8886,Female,28,North,28,Month-to-month,98.75,,,0,"$2,765.0"
CUST-9202,Female,79,East,54,Two year,44.62,1.0,,0,"$2,409.48"
CUST-9002,M,45,North,72,One year,61.37,3.0,46.47,0,"$4,418.64"
CUST-1988,M,21,North,16,Month-to-month,58.7,,,1,$939.2
CUST-10436,F,29,East,60,1yr,60.94,,37.78,0,"$3,656.4"
CUST-4753,F,61,North,49,Two year,82.57,,,0,"$4,045.93"
CUST-1100,Female,64,South,27,One year,92.21,,85.51,0,"$2,489.67"
CUST-3792,Male,31,West,55,One year,45.06,1.0,,0,"$2,478.3"
CUST-8275,Female,50,North,42,One year,43.86,,,0,"$1,842.12"
CUST-3908,F,32,North,23,Two year,56.97,1.0,,0,"$1,310.31"
CUST-5851,Female,70,East,55,Two year,80.95,,85.26,0,"$4,452.25"
CUST-3215,Male,43,North,21,m2m,61.93,1.0,,0,"$1,300.53"
CUST-6792,Female,21,South,54,One year,56.24,3.0,,0,"$3,036.96"
CUST-3190,Female,250,South,63,Month-to-month,96.41,,,1,"$6,073.83"
CUST-4681,F,23,North,51,2yr,90.81,1.0,,0,"$4,631.31"
CUST-6172,Female,57,North,32,One year,25.49,1.0,,0,$815.68
CUST-8945,F,250,North,69,1yr,83.38,,76.03,0,"$5,753.22"
CUST-10118,Female,76,West,16,Month-to-month,74.61,1.0,,1,"$1,193.76"
CUST-9694,M,57,West,35,1yr,81.47,,50.34,0,"$2,851.45"
CUST-1621,F,67,West,30,Month-to-month,85.94,,39.39,1,"$2,578.2"
CUST-6619,Female,30,West,8,Two year,63.55,2.0,79.77,0,$508.4
CUST-5918,Male,19,North,58,Two year,60.25,1.0,,0,"$3,494.5"
CUST-3635,Female,27,West,9,2yr,64.32,,,0,$578.88
CUST-9344,Female,46,West,39,Month-to-month,47.49,0.0,,1,"$1,852.11"
CUST-5017,F,33,West,49,Two year,65.39,,26.76,0,"$3,204.11"
CUST-4552,non-binary,27,North,17,One year,110.13,2.0,,1,"$1,872.21"
CUST-7257,Female,60,South,12,1yr,51.28,,17.92,1,$615.36
CUST-3783,Female,64,North,31,m2m,89.97,3.0,,0,"$2,789.07"
CUST-5076,Male,78,South,50,Month-to-month,35.3,0.0,,0,"$1,765.0"
CUST-2100,F,49,North,27,One year,28.17,3.0,,0,$760.59
CUST-2096,M,18,North,35,Month-to-month,51.14,,97.56,1,"$1,789.9"
CUST-3574,Female,62,West,42,One year,108.57,2.0,,1,"$4,559.94"
CUST-1389,F,50,North,28,Two year,22.22,,85.89,0,$622.16
CUST-4129,Female,63,North,18,Two year,99.79,8.0,31.53,1,"$1,796.22"
CUST-2788,Female,59,South,71,m2m,24.36,,60.65,0,"$1,729.56"
CUST-3553,F,75,South,62,One year,99.56,2.0,,0,"$6,172.72"
CUST-2708,F,54,East,42,Month-to-month,102.94,,,1,"$4,323.48"
CUST-3919,M,73,West,37,Month-to-month,23.32,,,0,$862.84
CUST-7350,Male,75,South,28,Month-to-month,71.01,1.0,,0,"$1,988.28"
CUST-4535,M,58,West,64,One year,48.57,,64.95,1,"$3,108.48"
CUST-10532,non-binary,37,East,21,m2m,82.31,3.0,,0,"$1,728.51"
CUST-9126,Female,27,North,39,1yr,45.24,,,1,"$1,764.36"
CUST-6806,F,33,West,32,Two year,66.3,2.0,17.46,0,"$2,121.6"
CUST-7572,F,39,North,48,Two year,39.33,1.0,90.59,0,"$1,887.84"
CUST-8378,non-binary,54,East,51,Month-to-month,99.08,0.0,,1,"$5,053.08"
CUST-1828,non-binary,75,North,65,1yr,76.09,,,0,"$4,945.85"
CUST-3495,Male,60,North,56,1yr,82.28,2.0,62.76,0,"$4,607.68"
CUST-4765,Female,23,South,30,Month-to-month,118.29,,,1,"$3,548.7"
CUST-2296,non-binary,-5,North,11,Two year,60.55,,,0,$666.05
CUST-10614,Male,62,North,35,Two year,85.1,,,0,"$2,978.5"
CUST-1179,Male,21,South,29,One year,38.06,,90.0,0,"$1,103.74"
CUST-9921,Male,80,West,47,One year,34.41,1.0,,0,"$1,617.27"
CUST-1190,Female,23,South,66,Month-to-month,108.36,,53.84,1,"$7,151.76"
CUST-6402,M,-5,East,39,Month-to-month,32.86,,48.32,0,"$1,281.54"
CUST-1205,F,-5,South,41,Month-to-month,22.98,0.0,87.42,1,$942.18
CUST-7067,non-binary,70,West,16,Two year,80.73,2.0,,0,"$1,291.68"
CUST-8892,Female,42,East,12,One year,76.01,2.0,,0,$912.12
CUST-2854,non-binary,56,West,14,Two year,43.98,2.0,,0,$615.72
CUST-2408,Female,27,South,1,Two year,26.84,,45.92,0,$26.84
CUST-1920,M,72,West,12,Month-to-month,78.18,,,1,$938.16
CUST-2052,F,73,East,10,Month-to-month,119.44,1.0,,1,"$1,194.4"
CUST-2508,Female,76,East,20,One year,52.8,3.0,78.72,0,"$1,056.0"
CUST-8583,non-binary,64,South,54,Month-to-month,51.89,,61.4,0,"$2,802.06"
CUST-4659,M,27,North,26,Month-to-month,45.44,,,0,"$1,181.44"
CUST-6296,F,26,North,25,Month-to-month,33.08,2.0,70.23,0,$827.0
CUST-1108,Male,73,West,17,m2m,47.85,2.0,,0,$813.45
CUST-1261,F,45,East,44,Month-to-month,29.68,0.0,79.77,1,"$1,305.92"
CUST-9515,Male,80,East,56,Month-to-month,36.93,,66.06,1,"$2,068.08"
CUST-6489,Male,47,East,36,m2m,43.08,3.0,43.16,0,"$1,550.88"
CUST-7291,M,54,North,21,One year,80.21,,,0,"$1,684.41"
CUST-7429,Female,22,West,21,Month-to-month,117.64,3.0,83.34,1,"$2,470.44"
CUST-5589,F,54,South,6,m2m,33.37,2.0,86.81,1,$200.22
CUST-4322,M,77,North,67,One year,90.47,2.0,,0,"$6,061.49"
CUST-5196,Male,79,East,0,Two year,65.91,1.0,57.849999999999994,0,$0.0
CUST-9217,Female,33,West,18,Month-to-month,82.45,,11.25,1,"$1,484.1"
CUST-7508,non-binary,57,West,18,Month-to-month,113.69,2.0,,1,"$2,046.42"
CUST-7214,M,31,South,66,Two year,85.12,0.0,,0,"$5,617.92"
CUST-10601,Female,28,West,34,Month-to-month,48.68,3.0,,1,"$1,655.12"
CUST-6907,F,52,North,42,m2m,36.14,3.0,,1,"$1,517.88"
CUST-5774,F,57,North,10,2yr,22.54,,27.59,1,$225.4
CUST-1825,non-binary,72,East,48,Month-to-month,111.96,3.0,,0,"$5,374.08"
CUST-6295,Female,28,South,24,m2m,109.75,3.0,91.16,1,"$2,634.0"
CUST-3594,Female,57,South,60,Month-to-month,30.44,,,1,"$1,826.4"
CUST-6854,non-binary,58,North,62,Two year,80.63,,10.15,0,"$4,999.06"
CUST-2337,F,250,West,33,One year,90.17,2.0,62.59,1,"$2,975.61"
CUST-2041,M,73,South,29,Two year,20.66,1.0,,0,$599.14
CUST-7790,F,70,South,51,Month-to-month,85.08,3.0,49.81,0,"$4,339.08"
CUST-5752,non-binary,33,North,3,2yr,65.66,1.0,72.73,0,$196.98
CUST-9228,non-binary,77,East,10,Month-to-month,99.78,,49.92,1,$997.8
CUST-2265,Male,250,West,17,2yr,104.24,,,1,"$1,772.08"
CUST-7202,Male,60,South,64,2yr,37.48,3.0,,0,"$2,398.72"
CUST-1037,Female,53,East,43,Two year,69.06,2.0,,0,"$2,969.58"
CUST-9916,non-binary,32,South,29,Two year,77.61,1.0,,0,"$2,250.69"
CUST-5244,Male,68,North,10,Month-to-month,108.81,,59.03,1,"$1,088.1"
CUST-5723,Female,77,North,10,Two year,111.31,0.0,11.52,0,"$1,113.1"
CUST-9154,Male,67,East,9,One year,61.85,,,0,$556.65
CUST-3923,M,74,North,40,m2m,38.91,,,0,"$1,556.4"
CUST-4286,Male,64,West,0,One year,103.78,,,1,$0.0
CUST-9577,Female,68,West,27,1yr,58.38,1.0,62.74,0,"$1,576.26"
CUST-5303,Male,65,North,37,One year,107.51,1.0,,0,"$3,977.87"
CUST-8829,Female,45,West,65,One year,56.37,0.0,39.65,0,"$3,664.05"
CUST-3872,M,76,West,1,Month-to-month,100.66,,33.68,1,$100.66
CUST-5688,non-binary,63,West,40,Two year,34.57,,,0,"$1,382.8"
CUST-1899,F,18,North,60,One year,92.37,2.0,,0,"$5,542.2"
CUST-2505,M,62,North,50,1yr,23.58,,67.15,0,"$1,179.0"
CUST-9862,Male,43,West,40,Two year,111.48,0.0,40.47,0,"$4,459.2"
CUST-4143,Female,56,North,64,Month-to-month,47.09,,10.68,0,"$3,013.76"
CUST-9987,non-binary,59,South,17,Month-to-month,28.86,,,0,$490.62
CUST-10013,F,25,South,63,1yr,46.82,,,0,"$2,949.66"
CUST-7622,M,34,South,43,One year,88.26,,,0,"$3,795.18"
CUST-5402,F,32,West,72,Month-to-month,24.24,,,0,"$1,745.28"
CUST-1859,Male,80,South,52,Month-to-month,95.75,,,0,"$4,979.0"
CUST-5534,F,63,West,58,One year,56.88,0.0,,0,"$3,299.04"
CUST-9773,F,250,West,67,Month-to-month,114.87,2.0,60.3,1,"$7,696.29"
CUST-4261,M,23,South,60,1yr,32.37,,,0,"$1,942.2"
CUST-5661,F,48,West,10,One year,82.1,2.0,70.42,0,$821.0
CUST-8380,F,30,South,39,m2m,115.54,1.0,66.13,0,"$4,506.06"
CUST-1955,Female,66,North,63,Month-to-month,63.17,3.0,,0,"$3,979.71"
CUST-7193,Female,52,West,56,Month-to-month,88.83,,99.02,0,"$4,974.48"
CUST-4945,F,57,South,50,Two year,83.44,4.0,37.78,0,"$4,172.0"
CUST-5356,Female,74,South,59,Month-to-month,78.39,,,0,"$4,625.01"
CUST-5419,non-binary,23,North,44,Month-to-month,43.67,,13.24,1,"$1,921.48"
CUST-2865,non-binary,54,North,22,Month-to-month,61.72,0.0,,1,"$1,357.84"
CUST-8069,M,80,South,16,One year,115.43,0.0,62.3,0,"$1,846.88"
CUST-7929,non-binary,35,West,3,m2m,29.0,,,0,$87.0
CUST-4022,F,24,West,37,Month-to-month,97.71,0.0,,1,"$3,615.27"
CUST-8743,M,60,South,52,One year,47.41,3.0,,0,"$2,465.32"
CUST-2772,F,41,South,49,One year,35.41,,14.42,0,"$1,735.09"
CUST-10749,non-binary,70,South,1,Two year,72.59,0.0,,0,$72.59
CUST-5345,Male,27,East,5,Two year,40.22,,33.04,0,$201.1
CUST-5596,Female,18,East,43,m2m,47.91,1.0,,1,"$2,060.13"
CUST-2397,Female,27,South,17,Month-to-month,44.95,,,1,$764.15
CUST-9091,non-binary,36,West,13,One year,45.41,,,0,$590.33
CUST-1352,Female,61,North,58,Month-to-month,21.09,,,1,"$1,223.22"
CUST-5670,F,40,North,8,Month-to-month,116.02,0.0,,1,$928.16
CUST-8746,Female,57,West,27,2yr,32.4,5.0,24.73,0,$874.8
CUST-2989,non-binary,22,West,37,One year,100.77,2.0,,0,"$3,728.49"
CUST-7439,non-binary,-5,West,19,One year,46.67,2.0,,1,$886.73
CUST-6454,non-binary,68,South,46,Month-to-month,110.35,,,0,"$5,076.1"
CUST-7889,Male,24,South,36,One year,36.35,5.0,17.07,0,"$1,308.6"
CUST-7802,non-binary,30,South,27,Two year,28.37,,,0,$765.99
CUST-6473,Female,67,South,64,Month-to-month,116.76,,27.48,1,"$7,472.64"
CUST-5458,non-binary,54,East,31,Month-to-month,93.13,0.0,60.89,0,"$2,887.03"
CUST-5715,Male,24,West,39,One year,73.66,,96.73,0,"$2,872.74"
CUST-8226,F,47,West,7,m2m,69.05,0.0,51.7,0,$483.35
CUST-3084,non-binary,74,North,50,m2m,113.14,,75.14,0,"$5,657.0"
CUST-10313,Male,37,West,10,m2m,26.84,0.0,64.9,0,$268.4
CUST-3992,non-binary,72,North,6,Two year,25.13,0.0,,1,$150.78
CUST-9854,F,67,East,50,One year,105.76,0.0,,0,"$5,288.0"
CUST-1144,non-binary,60,West,3,Month-to-month,28.73,4.0,36.46,0,$86.19
CUST-8679,M,70,South,34,Month-to-month,61.91,3.0,86.32,0,"$2,104.94"
CUST-5927,Male,56,West,36,One year,82.07,4.0,19.51,0,"$2,954.52"
CUST-10693,F,69,West,72,Month-to-month,63.32,,61.2,1,"$4,559.04"
CUST-8830,M,75,North,1,Month-to-month,89.79,1.0,22.049999999999997,1,$89.79
CUST-4229,F,250,South,39,One year,89.52,0.0,32.53,1,"$3,491.28"
CUST-5930,non-binary,54,North,69,Month-to-month,48.0,3.0,,0,"$3,312.0"
CUST-6317,Male,23,South,61,Month-to-month,115.34,2.0,,0,"$7,035.74"
CUST-1857,M,19,North,13,One year,106.3,,,0,"$1,381.9"
CUST-5969,F,25,South,70,One year,98.17,2.0,,1,"$6,871.9"
CUST-10898,non-binary,37,North,5,2yr,92.62,,29.619999999999997,1,$463.1
CUST-4822,M,57,West,2,Month-to-month,97.53,2.0,,0,$195.06
CUST-3884,Female,74,South,17,Two year,113.75,2.0,68.73,1,"$1,933.75"
CUST-2001,Male,47,West,4,One year,101.93,5.0,35.2,1,$407.72
CUST-7820,non-binary,49,West,46,Month-to-month,52.84,,,0,"$2,430.64"
CUST-1887,Male,40,South,41,One year,84.66,1.0,,0,"$3,471.06"
CUST-8362,Female,20,West,14,Two year,75.76,0.0,96.93,0,"$1,060.64"
CUST-1094,M,66,North,66,Month-to-month,110.27,0.0,78.55,1,"$7,277.82"
CUST-7949,M,62,East,23,2yr,77.17,,56.73,0,"$1,774.91"
CUST-5175,F,79,East,6,Two year,107.29,,,0,$643.74
CUST-9181,non-binary,34,South,2,Two year,107.26,,,0,$214.52
CUST-8711,non-binary,59,West,4,m2m,41.03,3.0,,1,$164.12
CUST-9763,M,31,South,19,Month-to-month,62.47,,,1,"$1,186.93"
CUST-9529,Female,28,West,58,One year,44.0,,,0,"$2,552.0"
CUST-5247,non-binary,36,East,28,Month-to-month,74.32,,,1,"$2,080.96"
CUST-1872,non-binary,48,North,62,One year,36.14,,,1,"$2,240.68"
CUST-6228,Male,60,North,49,Month-to-month,74.42,3.0,,1,"$3,646.58"
CUST-4959,non-binary,51,North,45,Month-to-month,52.55,2.0,,1,"$2,364.75"
CUST-5875,F,250,South,57,Month-to-month,72.08,,,1,"$4,108.56"
CUST-9700,non-binary,42,North,71,Month-to-month,40.21,1.0,91.68,1,"$2,854.91"
CUST-10977,non-binary,24,West,32,Two year,84.09,1.0,44.15,0,"$2,690.88"
CUST-10053,F,69,West,27,Month-to-month,54.67,5.0,36.53,0,"$1,476.09"
CUST-5404,M,38,South,21,Month-to-month,52.42,1.0,58.31,1,"$1,100.82"
CUST-3999,Female,47,North,37,One year,76.65,2.0,,0,"$2,836.05"
CUST-8943,F,59,North,8,Two year,38.36,1.0,71.19,0,$306.88
CUST-2064,Male,56,West,38,Month-to-month,77.96,3.0,24.35,1,"$2,962.48"
CUST-4957,F,43,South,49,Month-to-month,58.12,8.0,22.42,1,"$2,847.88"
CUST-3788,Male,42,North,62,m2m,111.7,3.0,43.86,1,"$6,925.4"
CUST-5288,M,80,West,24,Month-to-month,106.78,2.0,,1,"$2,562.72"
CUST-9225,Female,74,West,69,Month-to-month,68.2,0.0,,0,"$4,705.8"
CUST-9199,M,58,South,22,One year,74.49,,13.53,0,"$1,638.78"
CUST-6680,Male,80,North,59,Month-to-month,104.65,1.0,,1,"$6,174.35"
CUST-8927,M,51,South,21,One year,46.2,,,0,$970.2
CUST-7608,Female,72,East,14,One year,45.49,0.0,,0,$636.86
CUST-5564,M,75,West,36,One year,82.23,,39.11,1,"$2,960.28"
CUST-8747,Male,56,West,68,Month-to-month,116.21,3.0,99.34,0,"$7,902.28"
CUST-2453,M,56,North,28,1yr,106.37,,,0,"$2,978.36"
CUST-9112,Male,69,North,4,Month-to-month,105.95,9.0,35.31,1,$423.8
CUST-2830,non-binary,44,South,51,Two year,75.11,1.0,,0,"$3,830.61"
CUST-7800,Female,38,South,57,m2m,26.37,1.0,,0,"$1,503.09"
CUST-3399,Male,28,West,45,Month-to-month,98.71,3.0,,1,"$4,441.95"
CUST-7970,Male,73,East,26,Month-to-month,101.18,,,0,"$2,630.68"
CUST-2797,Female,40,North,67,Two year,71.51,,,0,"$4,791.17"
CUST-10416,non-binary,30,South,16,m2m,111.54,,,0,"$1,784.64"
CUST-9907,M,41,South,46,Month-to-month,67.54,,55.99,0,"$3,106.84"
CUST-2197,M,80,West,44,Month-to-month,114.65,2.0,,1,"$5,044.6"
CUST-5854,Male,34,South,44,Month-to-month,24.91,,85.52,1,"$1,096.04"
CUST-5340,Male,36,North,15,Month-to-month,72.69,,54.03,0,"$1,090.35"
CUST-4189,M,51,West,61,Month-to-month,37.14,,,1,"$2,265.54"
CUST-5792,M,61,North,65,Two year,118.01,0.0,59.03,1,"$7,670.65"
CUST-8537,non-binary,41,West,51,Month-to-month,64.79,,48.89,1,"$3,304.29"
CUST-5044,F,50,South,72,Month-to-month,46.37,1.0,33.57,1,"$3,338.64"
CUST-4856,non-binary,20,South,50,One year,88.96,,98.25,0,"$4,448.0"
CUST-6198,F,30,South,61,Month-to-month,59.9,,,0,"$3,653.9"
CUST-8802,Male,67,West,39,Month-to-month,67.79,,57.52,1,"$2,643.81"
CUST-10875,Male,22,North,24,Two year,25.99,3.0,,0,$623.76
CUST-6965,Female,69,South,47,Two year,96.4,6.0,28.02,1,"$4,530.8"
CUST-1733,F,42,North,39,Month-to-month,53.05,3.0,,1,"$2,068.95"
CUST-10216,M,43,East,5,Month-to-month,114.85,,,0,$574.25
CUST-8916,non-binary,56,North,12,Month-to-month,101.1,,,1,"$1,213.2"
CUST-10373,Female,77,West,66,Two year,28.77,5.0,33.0,1,"$1,898.82"
CUST-1121,Female,48,South,43,Month-to-month,36.41,9.0,39.09,1,"$1,565.63"
CUST-8186,F,76,South,49,Month-to-month,80.27,2.0,,0,"$3,933.23"
CUST-1336,F,38,East,37,Month-to-month,26.97,,,1,$997.89
CUST-10026,M,73,West,71,Two year,89.89,2.0,95.63,0,"$6,382.19"
CUST-10843,M,74,North,41,Month-to-month,65.33,0.0,,1,"$2,678.53"
CUST-7461,Female,29,West,9,Month-to-month,103.07,,,1,$927.63
CUST-8751,Male,40,West,1,2yr,43.66,1.0,,0,$43.66
CUST-10291,Male,40,North,26,Month-to-month,30.0,,,1,$780.0
CUST-8266,Female,62,South,26,Month-to-month,38.07,2.0,82.66,0,$989.82
CUST-6248,F,40,West,7,m2m,79.42,0.0,67.59,0,$555.94
CUST-6673,M,32,North,60,One year,88.84,0.0,,0,"$5,330.4"
CUST-8344,Female,40,North,46,Month-to-month,90.94,0.0,,1,"$4,183.24"
CUST-2901,M,250,West,15,One year,39.28,0.0,97.81,0,$589.2
CUST-2571,M,68,West,35,One year,103.79,,31.16,1,"$3,632.65"
CUST-9747,Female,38,West,42,m2m,23.21,1.0,,1,$974.82
CUST-7760,F,32,North,27,Month-to-month,59.09,,23.81,1,"$1,595.43"
CUST-10581,Female,60,North,13,Two year,85.17,,75.58,0,"$1,107.21"
CUST-9433,M,75,West,31,Month-to-month,39.96,0.0,85.44,0,"$1,238.76"
CUST-2729,non-binary,42,North,24,Two year,69.13,,,0,"$1,659.12"
CUST-4828,Male,74,West,3,One year,37.59,0.0,0.0,1,$112.77
CUST-10962,Female,56,North,33,Month-to-month,112.04,1.0,,1,"$3,697.32"
CUST-3709,Female,33,West,45,One year,69.84,0.0,86.6,0,"$3,142.8"
CUST-3816,non-binary,76,North,3,One year,67.21,3.0,,0,$201.63
CUST-7566,M,70,North,13,Month-to-month,96.38,,25.3,1,"$1,252.94"
CUST-4863,non-binary,22,East,19,One year,55.85,3.0,83.58,0,"$1,061.15"
CUST-2486,Male,55,South,72,Month-to-month,20.66,2.0,91.67,1,"$1,487.52"
CUST-2226,Female,29,South,53,One year,75.42,0.0,,1,"$3,997.26"
CUST-1611,Male,40,East,27,Month-to-month,111.22,2.0,,1,"$3,002.94"
CUST-8015,non-binary,68,North,5,Month-to-month,37.98,2.0,,0,$189.9
CUST-10355,Female,41,South,39,Month-to-month,54.61,,,1,"$2,129.79"
CUST-6818,Female,54,South,19,Month-to-month,30.4,,,1,$577.6
CUST-10337,Female,55,East,14,Month-to-month,107.94,3.0,,1,"$1,511.16"
CUST-4462,Male,26,East,61,One year,84.45,,67.24,1,"$5,151.45"
CUST-9068,F,68,South,56,m2m,92.74,8.0,21.76,1,"$5,193.44"
CUST-2786,non-binary,55,North,9,One year,112.81,3.0,31.21,1,"$1,015.29"
CUST-7172,M,46,East,59,1yr,61.07,1.0,,0,"$3,603.13"
CUST-3144,Female,78,West,52,One year,34.65,,,0,"$1,801.8"
CUST-1797,Female,53,West,42,One year,26.39,2.0,40.11,0,"$1,108.38"
CUST-10870,non-binary,48,South,72,One year,24.75,,,0,"$1,782.0"
CUST-2903,M,52,South,11,Month-to-month,85.25,2.0,,1,$937.75
CUST-4377,M,23,East,20,One year,91.11,,22.52,1,"$1,822.2"
CUST-2605,M,33,North,42,Month-to-month,26.92,0.0,,1,"$1,130.64"
CUST-2548,non-binary,71,East,10,Two year,116.36,,,0,"$1,163.6"
CUST-2513,Male,-5,West,58,Two year,79.76,8.0,26.56,1,"$4,626.08"
CUST-8448,Male,26,West,68,Month-to-month,107.75,4.0,39.14,0,"$7,327.0"
CUST-6287,F,72,South,44,One year,102.09,1.0,,0,"$4,491.96"
CUST-9110,F,56,West,70,One year,114.64,,,0,"$8,024.8"
CUST-9041,Male,21,North,46,m2m,103.38,0.0,,1,"$4,755.48"
CUST-4065,Male,78,South,68,Month-to-month,51.68,0.0,,0,"$3,514.24"
CUST-1016,Male,37,South,44,Month-to-month,113.27,,64.77,0,"$4,983.88"
CUST-7882,M,59,South,36,Two year,84.94,1.0,,0,"$3,057.84"
CUST-6802,non-binary,77,West,9,Month-to-month,111.45,1.0,13.38,0,"$1,003.05"
CUST-3647,Male,77,North,57,Month-to-month,38.98,,,1,"$2,221.86"
CUST-5908,Female,77,East,33,1yr,37.19,3.0,91.48,0,"$1,227.27"
CUST-8971,Female,68,East,52,1yr,92.33,1.0,,0,"$4,801.16"
CUST-5531,non-binary,62,West,18,One year,100.72,1.0,,1,"$1,812.96"
CUST-8918,M,72,North,38,One year,80.99,1.0,,0,"$3,077.62"
CUST-7431,M,60,West,11,m2m,111.22,,,1,"$1,223.42"
CUST-1898,F,60,West,65,One year,96.21,,54.09,0,"$6,253.65"
CUST-4135,M,53,West,27,Two year,56.47,,41.1,0,"$1,524.69"
CUST-8351,Male,39,North,60,One year,111.77,,59.72,0,"$6,706.2"
CUST-3117,F,37,North,6,Month-to-month,29.31,0.0,,1,$175.86
CUST-6427,non-binary,74,North,27,m2m,104.27,,20.44,1,"$2,815.29"
CUST-9823,non-binary,55,West,21,One year,37.79,,20.58,0,$793.59
CUST-2527,Male,75,West,26,1yr,22.29,1.0,,0,$579.54
CUST-3868,F,44,West,44,One year,31.57,,40.72,0,"$1,389.08"
CUST-3858,F,20,West,33,Month-to-month,81.04,,60.04,0,"$2,674.32"
CUST-1878,Male,37,North,22,2yr,88.29,,57.13,0,"$1,942.38"
CUST-3673,M,76,West,62,2yr,107.14,,85.26,0,"$6,642.68"
CUST-7406,F,42,North,8,Two year,52.54,,13.32,1,$420.32
CUST-2851,Female,37,West,10,Month-to-month,111.75,0.0,,0,"$1,117.5"
CUST-4198,Male,50,South,38,One year,73.76,0.0,,1,"$2,802.88"
CUST-3296,M,25,South,38,Month-to-month,57.49,0.0,,0,"$2,184.62"
CUST-1384,Female,60,South,20,One year,85.3,,,1,"$1,706.0"
CUST-10817,Female,48,North,6,Two year,71.21,,85.66,0,$427.26
CUST-2391,M,46,North,37,One year,118.65,3.0,,0,"$4,390.05"
CUST-10401,Female,33,South,9,Two year,96.8,1.0,,0,$871.2
CUST-9454,Female,20,North,31,Month-to-month,98.25,1.0,,1,"$3,045.75"
CUST-10225,Male,40,East,4,1yr,34.83,1.0,,0,$139.32
CUST-2652,F,79,West,58,Month-to-month,115.91,,98.44,1,"$6,722.78"
CUST-9601,Male,23,West,45,One year,91.38,2.0,84.12,0,"$4,112.1"
CUST-9471,Female,27,South,44,2yr,53.36,,55.56,0,"$2,347.84"
CUST-7084,Male,43,North,68,Month-to-month,89.98,0.0,,1,"$6,118.64"
CUST-2720,non-binary,39,South,10,m2m,36.39,,,1,$363.9
CUST-2833,Female,47,West,5,Month-to-month,52.55,,,1,$262.75
CUST-5004,F,45,South,44,Two year,79.9,3.0,,0,"$3,515.6"
CUST-6872,M,39,North,45,Month-to-month,101.57,,93.54,0,"$4,570.65"
CUST-6860,Male,50,South,48,2yr,45.19,,36.77,0,"$2,169.12"
CUST-4779,Female,53,North,14,Month-to-month,41.9,2.0,25.72,1,$586.6
CUST-3625,F,72,South,36,One year,21.25,,,0,$765.0
CUST-8629,F,60,East,44,One year,106.46,,,0,"$4,684.24"
CUST-1496,Female,24,West,63,Month-to-month,64.16,2.0,,0,"$4,042.08"
CUST-5704,non-binary,78,East,71,Month-to-month,98.96,,48.6,1,"$7,026.16"
CUST-2483,M,72,West,19,Month-to-month,115.75,0.0,89.96,1,"$2,199.25"
CUST-3651,Male,68,West,50,1yr,76.39,,98.29,0,"$3,819.5"
CUST-7463,F,49,East,18,Two year,27.93,2.0,,1,$502.74
CUST-6491,F,22,West,59,Month-to-month,114.64,3.0,78.46,1,"$6,763.76"
CUST-4034,M,20,South,5,2yr,34.56,,,1,$172.8
CUST-2828,M,47,South,9,2yr,49.05,,,0,$441.45
CUST-3316,non-binary,42,West,27,2yr,25.36,,,0,$684.72
CUST-2993,F,60,West,37,Month-to-month,49.11,2.0,13.46,1,"$1,817.07"
CUST-2473,F,47,North,12,One year,65.52,3.0,,0,$786.24
CUST-5590,Female,71,West,72,1yr,41.66,,17.55,0,"$2,999.52"
CUST-2312,Male,250,South,1,Month-to-month,47.52,1.0,,1,$47.52
CUST-7639,Male,60,North,39,Month-to-month,25.23,1.0,,0,$983.97
CUST-1385,Male,71,South,72,Month-to-month,89.81,10.0,13.0,1,"$6,466.32"
CUST-4168,F,66,South,51,Month-to-month,38.24,,,0,"$1,950.24"
CUST-8289,Female,47,South,34,Month-to-month,58.9,3.0,,1,"$2,002.6"
CUST-2750,M,62,West,42,Month-to-month,87.58,0.0,88.58,0,"$3,678.36"
CUST-7135,F,33,East,44,m2m,50.49,,,0,"$2,221.56"
CUST-9080,non-binary,78,West,13,Two year,85.7,0.0,,0,"$1,114.1"
CUST-7911,F,52,South,34,2yr,56.01,3.0,,0,"$1,904.34"
CUST-10501,M,70,West,44,One year,39.83,,,0,"$1,752.52"
CUST-10052,Male,41,North,67,m2m,69.28,0.0,,0,"$4,641.76"
CUST-10399,Female,48,North,9,Month-to-month,25.65,0.0,,1,$230.85
CUST-8755,non-binary,42,West,68,One year,27.84,,,0,"$1,893.12"
CUST-5634,Male,59,South,47,One year,106.88,6.0,25.67,0,"$5,023.36"
CUST-7374,F,38,South,55,Month-to-month,35.51,,,0,"$1,953.05"
CUST-5398,non-binary,25,West,15,Month-to-month,47.15,,,1,$707.25
CUST-4687,Male,50,East,67,One year,40.73,1.0,62.9,1,"$2,728.91"
CUST-4685,Female,59,South,32,One year,117.59,8.0,14.07,0,"$3,762.88"
CUST-4054,M,73,West,48,Month-to-month,55.19,,,1,"$2,649.12"
CUST-10422,Female,37,East,13,Two year,63.5,1.0,,1,$825.5
CUST-2425,F,70,South,51,Month-to-month,115.36,3.0,,1,"$5,883.36"
CUST-3690,F,37,West,42,Two year,103.83,0.0,87.85,0,"$4,360.86"
CUST-6514,non-binary,-5,West,42,Month-to-month,24.2,,,1,"$1,016.4"
CUST-5084,F,250,West,28,Month-to-month,96.92,,10.09,1,"$2,713.76"
CUST-5275,F,39,South,36,Month-to-month,117.73,3.0,54.82,1,"$4,238.28"
CUST-10333,non-binary,53,West,66,Month-to-month,78.82,4.0,11.88,1,"$5,202.12"
CUST-1528,non-binary,40,South,58,Month-to-month,73.8,,,0,"$4,280.4"
CUST-1818,Male,27,West,58,One year,20.01,0.0,47.87,0,"$1,160.58"
CUST-6160,Male,33,South,18,One year,31.82,,,0,$572.76
CUST-4295,F,43,West,59,One year,73.7,,76.02,0,"$4,348.3"
CUST-4354,F,72,West,19,Month-to-month,95.07,3.0,40.17,1,"$1,806.33"
CUST-3348,F,53,North,67,Month-to-month,105.17,,72.82,1,"$7,046.39"
CUST-9498,non-binary,67,South,52,Month-to-month,22.56,3.0,,1,"$1,173.12"
CUST-1516,M,38,North,0,One year,90.46,,55.730000000000004,0,$0.0
CUST-4897,F,53,South,1,Month-to-month,24.04,,33.33,0,$24.04
CUST-1726,Male,63,East,32,One year,111.74,,,1,"$3,575.68"
CUST-7244,F,31,South,20,2yr,47.41,7.0,12.47,1,$948.2
CUST-6465,M,50,North,51,One year,106.98,9.0,35.6,0,"$5,455.98"
CUST-9419,Male,38,North,44,2yr,21.92,,51.4,0,$964.48
CUST-3298,Female,73,West,7,Two year,118.65,1.0,,0,$830.55
CUST-5181,Male,20,East,63,1yr,40.65,,,0,"$2,560.95"
CUST-6236,Female,32,South,51,One year,91.01,0.0,,0,"$4,641.51"
CUST-10782,non-binary,36,West,4,One year,118.99,3.0,,0,$475.96
CUST-8320,Female,24,South,38,One year,64.1,0.0,93.86,0,"$2,435.8"
CUST-8176,M,53,North,26,Month-to-month,26.28,,65.59,0,$683.28
CUST-3604,Female,24,North,36,2yr,74.27,6.0,33.89,0,"$2,673.72"
CUST-4541,M,78,South,49,Two year,104.05,0.0,47.94,0,"$5,098.45"
CUST-7634,non-binary,67,South,6,Month-to-month,60.84,2.0,49.97,1,$365.04
CUST-1178,M,49,South,28,Month-to-month,73.82,,97.36,1,"$2,066.96"
CUST-8385,M,24,South,50,m2m,101.25,2.0,76.09,0,"$5,062.5"
CUST-8631,non-binary,34,East,44,Month-to-month,26.06,,,0,"$1,146.64"
CUST-3734,F,27,West,38,Month-to-month,38.2,,,0,"$1,451.6"
CUST-10592,F,19,South,12,Month-to-month,105.32,3.0,,0,"$1,263.84"
CUST-8063,Male,49,West,71,1yr,110.51,1.0,84.88,1,"$7,846.21"
CUST-8340,non-binary,51,East,0,1yr,89.99,,,0,$0.0
CUST-8083,F,21,West,15,Two year,56.5,,50.95,0,$847.5
CUST-7628,F,72,North,39,One year,83.87,,,0,"$3,270.93"
CUST-8135,Female,58,North,65,1yr,21.19,,88.37,0,"$1,377.35"
CUST-3614,F,34,West,7,Two year,71.63,3.0,57.54,0,$501.41
CUST-10154,Female,51,West,2,m2m,107.67,,14.149999999999999,1,$215.34
CUST-9867,M,21,West,23,m2m,49.44,,,0,"$1,137.12"
CUST-5335,F,53,West,18,m2m,118.14,6.0,35.72,1,"$2,126.52"
CUST-7727,Male,61,North,10,Month-to-month,70.21,,13.85,1,$702.1
CUST-3442,non-binary,31,West,17,Month-to-month,118.49,2.0,,0,"$2,014.33"
CUST-1369,Male,21,East,33,Two year,39.54,1.0,56.45,0,"$1,304.82"
CUST-4455,Male,71,North,64,One year,36.95,,49.34,0,"$2,364.8"
CUST-4117,Male,46,South,60,Two year,75.79,1.0,62.25,0,"$4,547.4"
CUST-10558,F,80,North,33,m2m,88.42,2.0,,0,"$2,917.86"
CUST-1749,M,61,West,65,Two year,116.88,1.0,,0,"$7,597.2"
CUST-2218,M,79,North,50,Month-to-month,111.72,0.0,62.81,1,"$5,586.0"
CUST-10167,F,67,South,43,m2m,66.36,1.0,82.35,1,"$2,853.48"
CUST-3555,F,50,South,8,Month-to-month,68.73,3.0,,0,$549.84
CUST-3056,non-binary,69,South,40,m2m,75.96,1.0,,0,"$3,038.4"
CUST-3602,Male,40,West,62,Month-to-month,92.15,,,1,"$5,713.3"
CUST-7607,M,250,West,11,Month-to-month,39.37,,,0,$433.07
CUST-7243,F,73,North,64,Month-to-month,95.51,3.0,99.23,1,"$6,112.64"
CUST-1691,F,29,West,24,Month-to-month,103.28,1.0,63.41,0,"$2,478.72"
CUST-10135,Female,49,West,44,Month-to-month,23.33,3.0,78.02,0,"$1,026.52"
CUST-8171,F,64,North,57,One year,105.26,1.0,74.65,0,"$5,999.82"
CUST-2359,F,62,North,36,1yr,46.11,2.0,44.29,0,"$1,659.96"
CUST-3481,F,50,South,56,2yr,96.11,,,0,"$5,382.16"
CUST-7334,M,26,South,46,Month-to-month,26.02,2.0,,1,"$1,196.92"
CUST-7131,Male,58,South,40,Month-to-month,114.04,,31.05,1,"$4,561.6"
CUST-7754,Male,72,East,0,m2m,71.56,3.0,63.5,1,$0.0
CUST-7574,M,28,East,8,Two year,76.22,2.0,94.43,0,$609.76
CUST-6117,Male,55,South,18,Two year,117.55,,,0,"$2,115.9"
CUST-6129,non-binary,50,West,61,Month-to-month,41.33,,,1,"$2,521.13"
CUST-6341,non-binary,68,South,4,Month-to-month,70.66,8.0,0.0,1,$282.64
CUST-2245,Female,73,West,64,One year,33.04,2.0,61.07,0,"$2,114.56"
CUST-1476,M,24,North,41,m2m,25.95,,47.6,1,"$1,063.95"
CUST-8475,M,36,North,5,Month-to-month,44.28,,,0,$221.4
CUST-1107,Female,26,East,2,Month-to-month,88.96,,11.780000000000001,1,$177.92
CUST-2465,Female,79,South,42,Month-to-month,88.09,,64.56,0,"$3,699.78"
CUST-5372,M,72,West,32,Month-to-month,62.16,1.0,,0,"$1,989.12"
CUST-3252,non-binary,63,West,49,Month-to-month,55.73,,88.69,1,"$2,730.77"
CUST-6914,Male,57,South,45,1yr,76.87,1.0,69.27,0,"$3,459.15"
CUST-6669,non-binary,33,East,65,m2m,36.54,0.0,46.01,0,"$2,375.1"
CUST-2253,F,68,West,15,One year,50.71,0.0,,0,$760.65
CUST-1308,Female,31,East,51,Month-to-month,26.7,,79.81,1,"$1,361.7"
CUST-3049,F,56,North,1,Month-to-month,91.98,0.0,72.28,1,$91.98
CUST-9293,M,44,South,25,Month-to-month,71.6,,99.35,0,"$1,790.0"
CUST-7640,Female,66,East,59,Month-to-month,93.34,,,1,"$5,507.06"
CUST-7904,non-binary,58,North,70,One year,61.29,1.0,70.24,0,"$4,290.3"
CUST-1992,Male,57,East,33,Month-to-month,42.91,,11.46,1,"$1,416.03"
CUST-1758,Female,68,West,54,One year,77.65,,90.03,0,"$4,193.1"
CUST-6175,non-binary,18,North,35,Two year,70.51,3.0,74.73,1,"$2,467.85"
CUST-4852,F,29,East,56,Month-to-month,101.9,,80.39,0,"$5,706.4"
CUST-3098,non-binary,25,East,9,2yr,47.17,,,0,$424.53
CUST-1306,M,19,North,30,Month-to-month,58.15,,,0,"$1,744.5"
CUST-9338,M,67,North,6,One year,77.44,6.0,19.98,0,$464.64
CUST-2658,F,22,West,65,1yr,90.36,0.0,42.59,0,"$5,873.4"
CUST-5431,F,24,South,44,One year,61.79,0.0,,0,"$2,718.76"
CUST-3779,non-binary,21,South,46,1yr,106.16,1.0,,0,"$4,883.36"
CUST-9449,non-binary,23,North,64,Month-to-month,45.8,,90.81,0,"$2,931.2"
CUST-4232,Female,37,East,38,Two year,30.02,5.0,35.28,0,"$1,140.76"
CUST-3180,Male,44,North,66,m2m,42.03,,,0,"$2,773.98"
CUST-4866,Female,75,West,18,1yr,95.04,,,0,"$1,710.72"
CUST-9881,Male,36,West,17,Month-to-month,115.6,,53.18,1,"$1,965.2"
CUST-7327,Female,62,West,31,Month-to-month,98.5,3.0,54.97,1,"$3,053.5"
CUST-2150,non-binary,-5,North,11,m2m,119.18,,,1,"$1,310.98"
CUST-4718,non-binary,45,North,71,Month-to-month,119.52,,,0,"$8,485.92"
CUST-3712,M,29,East,55,m2m,98.17,,54.14,1,"$5,399.35"
CUST-3904,Female,76,North,39,m2m,108.85,,72.71,0,"$4,245.15"
CUST-10407,non-binary,42,North,14,m2m,98.25,2.0,19.01,1,"$1,375.5"
CUST-1249,F,25,West,30,Month-to-month,69.16,3.0,45.86,0,"$2,074.8"
CUST-1364,Male,75,West,46,m2m,63.94,2.0,16.03,0,"$2,941.24"
CUST-9078,Male,45,East,53,m2m,117.33,1.0,20.28,1,"$6,218.49"
CUST-10569,Male,69,North,30,One year,31.31,0.0,,0,$939.3
CUST-7458,non-binary,20,West,63,Month-to-month,69.79,3.0,28.52,1,"$4,396.77"
CUST-2808,Male,53,North,69,Month-to-month,78.88,1.0,40.67,1,"$5,442.72"
CUST-7536,non-binary,-5,North,72,Month-to-month,22.17,1.0,,0,"$1,596.24"
CUST-7558,M,39,North,23,1yr,42.79,,,0,$984.17
CUST-4903,Male,79,North,36,1yr,115.61,1.0,,0,"$4,161.96"
CUST-4293,Male,23,North,57,Month-to-month,60.22,0.0,69.78,0,"$3,432.54"
CUST-4053,F,34,South,60,One year,66.06,2.0,80.42,0,"$3,963.6"
CUST-8183,F,67,West,4,Month-to-month,46.16,,21.630000000000003,1,$184.64
CUST-3178,F,69,South,42,Month-to-month,98.24,2.0,,1,"$4,126.08"
CUST-5812,non-binary,76,South,60,m2m,58.2,0.0,,1,"$3,492.0"
CUST-8510,Male,52,North,49,2yr,34.31,1.0,,0,"$1,681.19"
CUST-4274,F,58,North,1,2yr,23.69,,2.1999999999999993,0,$23.69
CUST-6733,Female,55,East,1,2yr,59.34,,1.8299999999999983,0,$59.34
CUST-1331,F,50,North,71,Month-to-month,64.37,,,0,"$4,570.27"
CUST-5565,Female,70,North,57,One year,117.9,3.0,,1,"$6,720.3"
CUST-8560,Female,33,North,44,Two year,34.87,1.0,,0,"$1,534.28"
CUST-8014,F,23,North,10,Month-to-month,78.0,8.0,22.6,1,$780.0
CUST-10087,F,18,North,13,Month-to-month,114.93,,,0,"$1,494.09"
CUST-7323,Male,75,West,19,Two year,20.18,2.0,66.19,0,$383.42
CUST-1866,M,80,East,52,Two year,41.22,2.0,72.23,0,"$2,143.44"
CUST-2170,Female,80,North,36,One year,24.75,1.0,,0,$891.0
CUST-8042,M,36,West,69,Month-to-month,87.12,1.0,,1,"$6,011.28"
CUST-5246,non-binary,64,East,32,1yr,105.29,,74.71,0,"$3,369.28"
CUST-10272,F,34,West,61,Month-to-month,86.49,0.0,52.04,0,"$5,275.89"
CUST-5630,non-binary,39,South,67,m2m,55.43,0.0,,1,"$3,713.81"
CUST-4191,Male,30,North,51,2yr,99.68,,,1,"$5,083.68"
CUST-7125,Male,69,East,42,Two year,22.52,,51.53,0,$945.84
CUST-5832,F,-5,East,8,One year,90.38,,,0,$723.04
CUST-4561,Male,60,North,6,One year,100.86,2.0,65.37,0,$605.16
CUST-6962,Female,18,South,34,Two year,36.15,1.0,,0,"$1,229.1"
CUST-6603,Male,28,North,23,One year,65.49,2.0,56.02,0,"$1,506.27"
CUST-6171,non-binary,65,South,69,One year,96.23,1.0,12.23,1,"$6,639.87"
CUST-9895,Male,34,West,17,Two year,104.46,1.0,,1,"$1,775.82"
CUST-8863,non-binary,23,North,25,One year,61.48,,73.46,0,"$1,537.0"
CUST-4442,M,48,West,14,One year,113.53,,,1,"$1,589.42"
CUST-2941,M,28,South,35,Two year,57.97,4.0,20.65,1,"$2,028.95"
CUST-2597,non-binary,54,North,7,One year,114.74,,,0,$803.18
CUST-7677,non-binary,39,North,26,Month-to-month,96.09,9.0,33.07,1,"$2,498.34"
CUST-2107,Male,53,East,12,m2m,82.64,,,1,$991.68
CUST-10172,F,30,West,70,m2m,40.81,,,1,"$2,856.7"
CUST-7089,Female,63,North,1,Two year,55.92,3.0,29.32,0,$55.92
CUST-1602,F,36,South,50,Month-to-month,22.85,,52.97,0,"$1,142.5"
CUST-3905,Female,50,South,30,Month-to-month,48.32,5.0,35.94,1,"$1,449.6"
CUST-1376,F,62,North,61,One year,72.47,,,0,"$4,420.67"
CUST-1911,non-binary,26,South,5,Month-to-month,79.51,0.0,68.18,0,$397.55
CUST-1995,F,22,South,63,Month-to-month,108.86,3.0,89.95,1,"$6,858.18"
CUST-8907,non-binary,76,South,69,One year,48.95,,,0,"$3,377.55"
CUST-5563,Female,43,West,37,Month-to-month,111.42,,72.86,1,"$4,122.54"
CUST-6141,non-binary,40,North,63,m2m,118.48,2.0,47.19,0,"$7,464.24"
CUST-1639,Male,60,East,34,Two year,27.92,,90.05,0,$949.28
CUST-2917,Female,43,South,35,Month-to-month,26.02,0.0,27.68,0,$910.7
CUST-5131,Female,54,South,53,Two year,116.32,1.0,87.01,0,"$6,164.96"
CUST-6571,M,43,South,11,One year,79.51,,,0,$874.61
CUST-2090,F,45,West,35,One year,24.66,,,1,$863.1
CUST-5662,non-binary,41,North,33,Month-to-month,50.61,,,0,"$1,670.13"
CUST-6517,Female,25,North,56,2yr,93.45,0.0,,0,"$5,233.2"
CUST-2129,F,76,North,37,1yr,91.45,,,0,"$3,383.65"
CUST-2861,non-binary,37,South,35,One year,23.65,,,0,$827.75
CUST-3893,non-binary,32,North,54,Month-to-month,109.91,,60.48,1,"$5,935.14"
CUST-7741,non-binary,59,West,39,One year,88.32,,,0,"$3,444.48"
CUST-5061,non-binary,28,North,3,Month-to-month,70.78,2.0,,0,$212.34
CUST-4038,Female,-5,North,39,One year,85.75,3.0,,0,"$3,344.25"
CUST-6054,F,59,West,59,Two year,117.97,,62.69,0,"$6,960.23"
CUST-7006,Male,23,West,71,One year,82.58,,34.81,1,"$5,863.18"
CUST-9017,M,75,West,69,Two year,83.93,1.0,,0,"$5,791.17"
CUST-3040,M,29,East,56,m2m,100.25,,20.26,1,"$5,614.0"
CUST-1708,non-binary,38,North,27,One year,89.11,3.0,41.17,0,"$2,405.97"
CUST-10676,M,37,South,37,Two year,88.92,6.0,36.39,1,"$3,290.04"
CUST-4771,M,54,West,50,Month-to-month,70.11,0.0,,0,"$3,505.5"
CUST-7659,Male,-5,West,44,One year,21.79,,,0,$958.76
CUST-9765,M,-5,East,17,Two year,59.22,,95.72,0,"$1,006.74"
CUST-10431,Female,80,West,65,Two year,59.62,,22.5,0,"$3,875.3"
CUST-7587,M,50,West,67,One year,22.63,,,0,"$1,516.21"
CUST-7528,Male,250,West,2,One year,46.07,,,0,$92.14
CUST-9413,M,22,West,46,Two year,46.38,3.0,,1,"$2,133.48"
CUST-2000,Male,41,North,25,One year,30.8,2.0,,0,$770.0
CUST-5232,Male,29,North,44,One year,58.42,1.0,,0,"$2,570.48"
CUST-1044,F,21,North,19,Month-to-month,117.57,,27.94,1,"$2,233.83"
CUST-2935,F,20,West,64,One year,94.16,,19.86,0,"$6,026.24"
CUST-1487,M,28,North,54,Two year,66.79,3.0,66.68,0,"$3,606.66"
CUST-2602,Male,25,East,1,Month-to-month,35.53,2.0,,0,$35.53
CUST-10923,Male,19,North,41,One year,99.19,,38.75,0,"$4,066.79"
CUST-3785,M,43,East,70,Two year,113.6,2.0,,0,"$7,952.0"
CUST-8004,Male,250,South,68,m2m,36.19,,,0,"$2,460.92"
CUST-1057,M,24,North,64,Two year,67.23,1.0,96.55,0,"$4,302.72"
CUST-10740,F,40,East,37,Month-to-month,93.74,,,1,"$3,468.38"
CUST-10864,M,50,North,66,Month-to-month,32.17,,48.67,1,"$2,123.22"
CUST-8394,Male,59,West,70,One year,101.8,,55.44,1,"$7,126.0"
CUST-3151,F,73,West,47,m2m,95.55,6.0,16.99,1,"$4,490.85"
CUST-6189,M,57,West,33,Month-to-month,104.16,,,1,"$3,437.28"
CUST-9438,Female,21,East,42,Two year,70.9,0.0,65.13,1,"$2,977.8"
CUST-6495,F,62,South,48,Month-to-month,68.62,9.0,27.56,1,"$3,293.76"
CUST-8948,F,49,South,31,Two year,88.35,,59.88,0,"$2,738.85"
CUST-8726,Male,29,West,16,m2m,68.84,1.0,24.62,1,"$1,101.44"
CUST-10644,F,73,South,6,One year,94.69,,,0,$568.14
CUST-7806,Male,46,South,67,Month-to-month,104.8,0.0,,1,"$7,021.6"
CUST-9590,Male,37,West,30,One year,59.35,3.0,,0,"$1,780.5"
CUST-10963,Male,63,North,45,Month-to-month,88.82,1.0,87.81,1,"$3,996.9"
CUST-7879,F,23,North,14,Two year,93.98,0.0,,0,"$1,315.72"
CUST-4904,F,71,North,17,Two year,54.82,,85.01,0,$931.94
CUST-1485,M,70,South,25,Two year,102.11,2.0,94.94,0,"$2,552.75"
CUST-9168,M,23,South,46,Month-to-month,64.92,,96.24,0,"$2,986.32"
CUST-1849,M,33,North,53,1yr,92.35,2.0,,0,"$4,894.55"
CUST-3352,F,33,South,17,One year,20.02,,,0,$340.34
CUST-2142,Male,77,West,1,m2m,77.21,,74.78,0,$77.21
CUST-5971,Male,74,South,43,Month-to-month,68.38,4.0,10.1,0,"$2,940.34"
CUST-5885,M,32,West,6,m2m,66.1,7.0,34.86,0,$396.6
CUST-1696,F,56,North,65,Month-to-month,118.59,,,0,"$7,708.35"
CUST-2648,F,-5,North,17,Month-to-month,26.1,,,0,$443.7
CUST-10388,Female,43,South,66,One year,46.73,3.0,46.02,0,"$3,084.18"
CUST-3949,F,42,North,67,Month-to-month,104.28,,,1,"$6,986.76"
CUST-2341,F,52,West,20,Two year,96.87,3.0,,0,"$1,937.4"
CUST-1817,M,-5,East,17,One year,20.91,5.0,21.6,1,$355.47
CUST-2236,Female,38,West,20,Month-to-month,34.05,,80.95,1,$681.0
CUST-7973,Female,43,West,26,One year,89.68,2.0,,0,"$2,331.68"
CUST-1184,non-binary,21,North,19,Month-to-month,70.26,0.0,51.26,1,"$1,334.94"
CUST-1811,F,51,East,29,One year,114.74,2.0,,1,"$3,327.46"
CUST-6594,M,19,West,56,m2m,24.29,3.0,81.61,1,"$1,360.24"
CUST-1560,non-binary,32,East,66,Month-to-month,45.73,,,1,"$3,018.18"
CUST-6467,F,36,South,33,One year,47.81,2.0,,0,"$1,577.73"
CUST-1235,Female,34,South,50,One year,80.16,,,0,"$4,008.0"
CUST-5338,Male,45,East,16,m2m,65.6,,,1,"$1,049.6"
CUST-1315,Male,26,South,3,Month-to-month,106.79,,,1,$320.37
CUST-5787,M,62,South,66,m2m,74.55,1.0,78.28,1,"$4,920.3"
CUST-2005,Female,68,East,59,1yr,49.15,2.0,50.06,0,"$2,899.85"
CUST-3435,Male,51,South,5,One year,59.11,0.0,22.939999999999998,0,$295.55
CUST-3483,M,65,North,34,One year,30.66,2.0,,0,"$1,042.44"
CUST-9871,F,47,North,41,1yr,38.21,,,1,"$1,566.61"
CUST-5071,F,68,North,47,m2m,72.45,1.0,,0,"$3,405.15"
CUST-2623,M,49,West,52,m2m,49.19,,84.31,0,"$2,557.88"
CUST-9391,Male,35,East,65,Month-to-month,33.65,,,0,"$2,187.25"
CUST-2914,F,72,West,33,One year,60.77,,,1,"$2,005.41"
CUST-5128,Female,68,South,39,Month-to-month,65.53,,98.64,1,"$2,555.67"
CUST-4875,M,21,West,25,1yr,30.19,1.0,41.82,1,$754.75
CUST-1918,F,77,North,70,Two year,111.95,1.0,,0,"$7,836.5"
CUST-6255,Female,22,West,54,Month-to-month,41.8,,30.11,1,"$2,257.2"
CUST-7773,Male,70,North,48,Two year,52.16,,59.7,0,"$2,503.68"
CUST-1186,Female,31,North,65,Two year,92.81,,,0,"$6,032.65"
CUST-10624,Male,44,South,61,Month-to-month,101.52,,,0,"$6,192.72"
CUST-6528,Female,35,East,4,Month-to-month,30.23,2.0,,1,$120.92
CUST-6190,Male,65,South,61,Month-to-month,94.99,,40.42,1,"$5,794.39"
CUST-1433,F,69,North,15,One year,81.76,,,0,"$1,226.4"
CUST-2386,non-binary,25,North,32,1yr,95.44,,79.61,0,"$3,054.08"
CUST-1962,M,78,South,63,Month-to-month,86.13,0.0,,0,"$5,426.19"
CUST-7813,Female,40,South,5,1yr,38.22,,,0,$191.1
CUST-1299,Female,44,East,64,Month-to-month,20.15,2.0,95.6,0,"$1,289.6"
CUST-1439,M,31,West,28,Month-to-month,82.41,2.0,,0,"$2,307.48"
CUST-6305,M,62,South,23,Month-to-month,45.08,3.0,54.93,0,"$1,036.84"
CUST-1406,Female,62,West,55,Month-to-month,24.15,2.0,34.24,1,"$1,328.25"
CUST-7342,M,22,South,18,2yr,69.78,0.0,,0,"$1,256.04"
CUST-9525,Female,39,North,37,m2m,57.18,2.0,,1,"$2,115.66"
CUST-3449,Female,57,North,30,1yr,105.54,,70.92,0,"$3,166.2"
CUST-2113,Female,69,West,47,One year,115.65,3.0,,1,"$5,435.55"
CUST-2003,F,60,North,68,One year,40.87,3.0,,0,"$2,779.16"
CUST-3268,Female,72,West,53,Month-to-month,43.28,2.0,47.0,1,"$2,293.84"
CUST-5369,M,33,West,54,Month-to-month,105.49,0.0,,1,"$5,696.46"
CUST-9831,M,27,West,57,One year,41.11,,33.47,0,"$2,343.27"
CUST-4436,non-binary,78,West,56,1yr,115.87,,,0,"$6,488.72"
CUST-1753,Female,38,South,23,Month-to-month,103.14,2.0,,1,"$2,372.22"
CUST-9548,Female,25,West,39,Two year,76.25,,49.89,0,"$2,973.75"
CUST-9941,Male,54,West,23,Month-to-month,96.16,0.0,,0,"$2,211.68"
CUST-3340,non-binary,35,North,62,2yr,116.46,,,0,"$7,220.52"
CUST-1234,Female,29,West,63,Two year,62.24,,,1,"$3,921.12"
CUST-8647,Male,47,West,10,Month-to-month,88.94,,,1,$889.4
CUST-8519,non-binary,57,North,9,1yr,66.89,0.0,,1,$602.01
CUST-7561,F,43,South,44,Month-to-month,75.33,2.0,62.28,1,"$3,314.52"
CUST-7524,Female,55,South,28,One year,27.53,0.0,71.02,0,$770.84
CUST-9441,F,50,West,1,One year,73.33,,,0,$73.33
CUST-4810,F,64,North,40,Month-to-month,92.06,3.0,,0,"$3,682.4"
CUST-6034,F,78,East,22,Two year,112.53,1.0,99.81,0,"$2,475.66"
CUST-7178,non-binary,60,West,29,Month-to-month,56.72,,21.72,1,"$1,644.88"
CUST-9784,M,45,East,57,Month-to-month,118.76,,50.23,1,"$6,769.32"
CUST-10432,Female,38,North,9,One year,51.67,,77.0,0,$465.03
CUST-6577,non-binary,71,South,53,1yr,26.61,,67.04,0,"$1,410.33"
CUST-3648,F,50,North,40,1yr,42.63,,,0,"$1,705.2"
CUST-8643,Male,46,North,23,One year,70.68,,79.78,0,"$1,625.64"
CUST-4601,Male,67,West,16,Month-to-month,77.5,,,1,"$1,240.0"
CUST-4320,Female,77,West,22,m2m,54.48,,,1,"$1,198.56"
CUST-5385,Male,45,North,0,m2m,24.49,0.0,,0,$0.0
CUST-10017,F,43,North,9,Two year,101.51,,,1,$913.59
CUST-6973,F,59,West,53,Month-to-month,78.95,1.0,,0,"$4,184.35"
CUST-1258,F,47,North,65,One year,62.53,,86.88,1,"$4,064.45"
CUST-6019,Male,52,South,63,One year,85.77,1.0,80.16,0,"$5,403.51"
CUST-6957,non-binary,28,North,56,One year,115.93,2.0,79.67,0,"$6,492.08"
CUST-7348,Male,-5,North,34,One year,39.68,0.0,,0,"$1,349.12"
CUST-1921,Female,29,West,42,Month-to-month,84.34,5.0,17.79,1,"$3,542.28"
CUST-5694,non-binary,71,South,13,Two year,95.53,2.0,49.56,0,"$1,241.89"
CUST-5251,M,250,North,6,One year,119.77,1.0,,0,$718.62
CUST-1647,M,31,South,36,Month-to-month,33.49,,13.37,1,"$1,205.64"
CUST-4754,Male,57,East,0,2yr,119.28,,,0,$0.0
CUST-8434,M,68,West,23,One year,28.82,,95.77,0,$662.86
CUST-9652,Female,36,West,22,Month-to-month,118.76,0.0,49.37,0,"$2,612.72"
CUST-4227,non-binary,62,South,1,Month-to-month,59.1,2.0,57.290000000000006,1,$59.1
CUST-5141,M,71,North,28,Month-to-month,93.76,3.0,80.03,1,"$2,625.28"
CUST-4667,F,47,North,70,2yr,106.61,,83.24,1,"$7,462.7"
CUST-6762,Male,75,North,24,Month-to-month,23.46,2.0,,0,$563.04
CUST-10961,M,41,West,25,One year,91.45,,56.29,0,"$2,286.25"
CUST-4368,non-binary,76,East,22,Month-to-month,61.35,2.0,84.12,1,"$1,349.7"
CUST-1457,F,61,North,64,Month-to-month,76.13,,,1,"$4,872.32"
CUST-10684,M,79,North,8,Two year,48.28,2.0,,0,$386.24
CUST-2502,Female,58,South,8,Month-to-month,77.93,,,1,$623.44
CUST-4225,Male,80,West,67,One year,36.23,,73.82,0,"$2,427.41"
CUST-10236,M,32,North,7,Month-to-month,88.39,,,0,$618.73
CUST-8071,M,74,North,37,Month-to-month,108.1,,,1,"$3,999.7"
CUST-4270,F,68,West,68,Month-to-month,103.44,3.0,15.67,1,"$7,033.92"
CUST-1940,Male,42,West,2,Two year,42.04,,,1,$84.08
CUST-4830,Male,29,West,29,Month-to-month,59.97,,98.09,0,"$1,739.13"
CUST-8675,Female,65,South,14,One year,93.36,,,0,"$1,307.04"
CUST-4489,M,57,South,14,Month-to-month,100.56,1.0,,0,"$1,407.84"
CUST-9658,Female,46,East,1,Month-to-month,100.03,1.0,,0,$100.03
CUST-10200,F,250,South,51,Month-to-month,36.74,2.0,,0,"$1,873.74"
CUST-9374,F,250,North,16,Month-to-month,112.28,,,1,"$1,796.48"
CUST-5603,Male,58,North,15,Month-to-month,82.35,2.0,,1,"$1,235.25"
CUST-7144,F,35,North,50,One year,59.34,0.0,22.74,0,"$2,967.0"
CUST-9843,M,31,North,40,Month-to-month,71.33,,,1,"$2,853.2"
CUST-8999,Female,53,East,48,Month-to-month,108.74,1.0,31.06,1,"$5,219.52"
CUST-2946,non-binary,76,North,53,m2m,66.82,,81.14,0,"$3,541.46"
CUST-4650,Female,70,South,21,Two year,104.99,,65.55,0,"$2,204.79"
CUST-6379,Male,23,South,23,Month-to-month,110.06,0.0,,1,"$2,531.38"
CUST-9001,Male,35,West,31,Month-to-month,94.34,,,0,"$2,924.54"
CUST-2669,Male,52,West,12,Month-to-month,44.02,1.0,69.84,0,$528.24
CUST-3996,Female,53,South,27,One year,84.78,2.0,,0,"$2,289.06"
CUST-9186,Female,62,North,44,Two year,35.71,,23.55,0,"$1,571.24"
CUST-5276,M,78,East,64,One year,42.31,,,0,"$2,707.84"
CUST-8386,non-binary,77,North,55,Two year,44.66,,,0,"$2,456.3"
CUST-8453,Female,69,North,50,One year,108.25,,,1,"$5,412.5"
CUST-6726,Male,19,West,27,Month-to-month,88.42,,60.95,0,"$2,387.34"
CUST-9889,Male,70,South,3,Month-to-month,76.14,,4.079999999999998,0,$228.42
CUST-3663,Male,22,East,68,One year,57.5,1.0,56.87,0,"$3,910.0"
CUST-8000,M,55,North,72,One year,86.89,0.0,,0,"$6,256.08"
CUST-1723,Female,71,North,27,Two year,72.37,,,0,"$1,953.99"
CUST-1388,Female,39,West,66,One year,76.4,2.0,,0,"$5,042.4"
CUST-9016,Female,49,North,4,One year,109.95,,,0,$439.8
CUST-4047,Female,68,North,19,Two year,22.14,,34.87,0,$420.66
CUST-10195,F,65,West,41,Month-to-month,102.97,,39.71,1,"$4,221.77"
CUST-5793,non-binary,40,West,49,m2m,81.35,,11.85,1,"$3,986.15"
CUST-9033,non-binary,28,West,8,Month-to-month,28.44,1.0,,1,$227.52
CUST-3142,M,30,South,19,1yr,106.05,2.0,,0,"$2,014.95"
CUST-10439,M,62,North,6,Month-to-month,48.87,3.0,12.71,1,$293.22
CUST-2725,non-binary,31,South,50,Month-to-month,49.73,,,1,"$2,486.5"
CUST-5601,F,51,East,11,Month-to-month,27.0,2.0,,0,$297.0
CUST-5112,F,60,North,16,Month-to-month,39.7,2.0,,0,$635.2
CUST-8412,M,35,West,34,Month-to-month,55.29,,,0,"$1,879.86"
CUST-4210,Male,70,South,31,Month-to-month,73.23,0.0,39.62,0,"$2,270.13"
CUST-3232,Female,24,South,65,m2m,78.35,1.0,11.12,1,"$5,092.75"
CUST-7234,Male,48,North,37,Month-to-month,94.46,,25.58,0,"$3,495.02"
CUST-10400,Female,68,South,22,m2m,51.76,3.0,,1,"$1,138.72"
CUST-6442,Female,28,South,36,1yr,99.83,0.0,,0,"$3,593.88"
CUST-2131,M,80,South,45,Month-to-month,106.14,7.0,14.51,1,"$4,776.3"
CUST-10622,M,48,West,53,Two year,108.92,2.0,,0,"$5,772.76"
CUST-4860,non-binary,78,South,64,Month-to-month,90.61,,68.09,0,"$5,799.04"
CUST-9813,M,64,South,47,One year,107.19,3.0,,0,"$5,037.93"
CUST-5179,F,32,South,24,m2m,81.73,10.0,28.0,1,"$1,961.52"
CUST-7432,M,57,North,57,Two year,73.28,3.0,77.82,0,"$4,176.96"
CUST-4534,F,250,East,27,Month-to-month,48.87,,63.12,1,"$1,319.49"
CUST-10638,non-binary,21,South,30,One year,116.44,,91.5,0,"$3,493.2"
CUST-2444,non-binary,66,West,61,m2m,55.4,,76.8,1,"$3,379.4"
CUST-3327,non-binary,72,South,6,One year,77.56,0.0,,1,$465.36
CUST-2411,Female,43,West,56,Month-to-month,56.42,,21.92,1,"$3,159.52"
CUST-4096,F,73,North,57,One year,111.57,,,1,"$6,359.49"
CUST-3762,non-binary,250,East,52,Month-to-month,45.0,,66.41,1,"$2,340.0"
CUST-7812,M,56,West,26,One year,33.38,8.0,12.78,0,$867.88
CUST-5482,Male,71,South,24,m2m,57.64,2.0,13.23,0,"$1,383.36"
CUST-2374,Male,71,West,46,One year,90.59,,,0,"$4,167.14"
CUST-9856,non-binary,55,West,5,One year,32.82,3.0,,0,$164.1
CUST-3726,Male,36,East,55,Month-to-month,103.49,,,1,"$5,691.95"
CUST-7456,F,77,West,6,One year,38.72,0.0,,0,$232.32
CUST-5748,F,73,West,4,Two year,66.71,10.0,22.229999999999997,0,$266.84
CUST-3085,Male,40,West,25,Month-to-month,78.96,1.0,21.57,0,"$1,974.0"
CUST-5786,Male,77,North,26,Month-to-month,42.99,0.0,77.49,0,"$1,117.74"
CUST-10045,Male,61,East,48,Month-to-month,113.36,2.0,,1,"$5,441.28"
CUST-4914,F,53,North,27,Two year,58.66,,,0,"$1,583.82"
CUST-8665,Male,73,West,14,One year,93.2,,54.96,0,"$1,304.8"
CUST-1296,F,61,South,7,Month-to-month,35.52,,17.75,0,$248.64
CUST-10497,M,42,South,72,Two year,24.97,1.0,39.76,0,"$1,797.84"
CUST-1780,Female,67,North,40,One year,27.95,4.0,39.25,0,"$1,118.0"
CUST-7814,Male,79,North,47,Month-to-month,51.97,3.0,70.28,0,"$2,442.59"
CUST-6667,Male,78,North,15,Month-to-month,30.57,6.0,28.45,1,$458.55
CUST-3072,Female,39,West,64,One year,114.59,,,0,"$7,333.76"
CUST-8880,M,39,East,14,Month-to-month,93.36,,99.72,1,"$1,307.04"
CUST-10217,Male,53,West,52,One year,31.84,5.0,39.51,0,"$1,655.68"
CUST-2874,Female,73,South,59,m2m,97.27,1.0,,1,"$5,738.93"
CUST-10257,Female,31,West,10,One year,52.39,1.0,73.13,0,$523.9
CUST-7526,Female,35,South,65,Month-to-month,28.37,2.0,,0,"$1,844.05"
CUST-2040,non-binary,51,North,31,Two year,78.45,,87.31,0,"$2,431.95"
CUST-5348,non-binary,-5,East,42,Month-to-month,36.67,,38.27,0,"$1,540.14"
CUST-7245,non-binary,39,West,6,One year,115.97,,54.6,1,$695.82
CUST-1802,non-binary,63,West,35,2yr,25.85,2.0,75.29,0,$904.75
CUST-1068,F,80,South,61,Month-to-month,78.08,3.0,45.13,1,"$4,762.88"
CUST-10550,Male,74,West,12,Two year,69.29,0.0,,0,$831.48
CUST-1968,non-binary,70,North,65,Month-to-month,89.42,,99.84,1,"$5,812.3"
CUST-10269,non-binary,24,West,64,Month-to-month,54.81,3.0,,0,"$3,507.84"
CUST-8594,F,47,North,43,Month-to-month,111.96,,42.92,1,"$4,814.28"
CUST-7429,Female,22,West,21,Month-to-month,117.64,3.0,83.34,1,"$2,470.44"
CUST-3358,M,59,West,18,Month-to-month,107.32,3.0,,1,"$1,931.76"
CUST-10286,M,71,West,10,Two year,36.42,0.0,,0,$364.2
CUST-8159,F,46,West,0,Month-to-month,102.25,,14.059999999999999,1,$0.0
CUST-4954,non-binary,75,West,58,Two year,77.12,,,0,"$4,472.96"
CUST-3366,non-binary,33,East,59,2yr,107.02,1.0,,0,"$6,314.18"
CUST-3766,Male,63,South,25,Month-to-month,40.21,,60.68,1,"$1,005.25"
CUST-10928,Female,78,East,62,Month-to-month,113.82,,,1,"$7,056.84"
CUST-7693,M,77,East,44,Month-to-month,33.85,1.0,,1,"$1,489.4"
CUST-5913,Female,32,West,72,Month-to-month,79.91,2.0,83.94,1,"$5,753.52"
CUST-5659,M,51,South,33,m2m,27.81,,32.73,1,$917.73
CUST-7546,M,47,North,62,Two year,27.2,0.0,,0,"$1,686.4"
CUST-9147,F,36,West,47,Month-to-month,98.32,1.0,78.58,1,"$4,621.04"
CUST-7034,Female,23,South,39,2yr,117.92,1.0,60.67,0,"$4,598.88"
CUST-10674,F,77,West,6,Month-to-month,109.31,5.0,15.59,1,$655.86
CUST-1091,Male,34,East,72,Month-to-month,66.26,,93.52,0,"$4,770.72"
CUST-4941,Male,72,South,29,m2m,48.18,0.0,,0,"$1,397.22"
CUST-5449,Male,72,South,64,Month-to-month,100.54,,79.95,0,"$6,434.56"
CUST-1335,F,67,West,49,One year,49.23,,,0,"$2,412.27"
CUST-4928,Female,23,South,8,1yr,68.09,,,0,$544.72
CUST-7529,M,48,North,52,1yr,102.07,3.0,71.99,1,"$5,307.64"
CUST-10189,M,29,South,49,Two year,68.31,4.0,24.05,1,"$3,347.19"
CUST-1424,non-binary,44,East,27,Month-to-month,58.7,,53.73,1,"$1,584.9"
CUST-2372,Female,23,North,42,One year,80.31,,60.27,0,"$3,373.02"
CUST-3124,Male,74,South,67,One year,91.28,,,0,"$6,115.76"
CUST-10260,non-binary,64,West,52,2yr,88.82,,,0,"$4,618.64"
CUST-4498,M,68,North,32,One year,82.7,,72.26,0,"$2,646.4"
CUST-2893,non-binary,36,North,28,Two year,43.88,1.0,52.17,0,"$1,228.64"
CUST-8110,Female,45,North,14,m2m,48.2,10.0,19.87,1,$674.8
CUST-3645,M,47,South,52,One year,113.38,3.0,60.85,0,"$5,895.76"
CUST-9697,F,80,South,45,2yr,117.26,1.0,86.45,0,"$5,276.7"
CUST-3304,F,30,South,65,Month-to-month,88.58,,89.24,1,"$5,757.7"
CUST-8155,Female,49,North,34,Two year,27.25,2.0,99.57,1,$926.5
CUST-2979,non-binary,80,North,35,Month-to-month,66.65,3.0,,0,"$2,332.75"
CUST-4737,M,77,South,33,Month-to-month,46.27,0.0,,1,"$1,526.91"
CUST-9698,M,22,South,56,Month-to-month,119.3,1.0,95.24,1,"$6,680.8"
CUST-3245,Male,41,West,51,One year,43.75,,32.31,1,"$2,231.25"
CUST-2353,F,36,South,61,Month-to-month,96.46,2.0,49.03,0,"$5,884.06"
CUST-8302,M,39,East,6,Month-to-month,79.23,,11.75,1,$475.38
CUST-10916,non-binary,32,East,32,Month-to-month,48.89,,46.47,0,"$1,564.48"
CUST-9331,F,68,West,6,Month-to-month,30.25,,,0,$181.5
CUST-7605,non-binary,39,North,56,m2m,67.28,0.0,,1,"$3,767.68"
CUST-4673,Male,52,West,14,Month-to-month,39.3,3.0,,0,$550.2
CUST-9624,Male,50,North,71,One year,40.22,,,0,"$2,855.62"
CUST-3921,non-binary,34,North,21,One year,72.51,2.0,94.0,0,"$1,522.71"
CUST-8878,non-binary,43,West,34,Month-to-month,89.19,9.0,37.53,1,"$3,032.46"
CUST-7746,non-binary,18,South,47,2yr,84.02,3.0,36.67,0,"$3,948.94"
CUST-9969,Male,56,East,43,1yr,73.09,,42.33,0,"$3,142.87"
CUST-2877,F,44,North,28,1yr,85.49,0.0,15.65,1,"$2,393.72"
CUST-4790,F,35,North,34,1yr,88.46,3.0,,0,"$3,007.64"
CUST-8704,Male,41,West,33,Month-to-month,104.98,3.0,,0,"$3,464.34"
CUST-9373,F,77,South,24,One year,49.68,3.0,,0,"$1,192.32"
CUST-1831,F,49,North,44,Month-to-month,97.18,,29.14,1,"$4,275.92"
CUST-6732,F,66,South,59,One year,95.03,0.0,,0,"$5,606.77"
CUST-7644,non-binary,65,West,11,Two year,97.52,1.0,49.63,0,"$1,072.72"
CUST-7829,Female,35,West,65,One year,48.06,1.0,67.93,0,"$3,123.9"
CUST-6518,non-binary,30,South,62,Month-to-month,92.66,,55.25,0,"$5,744.92"
CUST-9527,M,78,North,17,One year,48.76,,,0,$828.92
CUST-1874,F,56,West,40,One year,104.32,2.0,,0,"$4,172.8"
CUST-3859,Male,55,South,27,One year,88.51,,24.33,1,"$2,389.77"
CUST-7843,Male,-5,South,43,Two year,88.4,,54.49,0,"$3,801.2"
CUST-3364,Female,60,West,21,Two year,24.61,3.0,,0,$516.81
CUST-4723,non-binary,33,South,16,Month-to-month,86.35,2.0,88.18,0,"$1,381.6"
CUST-10285,F,-5,West,61,Two year,107.2,,53.85,0,"$6,539.2"
CUST-1341,F,22,North,58,One year,64.66,3.0,56.6,0,"$3,750.28"
CUST-8248,F,23,East,53,One year,100.62,,,0,"$5,332.86"
CUST-3772,F,60,West,5,Two year,41.66,,,0,$208.3
CUST-2388,non-binary,-5,East,68,Month-to-month,112.6,,70.76,0,"$7,656.8"
CUST-3856,Female,42,South,26,Month-to-month,53.08,2.0,62.62,0,"$1,380.08"
CUST-7916,Female,62,South,9,Month-to-month,48.09,,,0,$432.81
CUST-8926,non-binary,38,South,50,m2m,52.59,,35.37,0,"$2,629.5"
CUST-5829,Female,66,South,25,One year,30.63,,,0,$765.75
CUST-8322,M,40,South,65,m2m,41.38,,62.05,1,"$2,689.7"
CUST-4515,M,52,West,33,One year,60.59,0.0,,0,"$1,999.47"
CUST-6737,M,35,North,47,Month-to-month,100.86,0.0,51.8,1,"$4,740.42"
CUST-4616,Male,74,West,0,Two year,108.02,,32.29,1,$0.0
CUST-4995,Female,73,South,7,Month-to-month,79.48,2.0,,0,$556.36
CUST-7733,F,52,North,15,2yr,48.75,1.0,,0,$731.25
CUST-6801,Female,250,South,63,Month-to-month,41.07,0.0,57.81,1,"$2,587.41"
CUST-6632,Female,70,North,72,Two year,82.46,,,0,"$5,937.12"
CUST-8129,M,22,North,72,1yr,82.34,,91.98,0,"$5,928.48"
CUST-10595,F,40,North,20,Month-to-month,84.52,,60.45,0,"$1,690.4"
CUST-3634,F,48,East,61,Month-to-month,21.98,0.0,,0,"$1,340.78"
CUST-2499,F,50,South,56,1yr,85.62,2.0,81.6,0,"$4,794.72"
CUST-10707,non-binary,47,South,2,Month-to-month,101.04,,62.39,1,$202.08
CUST-2538,M,45,East,68,Month-to-month,34.21,3.0,58.66,1,"$2,326.28"
CUST-4424,F,-5,South,56,Month-to-month,64.95,3.0,,0,"$3,637.2"
CUST-4654,F,72,South,33,Month-to-month,39.34,2.0,,1,"$1,298.22"
CUST-6728,non-binary,22,South,0,One year,43.8,4.0,6.07,0,$0.0
CUST-8118,M,61,West,0,Month-to-month,42.69,2.0,63.06,0,$0.0
CUST-9085,Male,70,South,21,Month-to-month,74.48,,,0,"$1,564.08"
CUST-9543,non-binary,29,West,45,Month-to-month,27.28,,26.79,1,"$1,227.6"
CUST-7403,Male,24,South,44,Month-to-month,68.38,,,0,"$3,008.72"
CUST-4494,Female,75,West,30,One year,109.1,3.0,,1,"$3,273.0"
CUST-2766,Female,26,West,37,Month-to-month,23.93,,,1,$885.41
CUST-6472,M,66,East,27,One year,34.07,1.0,,0,$919.89
CUST-10033,F,51,West,26,Month-to-month,27.6,1.0,99.39,0,$717.6
CUST-3211,F,59,West,21,One year,58.44,0.0,,0,"$1,227.24"
CUST-8250,Male,51,South,48,One year,107.92,2.0,,0,"$5,180.16"
CUST-7029,M,41,West,37,Month-to-month,83.33,,52.76,0,"$3,083.21"
CUST-7777,non-binary,21,North,45,1yr,71.16,,,0,"$3,202.2"
CUST-6487,Male,66,East,18,Month-to-month,69.24,,31.28,1,"$1,246.32"
CUST-5236,F,29,North,53,One year,69.78,,,0,"$3,698.34"
CUST-10146,Male,-5,West,1,Two year,93.92,,56.97,0,$93.92
CUST-7467,non-binary,59,East,26,One year,102.32,1.0,,0,"$2,660.32"
CUST-2259,Male,71,West,23,Two year,38.65,0.0,87.37,0,$888.95
CUST-8520,non-binary,46,North,37,2yr,85.72,,,0,"$3,171.64"
CUST-7221,Male,24,South,31,m2m,31.99,,20.84,1,$991.69
CUST-1964,Male,77,North,64,Month-to-month,41.25,3.0,,0,"$2,640.0"
CUST-9415,Male,78,North,59,Two year,102.03,,59.77,0,"$6,019.77"
CUST-5360,Male,44,South,25,m2m,31.53,,21.84,1,$788.25
CUST-7509,M,54,East,10,Month-to-month,117.11,,,1,"$1,171.1"
CUST-7735,F,23,South,18,1yr,23.86,,,0,$429.48
CUST-10726,Female,-5,North,41,Month-to-month,117.72,0.0,,0,"$4,826.52"
CUST-9243,F,50,North,71,One year,113.16,1.0,,1,"$8,034.36"
CUST-9918,Male,34,North,23,1yr,37.16,,79.0,0,$854.68
CUST-5680,M,45,West,34,m2m,21.36,10.0,20.01,1,$726.24
CUST-3749,non-binary,61,South,35,One year,58.82,,,0,"$2,058.7"
CUST-6422,M,39,West,11,One year,88.7,2.0,,0,$975.7
CUST-10579,Male,24,West,7,Month-to-month,63.13,,31.63,1,$441.91
CUST-10316,non-binary,20,South,62,One year,53.11,,72.41,0,"$3,292.82"
CUST-3740,Male,46,West,31,Two year,71.23,,,0,"$2,208.13"
CUST-1420,Female,23,North,17,One year,40.25,,,1,$684.25
CUST-7188,M,250,West,60,Month-to-month,72.44,2.0,,1,"$4,346.4"
CUST-9724,Female,21,North,31,Two year,26.67,,96.59,0,$826.77
CUST-2566,F,43,South,62,Two year,82.19,0.0,40.4,0,"$5,095.78"
CUST-5486,F,31,North,67,Month-to-month,55.31,9.0,29.89,1,"$3,705.77"
CUST-5453,M,67,North,27,One year,32.7,0.0,41.71,0,$882.9
CUST-6121,M,45,West,4,One year,26.89,3.0,51.59,0,$107.56
CUST-7650,M,24,South,6,m2m,78.83,2.0,,1,$472.98
CUST-5679,non-binary,36,South,31,One year,21.23,,,0,$658.13
CUST-3775,Male,79,North,11,m2m,93.05,2.0,92.48,0,"$1,023.55"
CUST-10058,M,44,West,23,Two year,52.85,,,0,"$1,215.55"
CUST-10564,M,54,North,35,Month-to-month,47.12,1.0,81.32,1,"$1,649.2"
CUST-7649,non-binary,73,North,5,Month-to-month,55.13,2.0,65.5,0,$275.65
CUST-2501,F,63,South,16,m2m,86.29,2.0,,1,"$1,380.64"
CUST-7275,F,44,West,40,Month-to-month,40.57,0.0,,1,"$1,622.8"
CUST-2665,Female,250,West,66,Month-to-month,44.06,,60.98,0,"$2,907.96"
CUST-8658,Male,36,West,37,1yr,48.39,2.0,46.1,0,"$1,790.43"
CUST-7318,F,54,West,69,1yr,57.01,1.0,93.99,1,"$3,933.69"
CUST-8649,M,250,South,67,Two year,102.62,,,0,"$6,875.54"
CUST-5862,Male,47,North,38,One year,101.91,3.0,35.32,0,"$3,872.58"
CUST-5514,F,30,West,35,One year,78.42,,,0,"$2,744.7"
CUST-1711,non-binary,77,East,0,Month-to-month,66.02,2.0,,1,$0.0
CUST-10927,F,74,South,12,One year,99.37,,61.19,0,"$1,192.44"
CUST-1847,F,54,East,40,Month-to-month,41.8,,23.92,0,"$1,672.0"
CUST-2191,Male,-5,North,65,One year,113.58,10.0,24.14,1,"$7,382.7"
CUST-10931,M,43,South,31,Month-to-month,23.11,0.0,42.87,1,$716.41
CUST-9565,Male,52,North,42,Month-to-month,36.67,0.0,,1,"$1,540.14"
CUST-5259,Female,35,West,1,Month-to-month,79.71,3.0,50.480000000000004,0,$79.71
CUST-8584,F,27,West,16,One year,58.99,,,0,$943.84
CUST-4551,non-binary,26,North,1,One year,40.25,,,0,$40.25
CUST-8978,Female,77,West,7,One year,35.4,,,0,$247.8
CUST-2621,Male,30,West,40,One year,29.37,,16.39,0,"$1,174.8"
CUST-4562,M,64,North,20,Two year,29.39,2.0,,0,$587.8
CUST-9412,Female,37,East,36,Month-to-month,43.23,3.0,89.55,0,"$1,556.28"
CUST-5265,non-binary,22,West,17,Month-to-month,24.22,,,0,$411.74
CUST-9779,Female,74,North,68,Month-to-month,20.4,1.0,78.28,1,"$1,387.2"
CUST-8563,non-binary,29,South,39,One year,82.48,0.0,,0,"$3,216.72"
CUST-5152,Female,55,West,12,One year,45.21,,,0,$542.52
CUST-3537,Female,44,South,29,Month-to-month,22.08,0.0,,0,$640.32
CUST-9817,Male,21,West,50,Month-to-month,110.31,,,1,"$5,515.5"
CUST-9118,F,47,North,72,Month-to-month,106.07,2.0,,1,"$7,637.04"
CUST-1392,F,65,South,23,Two year,42.12,,65.7,0,$968.76
CUST-2610,Male,36,North,23,1yr,24.24,,,0,$557.52
CUST-1863,Female,22,South,54,Two year,43.91,3.0,78.24,1,"$2,371.14"
CUST-9004,Male,22,North,24,Month-to-month,42.92,2.0,66.94,0,"$1,030.08"
CUST-2059,non-binary,42,East,64,1yr,108.35,3.0,,1,"$6,934.4"
CUST-10403,non-binary,77,North,56,1yr,56.32,2.0,89.9,0,"$3,153.92"
CUST-9653,non-binary,49,West,66,Month-to-month,68.27,0.0,,0,"$4,505.82"
CUST-5769,non-binary,76,West,53,Month-to-month,60.69,1.0,,0,"$3,216.57"
CUST-4479,non-binary,70,East,12,One year,79.87,0.0,,0,$958.44
CUST-2244,F,65,West,59,Month-to-month,80.5,2.0,93.79,0,"$4,749.5"
CUST-9902,F,47,South,4,m2m,116.04,,,1,$464.16
CUST-7979,F,70,South,23,Two year,82.49,2.0,,0,"$1,897.27"
CUST-8667,M,38,South,38,Month-to-month,81.96,,,1,"$3,114.48"
CUST-9912,non-binary,41,West,42,Month-to-month,72.67,3.0,87.02,0,"$3,052.14"
CUST-10081,Male,51,West,18,Month-to-month,57.71,6.0,15.13,1,"$1,038.78"
CUST-10915,non-binary,26,West,66,2yr,22.25,3.0,83.55,0,"$1,468.5"
CUST-5481,M,23,North,3,Month-to-month,30.29,,55.2,1,$90.87
CUST-7383,Male,42,South,11,Two year,117.3,0.0,60.98,0,"$1,290.3"
CUST-2731,M,58,West,34,One year,90.98,,,0,"$3,093.32"
CUST-2593,F,52,North,41,Two year,24.26,,90.73,0,$994.66
CUST-8181,non-binary,-5,West,61,Two year,109.41,0.0,67.58,0,"$6,674.01"
CUST-3447,F,27,West,4,One year,32.67,3.0,79.78,0,$130.68
CUST-5450,Female,58,North,31,Two year,107.68,2.0,71.27,1,"$3,338.08"
CUST-7282,non-binary,67,East,70,Two year,101.37,,43.79,1,"$7,095.9"
CUST-3721,F,30,North,12,m2m,79.44,3.0,63.38,0,$953.28
CUST-6272,Male,42,North,41,Month-to-month,117.91,,83.17,1,"$4,834.31"
CUST-8697,Male,77,North,34,Month-to-month,119.65,,,0,"$4,068.1"
CUST-9135,Male,30,West,3,1yr,56.7,,,0,$170.1
CUST-7495,Female,21,South,64,m2m,97.88,,51.83,0,"$6,264.32"
CUST-4590,F,63,South,67,One year,25.53,0.0,94.99,0,"$1,710.51"
CUST-2103,F,73,North,57,Month-to-month,118.79,1.0,51.95,1,"$6,771.03"
CUST-5747,F,62,North,54,One year,42.54,,90.04,0,"$2,297.16"
CUST-5935,Male,-5,South,43,Month-to-month,112.05,1.0,,1,"$4,818.15"
CUST-6475,M,79,South,11,Two year,47.75,0.0,,0,$525.25
CUST-8213,non-binary,40,North,43,Month-to-month,112.2,4.0,37.67,1,"$4,824.6"
CUST-8781,Male,80,South,20,One year,64.05,,,0,"$1,281.0"
CUST-1018,F,35,North,67,Two year,69.66,3.0,57.35,0,"$4,667.22"
CUST-5746,Male,55,West,37,1yr,50.31,,,0,"$1,861.47"
CUST-4432,F,41,South,33,m2m,24.21,,91.33,1,$798.93
CUST-4663,non-binary,68,East,18,Month-to-month,26.24,3.0,,0,$472.32
CUST-6839,non-binary,23,North,5,One year,86.33,0.0,41.69,0,$431.65
CUST-3002,non-binary,21,West,69,Two year,88.54,,70.23,1,"$6,109.26"
CUST-10249,M,57,West,10,One year,25.67,,28.77,0,$256.7
CUST-7307,non-binary,20,West,5,1yr,116.43,2.0,,1,$582.15
CUST-9691,M,36,North,39,Month-to-month,43.97,,,0,"$1,714.83"
CUST-6406,non-binary,29,South,12,Month-to-month,111.65,,50.55,0,"$1,339.8"
CUST-9340,non-binary,79,East,13,Month-to-month,80.04,,,0,"$1,040.52"
CUST-1579,F,80,West,30,Month-to-month,50.31,,69.2,1,"$1,509.3"
CUST-10851,Female,47,South,48,Month-to-month,78.31,2.0,88.3,0,"$3,758.88"
CUST-5042,Female,55,West,8,m2m,69.94,,,1,$559.52
CUST-1531,non-binary,22,North,6,One year,87.75,3.0,96.85,0,$526.5
CUST-10348,Female,-5,South,62,1yr,92.97,3.0,,0,"$5,764.14"
CUST-7562,F,51,South,2,m2m,48.7,,73.56,1,$97.4
CUST-10464,F,67,South,15,Two year,115.28,4.0,36.76,0,"$1,729.2"
CUST-2607,non-binary,59,North,54,Two year,59.52,2.0,41.48,1,"$3,214.08"
CUST-6001,Female,52,West,64,Two year,84.65,,11.11,1,"$5,417.6"
CUST-7417,F,250,North,43,Month-to-month,92.82,1.0,49.74,0,"$3,991.26"
CUST-6525,Male,34,West,9,Month-to-month,23.9,0.0,87.23,0,$215.1
CUST-2322,M,48,South,40,One year,61.39,0.0,71.81,0,"$2,455.6"
CUST-1622,Male,40,South,12,One year,59.9,1.0,,0,$718.8
CUST-9036,Male,22,North,50,Month-to-month,75.25,0.0,21.04,1,"$3,762.5"
CUST-2159,Male,53,South,22,Month-to-month,79.59,,,1,"$1,750.98"
CUST-4412,non-binary,25,South,45,m2m,80.02,,,0,"$3,600.9"
CUST-9742,F,52,North,45,Month-to-month,70.46,,56.15,0,"$3,170.7"
CUST-5561,Female,39,North,9,One year,63.74,1.0,,0,$573.66
CUST-9434,Male,25,East,58,m2m,74.6,,12.41,1,"$4,326.8"
CUST-10625,F,46,North,29,m2m,22.12,2.0,,1,$641.48
CUST-5526,M,55,North,15,Month-to-month,24.38,0.0,,1,$365.7
CUST-4228,M,35,South,45,Month-to-month,89.3,3.0,88.25,0,"$4,018.5"
CUST-7059,Male,58,West,53,One year,74.35,1.0,79.48,0,"$3,940.55"
CUST-4137,Female,63,North,71,2yr,101.96,3.0,,1,"$7,239.16"
CUST-10568,Female,43,North,64,One year,54.08,2.0,22.39,1,"$3,461.12"
CUST-4621,Female,74,West,5,Month-to-month,105.9,0.0,,0,$529.5
CUST-9032,F,66,West,19,One year,92.32,3.0,,0,"$1,754.08"
CUST-8820,Female,60,North,0,Two year,21.77,0.0,,0,$0.0
CUST-1118,non-binary,26,West,50,Month-to-month,49.93,0.0,,0,"$2,496.5"
CUST-5488,F,65,North,3,One year,100.06,1.0,20.64,1,$300.18
CUST-3592,F,67,East,70,2yr,50.28,,,0,"$3,519.6"
CUST-2452,M,24,East,71,Two year,65.61,,27.09,0,"$4,658.31"
CUST-8236,Female,67,North,55,2yr,35.78,,66.0,0,"$1,967.9"
CUST-3654,Male,38,South,62,Month-to-month,76.68,,29.71,1,"$4,754.16"
CUST-3375,M,70,North,17,Month-to-month,46.24,0.0,,0,$786.08
CUST-2915,Male,43,West,50,One year,46.64,,51.48,0,"$2,332.0"
CUST-5161,non-binary,49,North,37,Month-to-month,81.24,,,1,"$3,005.88"
CUST-7556,F,62,North,41,One year,20.33,,,0,$833.53
CUST-4079,Female,24,North,43,Month-to-month,57.97,2.0,87.82,1,"$2,492.71"
CUST-7496,M,70,South,39,Month-to-month,35.3,,47.07,1,"$1,376.7"
CUST-4898,Male,22,South,32,m2m,31.2,,,0,$998.4
CUST-5962,non-binary,50,South,15,Month-to-month,42.79,10.0,39.39,1,$641.85
CUST-1227,non-binary,58,East,63,Month-to-month,21.18,3.0,77.38,1,"$1,334.34"
CUST-6695,F,21,North,59,Two year,85.55,,,0,"$5,047.45"
CUST-3746,Female,25,West,71,Month-to-month,101.1,3.0,62.58,0,"$7,178.1"
CUST-7821,Male,40,West,28,Two year,30.89,3.0,,0,$864.92
CUST-5347,non-binary,54,North,39,m2m,71.0,3.0,86.11,1,"$2,769.0"
CUST-3257,Female,75,East,21,Month-to-month,107.45,0.0,,1,"$2,256.45"
CUST-10448,Female,57,East,7,One year,39.54,0.0,,0,$276.78
CUST-9014,Female,31,West,6,m2m,62.91,9.0,16.79,0,$377.46
CUST-8296,Male,75,South,21,1yr,87.53,1.0,,0,"$1,838.13"
CUST-2598,Male,40,South,63,One year,79.81,,78.81,0,"$5,028.03"
CUST-10933,non-binary,50,East,71,One year,76.42,1.0,77.23,0,"$5,425.82"
CUST-7808,M,68,South,38,2yr,94.92,1.0,,0,"$3,606.96"
CUST-9384,F,68,South,1,Month-to-month,87.13,0.0,,0,$87.13
CUST-8442,M,-5,West,52,m2m,66.27,3.0,77.91,1,"$3,446.04"
CUST-2342,non-binary,18,West,15,Month-to-month,22.4,,88.71,0,$336.0
CUST-9767,Female,78,North,72,1yr,27.24,,,0,"$1,961.28"
CUST-9124,Male,62,West,37,One year,34.56,,90.02,0,"$1,278.72"
CUST-5032,Female,65,North,18,2yr,103.84,,75.27,1,"$1,869.12"
CUST-9614,Female,19,West,23,Two year,90.1,2.0,,0,"$2,072.3"
CUST-3898,Male,-5,South,6,One year,106.83,0.0,,0,$640.98
CUST-2420,M,38,West,49,Two year,110.66,,,0,"$5,422.34"
CUST-10941,non-binary,54,West,37,Month-to-month,48.53,1.0,,1,"$1,795.61"
CUST-10041,Male,22,East,72,Month-to-month,119.08,,12.64,1,"$8,573.76"
CUST-5155,F,61,West,30,Month-to-month,27.8,10.0,31.63,1,$834.0
CUST-8844,M,20,East,21,Month-to-month,53.82,,46.66,0,"$1,130.22"
CUST-5664,non-binary,45,West,4,Two year,44.09,,,0,$176.36
CUST-2802,Male,64,North,35,Month-to-month,34.24,2.0,,1,"$1,198.4"
CUST-5124,non-binary,23,East,47,Month-to-month,27.8,,,1,"$1,306.6"
CUST-6752,M,62,North,8,m2m,28.47,2.0,,1,$227.76
CUST-9679,M,47,North,40,Month-to-month,110.49,1.0,,1,"$4,419.6"
CUST-8235,non-binary,46,South,4,Two year,27.99,,,0,$111.96
CUST-3167,F,18,West,17,Month-to-month,91.22,,,1,"$1,550.74"
CUST-6506,M,46,West,49,One year,87.37,2.0,88.11,0,"$4,281.13"
CUST-3560,F,39,West,26,Month-to-month,111.26,,,1,"$2,892.76"
CUST-4457,F,42,West,4,Month-to-month,56.99,,69.17,0,$227.96
CUST-6921,M,72,South,16,Month-to-month,32.62,,,1,$521.92
CUST-4533,non-binary,28,North,70,One year,114.93,,,0,"$8,045.1"
CUST-5666,Female,49,North,27,Month-to-month,72.12,,62.03,1,"$1,947.24"
CUST-6888,F,19,West,32,Month-to-month,34.34,10.0,18.19,1,"$1,098.88"
CUST-1034,non-binary,53,West,66,One year,66.03,0.0,99.39,0,"$4,357.98"
CUST-2329,Male,25,East,6,One year,24.49,,68.83,0,$146.94
CUST-3551,Male,54,South,24,One year,83.27,0.0,37.48,0,"$1,998.48"
CUST-9362,F,19,West,25,Month-to-month,57.82,3.0,50.75,1,"$1,445.5"
CUST-1967,non-binary,23,East,34,One year,101.16,,,0,"$3,439.44"
CUST-9076,M,47,East,26,One year,102.99,1.0,,0,"$2,677.74"
CUST-4284,non-binary,70,West,60,2yr,45.26,,,0,"$2,715.6"
CUST-3445,Male,72,West,55,One year,51.54,3.0,,1,"$2,834.7"
CUST-7753,non-binary,66,East,62,Month-to-month,74.0,,,1,"$4,588.0"
CUST-9676,Male,52,West,68,One year,76.87,,77.26,0,"$5,227.16"
CUST-1993,Female,37,North,24,Month-to-month,107.76,,66.9,1,"$2,586.24"
CUST-7932,M,27,South,34,1yr,39.49,,21.13,0,"$1,342.66"
CUST-7898,non-binary,-5,North,24,Month-to-month,45.63,8.0,27.16,0,"$1,095.12"
CUST-8996,M,69,West,35,One year,92.9,,11.35,0,"$3,251.5"
CUST-7225,non-binary,56,South,31,Month-to-month,22.63,,,0,$701.53
CUST-8661,F,21,West,14,One year,111.6,,,0,"$1,562.4"
CUST-4084,F,72,East,69,2yr,91.24,2.0,40.34,0,"$6,295.56"
CUST-6392,non-binary,80,East,39,Two year,118.34,,,0,"$4,615.26"
CUST-1969,F,23,East,46,Month-to-month,73.81,,56.61,1,"$3,395.26"
CUST-2905,M,69,South,14,One year,58.98,9.0,14.02,0,$825.72
CUST-1548,M,64,South,40,Month-to-month,59.24,1.0,,1,"$2,369.6"
CUST-8632,F,61,North,69,Month-to-month,49.8,,,1,"$3,436.2"
CUST-3276,F,54,East,51,Month-to-month,72.12,,43.93,1,"$3,678.12"
CUST-9220,Male,29,South,60,Month-to-month,108.72,,,1,"$6,523.2"
CUST-4744,Male,80,North,39,Month-to-month,92.13,1.0,,1,"$3,593.07"
CUST-9660,Male,73,South,53,Month-to-month,33.33,,,0,"$1,766.49"
CUST-2195,non-binary,25,South,35,One year,34.26,,50.28,0,"$1,199.1"
CUST-10753,non-binary,47,South,37,m2m,25.81,,31.39,1,$954.97
CUST-5234,Female,51,North,40,Month-to-month,77.16,2.0,64.79,0,"$3,086.4"
CUST-10479,F,78,West,38,One year,29.64,,,1,"$1,126.32"
CUST-8756,non-binary,61,North,49,Two year,27.35,2.0,98.49,0,"$1,340.15"
CUST-1888,M,39,South,27,1yr,24.93,,,0,$673.11
CUST-10380,Female,49,North,15,One year,117.26,,43.81,1,"$1,758.9"
CUST-2248,Male,-5,North,61,m2m,67.06,0.0,,0,"$4,090.66"
CUST-1137,Female,46,North,33,Month-to-month,78.73,,86.56,0,"$2,598.09"
CUST-9709,non-binary,25,North,7,m2m,44.06,1.0,,0,$308.42
CUST-5346,M,29,East,30,Month-to-month,45.51,,73.87,1,"$1,365.3"
CUST-3083,F,58,North,2,2yr,24.96,,,0,$49.92
CUST-5952,Male,33,West,17,Month-to-month,24.52,,29.74,1,$416.84
CUST-5062,Female,60,South,36,One year,102.53,,,0,"$3,691.08"
CUST-5790,Male,66,South,60,Month-to-month,23.83,,,0,"$1,429.8"
CUST-3233,M,59,North,29,Month-to-month,99.74,2.0,,0,"$2,892.46"
CUST-9884,Female,44,South,28,Month-to-month,75.88,2.0,,0,"$2,124.64"
CUST-2591,non-binary,65,South,72,One year,114.61,3.0,42.99,0,"$8,251.92"
CUST-7064,non-binary,31,West,46,Two year,113.76,,,0,"$5,232.96"
CUST-1598,M,63,South,56,m2m,106.31,,,0,"$5,953.36"
CUST-3091,non-binary,80,North,4,Two year,78.56,0.0,,0,$314.24
CUST-7976,Male,45,South,55,Month-to-month,23.74,,54.93,1,"$1,305.7"
CUST-10306,non-binary,59,North,64,Month-to-month,30.7,,17.31,1,"$1,964.8"
CUST-6678,F,46,North,33,m2m,117.65,,59.83,1,"$3,882.45"
CUST-1709,Male,29,West,38,One year,75.93,,,0,"$2,885.34"
CUST-8737,Female,36,West,61,One year,92.27,3.0,,0,"$5,628.47"
CUST-1965,Female,-5,South,17,One year,60.02,3.0,18.57,0,"$1,020.34"
CUST-9559,M,31,South,69,2yr,72.95,,,0,"$5,033.55"
CUST-3255,F,76,East,50,Two year,43.6,0.0,49.41,1,"$2,180.0"
CUST-1556,F,72,South,64,m2m,73.23,,,1,"$4,686.72"
CUST-9897,F,61,North,29,Month-to-month,95.54,,,1,"$2,770.66"
CUST-3981,F,24,West,67,Two year,39.05,2.0,,0,"$2,616.35"
CUST-9170,M,59,North,30,One year,92.92,3.0,95.19,0,"$2,787.6"
CUST-1479,F,20,West,36,Month-to-month,61.04,3.0,88.1,1,"$2,197.44"
CUST-6885,non-binary,74,East,26,One year,22.21,,,0,$577.46
CUST-2481,non-binary,49,North,22,One year,41.81,,40.05,0,$919.82
CUST-6614,Male,35,North,33,m2m,61.31,0.0,94.82,0,"$2,023.23"
CUST-7636,M,57,North,33,One year,26.87,0.0,,1,$886.71
CUST-5233,M,36,South,15,Month-to-month,85.72,0.0,,0,"$1,285.8"
CUST-5755,non-binary,73,North,46,One year,85.74,9.0,38.88,0,"$3,944.04"
CUST-8290,F,39,East,14,One year,109.56,2.0,62.05,0,"$1,533.84"
CUST-6586,non-binary,51,North,66,One year,58.39,2.0,,0,"$3,853.74"
CUST-8941,Male,68,North,10,1yr,102.89,,41.84,0,"$1,028.9"
CUST-10409,Male,50,East,31,Month-to-month,114.97,9.0,30.02,1,"$3,564.07"
CUST-10827,non-binary,51,East,49,One year,50.96,2.0,42.56,1,"$2,497.04"
CUST-5726,non-binary,78,South,15,Month-to-month,48.9,,,0,$733.5
CUST-4222,Male,58,East,5,One year,73.37,,51.94,0,$366.85
CUST-2204,Male,53,West,8,Month-to-month,88.96,3.0,,0,$711.68
CUST-3363,M,21,North,60,Month-to-month,28.09,,,1,"$1,685.4"
CUST-9581,M,52,West,41,Two year,56.42,1.0,,0,"$2,313.22"
CUST-8782,Male,78,North,35,One year,102.3,3.0,40.16,0,"$3,580.5"
CUST-9634,Male,23,North,57,1yr,30.01,,49.93,0,"$1,710.57"
CUST-10537,M,250,South,10,Month-to-month,44.5,1.0,41.27,0,$445.0
CUST-2747,F,41,North,17,Month-to-month,55.51,2.0,34.66,1,$943.67
CUST-8760,M,71,North,11,One year,47.51,0.0,,0,$522.61
CUST-9462,Female,18,West,28,One year,60.7,,,0,"$1,699.6"
CUST-8658,Male,36,West,37,1yr,48.39,2.0,46.1,0,"$1,790.43"
CUST-2942,Female,23,West,39,One year,20.43,9.0,27.99,1,$796.77
CUST-4619,non-binary,55,South,14,One year,37.26,,,0,$521.64
CUST-6821,M,-5,West,48,Month-to-month,29.32,,87.16,1,"$1,407.36"
CUST-4632,Female,250,West,12,1yr,72.44,,,0,$869.28
CUST-1192,Male,39,North,36,One year,37.13,,13.15,1,"$1,336.68"
CUST-8388,M,41,West,52,Month-to-month,61.14,0.0,81.9,0,"$3,179.28"
CUST-4062,M,71,North,23,One year,105.98,1.0,,0,"$2,437.54"
CUST-6903,M,62,East,4,One year,20.7,,,0,$82.8
CUST-6194,F,70,North,64,One year,118.43,,70.1,0,"$7,579.52"
CUST-8998,Male,39,North,15,Month-to-month,79.19,3.0,,1,"$1,187.85"
CUST-10628,F,72,South,21,Month-to-month,42.07,,,1,$883.47
CUST-2522,F,43,North,0,Month-to-month,86.75,7.0,16.02,1,$0.0
CUST-4043,Male,28,West,60,Two year,88.76,,49.19,0,"$5,325.6"
CUST-2773,M,78,North,58,Month-to-month,61.49,2.0,92.48,0,"$3,566.42"
CUST-9710,M,80,North,72,Month-to-month,119.41,,85.29,1,"$8,597.52"
CUST-4510,F,22,North,54,Month-to-month,23.31,0.0,,0,"$1,258.74"
CUST-4824,Male,33,West,6,Month-to-month,96.31,2.0,37.89,1,$577.86
CUST-9894,Male,73,North,48,Month-to-month,96.76,2.0,,0,"$4,644.48"
CUST-2055,non-binary,70,South,45,1yr,116.77,6.0,38.44,0,"$5,254.65"
CUST-5826,Male,43,West,21,1yr,79.78,,,0,"$1,675.38"
CUST-9768,F,79,North,28,One year,105.0,2.0,,1,"$2,940.0"
CUST-1510,non-binary,75,West,35,m2m,86.66,,64.41,1,"$3,033.1"
CUST-10920,Female,75,North,28,Month-to-month,38.1,0.0,76.66,0,"$1,066.8"
CUST-5546,Female,50,East,6,One year,34.98,,,0,$209.88
CUST-8221,Female,28,West,24,Two year,48.8,,,0,"$1,171.2"
CUST-10656,non-binary,58,South,15,Month-to-month,85.05,,,0,"$1,275.75"
CUST-7248,F,80,East,25,One year,57.07,5.0,18.33,0,"$1,426.75"
CUST-8019,M,38,East,35,Month-to-month,54.16,,,1,"$1,895.6"
CUST-3354,Male,48,West,18,Two year,72.47,2.0,,0,"$1,304.46"
CUST-4506,F,54,South,9,2yr,38.92,6.0,11.37,0,$350.28
CUST-8808,F,22,East,43,Two year,41.56,,57.51,0,"$1,787.08"
CUST-6844,non-binary,250,North,29,Month-to-month,52.3,,,1,"$1,516.7"
CUST-3042,Male,44,West,1,m2m,21.56,1.0,81.79,0,$21.56
CUST-6247,non-binary,32,South,59,One year,107.96,0.0,76.88,1,"$6,369.64"
CUST-6290,M,44,West,45,Month-to-month,58.33,,31.74,1,"$2,624.85"
CUST-9159,non-binary,27,North,61,One year,89.11,0.0,23.07,0,"$5,435.71"
CUST-10202,Male,53,West,65,1yr,64.34,,,0,"$4,182.1"
CUST-3414,non-binary,54,West,35,Month-to-month,81.36,,61.11,0,"$2,847.6"
CUST-10493,non-binary,63,East,30,Month-to-month,27.52,,,0,$825.6
CUST-10474,Male,46,West,63,Month-to-month,70.74,1.0,,0,"$4,456.62"
CUST-1010,F,61,North,60,m2m,107.45,2.0,42.69,0,"$6,447.0"
CUST-4086,Male,59,West,27,Month-to-month,42.48,,30.37,0,"$1,146.96"
CUST-6094,Female,52,North,26,Month-to-month,36.79,,,1,$956.54
CUST-9411,Female,49,South,46,2yr,32.42,,12.48,1,"$1,491.32"
CUST-5907,M,74,West,47,Month-to-month,70.12,,,0,"$3,295.64"
CUST-4812,non-binary,45,North,69,One year,43.73,3.0,78.24,0,"$3,017.37"
CUST-4566,Female,29,East,18,Month-to-month,97.93,,,1,"$1,762.74"
CUST-3925,Female,38,East,70,Month-to-month,74.35,2.0,,0,"$5,204.5"
CUST-3262,Male,66,South,65,Month-to-month,75.59,2.0,,0,"$4,913.35"
CUST-3430,F,34,South,63,One year,69.03,,,0,"$4,348.89"
CUST-10445,F,39,West,9,Month-to-month,38.63,1.0,41.31,0,$347.67
CUST-7489,Female,68,South,6,Month-to-month,102.83,,35.27,0,$616.98
CUST-1853,M,23,East,62,Two year,70.15,2.0,,0,"$4,349.3"
CUST-7936,Female,62,South,25,Month-to-month,113.54,10.0,36.94,1,"$2,838.5"
CUST-10417,Male,65,West,16,One year,20.66,0.0,75.61,0,$330.56
CUST-10673,Female,20,North,66,Month-to-month,24.11,,,0,"$1,591.26"
CUST-9932,M,35,West,64,Month-to-month,100.33,2.0,,1,"$6,421.12"
CUST-2277,F,61,West,45,m2m,76.93,3.0,,1,"$3,461.85"
CUST-6154,non-binary,75,North,33,1yr,48.68,1.0,58.32,0,"$1,606.44"
CUST-8277,Female,71,South,35,One year,55.02,2.0,,0,"$1,925.7"
CUST-5629,non-binary,250,North,16,Month-to-month,65.2,2.0,,1,"$1,043.2"
CUST-10140,Female,52,West,36,Two year,113.04,,62.05,0,"$4,069.44"
CUST-1640,Male,66,North,49,Month-to-month,100.44,3.0,,1,"$4,921.56"
CUST-4142,non-binary,34,North,24,Month-to-month,32.35,,78.61,0,$776.4
CUST-4236,F,72,West,45,Month-to-month,77.43,3.0,,0,"$3,484.35"
CUST-5358,Female,58,North,17,1yr,112.88,,86.74,0,"$1,918.96"
CUST-8765,non-binary,54,West,30,Month-to-month,45.71,,15.49,0,"$1,371.3"
CUST-5098,Female,53,West,64,Month-to-month,38.78,,,0,"$2,481.92"
CUST-9263,non-binary,-5,South,17,m2m,51.16,1.0,,1,$869.72
CUST-9683,M,29,North,71,One year,31.57,,86.32,0,"$2,241.47"
CUST-4082,Female,51,East,39,Month-to-month,40.58,0.0,54.59,0,"$1,582.62"
CUST-2360,Male,36,North,1,One year,110.21,8.0,8.3,0,$110.21
CUST-2930,Female,75,North,20,Two year,71.83,,49.49,1,"$1,436.6"
CUST-1312,Female,76,North,32,One year,91.29,1.0,,0,"$2,921.28"
CUST-4817,Male,30,South,34,Month-to-month,42.65,1.0,46.35,1,"$1,450.1"
CUST-2925,non-binary,18,North,45,One year,90.89,,57.42,0,"$4,090.05"
CUST-6873,non-binary,31,West,69,Month-to-month,41.56,,13.71,1,"$2,867.64"
CUST-8013,F,67,North,40,One year,74.19,0.0,36.64,0,"$2,967.6"
CUST-1580,non-binary,27,West,36,Two year,73.99,,53.5,0,"$2,663.64"
CUST-7543,F,61,West,66,Two year,35.99,,,0,"$2,375.34"
CUST-7370,F,68,South,25,One year,59.69,,23.03,0,"$1,492.25"
CUST-2328,Female,21,South,21,One year,73.71,,43.59,1,"$1,547.91"
CUST-2143,F,44,North,30,Month-to-month,29.35,10.0,12.39,1,$880.5
CUST-8598,M,21,West,10,Month-to-month,67.01,1.0,63.34,1,$670.1
CUST-4702,F,27,South,16,m2m,88.66,,,1,"$1,418.56"
CUST-3943,M,250,East,0,One year,89.1,,51.61,0,$0.0
CUST-8997,Female,35,East,59,Month-to-month,50.19,3.0,,1,"$2,961.21"
CUST-4347,Male,29,West,16,Month-to-month,24.3,,20.39,0,$388.8
CUST-4511,Male,24,East,34,Two year,39.18,3.0,37.99,0,"$1,332.12"
CUST-9741,non-binary,73,West,50,Month-to-month,44.78,,,1,"$2,239.0"
CUST-9491,F,71,South,15,Month-to-month,35.47,3.0,,1,$532.05
CUST-9852,non-binary,71,North,61,Month-to-month,109.05,,,0,"$6,652.05"
CUST-3590,F,250,North,45,Month-to-month,31.87,,71.56,1,"$1,434.15"
CUST-1347,non-binary,57,West,14,Two year,38.15,3.0,,0,$534.1
CUST-2525,Female,43,East,20,One year,44.46,,,0,$889.2
CUST-10270,F,74,South,18,One year,28.53,,34.14,0,$513.54
CUST-1972,Male,69,South,44,Month-to-month,64.83,0.0,,1,"$2,852.52"
CUST-7024,M,32,West,24,Month-to-month,106.49,3.0,,0,"$2,555.76"
CUST-6424,Male,47,West,14,m2m,97.04,0.0,,1,"$1,358.56"
CUST-10832,M,50,North,52,Month-to-month,109.89,,32.47,1,"$5,714.28"
CUST-8582,non-binary,65,West,41,Month-to-month,53.6,2.0,,0,"$2,197.6"
CUST-10786,Female,78,West,43,Month-to-month,103.54,,,1,"$4,452.22"
CUST-9875,Male,32,East,43,Month-to-month,114.72,,,1,"$4,932.96"
CUST-5405,F,46,West,7,One year,108.59,2.0,,0,$760.13
CUST-5903,Female,36,West,21,One year,87.89,2.0,93.48,0,"$1,845.69"
CUST-1069,M,36,West,58,One year,109.93,,71.63,0,"$6,375.94"
CUST-6863,M,19,West,48,One year,60.39,2.0,78.18,0,"$2,898.72"
CUST-4115,F,52,North,34,One year,82.94,,51.4,0,"$2,819.96"
CUST-5958,Female,-5,South,24,Month-to-month,82.39,,18.06,1,"$1,977.36"
CUST-10515,M,43,North,68,One year,118.74,,,0,"$8,074.32"
CUST-1788,F,57,South,1,Month-to-month,114.73,8.0,30.340000000000003,1,$114.73
CUST-10840,Male,24,West,44,Two year,22.02,2.0,89.06,0,$968.88
CUST-6335,Male,47,East,47,Month-to-month,103.56,,,1,"$4,867.32"
CUST-5523,F,44,South,52,One year,85.13,3.0,,0,"$4,426.76"
CUST-4362,F,42,South,17,2yr,106.74,3.0,88.92,0,"$1,814.58"
CUST-7361,non-binary,73,South,70,Month-to-month,101.2,1.0,72.91,0,"$7,084.0"
CUST-4656,Female,21,West,64,Two year,38.63,,,0,"$2,472.32"
CUST-3854,Female,43,West,57,m2m,102.22,,91.37,0,"$5,826.54"
CUST-10869,Male,29,North,47,Month-to-month,106.63,,,1,"$5,011.61"
CUST-6455,M,21,North,67,One year,58.51,10.0,15.69,1,"$3,920.17"
CUST-7278,Female,29,North,54,Month-to-month,89.02,3.0,,1,"$4,807.08"
CUST-3057,F,25,West,70,Month-to-month,44.34,,,1,"$3,103.8"
CUST-5262,Female,36,West,61,Month-to-month,73.11,,90.61,0,"$4,459.71"
CUST-7101,F,47,East,33,One year,93.91,8.0,33.72,0,"$3,099.03"
CUST-7447,Male,39,West,35,One year,65.72,0.0,,0,"$2,300.2"
CUST-9075,Female,41,East,58,1yr,62.16,1.0,,0,"$3,605.28"
CUST-10224,non-binary,66,North,47,Month-to-month,96.85,,90.33,1,"$4,551.95"
CUST-1667,F,61,East,30,One year,84.41,,89.82,0,"$2,532.3"
CUST-4802,Female,32,West,10,One year,118.29,8.0,35.57,1,"$1,182.9"
CUST-10177,Female,67,North,7,Month-to-month,64.37,2.0,,0,$450.59
CUST-1850,non-binary,48,West,4,2yr,118.38,2.0,,1,$473.52
CUST-10831,Female,58,North,34,Month-to-month,37.4,,,0,"$1,271.6"
CUST-1291,Female,38,North,47,Month-to-month,90.54,,79.01,0,"$4,255.38"
CUST-1906,M,37,West,48,One year,56.49,,,0,"$2,711.52"
CUST-5604,M,62,West,52,m2m,63.76,,,0,"$3,315.52"
CUST-2944,F,20,South,63,Two year,56.05,,58.46,0,"$3,531.15"
CUST-3945,non-binary,55,South,22,1yr,114.61,2.0,,0,"$2,521.42"
CUST-10408,M,67,South,6,One year,115.25,,21.61,0,$691.5
CUST-1060,F,65,South,54,2yr,105.36,,58.9,1,"$5,689.44"
CUST-4640,non-binary,50,South,16,Two year,86.45,,23.7,0,"$1,383.2"
CUST-7396,Female,42,North,66,Month-to-month,32.86,,,0,"$2,168.76"
CUST-5433,M,73,North,2,Month-to-month,86.77,0.0,73.89,0,$173.54
CUST-6039,F,73,North,35,One year,55.05,3.0,,0,"$1,926.75"
CUST-9900,non-binary,37,West,49,One year,108.23,3.0,,0,"$5,303.27"
CUST-4420,Male,53,North,19,Month-to-month,45.14,,81.19,1,$857.66
CUST-6233,F,41,South,37,Month-to-month,49.87,6.0,20.8,1,"$1,845.19"
CUST-2146,F,62,West,64,Month-to-month,28.31,,,1,"$1,811.84"
CUST-10441,F,76,South,14,Month-to-month,68.16,,,1,$954.24
CUST-6849,M,21,West,47,One year,82.58,0.0,,1,"$3,881.26"
CUST-2468,Male,66,East,59,Two year,20.44,3.0,,0,"$1,205.96"
CUST-5653,Male,77,East,8,1yr,83.07,,,0,$664.56
CUST-2920,M,57,South,59,Two year,102.27,,,0,"$6,033.93"
CUST-7948,M,59,West,51,Two year,23.7,0.0,49.73,0,"$1,208.7"
CUST-4733,Female,30,West,48,One year,88.35,,,0,"$4,240.8"
CUST-2700,non-binary,21,North,59,One year,60.42,3.0,,0,"$3,564.78"
CUST-1873,F,64,West,5,m2m,44.74,3.0,,0,$223.7
CUST-1402,non-binary,53,West,49,Month-to-month,113.58,,,0,"$5,565.42"
CUST-6300,Female,55,East,4,1yr,45.55,,,0,$182.2
CUST-3467,Female,42,East,66,Two year,118.33,2.0,,0,"$7,809.78"
CUST-7710,M,30,West,42,One year,82.63,2.0,,0,"$3,470.46"
CUST-2066,M,41,East,70,2yr,101.59,,94.08,0,"$7,111.3"
CUST-8444,Male,65,West,25,Month-to-month,27.08,,13.85,0,$677.0
CUST-3660,M,250,West,54,One year,53.76,0.0,,0,"$2,903.04"
CUST-9686,Male,29,East,45,One year,48.55,,95.07,0,"$2,184.75"
CUST-7602,M,52,West,29,2yr,71.28,8.0,17.02,1,"$2,067.12"
CUST-1821,non-binary,41,North,38,Month-to-month,27.72,3.0,,0,"$1,053.36"
CUST-5006,Female,77,West,34,One year,90.13,,27.29,0,"$3,064.42"
CUST-10486,F,51,East,48,Month-to-month,80.46,2.0,,1,"$3,862.08"
CUST-1471,Female,47,East,49,Month-to-month,78.66,,,1,"$3,854.34"
CUST-9380,Female,54,North,6,Month-to-month,22.32,,16.71,1,$133.92
CUST-3300,M,71,East,60,Month-to-month,76.01,0.0,,0,"$4,560.6"
CUST-4002,Male,72,West,42,Month-to-month,63.99,,61.49,1,"$2,687.58"
CUST-9238,Male,50,North,32,Month-to-month,52.77,,,1,"$1,688.64"
CUST-4505,F,80,North,23,One year,86.28,2.0,92.98,0,"$1,984.44"
CUST-5226,M,29,West,56,Month-to-month,92.03,,13.54,1,"$5,153.68"
CUST-9967,Male,44,West,53,Month-to-month,21.67,,54.86,0,"$1,148.51"
CUST-6197,Female,78,East,11,One year,35.36,10.0,28.2,0,$388.96
CUST-9576,Male,72,West,3,One year,42.02,,16.82,0,$126.06
CUST-6982,Female,49,West,39,One year,41.53,1.0,,0,"$1,619.67"
CUST-9233,F,24,East,1,One year,109.5,,,0,$109.5
CUST-6649,Male,31,East,14,Month-to-month,114.43,1.0,53.58,1,"$1,602.02"
CUST-6457,non-binary,68,South,61,Month-to-month,74.43,0.0,,1,"$4,540.23"
CUST-5052,F,67,West,48,Month-to-month,60.11,1.0,99.97,1,"$2,885.28"
CUST-1584,Male,72,North,17,Month-to-month,89.97,,10.89,1,"$1,529.49"
CUST-7182,M,58,North,36,Two year,71.92,0.0,23.1,1,"$2,589.12"
CUST-4238,F,57,West,20,One year,94.01,3.0,71.45,0,"$1,880.2"
CUST-1672,Female,63,South,69,Two year,66.31,2.0,,0,"$4,575.39"
CUST-7379,F,36,South,61,m2m,93.35,,,1,"$5,694.35"
CUST-9237,M,77,West,21,Month-to-month,96.3,1.0,17.29,1,"$2,022.3"
CUST-10044,Male,21,East,34,One year,38.63,,29.63,0,"$1,313.42"
CUST-2655,Female,71,East,31,Month-to-month,72.38,2.0,,1,"$2,243.78"
CUST-1274,F,26,East,35,Month-to-month,33.93,0.0,,1,"$1,187.55"
CUST-9087,Female,53,South,39,Month-to-month,89.16,,,0,"$3,477.24"
CUST-9336,Male,-5,East,34,Two year,31.61,,13.28,0,"$1,074.74"
CUST-5282,F,36,West,15,Two year,99.42,,,0,"$1,491.3"
CUST-10144,F,36,North,25,One year,90.59,,65.38,0,"$2,264.75"
CUST-3350,Male,45,South,35,Two year,110.72,1.0,53.54,0,"$3,875.2"
CUST-6080,F,22,West,41,One year,118.14,,35.57,0,"$4,843.74"
CUST-9182,M,59,West,53,Month-to-month,50.39,1.0,,0,"$2,670.67"
CUST-1777,M,63,West,4,Month-to-month,96.6,2.0,4.420000000000002,1,$386.4
CUST-8909,Male,70,South,68,Month-to-month,102.61,2.0,,1,"$6,977.48"
CUST-8936,M,30,North,62,Month-to-month,86.95,5.0,14.93,1,"$5,390.9"
CUST-8286,Female,80,East,72,One year,22.89,0.0,14.92,1,"$1,648.08"
CUST-7036,Male,78,West,30,Month-to-month,46.65,,,0,"$1,399.5"
CUST-5395,Female,65,West,68,One year,104.34,,,0,"$7,095.12"
CUST-3202,Female,73,East,19,2yr,51.92,,94.34,0,$986.48
CUST-1593,non-binary,18,North,66,2yr,74.61,,28.25,0,"$4,924.26"
CUST-3821,M,65,West,70,m2m,96.15,,,1,"$6,730.5"
CUST-10378,non-binary,51,West,7,One year,37.67,,70.44,0,$263.69
CUST-6922,non-binary,47,North,42,2yr,37.03,6.0,37.07,1,"$1,555.26"
CUST-1342,Female,48,West,3,Month-to-month,59.53,1.0,,1,$178.59
CUST-8831,F,62,West,40,One year,68.32,1.0,,0,"$2,732.8"
CUST-10054,M,28,North,8,m2m,70.86,1.0,85.25,1,$566.88
CUST-6548,Male,60,South,14,Month-to-month,93.65,0.0,28.5,1,"$1,311.1"
CUST-2271,non-binary,52,South,6,Two year,22.89,2.0,,0,$137.34
CUST-5672,Male,41,East,14,Two year,93.12,,11.83,0,"$1,303.68"
CUST-9729,Male,68,South,33,Two year,105.68,1.0,,0,"$3,487.44"
CUST-7363,non-binary,46,North,55,Month-to-month,30.36,,,1,"$1,669.8"
CUST-8054,F,47,South,2,Month-to-month,60.98,1.0,,1,$121.96
CUST-3253,M,45,South,66,Month-to-month,77.94,1.0,,0,"$5,144.04"
CUST-6823,Female,60,South,8,Month-to-month,93.16,,92.4,1,$745.28
CUST-6837,M,40,North,42,Two year,80.06,,56.57,0,"$3,362.52"
CUST-4353,Female,22,South,12,Month-to-month,61.36,0.0,71.05,0,$736.32
CUST-5012,Female,35,West,15,Month-to-month,99.5,0.0,,1,"$1,492.5"
CUST-4661,F,43,East,24,1yr,86.56,,84.19,1,"$2,077.44"
CUST-2232,M,250,West,49,One year,26.53,,,0,"$1,299.97"
CUST-2778,F,33,South,41,Month-to-month,95.77,,,0,"$3,926.57"
CUST-10456,F,37,South,64,Month-to-month,119.2,2.0,,1,"$7,628.8"
CUST-5140,F,31,North,8,Two year,28.22,,55.14,0,$225.76
CUST-8111,Male,70,West,33,Two year,98.21,3.0,,0,"$3,240.93"
CUST-9390,M,73,South,56,Month-to-month,64.47,0.0,,0,"$3,610.32"
CUST-10568,Female,43,North,64,One year,54.08,2.0,22.39,1,"$3,461.12"
CUST-8473,F,71,North,51,Month-to-month,20.82,1.0,,0,"$1,061.82"
CUST-6542,M,18,West,39,Month-to-month,83.4,,,0,"$3,252.6"
CUST-7136,F,55,West,9,Month-to-month,27.13,,,0,$244.17
CUST-9416,non-binary,18,East,68,Month-to-month,82.53,2.0,16.69,1,"$5,612.04"
CUST-10752,M,43,South,32,One year,103.22,,70.54,0,"$3,303.04"
CUST-1725,Male,25,West,63,One year,35.88,3.0,,0,"$2,260.44"
CUST-6302,M,38,East,41,Month-to-month,106.5,1.0,,1,"$4,366.5"
CUST-1002,F,79,West,25,One year,38.0,,80.64,0,$950.0
CUST-4797,Female,61,East,31,One year,42.55,3.0,,0,"$1,319.05"
CUST-10105,Female,27,South,31,Month-to-month,69.14,,,1,"$2,143.34"
CUST-3491,non-binary,-5,West,49,m2m,87.83,3.0,65.83,0,"$4,303.67"
CUST-7892,M,56,North,18,m2m,54.7,2.0,,0,$984.6
CUST-6405,non-binary,29,South,64,1yr,27.69,0.0,,0,"$1,772.16"
CUST-10838,non-binary,40,North,1,Month-to-month,73.42,,,0,$73.42
CUST-8436,non-binary,24,East,3,Two year,28.66,1.0,,1,$85.98
CUST-2303,M,59,North,54,One year,64.04,0.0,81.35,0,"$3,458.16"
CUST-4682,F,44,North,43,Two year,97.03,1.0,,1,"$4,172.29"
CUST-3039,non-binary,39,East,69,m2m,100.3,,44.4,1,"$6,920.7"
CUST-1923,Female,74,East,29,Month-to-month,108.67,3.0,,1,"$3,151.43"
CUST-6812,F,66,South,24,Two year,66.21,1.0,,0,"$1,589.04"
CUST-4415,non-binary,18,North,70,m2m,100.34,1.0,,1,"$7,023.8"
CUST-5277,M,36,East,35,One year,50.67,,,1,"$1,773.45"
CUST-10280,non-binary,70,North,39,One year,49.52,3.0,98.07,0,"$1,931.28"
CUST-4847,M,19,South,41,One year,83.07,,,0,"$3,405.87"
CUST-5669,Female,70,North,17,Two year,118.13,,77.96,0,"$2,008.21"
CUST-4755,non-binary,41,West,31,Two year,93.66,3.0,42.47,1,"$2,903.46"
CUST-1073,Male,65,South,59,Month-to-month,55.16,2.0,48.64,1,"$3,254.44"
CUST-2378,M,21,West,31,One year,105.91,,18.27,1,"$3,283.21"
CUST-6373,M,41,South,42,m2m,105.34,,,1,"$4,424.28"
CUST-7720,F,69,West,48,One year,53.76,,,0,"$2,580.48"
CUST-8458,Female,-5,South,57,Month-to-month,102.28,0.0,,0,"$5,829.96"
CUST-6891,non-binary,65,West,36,Month-to-month,78.94,,38.28,0,"$2,841.84"
CUST-4187,non-binary,76,North,18,One year,119.6,3.0,55.34,0,"$2,152.8"
CUST-10701,non-binary,74,West,55,Month-to-month,49.66,1.0,,1,"$2,731.3"
CUST-3823,F,66,West,52,Month-to-month,29.11,,31.21,1,"$1,513.72"
CUST-4313,Female,45,North,28,Month-to-month,80.22,,,1,"$2,246.16"
CUST-3603,non-binary,45,West,30,Month-to-month,101.31,,69.46,1,"$3,039.3"
CUST-6606,F,69,North,47,Month-to-month,90.68,,96.6,0,"$4,261.96"
CUST-7194,Male,76,North,31,Two year,76.74,0.0,82.28,0,"$2,378.94"
CUST-8170,Male,63,West,44,One year,113.51,,68.97,1,"$4,994.44"
CUST-5822,F,62,West,31,Month-to-month,116.81,,,1,"$3,621.11"
CUST-2069,Female,53,West,46,Two year,93.02,,,0,"$4,278.92"
CUST-2449,Male,18,East,31,Two year,55.43,3.0,11.71,0,"$1,718.33"
CUST-4742,Male,24,South,38,One year,47.68,,38.41,0,"$1,811.84"
CUST-10209,M,61,North,19,One year,59.68,,,0,"$1,133.92"
CUST-7421,F,45,South,53,Month-to-month,44.71,,,1,"$2,369.63"
CUST-6520,Male,48,North,4,m2m,31.03,,,0,$124.12
CUST-6901,Female,58,East,41,One year,38.67,,13.9,0,"$1,585.47"
CUST-9718,Male,71,North,41,One year,81.92,,10.63,0,"$3,358.72"
CUST-1913,Male,36,West,27,Two year,113.42,,21.7,0,"$3,062.34"
CUST-10126,F,79,South,49,Month-to-month,93.03,,,1,"$4,558.47"
CUST-1851,non-binary,26,South,19,m2m,81.75,,28.43,0,"$1,553.25"
CUST-9009,Female,50,West,0,One year,58.98,,0.0,1,$0.0
CUST-9620,Male,55,East,18,Two year,90.36,3.0,,0,"$1,626.48"
CUST-2026,Male,58,South,4,Two year,83.47,,44.52,0,$333.88
CUST-2763,Female,53,North,25,Month-to-month,85.86,3.0,72.45,1,"$2,146.5"
CUST-9744,M,44,East,26,Month-to-month,46.26,,,1,"$1,202.76"
CUST-10867,Female,48,North,14,One year,38.78,2.0,52.52,0,$542.92
CUST-5157,non-binary,76,West,11,Two year,102.39,3.0,59.86,0,"$1,126.29"
CUST-1071,non-binary,54,North,65,1yr,89.01,,,0,"$5,785.65"
CUST-3582,F,42,West,31,One year,39.43,3.0,,0,"$1,222.33"
CUST-10918,Female,76,North,47,One year,114.18,3.0,,0,"$5,366.46"
CUST-5221,Male,34,South,8,Month-to-month,24.17,,,0,$193.36
CUST-6076,F,33,West,47,Month-to-month,29.93,2.0,,1,"$1,406.71"
CUST-10539,Male,29,South,56,One year,101.02,0.0,,1,"$5,657.12"
CUST-8555,M,45,North,42,One year,55.17,,65.11,0,"$2,317.14"
CUST-5064,F,57,North,52,Month-to-month,61.61,,27.56,1,"$3,203.72"
CUST-8314,non-binary,70,North,27,One year,56.6,,,0,"$1,528.2"
CUST-10307,Male,56,West,21,m2m,43.46,3.0,,0,$912.66
CUST-5612,non-binary,55,West,47,Two year,41.63,2.0,,0,"$1,956.61"
CUST-10193,F,26,North,27,One year,41.29,,,0,"$1,114.83"
CUST-1554,Female,64,West,54,Month-to-month,39.97,3.0,,1,"$2,158.38"
CUST-5852,non-binary,74,West,72,One year,52.57,5.0,11.17,1,"$3,785.04"
CUST-9104,F,40,West,28,m2m,118.58,0.0,,0,"$3,320.24"
CUST-7140,M,67,West,8,Month-to-month,43.61,,11.06,1,$348.88
CUST-6829,F,49,North,38,1yr,106.6,3.0,74.51,0,"$4,050.8"
CUST-1670,M,69,West,45,One year,107.94,0.0,29.04,0,"$4,857.3"
CUST-3264,Female,25,East,17,Month-to-month,26.71,0.0,,0,$454.07
CUST-1616,Female,54,West,52,Two year,114.66,,,1,"$5,962.32"
CUST-1573,M,28,West,42,One year,65.46,,,0,"$2,749.32"
CUST-10529,F,68,West,38,One year,92.24,3.0,83.04,0,"$3,505.12"
CUST-5127,Female,54,West,65,One year,77.23,1.0,71.4,0,"$5,019.95"
CUST-6283,Female,53,East,45,Two year,69.78,,,0,"$3,140.1"
CUST-3287,F,39,South,23,Month-to-month,105.17,7.0,31.86,1,"$2,418.91"
CUST-2336,M,73,North,62,One year,116.42,0.0,53.53,0,"$7,218.04"
CUST-8953,Male,45,West,61,One year,47.79,,20.21,0,"$2,915.19"
CUST-6868,F,22,North,23,Month-to-month,102.29,,73.87,1,"$2,352.67"
CUST-6924,M,45,West,67,Month-to-month,54.24,2.0,,0,"$3,634.08"
CUST-9045,Female,53,South,14,Month-to-month,26.49,3.0,,0,$370.86
CUST-6744,Female,38,East,44,One year,66.71,0.0,55.72,0,"$2,935.24"
CUST-5515,Male,46,South,71,One year,60.39,8.0,25.73,1,"$4,287.69"
CUST-7367,M,-5,East,43,2yr,81.15,1.0,72.48,0,"$3,489.45"
CUST-9074,non-binary,65,East,56,One year,34.71,3.0,,0,"$1,943.76"
CUST-8578,F,74,South,58,Month-to-month,100.28,2.0,60.77,1,"$5,816.24"
CUST-6235,Female,80,East,56,m2m,68.27,,52.42,1,"$3,823.12"
CUST-2732,non-binary,61,West,62,One year,92.37,,39.79,0,"$5,726.94"
CUST-10772,M,22,South,40,Month-to-month,54.82,0.0,,0,"$2,192.8"
CUST-3875,Female,40,West,68,Month-to-month,85.3,1.0,82.74,0,"$5,800.4"
CUST-1166,Male,250,West,33,Month-to-month,101.72,,,1,"$3,356.76"
CUST-8650,F,24,East,67,Month-to-month,94.01,3.0,62.9,1,"$6,298.67"
CUST-6777,non-binary,68,South,43,One year,117.41,2.0,,0,"$5,048.63"
CUST-10117,Female,55,East,26,2yr,116.73,2.0,63.88,0,"$3,034.98"
CUST-1605,non-binary,79,North,71,Month-to-month,85.01,,,1,"$6,035.71"
CUST-10868,non-binary,37,North,11,Month-to-month,88.84,5.0,16.55,1,$977.24
CUST-3210,M,25,South,27,One year,70.33,,18.6,1,"$1,898.91"
CUST-2267,non-binary,62,West,48,2yr,42.27,3.0,,1,"$2,028.96"
CUST-5804,F,79,West,56,Month-to-month,47.12,2.0,,0,"$2,638.72"
CUST-9929,F,46,West,46,Month-to-month,89.94,,,0,"$4,137.24"
CUST-9740,F,76,South,17,1yr,31.63,,21.42,1,$537.71
CUST-8433,Female,250,West,42,One year,115.68,,,1,"$4,858.56"
CUST-4786,Male,23,South,43,One year,57.45,2.0,,0,"$2,470.35"
CUST-2894,F,22,West,70,Two year,99.29,2.0,93.86,0,"$6,950.3"
CUST-6503,Female,64,West,72,m2m,54.48,2.0,,1,"$3,922.56"
CUST-4588,F,40,South,62,One year,66.01,3.0,,0,"$4,092.62"
CUST-4316,non-binary,60,South,25,One year,92.88,0.0,,0,"$2,322.0"
CUST-7711,non-binary,41,South,46,m2m,24.49,4.0,22.95,1,"$1,126.54"
CUST-10084,M,60,East,35,One year,113.11,,33.39,1,"$3,958.85"
CUST-9187,Female,62,East,25,Month-to-month,41.16,3.0,,1,"$1,029.0"
CUST-5066,F,73,West,2,m2m,108.7,,,1,$217.4
CUST-8832,Female,250,South,3,One year,67.05,1.0,,0,$201.15
CUST-3643,Female,37,South,6,Month-to-month,114.52,,50.37,0,$687.12
CUST-1101,M,73,West,22,One year,110.75,2.0,70.96,0,"$2,436.5"
CUST-7020,M,35,East,25,One year,64.13,2.0,,0,"$1,603.25"
CUST-6105,F,47,North,43,2yr,114.73,,,0,"$4,933.39"
CUST-4717,Male,37,West,9,Month-to-month,30.88,,76.08,0,$277.92
CUST-8204,M,250,South,1,Month-to-month,37.7,1.0,8.14,1,$37.7
CUST-10940,Female,75,South,16,Month-to-month,103.02,1.0,36.5,0,"$1,648.32"
CUST-5824,Female,51,East,11,Month-to-month,69.01,,,1,$759.11
CUST-4896,Male,25,South,13,One year,32.42,2.0,,0,$421.46
CUST-9596,M,54,North,9,One year,51.0,,,0,$459.0
CUST-6530,Male,67,East,6,One year,79.0,,10.56,0,$474.0
CUST-10415,F,75,South,57,Month-to-month,28.08,0.0,,0,"$1,600.56"
CUST-10937,Female,23,East,41,Two year,109.65,,,0,"$4,495.65"
CUST-5461,M,59,North,59,1yr,118.3,,,1,"$6,979.7"
CUST-10338,Male,22,West,1,One year,88.72,,,0,$88.72
CUST-6353,non-binary,-5,North,58,Month-to-month,119.35,,,0,"$6,922.3"
CUST-1909,M,48,South,43,Month-to-month,68.27,3.0,58.16,0,"$2,935.61"
CUST-5553,Male,65,West,72,One year,42.22,1.0,82.27,1,"$3,039.84"
CUST-4861,non-binary,66,North,54,Month-to-month,51.77,3.0,,0,"$2,795.58"
CUST-8646,non-binary,28,North,39,m2m,109.26,,49.25,1,"$4,261.14"
CUST-3589,non-binary,38,South,57,Month-to-month,76.41,2.0,52.73,1,"$4,355.37"
CUST-3383,F,37,North,13,Month-to-month,90.42,1.0,51.72,1,"$1,175.46"
CUST-3510,Female,76,North,47,One year,91.96,0.0,80.28,0,"$4,322.12"
CUST-4199,non-binary,58,South,26,Month-to-month,38.84,,60.63,0,"$1,009.84"
CUST-7895,non-binary,32,West,37,Month-to-month,83.35,,66.27,0,"$3,083.95"
CUST-10583,M,40,South,3,Month-to-month,53.94,2.0,46.94,0,$161.82
CUST-9690,M,22,East,4,One year,80.12,,,0,$320.48
CUST-3509,M,73,North,38,Two year,50.84,2.0,,1,"$1,931.92"
CUST-10710,F,53,South,18,m2m,39.41,9.0,39.98,1,$709.38
CUST-10507,F,56,South,56,m2m,41.95,3.0,,0,"$2,349.2"
CUST-9975,M,-5,North,3,One year,72.43,,3.3599999999999994,1,$217.29
CUST-6493,Male,53,East,25,m2m,61.74,,13.11,0,"$1,543.5"
CUST-3134,M,74,North,5,One year,118.52,,42.55,1,$592.6
CUST-5329,Male,56,North,25,1yr,52.85,1.0,27.6,0,"$1,321.25"
CUST-5870,M,23,West,17,Month-to-month,62.33,0.0,,0,"$1,059.61"
CUST-4105,Female,56,West,57,One year,119.02,2.0,,0,"$6,784.14"
CUST-1552,Male,47,West,37,Month-to-month,94.49,3.0,,0,"$3,496.13"
CUST-1982,non-binary,22,North,37,2yr,54.37,1.0,75.65,1,"$2,011.69"
CUST-5195,F,49,North,19,1yr,48.19,,,0,$915.61
CUST-6038,non-binary,67,West,22,Month-to-month,117.53,8.0,17.04,1,"$2,585.66"
CUST-2662,Female,79,North,38,Two year,27.81,1.0,99.75,0,"$1,056.78"
CUST-2496,non-binary,250,West,26,Two year,24.0,0.0,,0,$624.0
CUST-1452,F,57,East,5,2yr,56.25,,69.1,0,$281.25
CUST-7511,M,45,North,29,m2m,23.32,3.0,51.62,0,$676.28
CUST-4365,non-binary,45,West,28,1yr,61.65,,24.29,0,"$1,726.2"
CUST-9668,non-binary,67,West,48,One year,75.58,,95.71,0,"$3,627.84"
CUST-10872,M,19,West,62,m2m,20.55,,,1,"$1,274.1"
CUST-6942,M,73,North,31,m2m,105.69,,31.04,1,"$3,276.39"
CUST-7160,non-binary,36,South,57,Month-to-month,85.14,,,0,"$4,852.98"
CUST-7436,non-binary,64,West,2,Two year,99.58,1.0,15.629999999999999,0,$199.16
CUST-5436,Female,59,West,23,m2m,115.95,,41.6,1,"$2,666.85"
CUST-7665,Male,73,South,7,One year,51.21,,63.99,0,$358.47
CUST-8597,Female,54,South,55,Two year,85.22,1.0,51.23,1,"$4,687.1"
CUST-1652,F,41,East,17,One year,32.48,0.0,,1,$552.16
CUST-5799,non-binary,46,North,49,m2m,70.2,2.0,,1,"$3,439.8"
CUST-7968,M,25,South,13,One year,90.34,1.0,,0,"$1,174.42"
CUST-9452,Male,75,West,2,2yr,112.19,0.0,,1,$224.38
CUST-1507,Male,24,West,53,One year,78.54,,61.1,0,"$4,162.62"
CUST-2881,Female,71,North,48,Two year,24.09,0.0,45.82,1,"$1,156.32"
CUST-10283,non-binary,66,North,43,One year,38.46,1.0,,0,"$1,653.78"
CUST-1021,Male,52,East,49,Month-to-month,38.03,,,1,"$1,863.47"
CUST-3623,Male,23,South,69,Month-to-month,96.51,0.0,,1,"$6,659.19"
CUST-10043,Female,26,North,55,Two year,63.64,,56.25,0,"$3,500.2"
CUST-5636,Female,78,West,4,Month-to-month,110.48,,,0,$441.92
CUST-1761,Female,19,South,24,One year,54.37,,54.73,0,"$1,304.88"
CUST-7090,Male,34,North,35,Month-to-month,55.41,,,1,"$1,939.35"
CUST-2896,non-binary,60,East,2,Two year,113.2,3.0,,1,$226.4
CUST-1884,M,34,West,3,Month-to-month,42.73,,81.17,0,$128.19
CUST-9453,non-binary,47,South,71,One year,100.89,3.0,47.49,1,"$7,163.19"
CUST-8893,Male,-5,West,72,One year,74.13,,,0,"$5,337.36"
CUST-6939,M,29,West,19,1yr,117.42,,16.0,0,"$2,230.98"
CUST-2726,M,19,North,50,One year,44.63,,,0,"$2,231.5"
CUST-5389,Male,41,West,1,Month-to-month,21.39,,,0,$21.39
CUST-2071,non-binary,31,North,12,1yr,77.59,,,0,$931.08
CUST-2919,M,74,West,19,Month-to-month,27.45,,,1,$521.55
CUST-4664,M,36,West,29,Month-to-month,44.3,,41.65,0,"$1,284.7"
CUST-4481,Female,53,West,45,Two year,91.11,,66.39,1,"$4,099.95"
CUST-10289,Male,68,East,65,Month-to-month,52.57,,,0,"$3,417.05"
CUST-7242,F,22,West,45,Month-to-month,98.77,1.0,53.92,1,"$4,444.65"
CUST-3708,Female,20,South,57,One year,24.56,,,0,"$1,399.92"
CUST-9203,M,26,South,17,One year,50.04,,,0,$850.68
CUST-4536,F,43,North,48,Month-to-month,66.57,3.0,43.82,0,"$3,195.36"
CUST-7483,F,49,West,61,Month-to-month,31.09,2.0,76.18,0,"$1,896.49"
CUST-2276,Female,77,South,71,Two year,97.23,2.0,,0,"$6,903.33"
CUST-1360,Male,50,West,1,Month-to-month,42.45,,,1,$42.45
CUST-3536,M,39,East,71,1yr,49.76,0.0,,0,"$3,532.96"
CUST-10748,M,24,South,13,Month-to-month,25.94,1.0,,0,$337.22
CUST-8977,Female,58,West,21,Two year,42.2,,,0,$886.2
CUST-10526,F,57,West,2,Month-to-month,107.57,,60.34,0,$215.14
CUST-3283,non-binary,78,West,14,Month-to-month,94.74,1.0,37.17,0,"$1,326.36"
CUST-6559,Female,56,South,6,One year,101.86,2.0,,0,$611.16
CUST-5814,F,45,West,63,Month-to-month,45.45,3.0,,1,"$2,863.35"
CUST-7718,non-binary,61,South,57,Month-to-month,67.46,10.0,30.31,1,"$3,845.22"
CUST-8087,non-binary,49,East,39,One year,62.13,2.0,,0,"$2,423.07"
CUST-1741,M,34,West,31,m2m,73.51,,,1,"$2,278.81"
CUST-2553,Female,25,West,24,Month-to-month,105.4,2.0,,1,"$2,529.6"
CUST-10611,non-binary,80,South,60,One year,50.05,0.0,54.1,0,"$3,003.0"
CUST-8699,M,75,North,24,Month-to-month,49.27,3.0,,0,"$1,182.48"
CUST-6985,Male,79,South,63,Two year,66.09,2.0,44.53,1,"$4,163.67"
CUST-9240,non-binary,69,South,27,Month-to-month,65.33,,93.34,0,"$1,763.91"
CUST-7564,Female,71,North,34,Month-to-month,115.75,,58.19,0,"$3,935.5"
CUST-1690,M,27,South,51,One year,61.55,,34.76,0,"$3,139.05"
CUST-9705,non-binary,44,West,29,m2m,116.55,,34.35,0,"$3,379.95"
CUST-1794,F,34,East,40,Month-to-month,34.44,,34.7,1,"$1,377.6"
CUST-4788,F,51,North,69,One year,31.61,,12.27,0,"$2,181.09"
CUST-6044,Male,25,West,52,Month-to-month,74.61,2.0,,0,"$3,879.72"
CUST-2189,Female,47,East,32,Month-to-month,95.62,1.0,,0,"$3,059.84"
CUST-4486,non-binary,-5,South,17,Two year,35.81,0.0,62.11,0,$608.77
CUST-4392,F,27,West,64,One year,55.29,,,0,"$3,538.56"
CUST-9163,M,35,East,43,2yr,98.09,1.0,55.49,1,"$4,217.87"
CUST-3671,Female,32,West,31,Two year,93.24,2.0,,0,"$2,890.44"
CUST-7212,non-binary,61,North,60,Two year,36.13,,50.58,0,"$2,167.8"
CUST-10134,M,61,South,1,One year,49.15,,,0,$49.15
CUST-9769,non-binary,18,North,3,Month-to-month,77.94,,19.29,1,$233.82
CUST-7346,non-binary,71,North,27,One year,105.51,5.0,24.55,1,"$2,848.77"
CUST-9570,F,42,South,43,Month-to-month,54.6,8.0,10.39,0,"$2,347.8"
CUST-2456,F,61,West,31,One year,61.5,3.0,92.77,0,"$1,906.5"
CUST-2531,F,34,South,68,1yr,88.08,,79.73,0,"$5,989.44"
CUST-9532,Male,24,East,53,Two year,51.59,,29.75,1,"$2,734.27"
CUST-7189,Female,33,East,53,Month-to-month,78.14,1.0,99.07,1,"$4,141.42"
CUST-3278,Male,65,West,33,Month-to-month,62.19,,,1,"$2,052.27"
CUST-10254,F,52,South,59,m2m,24.2,3.0,,0,"$1,427.8"
CUST-10637,Male,20,West,50,Month-to-month,96.56,9.0,21.26,1,"$4,828.0"
CUST-2963,Male,56,North,41,Month-to-month,118.06,1.0,,1,"$4,840.46"
CUST-5905,Male,64,East,7,Month-to-month,73.37,3.0,84.48,1,$513.59
CUST-2617,M,80,North,33,Month-to-month,112.66,1.0,,1,"$3,717.78"
CUST-3474,F,55,East,17,One year,50.89,3.0,,0,$865.13
CUST-7339,F,22,North,42,m2m,109.31,1.0,,0,"$4,591.02"
CUST-8494,non-binary,57,West,52,1yr,78.2,9.0,22.13,0,"$4,066.4"
CUST-6877,F,51,North,50,1yr,99.32,3.0,,0,"$4,966.0"
CUST-7692,non-binary,28,East,3,Month-to-month,58.56,,,1,$175.68
CUST-4648,Male,68,West,18,One year,102.3,0.0,,0,"$1,841.4"
CUST-7914,Male,61,West,1,Month-to-month,28.53,7.0,33.96,1,$28.53
CUST-4618,non-binary,19,East,43,One year,68.43,,,0,"$2,942.49"
CUST-5310,Male,51,West,57,One year,80.29,3.0,86.23,0,"$4,576.53"
CUST-1231,Female,58,South,18,Month-to-month,107.27,,77.42,1,"$1,930.86"
CUST-8423,F,41,North,29,Two year,115.75,,,1,"$3,356.75"
CUST-3487,non-binary,67,South,47,Two year,46.74,0.0,,1,"$2,196.78"
CUST-10807,F,28,West,28,Month-to-month,86.0,,34.75,1,"$2,408.0"
CUST-5301,M,53,West,9,Month-to-month,113.97,2.0,,1,"$1,025.73"
CUST-6381,F,69,North,48,Two year,80.46,,,0,"$3,862.08"
CUST-8610,Male,250,South,12,Two year,28.26,2.0,,0,$339.12
CUST-1587,F,57,North,51,Two year,43.89,,,0,"$2,238.39"
CUST-9183,non-binary,62,South,3,Two year,97.41,,,0,$292.23
CUST-2656,F,78,West,53,One year,31.51,0.0,,0,"$1,670.03"
CUST-7180,M,28,South,7,2yr,105.13,3.0,,0,$735.91
CUST-1464,F,48,North,37,One year,69.91,7.0,30.46,1,"$2,586.67"
CUST-3065,Female,42,East,55,One year,68.78,2.0,96.74,0,"$3,782.9"
CUST-3331,F,56,West,46,Month-to-month,27.86,0.0,98.86,1,"$1,281.56"
CUST-5577,M,58,West,47,Two year,49.61,,,0,"$2,331.67"
CUST-7392,F,-5,West,26,Two year,66.14,,60.45,0,"$1,719.64"
CUST-8532,non-binary,30,East,25,One year,119.27,,,0,"$2,981.75"
CUST-6186,non-binary,74,North,8,One year,51.98,1.0,52.93,0,$415.84
CUST-9463,Female,79,North,4,1yr,102.83,,5.120000000000001,1,$411.32
CUST-6145,Male,51,North,21,Month-to-month,31.03,,,0,$651.63
CUST-7075,M,51,North,72,One year,96.75,3.0,68.16,0,"$6,966.0"
CUST-5299,Female,65,West,23,Month-to-month,104.45,0.0,,1,"$2,402.35"
CUST-1431,Female,30,South,18,Month-to-month,118.61,9.0,19.38,1,"$2,134.98"
CUST-5960,M,50,North,67,One year,36.31,2.0,,0,"$2,432.77"
CUST-6610,F,74,North,34,Two year,46.02,,,0,"$1,564.68"
CUST-3289,Male,46,West,65,Two year,89.79,4.0,29.85,0,"$5,836.35"
CUST-4339,M,28,South,46,2yr,34.94,,,0,"$1,607.24"
CUST-10060,F,35,South,47,Month-to-month,20.47,1.0,,0,$962.09
CUST-3443,Male,24,West,27,m2m,67.97,,58.38,0,"$1,835.19"
CUST-3432,M,53,East,7,1yr,111.0,,70.15,0,$777.0
CUST-2405,F,47,North,50,1yr,68.1,1.0,40.31,0,"$3,405.0"
CUST-8162,non-binary,51,North,32,Month-to-month,39.69,,57.93,0,"$1,270.08"
CUST-10771,non-binary,60,West,42,1yr,83.46,,,0,"$3,505.32"
CUST-9510,Male,28,South,10,Two year,92.83,5.0,37.72,1,$928.3
CUST-2699,M,36,North,69,One year,32.19,2.0,,0,"$2,221.11"
CUST-2167,non-binary,74,West,37,Month-to-month,83.68,,,0,"$3,096.16"
CUST-5344,F,61,East,31,Month-to-month,76.34,,,0,"$2,366.54"
CUST-2529,Male,25,South,34,Month-to-month,90.9,0.0,65.56,0,"$3,090.6"
CUST-5009,Male,78,East,58,Month-to-month,91.4,0.0,,0,"$5,301.2"
CUST-7022,F,24,North,31,Month-to-month,66.5,1.0,,0,"$2,061.5"
CUST-2957,Male,30,West,16,2yr,118.04,,,0,"$1,888.64"
CUST-3226,Female,71,South,43,Two year,67.47,,77.66,0,"$2,901.21"
CUST-2564,non-binary,44,East,42,2yr,43.04,1.0,,0,"$1,807.68"
CUST-8399,Female,53,South,51,Month-to-month,86.54,3.0,49.31,0,"$4,413.54"
CUST-9400,F,62,South,58,Two year,65.85,0.0,,1,"$3,819.3"
CUST-9267,Male,66,South,3,Two year,35.01,3.0,75.7,0,$105.03
CUST-8921,non-binary,25,North,29,One year,55.42,0.0,,0,"$1,607.18"
CUST-9537,non-binary,79,West,2,Month-to-month,100.23,3.0,,0,$200.46
CUST-9447,M,54,East,30,Two year,54.27,,56.94,0,"$1,628.1"
CUST-9845,Male,45,East,62,Two year,38.0,,99.71,0,"$2,356.0"
CUST-9309,F,18,East,61,One year,34.87,,49.68,0,"$2,127.07"
CUST-3701,F,73,West,19,1yr,61.47,3.0,78.65,0,"$1,167.93"
CUST-7680,non-binary,59,North,1,One year,76.3,,55.45,0,$76.3
CUST-3772,F,60,West,5,Two year,41.66,,,0,$208.3
CUST-1136,F,71,West,7,Month-to-month,64.14,,44.47,1,$448.98
CUST-7619,Male,45,North,38,One year,40.21,,69.4,0,"$1,527.98"
CUST-10620,Male,49,South,59,Month-to-month,42.09,,88.69,1,"$2,483.31"
CUST-6029,F,47,West,17,Two year,111.11,3.0,,0,"$1,888.87"
CUST-4864,M,48,North,27,One year,70.12,3.0,,0,"$1,893.24"
CUST-4743,F,49,West,46,Month-to-month,63.77,1.0,65.35,0,"$2,933.42"
CUST-6544,non-binary,66,East,20,Month-to-month,60.78,2.0,,0,"$1,215.6"
CUST-10672,Female,64,East,60,One year,45.98,2.0,,0,"$2,758.8"
CUST-3128,Female,27,North,11,One year,82.34,,36.4,0,$905.74
CUST-8931,F,71,East,30,m2m,75.17,1.0,,1,"$2,255.1"
CUST-8739,Female,21,North,67,Month-to-month,51.5,0.0,,0,"$3,450.5"
CUST-5366,Male,59,North,13,m2m,41.81,,,0,$543.53
CUST-3834,Male,23,North,23,One year,79.65,,60.56,0,"$1,831.95"
CUST-1432,F,28,West,27,m2m,44.63,,51.3,1,"$1,205.01"
CUST-6923,F,65,West,5,Month-to-month,83.32,,12.48,1,$416.6
CUST-10788,Male,27,South,66,m2m,79.59,2.0,,0,"$5,252.94"
CUST-6774,F,57,West,38,Month-to-month,53.96,,,0,"$2,050.48"
CUST-10894,Male,78,North,26,Month-to-month,64.19,,,1,"$1,668.94"
CUST-1410,non-binary,35,South,54,One year,38.01,,,0,"$2,052.54"
CUST-9079,non-binary,37,South,36,Month-to-month,112.54,3.0,,1,"$4,051.44"
CUST-6411,non-binary,250,West,67,Month-to-month,112.41,2.0,95.76,1,"$7,531.47"
CUST-6315,Male,80,North,28,2yr,76.45,,57.92,1,"$2,140.6"
CUST-5791,F,21,South,38,2yr,29.22,3.0,,0,"$1,110.36"
CUST-10036,Male,47,North,42,m2m,20.4,,15.69,1,$856.8
CUST-9672,M,66,West,61,Two year,70.9,3.0,55.41,0,"$4,324.9"
CUST-10575,F,250,North,45,One year,94.29,,37.39,0,"$4,243.05"
CUST-6718,Female,26,East,18,One year,77.87,,,0,"$1,401.66"
CUST-2740,Male,48,West,52,Month-to-month,30.95,,,1,"$1,609.4"
CUST-1868,Female,57,North,39,Month-to-month,66.41,0.0,,0,"$2,589.99"
CUST-5904,non-binary,27,West,15,Month-to-month,57.67,3.0,46.58,0,$865.05
CUST-10097,M,38,North,39,2yr,113.93,2.0,66.23,1,"$4,443.27"
CUST-1465,Male,53,North,25,Month-to-month,22.26,2.0,,1,$556.5
CUST-6349,M,67,West,41,One year,71.97,,,0,"$2,950.77"
CUST-9227,Female,72,North,26,Month-to-month,41.19,,55.3,1,"$1,070.94"
CUST-2846,Female,36,West,13,One year,27.34,,95.07,0,$355.42
CUST-1363,Male,37,North,68,Two year,48.22,,87.53,0,"$3,278.96"
CUST-3842,F,48,South,12,Month-to-month,31.76,,33.68,1,$381.12
CUST-1503,non-binary,30,North,36,2yr,45.67,1.0,,0,"$1,644.12"
CUST-1581,Male,-5,North,66,Month-to-month,64.0,,,1,"$4,224.0"
CUST-2514,non-binary,76,South,8,2yr,43.02,2.0,93.3,0,$344.16
CUST-1715,Female,50,West,19,2yr,39.87,,80.77,1,$757.53
CUST-6651,Male,54,South,23,2yr,104.03,,54.18,0,"$2,392.69"
CUST-2983,Female,39,North,33,Month-to-month,108.65,3.0,63.91,1,"$3,585.45"
CUST-1329,F,77,West,24,Month-to-month,87.55,2.0,84.67,1,"$2,101.2"
CUST-7571,Female,58,East,58,One year,46.82,0.0,,1,"$2,715.56"
CUST-4434,M,26,South,72,Month-to-month,71.63,,,0,"$5,157.36"
CUST-6754,Female,58,South,14,2yr,29.46,,,0,$412.44
CUST-10691,non-binary,44,West,3,One year,91.8,2.0,65.14,0,$275.4
CUST-8961,F,76,South,37,2yr,62.4,3.0,,0,"$2,308.8"
CUST-5048,F,38,West,4,Month-to-month,86.46,0.0,,0,$345.84
CUST-6299,F,19,South,0,One year,60.53,,84.02,0,$0.0
CUST-3068,Female,40,West,28,Month-to-month,43.82,,98.26,1,"$1,226.96"
CUST-8316,non-binary,62,East,37,Month-to-month,27.9,3.0,,0,"$1,032.3"
CUST-8338,non-binary,71,West,5,Month-to-month,46.23,0.0,,0,$231.15
CUST-5178,non-binary,33,East,41,One year,101.18,,,0,"$4,148.38"
CUST-10255,F,56,South,51,Month-to-month,86.84,,,1,"$4,428.84"
CUST-8487,non-binary,38,North,52,One year,25.68,2.0,58.41,0,"$1,335.36"
CUST-4672,M,70,West,49,Month-to-month,86.78,5.0,10.63,1,"$4,252.22"
CUST-6166,non-binary,66,East,41,Month-to-month,83.66,2.0,87.12,0,"$3,430.06"
CUST-3325,M,79,North,34,Month-to-month,98.03,3.0,,0,"$3,333.02"
CUST-10712,non-binary,52,North,33,One year,22.42,2.0,,0,$739.86
CUST-5425,M,76,South,10,Month-to-month,106.84,,,1,"$1,068.4"
CUST-10965,Female,51,North,2,m2m,73.96,0.0,,1,$147.92
CUST-5811,M,39,West,60,Month-to-month,23.46,7.0,22.24,1,"$1,407.6"
CUST-9648,F,20,West,11,Two year,93.85,2.0,50.87,0,"$1,032.35"
CUST-5841,non-binary,21,West,31,Month-to-month,56.21,3.0,,0,"$1,742.51"
CUST-4250,F,79,South,4,Month-to-month,45.66,3.0,25.590000000000003,1,$182.64
CUST-7249,Female,250,West,27,Month-to-month,60.2,,,1,"$1,625.4"
CUST-4417,M,24,West,42,Month-to-month,55.03,2.0,,0,"$2,311.26"
CUST-1344,F,51,South,68,One year,22.35,,,0,"$1,519.8"
CUST-9474,non-binary,40,South,48,Month-to-month,78.36,0.0,55.3,0,"$3,761.28"
CUST-8990,F,57,North,29,Two year,28.33,,,0,$821.57
CUST-4649,F,70,North,9,Month-to-month,88.11,3.0,,1,$792.99
CUST-1567,M,73,East,25,1yr,59.57,3.0,82.25,0,"$1,489.25"
CUST-1800,non-binary,42,East,7,m2m,78.12,2.0,91.51,1,$546.84
CUST-10759,M,23,West,61,Month-to-month,36.49,,86.75,1,"$2,225.89"
CUST-3684,Female,43,South,63,Month-to-month,22.08,,,1,"$1,391.04"
CUST-5889,Male,38,South,19,One year,100.43,,,0,"$1,908.17"
CUST-7666,M,250,East,62,Two year,45.64,5.0,30.92,1,"$2,829.68"
CUST-2406,Female,31,South,36,Month-to-month,74.52,,,0,"$2,682.72"
CUST-6078,M,46,West,26,m2m,37.37,,,0,$971.62
CUST-2081,M,50,North,63,One year,40.37,,50.89,0,"$2,543.31"
CUST-6216,Male,66,North,41,Month-to-month,48.39,,69.89,0,"$1,983.99"
CUST-10292,Female,79,East,65,One year,35.21,,61.37,0,"$2,288.65"
CUST-9952,non-binary,57,South,60,Two year,113.14,6.0,38.51,1,"$6,788.4"
CUST-3934,Female,42,South,28,One year,90.6,3.0,,0,"$2,536.8"
CUST-3212,Female,42,West,15,Two year,49.47,1.0,57.71,0,$742.05
CUST-9841,Male,80,West,6,Month-to-month,109.92,5.0,32.63,1,$659.52
CUST-3195,Female,77,North,30,m2m,43.3,1.0,,1,"$1,299.0"
CUST-6983,non-binary,61,West,40,m2m,80.69,,,0,"$3,227.6"
CUST-10612,M,20,South,22,Month-to-month,113.68,2.0,52.94,1,"$2,500.96"
CUST-1279,F,66,East,52,Two year,94.45,3.0,,0,"$4,911.4"
CUST-9540,Male,44,West,69,One year,56.22,,91.84,0,"$3,879.18"
CUST-4197,Male,76,West,72,m2m,69.84,0.0,,0,"$5,028.48"
CUST-4902,Male,75,North,60,One year,33.53,,80.84,0,"$2,011.8"
CUST-6242,M,48,West,2,Month-to-month,101.63,,18.909999999999997,1,$203.26
CUST-3630,Male,75,North,35,Month-to-month,66.68,0.0,98.89,1,"$2,333.8"
CUST-4838,F,43,South,45,Month-to-month,25.04,,,0,"$1,126.8"
CUST-8749,F,19,West,39,Month-to-month,118.73,,,1,"$4,630.47"
CUST-4750,non-binary,63,West,19,Two year,116.34,,,1,"$2,210.46"
CUST-4887,non-binary,66,South,4,Month-to-month,103.3,1.0,,1,$413.2
CUST-9319,M,21,South,54,Month-to-month,26.66,2.0,38.64,0,"$1,439.64"
CUST-9236,Female,56,North,45,Month-to-month,87.27,2.0,,1,"$3,927.15"
CUST-9105,F,22,South,36,Month-to-month,77.03,,,0,"$2,773.08"
CUST-5438,Female,250,North,65,One year,83.13,1.0,,0,"$5,403.45"
CUST-5535,Male,31,South,44,Month-to-month,63.31,8.0,34.4,1,"$2,785.64"
CUST-7360,Female,62,South,57,Month-to-month,65.94,,,1,"$3,758.58"
CUST-5602,F,67,North,54,Month-to-month,90.52,0.0,91.25,1,"$4,888.08"
CUST-5013,M,65,South,5,One year,80.39,,4.280000000000001,1,$401.95
CUST-2139,M,61,West,47,Month-to-month,31.94,1.0,51.91,1,"$1,501.18"
CUST-4521,non-binary,38,West,54,m2m,99.24,,,1,"$5,358.96"
CUST-8603,Male,35,West,24,1yr,114.56,6.0,17.76,1,"$2,749.44"
CUST-8995,Male,62,North,45,Two year,94.05,1.0,75.62,0,"$4,232.25"
CUST-4518,M,26,West,65,One year,64.44,,,0,"$4,188.6"
CUST-7548,M,25,South,71,Month-to-month,93.81,1.0,95.85,1,"$6,660.51"
CUST-1023,Male,21,West,9,Two year,42.25,3.0,,0,$380.25
CUST-1620,non-binary,21,South,57,One year,91.28,2.0,11.61,1,"$5,202.96"
CUST-2229,Female,50,South,39,2yr,36.0,,,1,"$1,404.0"
CUST-2252,M,45,North,62,One year,117.73,0.0,92.6,1,"$7,299.26"
CUST-5210,non-binary,-5,West,42,2yr,23.74,,85.35,0,$997.08
CUST-5550,F,72,South,72,Month-to-month,27.44,,,0,"$1,975.68"
CUST-1287,F,67,West,55,Month-to-month,62.43,,76.98,1,"$3,433.65"
CUST-1039,non-binary,43,North,25,One year,69.7,,,0,"$1,742.5"
CUST-7977,Female,66,South,39,Two year,58.65,,36.85,0,"$2,287.35"
CUST-3711,M,63,South,23,2yr,50.62,,,0,"$1,164.26"
CUST-10489,Male,63,West,69,One year,112.3,,,0,"$7,748.7"
CUST-4988,M,72,West,50,Month-to-month,56.18,3.0,,1,"$2,809.0"
CUST-6007,F,22,East,6,Month-to-month,27.51,,83.12,0,$165.06
CUST-7335,Female,55,West,60,One year,107.91,0.0,,0,"$6,474.6"
CUST-4196,Female,32,North,69,Two year,84.16,,,0,"$5,807.04"
CUST-3889,Female,-5,East,51,Month-to-month,46.28,,14.03,0,"$2,360.28"
CUST-5936,Female,58,West,37,Two year,103.36,,82.51,0,"$3,824.32"
CUST-10019,Male,23,West,4,Month-to-month,110.87,3.0,,0,$443.48
CUST-10078,F,71,South,25,Month-to-month,49.92,,,0,"$1,248.0"
CUST-2294,Male,57,South,37,Two year,118.76,0.0,,0,"$4,394.12"
CUST-9024,F,58,North,50,m2m,102.18,,22.6,1,"$5,109.0"
CUST-2645,non-binary,27,West,4,Month-to-month,78.47,1.0,,0,$313.88
CUST-5720,non-binary,19,North,52,m2m,48.79,,26.33,1,"$2,537.08"
CUST-3324,non-binary,34,North,29,Month-to-month,38.63,0.0,94.4,1,"$1,120.27"
CUST-8579,non-binary,33,East,33,One year,35.78,0.0,,1,"$1,180.74"
CUST-4461,F,52,South,34,m2m,84.7,1.0,,1,"$2,879.8"
CUST-9177,F,79,North,10,Two year,106.49,7.0,37.35,1,"$1,064.9"
CUST-9956,F,72,South,17,Month-to-month,118.73,,,0,"$2,018.41"
CUST-2618,M,30,West,63,Two year,66.86,,,1,"$4,212.18"
CUST-1545,M,24,East,34,Month-to-month,71.78,,,1,"$2,440.52"
CUST-3713,M,51,North,21,Month-to-month,60.08,1.0,49.81,1,"$1,261.68"
CUST-1460,Female,-5,West,47,Month-to-month,51.91,,,0,"$2,439.77"
CUST-6716,M,18,South,55,m2m,27.66,1.0,32.91,1,"$1,521.3"
CUST-7010,F,46,West,63,Month-to-month,31.28,,,0,"$1,970.64"
CUST-1522,M,71,East,66,One year,30.91,1.0,,1,"$2,040.06"
CUST-2926,F,27,North,44,One year,93.32,,,0,"$4,106.08"
CUST-7698,M,250,South,60,Month-to-month,115.02,,,1,"$6,901.2"
CUST-4327,Female,58,West,0,Month-to-month,53.32,,,0,$0.0
CUST-10510,non-binary,45,South,71,Month-to-month,108.35,1.0,,1,"$7,692.85"
CUST-5956,F,28,South,51,2yr,56.93,,71.18,0,"$2,903.43"
CUST-1934,Male,27,West,13,Month-to-month,81.46,0.0,16.89,1,"$1,058.98"
CUST-5833,M,26,South,45,Month-to-month,20.17,,22.54,1,$907.65
CUST-5899,non-binary,64,North,36,Month-to-month,85.6,,99.53,0,"$3,081.6"
CUST-8298,F,19,South,14,2yr,68.4,,79.8,0,$957.6
CUST-1032,non-binary,72,North,27,One year,102.42,4.0,13.57,1,"$2,765.34"
CUST-7474,Female,28,North,70,m2m,100.19,,71.83,0,"$7,013.3"
CUST-10798,Female,54,South,59,One year,83.97,,,0,"$4,954.23"
CUST-10282,M,23,West,4,m2m,63.81,,15.079999999999998,0,$255.24
CUST-4519,Female,56,West,8,Month-to-month,70.06,0.0,68.18,0,$560.48
CUST-8398,M,26,North,40,Month-to-month,106.28,,,0,"$4,251.2"
CUST-2313,F,45,North,2,One year,25.08,,5.850000000000001,0,$50.16
CUST-6106,Female,31,West,21,Month-to-month,60.84,,,0,"$1,277.64"
CUST-8348,non-binary,49,North,11,1yr,29.55,,21.09,1,$325.05
CUST-1747,Female,64,North,70,1yr,118.05,2.0,25.07,0,"$8,263.5"
CUST-4880,Female,79,South,44,Month-to-month,86.88,,,0,"$3,822.72"
CUST-6504,non-binary,68,North,60,Two year,20.14,1.0,,0,"$1,208.4"
CUST-9778,Male,66,South,40,1yr,32.05,,66.34,0,"$1,282.0"
CUST-8195,non-binary,64,South,0,Month-to-month,86.02,2.0,,1,$0.0
CUST-9743,F,69,West,58,m2m,106.63,2.0,79.82,1,"$6,184.54"
CUST-6654,Female,20,West,12,Month-to-month,99.49,,83.88,1,"$1,193.88"
CUST-5290,non-binary,79,West,28,m2m,88.35,2.0,,0,"$2,473.8"
CUST-5430,Male,21,North,25,Month-to-month,37.94,,,0,$948.5
CUST-10879,Male,65,North,57,Two year,116.71,,58.16,0,"$6,652.47"
CUST-2266,Female,42,West,21,Month-to-month,58.73,,70.12,0,"$1,233.33"
CUST-1526,non-binary,40,South,40,m2m,43.34,,62.69,1,"$1,733.6"
CUST-3941,Male,46,North,2,Month-to-month,51.06,,37.92,1,$102.12
CUST-9286,Male,34,South,43,2yr,110.11,5.0,20.84,1,"$4,734.73"
CUST-5951,Female,23,South,35,Month-to-month,33.75,1.0,90.74,1,"$1,181.25"
CUST-9262,F,26,North,43,2yr,35.8,,11.56,1,"$1,539.4"
CUST-2423,Female,66,South,40,Month-to-month,109.31,,,1,"$4,372.4"
CUST-7600,M,58,South,24,Month-to-month,93.87,4.0,16.29,1,"$2,252.88"
CUST-6677,Female,69,North,31,One year,75.66,,,0,"$2,345.46"
CUST-8468,F,58,South,70,Two year,67.74,,,0,"$4,741.8"
CUST-9240,non-binary,69,South,27,Month-to-month,65.33,,93.34,0,"$1,763.91"
CUST-9955,M,49,East,50,One year,94.77,2.0,94.6,0,"$4,738.5"
CUST-8593,non-binary,19,North,49,1yr,70.83,0.0,,0,"$3,470.67"
CUST-7062,Female,26,West,12,Month-to-month,92.89,0.0,,0,"$1,114.68"
CUST-7705,Female,25,East,51,Month-to-month,65.83,,,0,"$3,357.33"
CUST-9364,M,78,East,51,Month-to-month,118.36,,,1,"$6,036.36"
CUST-5409,Female,23,South,59,1yr,113.1,,88.69,0,"$6,672.9"
CUST-8986,Female,24,North,17,One year,119.38,,,1,"$2,029.46"
CUST-1063,F,38,North,54,1yr,53.92,,48.09,0,"$2,911.68"
CUST-5978,Male,70,South,40,m2m,114.33,,93.0,0,"$4,573.2"
CUST-5648,M,68,South,15,Month-to-month,105.7,2.0,,0,"$1,585.5"
CUST-4885,F,22,South,20,Month-to-month,85.87,,69.98,1,"$1,717.4"
CUST-7990,Male,43,East,9,One year,94.97,,,0,$854.73
CUST-7177,Male,-5,West,18,m2m,58.58,3.0,34.56,1,"$1,054.44"
CUST-8142,Female,72,West,16,Month-to-month,25.23,3.0,,1,$403.68
CUST-9531,Female,28,West,38,One year,107.15,,,1,"$4,071.7"
CUST-4783,non-binary,41,East,14,Month-to-month,111.62,,67.24,0,"$1,562.68"
CUST-9556,Male,37,North,32,One year,64.87,1.0,49.06,0,"$2,075.84"
CUST-4745,Male,26,West,19,Month-to-month,76.69,,,0,"$1,457.11"
CUST-9631,F,56,South,72,Month-to-month,108.79,,10.8,0,"$7,832.88"
CUST-7369,F,20,South,40,Month-to-month,94.66,,,0,"$3,786.4"
CUST-8363,Female,76,West,24,One year,111.57,,17.3,1,"$2,677.68"
CUST-1917,non-binary,50,West,42,Two year,45.55,,23.27,0,"$1,913.1"
CUST-3617,non-binary,43,East,58,Two year,89.51,,85.82,0,"$5,191.58"
CUST-2222,M,59,West,68,m2m,117.98,0.0,97.96,1,"$8,022.64"
CUST-9892,Male,55,West,33,m2m,60.52,,,1,"$1,997.16"
CUST-4069,F,39,North,59,Month-to-month,66.78,2.0,,1,"$3,940.02"
CUST-7251,Female,63,North,21,One year,57.94,,28.15,1,"$1,216.74"
CUST-6769,non-binary,20,East,13,Month-to-month,118.07,4.0,29.31,1,"$1,534.91"
CUST-9701,M,-5,North,55,Two year,69.13,,41.11,0,"$3,802.15"
CUST-9957,Female,27,North,49,One year,34.44,8.0,22.05,0,"$1,687.56"
CUST-5668,F,75,North,5,Two year,34.4,,78.12,1,$172.0
CUST-3789,Female,59,West,46,1yr,45.92,0.0,,0,"$2,112.32"
CUST-3577,Male,71,West,60,One year,93.94,,,0,"$5,636.4"
CUST-2537,F,75,South,65,Two year,26.01,3.0,77.48,0,"$1,690.65"
CUST-6179,Female,35,West,57,One year,109.29,0.0,,0,"$6,229.53"
CUST-10025,Male,77,South,7,2yr,56.66,,,0,$396.62
CUST-6115,non-binary,64,South,53,Month-to-month,55.48,,,0,"$2,940.44"
CUST-7284,F,55,West,71,2yr,37.31,,32.5,0,"$2,649.01"
CUST-4794,non-binary,70,West,5,One year,58.21,,19.799999999999997,0,$291.05
CUST-4422,M,50,West,38,One year,55.3,0.0,,0,"$2,101.4"
CUST-3750,M,73,South,26,Month-to-month,100.82,,,1,"$2,621.32"
CUST-6700,non-binary,80,East,22,One year,86.5,4.0,38.98,0,"$1,903.0"
CUST-3230,Female,78,North,25,Two year,116.88,2.0,,0,"$2,922.0"
CUST-3570,Female,63,West,46,One year,52.69,,25.64,1,"$2,423.74"
CUST-8048,M,70,West,3,Month-to-month,40.29,,,1,$120.87
CUST-9643,non-binary,72,West,30,One year,73.01,,,1,"$2,190.3"
CUST-4345,F,69,West,28,One year,68.99,,,0,"$1,931.72"
CUST-4133,M,51,West,15,Month-to-month,32.31,,,0,$484.65
CUST-2540,non-binary,49,North,11,One year,82.01,,,0,$902.11
CUST-10956,F,51,South,29,Two year,68.22,,,0,"$1,978.38"
CUST-5470,Female,23,North,54,One year,56.34,1.0,,0,"$3,042.36"
CUST-9959,non-binary,78,East,51,Month-to-month,40.23,3.0,,1,"$2,051.73"
CUST-1198,non-binary,62,South,29,2yr,43.07,3.0,33.08,1,"$1,249.03"
CUST-5735,non-binary,-5,North,3,One year,55.18,,,0,$165.54
CUST-2588,F,-5,West,16,Month-to-month,72.24,,71.2,0,"$1,155.84"
CUST-7117,F,73,West,56,m2m,117.57,6.0,18.73,1,"$6,583.92"
CUST-7372,Female,53,North,64,One year,87.87,,,0,"$5,623.68"
CUST-8813,Female,27,West,44,2yr,43.94,,84.09,0,"$1,933.36"
CUST-10538,M,59,North,57,m2m,97.63,0.0,82.52,1,"$5,564.91"
CUST-6425,Female,54,North,54,m2m,74.42,,46.04,0,"$4,018.68"
CUST-10688,Female,58,East,39,One year,54.78,,,1,"$2,136.42"
CUST-3111,Female,24,West,25,One year,57.07,,93.53,1,"$1,426.75"
CUST-1910,F,68,North,72,Month-to-month,96.22,3.0,55.71,0,"$6,927.84"
CUST-4886,Male,62,West,53,Month-to-month,92.71,,75.94,1,"$4,913.63"
CUST-1443,non-binary,19,North,60,1yr,59.51,,,0,"$3,570.6"
CUST-10129,Female,34,South,7,Two year,90.83,0.0,,0,$635.81
CUST-6997,Female,45,North,49,Month-to-month,22.24,,,1,"$1,089.76"
CUST-4761,M,25,East,68,One year,117.0,,22.03,1,"$7,956.0"
CUST-7118,Female,27,East,32,Month-to-month,82.91,4.0,25.3,1,"$2,653.12"
CUST-7228,Female,49,North,66,One year,36.67,0.0,,0,"$2,420.22"
CUST-9874,Male,50,West,29,m2m,37.87,,75.89,1,"$1,098.23"
CUST-1029,Female,67,South,21,Month-to-month,60.54,3.0,61.72,0,"$1,271.34"
CUST-6779,F,28,East,11,m2m,101.92,,59.26,0,"$1,121.12"
CUST-6958,F,33,West,4,Month-to-month,98.2,0.0,,1,$392.8
CUST-10332,F,32,North,2,Two year,39.69,3.0,77.11,0,$79.38
CUST-10242,Female,-5,North,23,Month-to-month,64.24,,23.74,0,"$1,477.52"
CUST-7116,F,34,North,63,One year,51.97,6.0,36.47,1,"$3,274.11"
CUST-1626,non-binary,46,West,8,One year,65.04,1.0,44.26,0,$520.32
CUST-5724,Male,63,West,22,m2m,62.29,,,1,"$1,370.38"
CUST-10757,non-binary,19,West,39,One year,95.92,1.0,91.14,0,"$3,740.88"
CUST-8445,M,18,West,18,One year,115.79,,,0,"$2,084.22"
CUST-7805,Female,28,South,11,Month-to-month,51.74,,,1,$569.14
CUST-9096,M,58,South,22,Two year,111.75,,,0,"$2,458.5"
CUST-8331,F,70,West,3,Month-to-month,114.27,2.0,,1,$342.81
CUST-2217,non-binary,22,West,0,Month-to-month,72.1,,48.6,1,$0.0
CUST-6948,M,51,West,69,One year,75.99,,,1,"$5,243.31"
CUST-7459,F,57,West,38,Month-to-month,24.96,10.0,32.09,1,$948.48
CUST-7159,Male,23,West,32,Month-to-month,49.23,1.0,,0,"$1,575.36"
CUST-2275,M,53,South,70,Month-to-month,66.9,,,0,"$4,683.0"
CUST-7666,M,250,East,62,Two year,45.64,5.0,30.92,1,"$2,829.68"
CUST-7115,non-binary,74,South,70,1yr,98.86,,,1,"$6,920.2"
CUST-4009,F,57,South,16,Two year,67.56,,75.0,0,"$1,080.96"
CUST-3165,non-binary,70,North,43,Month-to-month,66.45,5.0,27.21,1,"$2,857.35"
CUST-1224,F,-5,North,41,One year,47.94,,,0,"$1,965.54"
CUST-2705,M,78,South,28,m2m,47.96,2.0,,1,"$1,342.88"
CUST-6232,M,75,South,35,Month-to-month,29.14,,31.11,1,"$1,019.9"
CUST-1148,Female,73,South,1,One year,25.45,2.0,,0,$25.45
CUST-8585,Female,52,South,26,Month-to-month,64.68,7.0,36.53,1,"$1,681.68"
CUST-6273,Female,36,North,37,Month-to-month,117.8,1.0,,0,"$4,358.6"
CUST-10952,non-binary,41,West,46,Month-to-month,90.72,0.0,95.79,0,"$4,173.12"
CUST-10410,F,56,South,64,Two year,58.43,3.0,41.71,0,"$3,739.52"
CUST-5222,M,19,West,71,One year,85.98,,,0,"$6,104.58"
CUST-6808,M,79,East,29,Month-to-month,107.01,9.0,18.94,1,"$3,103.29"
CUST-10687,M,18,North,56,One year,78.85,,34.32,0,"$4,415.6"
CUST-6814,Male,75,West,52,One year,101.9,,,0,"$5,298.8"
CUST-4858,non-binary,58,East,28,Month-to-month,97.38,,78.38,1,"$2,726.64"
CUST-6221,M,18,South,32,Month-to-month,115.45,1.0,78.95,0,"$3,694.4"
CUST-4727,non-binary,76,East,66,m2m,21.77,2.0,26.02,0,"$1,436.82"
CUST-3373,F,45,West,22,One year,113.91,2.0,,0,"$2,506.02"
CUST-6338,M,53,East,10,1yr,40.95,1.0,,0,$409.5
CUST-6584,Female,20,North,2,Month-to-month,93.87,,71.62,0,$187.74
CUST-5888,F,41,West,8,m2m,33.92,1.0,40.21,1,$271.36
CUST-6177,Female,35,West,32,Month-to-month,61.63,,,1,"$1,972.16"
CUST-7162,non-binary,57,South,45,Month-to-month,101.17,2.0,50.11,1,"$4,552.65"
CUST-10396,Female,51,North,24,m2m,119.8,1.0,,1,"$2,875.2"
CUST-3113,non-binary,44,East,12,Month-to-month,44.94,,,0,$539.28
CUST-8456,F,54,East,56,One year,20.49,,54.95,0,"$1,147.44"
CUST-7103,M,49,South,60,Month-to-month,95.45,2.0,,0,"$5,727.0"
CUST-2671,Male,250,East,36,Two year,111.66,,28.47,1,"$4,019.76"
CUST-1677,F,76,East,67,Month-to-month,102.78,,69.48,1,"$6,886.26"
CUST-6229,M,24,West,27,Month-to-month,58.33,,,0,"$1,574.91"
CUST-5898,Female,76,North,61,Two year,118.21,2.0,,0,"$7,210.81"
CUST-7828,Male,47,North,55,Month-to-month,57.89,,89.45,0,"$3,183.95"
CUST-4403,Female,56,North,33,One year,32.44,3.0,56.22,0,"$1,070.52"
CUST-2947,Male,70,North,42,Month-to-month,25.97,2.0,78.37,0,"$1,090.74"
CUST-3260,non-binary,54,West,22,Month-to-month,55.51,4.0,33.66,1,"$1,221.22"
CUST-10099,non-binary,61,South,58,Two year,34.26,1.0,50.56,0,"$1,987.08"
CUST-4092,Male,63,North,11,Month-to-month,46.2,,,1,$508.2
CUST-10259,M,75,West,32,One year,52.54,3.0,,0,"$1,681.28"
CUST-8502,non-binary,78,South,41,One year,114.48,,72.99,0,"$4,693.68"
CUST-7945,Male,57,North,44,Two year,76.23,,,0,"$3,354.12"
CUST-3107,Male,72,South,9,Month-to-month,109.67,1.0,74.46,1,$987.03
CUST-9322,F,42,West,17,Month-to-month,118.11,2.0,37.14,0,"$2,007.87"
CUST-10587,Female,54,East,63,Month-to-month,93.63,3.0,,1,"$5,898.69"
CUST-1907,M,39,West,18,One year,61.5,3.0,,0,"$1,107.0"
CUST-3983,M,59,East,15,One year,113.3,,34.9,1,"$1,699.5"
CUST-7656,F,72,North,2,Two year,42.96,4.0,0.0,0,$85.92
CUST-2447,F,67,East,9,m2m,106.39,,99.23,0,$957.51
CUST-1451,non-binary,79,East,72,Month-to-month,58.64,,91.63,0,"$4,222.08"
CUST-8264,F,25,South,71,Month-to-month,111.49,,,0,"$7,915.79"
CUST-7438,M,30,West,45,Month-to-month,34.1,,,0,"$1,534.5"
CUST-2813,M,45,North,68,m2m,24.83,,62.35,1,"$1,688.44"
CUST-4300,F,45,East,57,One year,103.85,,89.56,0,"$5,919.45"
CUST-5420,F,72,South,3,Month-to-month,67.78,2.0,,1,$203.34
CUST-2880,Female,35,South,39,Month-to-month,107.96,,53.81,0,"$4,210.44"
CUST-3184,F,61,South,38,Month-to-month,45.3,,81.94,1,"$1,721.4"
CUST-8777,M,71,East,59,Month-to-month,50.78,0.0,,1,"$2,996.02"
CUST-4669,Female,30,West,45,Two year,59.76,,,0,"$2,689.2"
CUST-6083,non-binary,62,South,48,One year,101.34,,10.29,0,"$4,864.32"
CUST-6560,non-binary,50,West,55,Month-to-month,90.68,,80.43,1,"$4,987.4"
CUST-1991,F,24,West,51,One year,58.0,2.0,,0,"$2,958.0"
CUST-5203,Male,32,South,65,Month-to-month,40.76,,83.5,0,"$2,649.4"
CUST-7737,Male,77,West,12,One year,46.68,8.0,24.26,1,$560.16
CUST-2067,Female,80,South,34,2yr,72.24,0.0,95.82,0,"$2,456.16"
CUST-9589,Male,48,North,12,One year,27.37,5.0,19.36,1,$328.44
CUST-6679,non-binary,47,West,17,One year,33.26,2.0,,0,$565.42
CUST-7563,Male,56,South,41,1yr,118.93,,,1,"$4,876.13"
CUST-2172,M,65,North,57,Two year,84.12,0.0,39.22,0,"$4,794.84"
CUST-1707,non-binary,31,West,57,Month-to-month,88.42,,,0,"$5,039.94"
CUST-9214,Male,71,West,57,Two year,23.36,2.0,74.11,0,"$1,331.52"
CUST-1415,Male,35,South,26,1yr,28.42,0.0,,0,$738.92
CUST-4799,non-binary,39,South,40,1yr,103.59,,75.22,0,"$4,143.6"
CUST-1791,Male,44,West,25,Month-to-month,48.27,5.0,24.63,1,"$1,206.75"
CUST-8427,M,35,North,14,Month-to-month,35.36,,42.63,1,$495.04
CUST-2013,Male,70,North,71,Two year,37.84,2.0,,0,"$2,686.64"
CUST-5853,F,53,East,50,1yr,81.18,,24.28,1,"$4,059.0"
CUST-2595,Male,66,South,63,m2m,51.06,1.0,,0,"$3,216.78"
CUST-7989,Male,57,North,70,2yr,103.85,0.0,,0,"$7,269.5"
CUST-4550,F,46,South,45,Month-to-month,26.71,0.0,30.47,0,"$1,201.95"
CUST-5990,Female,69,East,14,One year,104.19,2.0,,0,"$1,458.66"
CUST-7774,Female,23,East,6,Month-to-month,20.66,2.0,,1,$123.96
CUST-1468,non-binary,76,North,51,m2m,48.7,,,0,"$2,483.7"
CUST-9637,F,59,West,61,1yr,89.5,1.0,,0,"$5,459.5"
CUST-5177,non-binary,64,North,32,Two year,64.65,,28.21,1,"$2,068.8"
CUST-9251,Male,32,East,30,Two year,78.06,2.0,81.98,0,"$2,341.8"
CUST-6692,Male,25,North,3,Month-to-month,80.9,,,0,$242.7
CUST-4818,non-binary,69,North,7,Two year,107.36,3.0,,1,$751.52
CUST-9389,non-binary,70,North,66,One year,22.97,,,0,"$1,516.02"
CUST-2093,non-binary,250,East,1,Month-to-month,62.48,,,0,$62.48
CUST-6018,M,39,North,19,Two year,94.41,1.0,,0,"$1,793.79"
CUST-10424,Male,40,East,55,Month-to-month,30.56,3.0,49.14,0,"$1,680.8"
CUST-4181,M,38,West,1,Month-to-month,25.55,,,0,$25.55
CUST-10852,Male,66,South,41,Two year,40.45,,,0,"$1,658.45"
CUST-10845,Female,66,North,10,Two year,51.08,1.0,,0,$510.8
CUST-8243,Female,79,South,8,Month-to-month,117.49,,12.61,1,$939.92
CUST-4314,M,48,South,70,One year,61.18,,74.41,0,"$4,282.6"
CUST-8466,M,67,West,13,Month-to-month,98.66,,,1,"$1,282.58"
CUST-9299,non-binary,48,West,47,Month-to-month,89.1,,96.49,1,"$4,187.7"
CUST-2112,M,70,North,1,One year,91.45,,46.53,0,$91.45
CUST-10304,F,42,North,54,Month-to-month,59.16,,,0,"$3,194.64"
CUST-10769,non-binary,18,North,0,m2m,99.19,,,0,$0.0
CUST-1686,M,21,West,53,Two year,69.51,,,0,"$3,684.03"
CUST-3103,non-binary,-5,North,33,Month-to-month,65.5,2.0,83.23,0,"$2,161.5"
CUST-6833,M,40,West,62,Month-to-month,63.74,,61.0,1,"$3,951.88"
CUST-7031,non-binary,49,North,22,Two year,59.23,0.0,76.08,0,"$1,303.06"
CUST-3122,M,59,West,48,Month-to-month,107.18,0.0,12.03,1,"$5,144.64"
CUST-9288,Male,58,West,50,Month-to-month,71.6,,,0,"$3,580.0"
CUST-9782,Female,69,North,4,One year,45.84,,,0,$183.36
CUST-9699,non-binary,78,East,70,One year,56.82,1.0,33.22,1,"$3,977.4"
CUST-3246,F,77,North,33,Month-to-month,52.76,2.0,58.45,1,"$1,741.08"
CUST-1086,non-binary,60,North,14,One year,58.15,5.0,11.46,0,$814.1
CUST-10607,Male,33,East,28,Month-to-month,104.41,2.0,29.65,1,"$2,923.48"
CUST-9399,F,39,North,36,Month-to-month,79.76,,,0,"$2,871.36"
CUST-6099,F,39,West,49,2yr,80.08,,78.02,0,"$3,923.92"
CUST-5089,Female,31,South,70,Month-to-month,85.69,2.0,,1,"$5,998.3"
CUST-10646,M,69,West,23,1yr,90.21,3.0,96.08,0,"$2,074.83"
CUST-6816,non-binary,20,South,47,Month-to-month,70.13,,65.13,0,"$3,296.11"
CUST-4923,non-binary,61,East,59,Two year,55.3,,,0,"$3,262.7"
CUST-6057,F,59,North,67,Month-to-month,48.51,,21.56,1,"$3,250.17"
CUST-6966,M,78,West,49,One year,90.91,,90.26,0,"$4,454.59"
CUST-5072,non-binary,35,South,24,Month-to-month,104.24,7.0,23.84,1,"$2,501.76"
CUST-1502,M,74,West,28,One year,92.39,,21.68,0,"$2,586.92"
CUST-5909,Female,250,North,6,One year,114.53,3.0,84.9,0,$687.18
CUST-1717,non-binary,35,East,38,Month-to-month,91.35,2.0,27.76,1,"$3,471.3"
CUST-3317,non-binary,58,West,65,2yr,55.06,0.0,,0,"$3,578.9"
CUST-8654,F,57,West,60,Month-to-month,21.81,,,1,"$1,308.6"
CUST-10692,F,19,East,3,2yr,93.67,2.0,,0,$281.01
CUST-10871,Female,43,South,70,Month-to-month,64.95,,50.53,0,"$4,546.5"
CUST-1482,Male,34,West,10,Two year,31.75,3.0,73.39,0,$317.5
CUST-8865,F,26,West,52,One year,84.29,,33.95,1,"$4,383.08"
CUST-10901,non-binary,25,South,59,Month-to-month,99.64,,,1,"$5,878.76"
CUST-1651,Male,37,South,0,Month-to-month,55.32,2.0,,0,$0.0
CUST-5628,non-binary,35,North,11,Month-to-month,110.56,,,0,"$1,216.16"
CUST-6092,non-binary,76,North,57,Two year,55.77,1.0,49.57,0,"$3,178.89"
CUST-3626,M,24,North,13,Month-to-month,68.27,,70.34,1,$887.51
CUST-1836,Male,35,West,68,Two year,58.47,1.0,55.31,0,"$3,975.96"
CUST-4546,non-binary,38,West,18,One year,103.99,,53.94,0,"$1,871.82"
CUST-9098,Female,75,West,33,Month-to-month,87.34,9.0,36.98,0,"$2,882.22"
CUST-6440,Female,80,North,65,Month-to-month,61.01,9.0,30.02,1,"$3,965.65"
CUST-3329,Female,40,East,2,m2m,95.82,2.0,,1,$191.64
CUST-8184,Female,70,North,55,One year,105.96,3.0,,0,"$5,827.8"
CUST-2241,Male,43,North,25,One year,115.37,,,1,"$2,884.25"
CUST-3552,M,74,North,53,One year,89.8,,91.83,0,"$4,759.4"
CUST-5839,Female,77,South,67,m2m,86.88,,,1,"$5,820.96"
CUST-1119,non-binary,54,West,33,Month-to-month,45.59,,,0,"$1,504.47"
CUST-6932,Female,77,North,49,1yr,109.02,0.0,43.25,0,"$5,341.98"
CUST-9095,non-binary,250,North,61,m2m,72.22,,17.15,0,"$4,405.42"
CUST-4379,M,-5,East,14,Month-to-month,65.47,,76.5,0,$916.58
CUST-4756,non-binary,42,South,33,m2m,113.45,,,0,"$3,743.85"
CUST-5808,non-binary,73,North,16,2yr,93.49,,,0,"$1,495.84"
CUST-1961,F,29,South,36,Month-to-month,25.46,3.0,,1,$916.56
CUST-3160,M,29,North,2,One year,102.43,,15.18,0,$204.86
CUST-9578,non-binary,71,West,25,Two year,97.93,,53.48,0,"$2,448.25"
CUST-5570,Female,77,North,56,m2m,107.22,0.0,,0,"$6,004.32"
CUST-10100,Female,35,South,4,Month-to-month,96.51,3.0,67.53,0,$386.04
CUST-2074,Male,29,South,45,One year,70.94,,,0,"$3,192.3"
CUST-9253,M,38,North,28,Two year,80.43,,51.56,0,"$2,252.04"
CUST-1822,Female,68,South,67,Month-to-month,63.28,2.0,59.82,0,"$4,239.76"
CUST-1251,F,65,North,9,Month-to-month,36.18,,,1,$325.62
CUST-1565,M,21,East,64,2yr,37.6,3.0,,0,"$2,406.4"
CUST-6795,M,25,West,71,Month-to-month,79.64,,,0,"$5,654.44"
CUST-8169,Female,65,North,63,One year,70.01,,,0,"$4,410.63"
CUST-5308,Male,52,West,49,Two year,118.68,2.0,77.92,0,"$5,815.32"
CUST-5057,M,73,East,10,1yr,72.76,10.0,24.01,1,$727.6
CUST-1361,Female,80,North,32,One year,92.11,0.0,59.46,0,"$2,947.52"
CUST-4691,M,63,North,53,One year,109.56,2.0,54.91,0,"$5,806.68"
CUST-9988,non-binary,35,South,70,Month-to-month,113.22,,38.28,1,"$7,925.4"
CUST-8566,M,75,West,35,Month-to-month,74.04,,,0,"$2,591.4"
CUST-1447,Female,51,South,29,One year,118.1,,,0,"$3,424.9"
CUST-3139,Female,71,East,9,Two year,104.87,,47.17,1,$943.83
CUST-9044,F,72,North,59,One year,35.14,,,0,"$2,073.26"
CUST-5766,non-binary,80,East,70,1yr,69.06,,46.36,0,"$4,834.2"
CUST-6803,F,76,South,56,Month-to-month,78.23,1.0,,0,"$4,380.88"
CUST-9012,Male,72,North,0,m2m,39.39,3.0,,1,$0.0
CUST-9928,M,24,West,17,One year,109.58,,34.51,0,"$1,862.86"
CUST-3661,Male,42,East,36,Two year,52.83,7.0,13.21,1,"$1,901.88"
CUST-4542,Male,74,South,43,One year,81.12,3.0,38.2,0,"$3,488.16"
CUST-8465,Male,49,North,51,Month-to-month,59.86,,33.01,1,"$3,052.86"
CUST-5742,non-binary,22,South,44,Month-to-month,21.06,1.0,,0,$926.64
CUST-7298,non-binary,31,South,43,Month-to-month,38.72,0.0,,1,"$1,664.96"
CUST-3971,non-binary,72,North,14,Month-to-month,54.74,4.0,28.96,1,$766.36
CUST-5474,non-binary,32,North,70,One year,54.65,2.0,57.71,0,"$3,825.5"
CUST-5922,Male,68,West,48,1yr,51.67,0.0,,0,"$2,480.16"
CUST-5020,non-binary,30,West,59,Month-to-month,60.0,,58.52,0,"$3,540.0"
CUST-7292,Male,29,West,3,One year,48.99,8.0,13.420000000000002,0,$146.97
CUST-7648,M,46,West,62,Month-to-month,97.82,2.0,,1,"$6,064.84"
CUST-2116,F,36,North,17,m2m,67.06,8.0,37.22,1,"$1,140.02"
CUST-8297,Male,60,North,11,Month-to-month,40.04,,,0,$440.44
CUST-1508,M,23,South,66,Month-to-month,100.56,3.0,90.46,0,"$6,636.96"
CUST-2633,M,72,West,14,One year,55.2,0.0,,0,$772.8
CUST-2016,M,60,North,41,Month-to-month,62.29,2.0,,0,"$2,553.89"
CUST-7838,Female,78,East,60,2yr,42.91,0.0,,0,"$2,574.6"
CUST-7982,Male,67,West,44,Month-to-month,111.74,3.0,,1,"$4,916.56"
CUST-1401,non-binary,68,North,60,2yr,20.17,0.0,,0,"$1,210.2"
CUST-6616,M,77,South,42,Month-to-month,30.14,,87.46,0,"$1,265.88"
CUST-1572,Male,25,South,36,Month-to-month,79.78,,83.25,1,"$2,872.08"
CUST-10457,M,52,East,23,Month-to-month,64.77,,,0,"$1,489.71"
CUST-1442,F,59,North,48,1yr,58.05,1.0,,1,"$2,786.4"
CUST-6217,Male,30,West,45,Month-to-month,36.26,,14.53,0,"$1,631.7"
CUST-4183,non-binary,38,West,1,One year,94.47,10.0,29.67,1,$94.47
CUST-9360,Male,66,East,35,One year,22.2,2.0,,0,$777.0
CUST-3293,non-binary,48,South,38,Month-to-month,24.55,,22.16,1,$932.9
CUST-8016,Female,69,North,42,m2m,77.13,3.0,42.31,1,"$3,239.46"
CUST-8678,F,19,West,54,Month-to-month,51.14,,82.76,0,"$2,761.56"
CUST-4307,non-binary,27,East,57,Month-to-month,86.12,,49.18,1,"$4,908.84"
CUST-5942,F,27,West,51,Month-to-month,34.84,2.0,94.33,0,"$1,776.84"
CUST-5579,F,57,North,42,Month-to-month,100.99,2.0,99.32,1,"$4,241.58"
CUST-3367,F,33,North,45,Month-to-month,90.58,1.0,,1,"$4,076.1"
CUST-10197,non-binary,65,West,61,Month-to-month,66.52,,,1,"$4,057.72"
CUST-1127,Male,18,West,44,Two year,109.63,0.0,,0,"$4,823.72"
CUST-10336,Male,73,West,20,Two year,33.13,,76.41,1,$662.6
CUST-5722,non-binary,40,West,27,m2m,107.95,,98.81,1,"$2,914.65"
CUST-10541,F,76,North,18,Month-to-month,23.19,3.0,,0,$417.42
CUST-10732,Male,250,East,19,Month-to-month,63.34,,,0,"$1,203.46"
CUST-10328,non-binary,42,North,0,One year,118.13,2.0,0.0,0,$0.0
CUST-8293,F,35,South,39,Two year,51.08,,,0,"$1,992.12"
CUST-8477,Female,55,West,48,Month-to-month,85.27,,,1,"$4,092.96"
CUST-6637,Female,18,North,1,2yr,90.3,,,0,$90.3
CUST-5092,Female,64,South,42,One year,68.02,1.0,70.85,0,"$2,856.84"
CUST-8317,Female,31,North,67,Two year,44.78,,,0,"$3,000.26"
CUST-8508,Male,28,North,42,One year,107.25,2.0,,1,"$4,504.5"
CUST-10219,Female,62,East,6,Two year,117.28,,,1,$703.68
CUST-10906,M,75,West,8,Month-to-month,75.15,1.0,68.52,0,$601.2
CUST-4067,M,21,East,11,Month-to-month,37.66,,,1,$414.26
CUST-9142,non-binary,74,West,21,Month-to-month,46.25,,,0,$971.25
CUST-8178,Female,-5,North,8,One year,58.88,0.0,,0,$471.04
CUST-7878,M,49,North,9,Month-to-month,33.28,3.0,,0,$299.52
CUST-9893,M,76,North,6,Two year,62.37,0.0,30.98,1,$374.22
CUST-3969,M,19,West,59,m2m,40.43,,20.83,0,"$2,385.37"
CUST-5274,Male,77,West,17,Month-to-month,88.91,1.0,88.45,0,"$1,511.47"
CUST-3769,Female,26,West,17,Month-to-month,110.76,3.0,,1,"$1,882.92"
CUST-6434,Male,58,East,2,1yr,44.36,,,0,$88.72
CUST-2221,M,-5,South,14,Two year,95.08,0.0,97.05,0,"$1,331.12"
CUST-1964,Male,77,North,64,Month-to-month,41.25,3.0,,0,"$2,640.0"
CUST-10502,F,50,North,37,2yr,62.54,,97.19,0,"$2,313.98"
CUST-6719,M,19,East,0,Month-to-month,20.83,1.0,,0,$0.0
CUST-7707,non-binary,26,North,47,One year,67.8,0.0,49.13,0,"$3,186.6"
CUST-10837,non-binary,50,West,36,2yr,57.9,,59.8,0,"$2,084.4"
CUST-3615,M,48,East,20,One year,25.13,,,0,$502.6
CUST-7868,non-binary,63,West,58,Two year,74.52,0.0,,0,"$4,322.16"
CUST-10145,M,-5,South,38,Month-to-month,33.72,,61.82,0,"$1,281.36"
CUST-8768,Male,250,West,66,Month-to-month,87.43,,,0,"$5,770.38"
CUST-7695,F,52,South,4,Two year,55.08,,28.909999999999997,0,$220.32
CUST-10822,non-binary,71,South,24,Month-to-month,48.7,,,1,"$1,168.8"
CUST-8106,Male,78,East,53,Month-to-month,69.5,,62.43,1,"$3,683.5"
CUST-9432,non-binary,43,South,52,Two year,94.48,,64.65,1,"$4,912.96"
CUST-3810,non-binary,51,East,7,One year,76.01,0.0,,1,$532.07
CUST-8219,Female,19,West,56,2yr,91.7,1.0,,0,"$5,135.2"
CUST-4854,non-binary,53,East,52,Month-to-month,32.02,1.0,,1,"$1,665.04"
CUST-10655,F,77,South,23,Month-to-month,61.7,3.0,,0,"$1,419.1"
CUST-5091,Female,64,North,9,2yr,32.28,0.0,,0,$290.52
CUST-8498,F,60,East,11,Month-to-month,104.89,,,0,"$1,153.79"
CUST-9489,non-binary,79,North,32,Two year,48.12,,,0,"$1,539.84"
CUST-1440,Male,48,South,49,Month-to-month,58.07,,,0,"$2,845.43"
CUST-2025,Male,63,North,1,Month-to-month,31.35,2.0,,1,$31.35
CUST-8592,non-binary,34,East,13,Month-to-month,66.51,,,1,$864.63
CUST-10301,Female,39,West,35,One year,119.41,,30.14,1,"$4,179.35"
CUST-7565,Male,46,North,3,One year,33.83,,,0,$101.49
CUST-2010,Female,59,South,48,Two year,112.88,0.0,,0,"$5,418.24"
CUST-8021,Female,-5,West,38,1yr,40.38,,,0,"$1,534.44"
CUST-7304,Male,25,North,56,Two year,45.03,,,0,"$2,521.68"
CUST-8095,non-binary,54,North,48,Month-to-month,43.91,10.0,37.8,1,"$2,107.68"
CUST-1664,non-binary,75,West,6,Month-to-month,80.94,,78.94,0,$485.64
CUST-10878,M,56,North,29,Month-to-month,74.57,3.0,72.77,0,"$2,162.53"
CUST-5886,non-binary,49,West,33,Month-to-month,112.27,,98.59,0,"$3,704.91"
CUST-4554,F,25,North,16,Month-to-month,25.33,2.0,57.72,1,$405.28
CUST-1774,non-binary,28,North,60,Month-to-month,32.12,8.0,30.3,1,"$1,927.2"
CUST-3584,Female,31,North,61,Month-to-month,66.4,0.0,55.42,0,"$4,050.4"
CUST-6992,Male,77,West,5,m2m,24.85,2.0,15.77,1,$124.25
CUST-7420,M,22,East,33,One year,75.67,,,0,"$2,497.11"
CUST-2246,F,20,West,6,Month-to-month,26.28,1.0,,1,$157.68
CUST-7942,Female,33,North,38,One year,73.8,,19.42,0,"$2,804.4"
CUST-9861,M,38,East,8,Month-to-month,65.53,,82.05,0,$524.24
CUST-9853,non-binary,36,West,8,1yr,109.37,,51.19,0,$874.96
CUST-2063,non-binary,30,North,5,1yr,45.82,,,1,$229.1
CUST-9835,Female,59,West,24,One year,94.75,2.0,59.51,0,"$2,274.0"
CUST-6612,M,18,West,25,Month-to-month,30.37,,,0,$759.25
CUST-5982,Female,64,West,33,One year,54.77,0.0,,0,"$1,807.41"
CUST-7816,Male,37,South,39,Month-to-month,31.04,,,1,"$1,210.56"
CUST-2225,Female,73,West,18,Month-to-month,116.65,0.0,87.83,0,"$2,099.7"
CUST-4303,Female,48,West,17,1yr,92.5,,47.43,0,"$1,572.5"
CUST-2999,M,78,East,57,Two year,75.78,3.0,,0,"$4,319.46"
CUST-8287,F,27,North,18,Month-to-month,41.55,,,0,$747.9
CUST-7081,Female,38,West,11,2yr,61.33,,,0,$674.63
CUST-5973,M,36,North,65,Month-to-month,21.27,0.0,,0,"$1,382.55"
CUST-5568,non-binary,54,West,68,Two year,38.12,0.0,46.73,1,"$2,592.16"
CUST-9735,Female,67,South,8,Month-to-month,88.44,3.0,73.28,0,$707.52
CUST-10032,Female,-5,East,40,One year,36.28,2.0,16.55,1,"$1,451.2"
CUST-9745,Female,56,North,1,One year,81.05,0.0,42.61,0,$81.05
CUST-10555,non-binary,26,East,45,Month-to-month,42.75,,47.47,1,"$1,923.75"
CUST-9926,Male,29,South,51,1yr,113.08,1.0,96.67,0,"$5,767.08"
CUST-4665,M,59,East,65,Month-to-month,82.51,,,0,"$5,363.15"
CUST-5543,F,77,North,12,Month-to-month,84.25,,,1,"$1,011.0"
CUST-7763,M,26,South,25,Month-to-month,90.62,,67.75,0,"$2,265.5"
CUST-4266,M,58,North,24,m2m,92.76,0.0,,0,"$2,226.24"
CUST-9810,M,37,West,11,Month-to-month,81.51,3.0,82.11,0,$896.61
CUST-1897,Female,250,North,9,Two year,84.66,,28.38,1,$761.94
CUST-7232,non-binary,63,South,29,Month-to-month,83.27,,80.52,1,"$2,414.83"
CUST-6375,M,27,North,55,m2m,65.52,3.0,,0,"$3,603.6"
CUST-2820,Male,20,South,27,Month-to-month,104.56,2.0,93.01,1,"$2,823.12"
CUST-1124,non-binary,48,South,6,Month-to-month,79.73,0.0,,0,$478.38
CUST-6546,F,52,East,51,One year,57.23,,,0,"$2,918.73"
CUST-8922,non-binary,62,West,72,Two year,119.25,1.0,,0,"$8,586.0"
CUST-7472,non-binary,48,North,8,One year,107.4,0.0,79.71,0,$859.2
CUST-2140,Female,64,North,1,One year,100.55,0.0,,0,$100.55
CUST-8281,non-binary,34,East,28,Month-to-month,102.23,3.0,50.91,1,"$2,862.44"
CUST-6659,non-binary,30,West,68,m2m,109.55,3.0,22.46,1,"$7,449.4"
CUST-8556,F,70,South,4,One year,36.08,1.0,,0,$144.32
CUST-8882,Female,53,East,15,Two year,98.28,,,1,"$1,474.2"
CUST-9398,non-binary,57,North,9,m2m,72.16,,,1,$649.44
CUST-9904,Male,79,North,42,Month-to-month,93.45,,,0,"$3,924.9"
CUST-3873,non-binary,46,North,2,Month-to-month,51.97,,,0,$103.94
CUST-3330,Female,36,South,14,One year,40.03,3.0,60.49,1,$560.42
CUST-4808,M,80,West,59,Month-to-month,51.71,,41.32,1,"$3,050.89"
CUST-4175,Female,73,East,50,Month-to-month,73.43,,,0,"$3,671.5"
CUST-9013,M,67,North,27,Two year,27.2,3.0,91.83,0,$734.4
CUST-9626,non-binary,58,North,13,One year,45.38,,81.71,0,$589.94
CUST-9983,Male,62,North,21,1yr,116.13,,56.75,1,"$2,438.73"
CUST-3421,Male,42,South,29,1yr,64.46,,91.37,0,"$1,869.34"
CUST-7588,Male,18,South,53,Month-to-month,28.06,,81.68,0,"$1,487.18"
CUST-10305,M,21,South,38,Two year,74.96,,,0,"$2,848.48"
CUST-5728,F,58,North,42,Month-to-month,62.14,3.0,99.65,0,"$2,609.88"
CUST-6791,Female,66,East,67,1yr,54.7,,,0,"$3,664.9"
CUST-6357,M,49,East,7,Month-to-month,78.21,,95.07,0,$547.47
CUST-2958,Female,79,East,54,One year,103.63,3.0,,0,"$5,596.02"
CUST-2243,M,54,West,59,m2m,87.74,,,0,"$5,176.66"
CUST-10706,M,78,West,70,Month-to-month,20.71,,77.63,0,"$1,449.7"
CUST-3879,Female,69,East,6,Month-to-month,52.84,2.0,,0,$317.04
CUST-10844,Male,68,West,6,Month-to-month,88.57,,,1,$531.42
CUST-2028,Female,77,East,65,One year,115.56,,17.98,1,"$7,511.4"
CUST-6592,non-binary,66,North,30,m2m,65.76,3.0,,1,"$1,972.8"
CUST-9725,M,41,South,14,m2m,96.68,3.0,,1,"$1,353.52"
CUST-5609,M,19,South,19,Two year,84.49,,,0,"$1,605.31"
CUST-2334,F,62,South,14,Month-to-month,48.3,,58.6,0,$676.2
CUST-6234,F,62,West,56,Two year,39.3,0.0,42.83,0,"$2,200.8"
CUST-7048,non-binary,33,South,68,Two year,38.98,,,0,"$2,650.64"
CUST-1683,M,18,South,63,Month-to-month,97.28,,50.55,0,"$6,128.64"
CUST-7415,M,64,South,70,Month-to-month,97.74,,,1,"$6,841.8"
CUST-10617,non-binary,-5,North,19,Month-to-month,94.83,,,0,"$1,801.77"
CUST-4530,Female,39,North,4,Month-to-month,107.55,,,1,$430.2
CUST-10020,Female,58,North,30,One year,64.37,,11.56,1,"$1,931.1"
CUST-7853,Female,80,West,20,m2m,70.94,,54.62,1,"$1,418.8"
CUST-1929,Female,66,West,39,One year,77.63,,78.26,0,"$3,027.57"
CUST-2035,M,57,South,60,Month-to-month,78.32,,,1,"$4,699.2"
CUST-3658,Male,56,West,14,m2m,103.72,0.0,,1,"$1,452.08"
CUST-4689,non-binary,45,North,65,Month-to-month,77.02,,,0,"$5,006.3"
CUST-4488,F,-5,South,28,Month-to-month,42.75,,,1,"$1,197.0"
CUST-4693,F,-5,East,63,One year,58.48,,70.68,0,"$3,684.24"
CUST-8606,F,33,West,60,Two year,40.37,,80.44,0,"$2,422.2"
CUST-7134,non-binary,69,South,46,Month-to-month,39.1,,70.94,0,"$1,798.6"
CUST-6100,F,48,North,38,Month-to-month,97.35,,89.37,1,"$3,699.3"
CUST-6875,M,35,North,22,One year,40.24,,,0,$885.28
CUST-2315,Male,24,North,55,Month-to-month,72.87,2.0,,0,"$4,007.85"
CUST-8357,Male,39,North,31,Month-to-month,116.94,,34.73,1,"$3,625.14"
CUST-1521,Male,56,West,12,One year,64.9,3.0,83.35,0,$778.8
CUST-1316,Male,70,South,8,One year,79.3,,21.68,0,$634.4
CUST-4146,non-binary,29,West,12,One year,79.01,,,0,$948.12
CUST-6098,Male,41,South,48,m2m,73.19,1.0,42.04,0,"$3,513.12"
CUST-1303,F,31,South,60,Month-to-month,82.14,,,0,"$4,928.4"
CUST-1088,non-binary,53,North,70,Month-to-month,61.91,,40.66,0,"$4,333.7"
CUST-9936,Female,18,West,17,One year,81.64,1.0,50.32,0,"$1,387.88"
CUST-1393,non-binary,56,East,71,Month-to-month,48.79,3.0,95.55,1,"$3,464.09"
CUST-10314,M,36,South,46,Two year,97.65,1.0,,0,"$4,491.9"
CUST-3650,F,41,South,33,Month-to-month,59.64,,12.85,0,"$1,968.12"
CUST-6901,Female,58,East,41,One year,38.67,,13.9,0,"$1,585.47"
CUST-10973,Female,36,East,1,Month-to-month,85.33,,17.32,0,$85.33
CUST-9905,non-binary,20,South,65,Month-to-month,100.29,1.0,,0,"$6,518.85"
CUST-9483,F,24,North,49,One year,67.88,7.0,38.46,0,"$3,326.12"
CUST-4782,non-binary,61,East,59,Month-to-month,110.22,,,1,"$6,502.98"
CUST-3811,M,80,West,57,Two year,78.69,,53.02,0,"$4,485.33"
CUST-4282,non-binary,63,South,50,One year,98.3,1.0,,0,"$4,915.0"
CUST-2783,M,21,North,45,Two year,31.4,0.0,,0,"$1,413.0"
CUST-7614,Male,30,North,28,m2m,103.88,,26.82,1,"$2,908.64"
CUST-8528,Female,43,South,39,One year,119.61,,,0,"$4,664.79"
CUST-7570,Female,43,East,11,One year,47.64,3.0,,0,$524.04
CUST-10668,F,18,West,20,Two year,27.95,3.0,,0,$559.0
CUST-3077,Female,56,North,33,Month-to-month,33.93,,55.71,0,"$1,119.69"
CUST-6953,non-binary,58,South,15,Two year,22.81,5.0,27.29,0,$342.15
CUST-1209,non-binary,57,South,16,Two year,106.54,6.0,15.25,1,"$1,704.64"
CUST-2643,M,74,East,50,Two year,82.37,,98.46,0,"$4,118.5"
CUST-2909,non-binary,59,North,54,Two year,68.9,2.0,,0,"$3,720.6"
CUST-1569,Female,24,North,25,Month-to-month,41.24,,,0,"$1,031.0"
CUST-8283,Male,42,West,45,One year,68.56,,,0,"$3,085.2"
CUST-5528,F,23,South,27,One year,73.87,,,1,"$1,994.49"
CUST-7825,Male,32,South,23,Month-to-month,75.93,3.0,,1,"$1,746.39"
CUST-1400,non-binary,51,West,9,Month-to-month,41.64,2.0,63.56,1,$374.76
CUST-1627,M,36,South,6,One year,84.89,3.0,66.69,0,$509.34
CUST-2792,Female,20,South,48,Month-to-month,41.5,1.0,36.06,0,"$1,992.0"
CUST-9752,M,40,West,21,Month-to-month,84.84,1.0,,0,"$1,781.64"
CUST-1960,M,34,West,41,Month-to-month,47.67,2.0,58.37,1,"$1,954.47"
CUST-8551,F,77,East,60,Month-to-month,80.36,,,1,"$4,821.6"
CUST-5154,Female,48,South,71,Month-to-month,92.17,1.0,37.76,0,"$6,544.07"
CUST-9497,non-binary,20,North,21,Month-to-month,95.87,1.0,80.58,0,"$2,013.27"
CUST-7082,non-binary,55,East,16,One year,58.82,1.0,66.11,1,$941.12
CUST-4807,Female,73,North,57,Month-to-month,36.09,1.0,,0,"$2,057.13"
CUST-2130,F,65,North,48,Two year,43.44,1.0,70.93,0,"$2,085.12"
CUST-9242,F,76,West,71,Month-to-month,45.72,,,1,"$3,246.12"
CUST-5382,non-binary,45,South,32,Two year,67.49,,65.76,0,"$2,159.68"
CUST-2563,Female,77,West,46,Two year,87.01,3.0,66.7,0,"$4,002.46"
CUST-3707,Female,52,South,18,One year,49.16,,65.92,0,$884.88
CUST-9107,Female,65,North,21,Month-to-month,47.93,,,0,"$1,006.53"
CUST-1614,M,36,North,51,m2m,90.93,,64.21,0,"$4,637.43"
CUST-4787,Male,27,South,44,Two year,33.71,,,1,"$1,483.24"
CUST-7005,Female,79,East,31,Two year,35.77,3.0,94.92,0,"$1,108.87"
CUST-9827,F,73,North,65,Month-to-month,111.62,1.0,,0,"$7,255.3"
CUST-5142,Male,18,North,60,2yr,33.07,2.0,67.88,0,"$1,984.2"
CUST-9092,non-binary,65,West,16,1yr,37.94,,,0,$607.04
CUST-3035,non-binary,74,North,24,One year,47.75,0.0,85.65,0,"$1,146.0"
CUST-2568,non-binary,41,South,56,m2m,70.23,3.0,68.92,1,"$3,932.88"
CUST-9984,F,71,South,22,One year,34.98,,45.99,0,$769.56
CUST-3561,Female,-5,West,31,Month-to-month,63.93,4.0,23.21,0,"$1,981.83"
CUST-6358,Female,65,South,59,m2m,102.53,,52.17,1,"$6,049.27"
CUST-3104,M,78,West,38,2yr,86.66,0.0,68.81,0,"$3,293.08"
CUST-10278,M,54,West,6,m2m,51.67,,36.83,1,$310.02
CUST-10129,Female,34,South,7,Two year,90.83,0.0,,0,$635.81
CUST-10535,F,35,North,3,Month-to-month,113.57,0.0,,1,$340.71
CUST-8645,non-binary,67,East,42,Month-to-month,115.03,3.0,40.15,1,"$4,831.26"
CUST-5867,non-binary,46,North,28,Month-to-month,61.74,,83.02,1,"$1,728.72"
CUST-10764,Female,75,North,72,Month-to-month,73.89,1.0,,1,"$5,320.08"
CUST-7947,F,250,North,63,2yr,43.8,,56.4,0,"$2,759.4"
CUST-1641,Female,63,North,69,m2m,69.1,2.0,63.42,1,"$4,767.9"
CUST-10938,non-binary,33,South,22,Month-to-month,49.73,,10.71,1,"$1,094.06"
CUST-7609,Male,67,South,40,One year,72.12,,50.65,0,"$2,884.8"
CUST-6088,Male,52,West,69,1yr,40.36,,98.04,0,"$2,784.84"
CUST-6213,Female,23,West,27,One year,30.79,,,0,$831.33
CUST-7375,Male,52,West,71,Two year,118.32,,,0,"$8,400.72"
CUST-1500,M,34,North,59,One year,111.18,0.0,52.07,1,"$6,559.62"
CUST-7896,Female,70,West,56,Month-to-month,81.31,,,0,"$4,553.36"
CUST-9910,Male,29,North,49,m2m,110.22,,,0,"$5,400.78"
CUST-8464,F,22,North,52,One year,31.66,,35.67,0,"$1,646.32"
CUST-2694,Male,56,East,7,One year,104.02,3.0,,0,$728.14
CUST-3106,F,60,West,63,One year,48.19,1.0,,0,"$3,035.97"
CUST-3944,Male,19,South,22,One year,77.9,,89.03,0,"$1,713.8"
CUST-8595,M,46,West,53,One year,65.61,,,0,"$3,477.33"
CUST-5408,non-binary,54,East,54,1yr,119.09,1.0,67.56,1,"$6,430.86"
CUST-5687,Female,42,North,26,1yr,24.99,1.0,82.36,0,$649.74
CUST-2959,F,43,South,25,One year,82.53,,24.07,0,"$2,063.25"
CUST-2526,F,70,South,14,Month-to-month,20.95,,,1,$293.3
CUST-3396,F,60,West,44,Two year,52.24,,,0,"$2,298.56"
CUST-1435,non-binary,80,West,37,Month-to-month,81.84,,26.83,1,"$3,028.08"
CUST-5846,non-binary,33,South,58,2yr,35.09,1.0,84.29,0,"$2,035.22"
CUST-6031,F,65,North,70,One year,103.06,,49.29,0,"$7,214.2"
CUST-7611,M,75,South,1,One year,52.83,8.0,16.51,0,$52.83
CUST-7338,M,250,North,71,2yr,84.58,1.0,,0,"$6,005.18"
CUST-4517,non-binary,35,West,33,Month-to-month,46.07,1.0,,0,"$1,520.31"
CUST-2367,Male,80,East,72,Month-to-month,93.68,1.0,,1,"$6,744.96"
CUST-9073,Female,69,South,65,1yr,44.38,,,0,"$2,884.7"
CUST-4950,F,68,West,57,Two year,89.62,2.0,50.2,0,"$5,108.34"
CUST-6278,Female,67,West,43,One year,110.17,,,1,"$4,737.31"
CUST-6931,Female,19,North,2,Month-to-month,41.64,,,1,$83.28
CUST-8280,non-binary,59,South,64,One year,89.22,,,0,"$5,710.08"
CUST-9753,Male,-5,North,71,1yr,20.94,1.0,,0,"$1,486.74"
CUST-10758,Male,250,West,58,One year,23.02,0.0,,0,"$1,335.16"
CUST-9488,F,19,East,40,2yr,84.72,1.0,85.62,1,"$3,388.8"
CUST-7181,F,37,South,22,Month-to-month,71.36,,,0,"$1,569.92"
CUST-4108,Male,43,North,3,Month-to-month,41.15,2.0,,0,$123.45
CUST-2482,M,79,East,13,Month-to-month,70.14,0.0,,1,$911.82
CUST-5582,non-binary,59,North,53,One year,107.15,,11.52,1,"$5,678.95"
CUST-9825,Female,37,West,69,Month-to-month,107.31,0.0,,0,"$7,404.39"
CUST-5961,F,25,West,5,m2m,70.65,4.0,33.78,1,$353.25
CUST-1354,Female,55,South,65,One year,96.46,0.0,50.06,0,"$6,269.9"
CUST-9430,F,44,South,49,Month-to-month,71.84,0.0,82.45,1,"$3,520.16"
CUST-5830,non-binary,78,West,67,Month-to-month,30.89,2.0,40.97,1,"$2,069.63"
CUST-8082,F,51,South,41,2yr,34.71,0.0,66.49,0,"$1,423.11"
CUST-2916,F,74,South,41,Month-to-month,74.74,,,1,"$3,064.34"
CUST-4085,non-binary,56,West,44,Two year,83.38,,68.35,0,"$3,668.72"
CUST-5642,Female,58,South,72,One year,81.52,3.0,77.23,0,"$5,869.44"
CUST-3622,F,18,North,38,Month-to-month,112.62,,90.9,0,"$4,279.56"
CUST-9132,non-binary,70,West,47,Two year,90.54,1.0,,0,"$4,255.38"
CUST-3558,F,65,North,5,Two year,34.31,2.0,,0,$171.55
CUST-1524,Female,57,North,70,Month-to-month,92.45,2.0,61.05,0,"$6,471.5"
CUST-3321,Male,78,North,3,m2m,110.95,,,1,$332.85
CUST-2492,non-binary,79,West,21,One year,36.79,,56.87,0,$772.59
CUST-6132,F,77,West,14,m2m,97.33,3.0,35.94,1,"$1,362.62"
CUST-10021,non-binary,29,West,40,1yr,96.08,6.0,19.46,1,"$3,843.2"
CUST-5379,F,52,North,43,Two year,112.45,2.0,84.89,0,"$4,835.35"
CUST-7023,M,57,West,56,Two year,107.15,,,0,"$6,000.4"
CUST-7765,F,42,West,11,One year,117.77,,,1,"$1,295.47"
CUST-10944,M,29,North,60,Month-to-month,110.6,,,1,"$6,636.0"
CUST-6946,F,19,South,25,Two year,112.57,,11.38,0,"$2,814.25"
CUST-1658,M,38,West,58,2yr,73.55,3.0,92.8,0,"$4,265.9"
CUST-6486,M,23,South,22,Two year,35.56,,68.05,0,$782.32
CUST-10608,Male,26,North,70,Month-to-month,42.07,,,1,"$2,944.9"
CUST-4595,Female,73,West,33,One year,60.45,4.0,32.53,0,"$1,994.85"
CUST-10824,Male,35,West,33,Two year,33.52,,,0,"$1,106.16"
CUST-8257,non-binary,18,West,4,One year,114.12,,,0,$456.48
CUST-2429,non-binary,70,North,42,Month-to-month,64.72,1.0,96.27,1,"$2,718.24"
CUST-1429,Male,68,West,49,m2m,37.52,,,0,"$1,838.48"
CUST-7839,F,71,North,29,Month-to-month,44.26,,31.56,1,"$1,283.54"
CUST-10425,non-binary,19,North,33,2yr,84.69,1.0,,0,"$2,794.77"
CUST-1594,M,77,West,57,One year,68.6,0.0,76.01,0,"$3,910.2"
CUST-6895,non-binary,35,North,10,One year,28.87,1.0,,1,$288.7
CUST-6265,Male,51,West,43,Month-to-month,98.14,,,1,"$4,220.02"
CUST-1116,non-binary,50,West,47,One year,54.05,3.0,77.96,0,"$2,540.35"
CUST-9366,M,56,South,27,Month-to-month,50.85,,,1,"$1,372.95"
CUST-9857,non-binary,51,North,15,Month-to-month,79.22,,,1,"$1,188.3"
CUST-5540,M,55,West,14,m2m,78.13,,,0,"$1,093.82"
CUST-10203,Female,20,North,67,Month-to-month,108.96,,,1,"$7,300.32"
CUST-5489,F,25,East,12,Month-to-month,57.81,,74.47,0,$693.72
CUST-2346,Male,61,West,8,Month-to-month,60.29,,92.51,1,$482.32
CUST-6682,F,32,South,54,Month-to-month,96.62,,26.78,1,"$5,217.48"
CUST-2580,non-binary,66,West,53,m2m,44.37,1.0,60.77,1,"$2,351.61"
CUST-7626,Female,250,North,48,m2m,30.98,1.0,,0,"$1,487.04"
CUST-9758,M,47,South,49,One year,75.27,0.0,,0,"$3,688.23"
CUST-4066,Female,23,North,52,Month-to-month,117.55,,,1,"$6,112.6"
CUST-10121,Male,33,North,1,m2m,36.34,,,1,$36.34
CUST-3240,Female,24,East,19,Month-to-month,46.02,2.0,,0,$874.38
CUST-7252,Female,26,South,26,Two year,76.68,2.0,,0,"$1,993.68"
CUST-6102,Male,20,West,39,Month-to-month,66.44,,88.54,1,"$2,591.16"
CUST-6789,M,66,South,37,One year,108.48,3.0,,0,"$4,013.76"
CUST-2400,F,57,North,67,m2m,23.41,0.0,,0,"$1,568.47"
CUST-3503,Male,61,North,70,One year,37.42,,53.03,0,"$2,619.4"
CUST-7102,Female,38,East,48,2yr,84.34,,18.01,1,"$4,048.32"
CUST-7779,non-binary,22,North,18,Month-to-month,112.0,,62.93,0,"$2,016.0"
CUST-10858,Female,36,West,19,Month-to-month,28.85,,,1,$548.15
CUST-6897,F,34,South,11,Month-to-month,56.54,,57.91,0,$621.94
CUST-4180,F,57,South,8,2yr,24.98,3.0,,0,$199.84
CUST-1408,M,50,North,16,Month-to-month,61.19,1.0,,0,$979.04
CUST-3410,F,56,North,70,2yr,43.93,0.0,,0,"$3,075.1"
CUST-1078,non-binary,250,West,14,One year,63.65,,,0,$891.1
CUST-2395,Male,80,East,0,Two year,27.64,2.0,,0,$0.0
CUST-1167,Female,250,West,72,Month-to-month,72.14,1.0,,1,"$5,194.08"
CUST-1325,Female,18,North,53,2yr,84.97,2.0,85.72,0,"$4,503.41"
CUST-7910,M,44,South,49,One year,68.08,3.0,32.79,1,"$3,335.92"
CUST-4202,Male,43,North,29,Month-to-month,93.77,,13.82,1,"$2,719.33"
CUST-10404,F,61,South,32,Two year,72.67,,,0,"$2,325.44"
CUST-6009,non-binary,66,East,58,One year,82.91,3.0,73.43,0,"$4,808.78"
CUST-2599,Female,76,North,55,m2m,99.76,,,0,"$5,486.8"
CUST-5111,non-binary,22,East,43,One year,39.19,8.0,30.67,1,"$1,685.17"
CUST-5772,F,23,North,5,One year,25.74,,,0,$128.7
CUST-3571,F,18,North,0,One year,26.38,2.0,82.23,0,$0.0
CUST-7364,Female,30,West,48,Month-to-month,68.57,,66.8,0,"$3,291.36"
CUST-7475,M,75,North,4,One year,114.83,2.0,0.8900000000000006,0,$459.32
CUST-9329,F,50,West,28,Two year,28.01,,,0,$784.28
CUST-10698,Female,37,South,69,Month-to-month,46.45,,,1,"$3,205.05"
CUST-4564,non-binary,65,North,37,Two year,119.87,,77.99,0,"$4,435.19"
CUST-10039,non-binary,52,South,0,1yr,106.52,1.0,45.39,0,$0.0
CUST-3980,M,250,West,19,Month-to-month,33.93,,80.81,1,$644.67
CUST-7289,M,41,North,25,One year,106.56,,,0,"$2,664.0"
CUST-9290,Male,77,West,19,2yr,78.11,,,0,"$1,484.09"
CUST-5595,non-binary,29,East,61,Month-to-month,27.16,1.0,71.5,1,"$1,656.76"
CUST-5836,M,75,North,3,m2m,69.74,,47.13,1,$209.22
CUST-2781,non-binary,60,West,10,One year,93.75,,,0,$937.5
CUST-1185,Female,29,South,72,Month-to-month,46.56,,,0,"$3,352.32"
CUST-5944,non-binary,42,North,8,One year,113.0,,94.77,0,$904.0
CUST-2230,F,61,North,52,Month-to-month,28.67,,36.16,0,"$1,490.84"
CUST-4989,F,35,South,40,One year,30.02,3.0,,0,"$1,200.8"
CUST-7448,non-binary,71,West,17,One year,45.29,,,0,$769.93
CUST-8040,Female,71,West,5,Month-to-month,50.97,0.0,0.0,1,$254.85
CUST-9685,M,50,West,66,Month-to-month,49.18,,89.24,0,"$3,245.88"
CUST-6783,M,44,East,38,One year,103.88,1.0,,1,"$3,947.44"
CUST-3527,Male,28,West,58,Two year,39.96,,85.2,0,"$2,317.68"
CUST-9276,non-binary,250,West,68,Month-to-month,72.44,,51.69,0,"$4,925.92"
CUST-8938,F,18,West,20,One year,78.6,0.0,,0,"$1,572.0"
CUST-5574,F,43,South,9,One year,52.65,,87.68,0,$473.85
CUST-4507,non-binary,37,West,32,One year,33.57,1.0,36.17,0,"$1,074.24"
CUST-2558,Male,77,West,62,Two year,118.18,,,0,"$7,327.16"
CUST-7716,Male,52,North,26,One year,109.7,3.0,,0,"$2,852.2"
CUST-5240,Male,49,East,17,Two year,72.11,,,0,"$1,225.87"
CUST-5983,M,52,East,31,Two year,67.7,2.0,,0,"$2,098.7"
CUST-5375,F,58,East,69,Two year,52.12,,,1,"$3,596.28"
CUST-10251,F,69,South,59,Month-to-month,21.56,,,1,"$1,272.04"
CUST-5435,F,71,South,5,2yr,66.53,1.0,,0,$332.65
CUST-8391,F,74,North,35,Month-to-month,74.91,,,1,"$2,621.85"
CUST-9365,non-binary,34,South,5,Month-to-month,32.22,,,1,$161.1
CUST-4138,non-binary,-5,West,25,One year,73.94,2.0,96.65,0,"$1,848.5"
CUST-7484,M,80,West,55,Two year,60.0,0.0,36.85,0,"$3,300.0"
CUST-1470,Female,19,East,61,One year,30.45,,87.36,0,"$1,857.45"
CUST-3572,Male,61,West,0,One year,37.65,1.0,25.950000000000003,0,$0.0
CUST-4073,non-binary,-5,West,62,Month-to-month,62.33,2.0,,1,"$3,864.46"
CUST-8924,Male,43,North,68,Month-to-month,107.05,,49.8,0,"$7,279.4"
CUST-8951,F,55,East,9,Month-to-month,29.15,3.0,,1,$262.35
CUST-2624,Male,80,South,11,Month-to-month,75.91,2.0,,0,$835.01
CUST-10893,Female,65,East,33,One year,89.38,,91.1,0,"$2,949.54"
CUST-7781,M,19,North,19,One year,90.84,1.0,,0,"$1,725.96"
CUST-8838,Male,44,North,59,One year,25.5,,,0,"$1,504.5"
CUST-5616,non-binary,40,West,25,One year,68.63,8.0,33.4,1,"$1,715.75"
CUST-5876,M,-5,South,19,One year,70.66,,,1,"$1,342.54"
CUST-10472,M,24,East,27,Month-to-month,86.92,3.0,,1,"$2,346.84"
CUST-1051,F,58,East,48,One year,92.47,,60.48,0,"$4,438.56"
CUST-3150,non-binary,70,South,17,One year,80.62,,,0,"$1,370.54"
CUST-1003,F,49,West,54,1yr,22.49,9.0,30.15,0,"$1,214.46"
CUST-9974,M,47,South,62,One year,97.16,10.0,22.46,1,"$6,023.92"
CUST-9807,F,58,North,30,One year,101.43,1.0,48.62,0,"$3,042.9"
CUST-2940,non-binary,71,North,21,Month-to-month,95.54,,34.0,0,"$2,006.34"
CUST-1183,Female,54,West,0,Month-to-month,21.46,,,1,$0.0
CUST-10250,Female,21,West,31,Month-to-month,53.89,1.0,,1,"$1,670.59"
CUST-1558,non-binary,50,North,10,Two year,45.74,,,0,$457.4
CUST-1497,Male,73,East,47,Month-to-month,78.37,,94.09,0,"$3,683.39"
CUST-8875,Male,56,North,6,One year,58.87,,74.04,0,$353.22
CUST-5286,non-binary,37,West,44,One year,34.27,,,0,"$1,507.88"
CUST-7950,Male,36,West,57,Month-to-month,91.33,1.0,,1,"$5,205.81"
CUST-2804,Male,48,North,9,Month-to-month,69.11,0.0,52.37,1,$621.99
CUST-5383,Female,18,West,37,m2m,47.49,,71.27,0,"$1,757.13"
CUST-10950,F,41,West,37,Month-to-month,44.25,,,1,"$1,637.25"
CUST-8517,Female,68,West,61,Month-to-month,87.71,8.0,22.69,1,"$5,350.31"
CUST-9165,Female,56,East,18,2yr,45.99,1.0,,1,$827.82
CUST-10063,M,55,North,13,m2m,96.73,0.0,18.92,0,"$1,257.49"
CUST-10621,F,78,North,1,Month-to-month,28.61,,,0,$28.61
CUST-5412,F,58,North,33,One year,48.7,,40.65,0,"$1,607.1"
CUST-2043,F,38,South,8,Two year,57.02,,50.73,0,$456.16
CUST-7593,Female,25,West,49,One year,108.0,0.0,,1,"$5,292.0"
CUST-5865,non-binary,37,East,2,Two year,92.3,,,0,$184.6
CUST-8732,F,27,West,68,2yr,92.14,0.0,,0,"$6,265.52"
CUST-10311,Male,68,East,33,One year,33.51,3.0,98.23,0,"$1,105.83"
CUST-1359,non-binary,54,North,24,Month-to-month,36.05,,49.07,0,$865.2
CUST-10326,Male,27,East,34,m2m,73.77,,,0,"$2,508.18"
CUST-3102,M,38,South,49,Month-to-month,22.58,,25.93,0,"$1,106.42"
CUST-2873,M,42,North,53,One year,110.59,,95.05,0,"$5,861.27"
CUST-8062,M,65,West,17,Two year,111.5,1.0,,0,"$1,895.5"
CUST-4036,F,65,West,55,Two year,78.27,3.0,,0,"$4,304.85"
CUST-4645,F,45,South,52,One year,65.76,2.0,24.72,0,"$3,419.52"
CUST-3048,Female,49,South,1,Month-to-month,40.75,,64.9,1,$40.75
CUST-10972,M,25,West,67,One year,113.01,3.0,65.68,0,"$7,571.67"
CUST-4881,F,29,West,8,One year,29.46,,,0,$235.68
CUST-7434,F,63,North,29,Month-to-month,60.73,1.0,,1,"$1,761.17"
CUST-9834,F,46,West,37,Month-to-month,89.41,1.0,,1,"$3,308.17"
CUST-10261,Female,64,North,22,2yr,58.34,2.0,67.24,0,"$1,283.48"
CUST-5497,non-binary,49,East,23,Month-to-month,96.25,,18.84,1,"$2,213.75"
CUST-7455,F,69,West,47,Month-to-month,70.76,,86.44,1,"$3,325.72"
CUST-8572,non-binary,49,North,70,Month-to-month,119.8,,40.57,1,"$8,386.0"
CUST-3043,non-binary,33,South,21,1yr,29.76,,78.31,0,$624.96
CUST-7980,Male,34,South,3,Month-to-month,62.87,,56.730000000000004,0,$188.61
CUST-1000,non-binary,19,West,11,m2m,27.02,0.0,,0,$297.22
CUST-3649,Female,55,South,13,Two year,81.48,,18.42,0,"$1,059.24"
CUST-7041,Female,74,West,1,Month-to-month,22.01,0.0,62.2,0,$22.01
CUST-9588,M,54,South,33,Month-to-month,68.67,1.0,,1,"$2,266.11"
CUST-7535,non-binary,77,West,21,Month-to-month,31.84,,,1,$668.64
CUST-7009,M,61,West,45,Month-to-month,85.89,,,0,"$3,865.05"
CUST-6788,Female,21,North,29,Two year,45.57,,50.28,0,"$1,321.53"
CUST-5394,Male,25,South,69,Month-to-month,30.39,2.0,10.87,1,"$2,096.91"
CUST-5373,M,60,North,44,Month-to-month,30.28,,,0,"$1,332.32"
CUST-9229,Male,67,West,62,Month-to-month,27.84,,14.91,1,"$1,726.08"
CUST-3513,F,54,West,26,m2m,21.94,0.0,,1,$570.44
CUST-9035,F,72,West,46,One year,25.86,2.0,,0,"$1,189.56"
CUST-3710,Male,33,North,22,1yr,33.0,,70.12,0,$726.0
CUST-2956,F,72,West,8,One year,52.7,,,0,$421.6
CUST-10232,M,24,West,72,Month-to-month,62.47,,,1,"$4,497.84"
CUST-5297,F,59,South,30,Month-to-month,72.15,0.0,,0,"$2,164.5"
CUST-3140,M,27,North,62,1yr,49.38,,,0,"$3,061.56"
CUST-5600,Male,53,South,23,Month-to-month,76.78,0.0,,1,"$1,765.94"
CUST-5621,non-binary,78,North,22,m2m,85.05,0.0,96.07,1,"$1,871.1"
CUST-5529,Male,32,North,70,Month-to-month,43.2,,,0,"$3,024.0"
CUST-10895,F,79,South,1,Two year,31.13,0.0,,0,$31.13
CUST-5214,non-binary,50,West,35,One year,98.09,0.0,,0,"$3,433.15"
CUST-1869,M,61,West,60,One year,25.73,,,0,"$1,543.8"
CUST-4355,F,65,South,12,Month-to-month,56.06,3.0,98.66,1,$672.72
CUST-2460,Female,70,South,46,Month-to-month,53.27,2.0,45.12,0,"$2,450.42"
CUST-9829,Female,31,West,38,Month-to-month,30.65,0.0,,0,"$1,164.7"
CUST-7952,Male,31,South,70,Two year,63.18,3.0,,0,"$4,422.6"
CUST-6266,F,47,North,17,Month-to-month,99.42,,97.5,1,"$1,690.14"
CUST-1689,M,33,East,29,Two year,23.75,2.0,,0,$688.75
CUST-6945,Female,65,South,52,Month-to-month,81.58,3.0,92.78,0,"$4,242.16"
CUST-5480,Male,61,West,19,Month-to-month,91.78,,,0,"$1,743.82"
CUST-9388,F,68,North,31,One year,99.75,0.0,,0,"$3,092.25"
CUST-5352,Female,61,North,39,One year,114.6,0.0,,0,"$4,469.4"
CUST-10800,M,41,South,52,Two year,82.12,0.0,98.57,0,"$4,270.24"
CUST-3728,Female,78,South,22,One year,77.03,1.0,99.93,0,"$1,694.66"
CUST-6825,Male,20,North,37,One year,91.91,,,0,"$3,400.67"
CUST-10572,non-binary,25,North,15,2yr,104.52,,48.81,1,"$1,567.8"
CUST-2180,Male,69,North,23,Two year,69.52,,,1,"$1,598.96"
CUST-7002,Male,51,West,17,Two year,92.18,,,0,"$1,567.06"
CUST-1808,M,43,West,71,Two year,76.24,0.0,45.0,0,"$5,413.04"
CUST-10214,Female,42,North,29,Month-to-month,55.21,2.0,,0,"$1,601.09"
CUST-6988,Female,70,West,63,Month-to-month,58.36,,12.28,0,"$3,676.68"
CUST-7337,non-binary,22,South,6,Month-to-month,46.34,,,1,$278.04
CUST-8306,F,73,West,12,2yr,20.54,3.0,,0,$246.48
CUST-3427,F,26,South,40,One year,119.52,,88.82,1,"$4,780.8"
CUST-5701,M,39,West,67,Month-to-month,96.3,3.0,,1,"$6,452.1"
CUST-10600,non-binary,30,West,53,Month-to-month,109.69,,,0,"$5,813.57"
CUST-3756,non-binary,31,South,36,One year,64.05,,,0,"$2,305.8"
CUST-1437,Male,20,South,19,One year,22.57,,63.84,0,$428.83
CUST-7809,Male,70,West,13,One year,91.64,,,0,"$1,191.32"
CUST-6291,M,34,North,24,Month-to-month,76.95,0.0,,0,"$1,846.8"
CUST-3747,non-binary,250,North,32,Month-to-month,91.9,,,1,"$2,940.8"
CUST-2524,M,36,North,34,One year,28.23,2.0,,1,$959.82
CUST-4429,Female,71,East,67,m2m,44.74,,,0,"$2,997.58"
CUST-1213,Male,22,North,7,One year,74.96,,25.06,0,$524.72
CUST-8488,F,54,East,5,Two year,92.61,1.0,,0,$463.05
CUST-4277,non-binary,80,North,46,Month-to-month,102.9,,,0,"$4,733.4"
CUST-8903,F,53,West,51,One year,89.36,3.0,,0,"$4,557.36"
CUST-9678,Male,46,South,12,Two year,68.64,,46.06,0,$823.68
CUST-10857,Male,78,South,52,Month-to-month,54.76,3.0,57.34,0,"$2,847.52"
CUST-5177,non-binary,64,North,32,Two year,64.65,,28.21,1,"$2,068.8"
CUST-10413,Female,61,East,51,m2m,65.24,,84.4,0,"$3,327.24"
CUST-9824,F,47,North,57,m2m,58.24,,,0,"$3,319.68"
CUST-4123,Male,24,South,28,One year,36.28,2.0,,0,"$1,015.84"
CUST-8565,non-binary,65,East,21,Month-to-month,111.22,2.0,,1,"$2,335.62"
CUST-2308,non-binary,19,North,25,One year,34.85,,10.87,0,$871.25
CUST-3053,Male,21,East,63,One year,54.19,3.0,88.63,0,"$3,413.97"
CUST-4523,F,50,South,48,One year,59.79,0.0,,0,"$2,869.92"
CUST-4256,non-binary,76,North,46,Month-to-month,107.21,0.0,,1,"$4,931.66"
CUST-8011,Male,56,East,4,Month-to-month,77.17,2.0,60.129999999999995,1,$308.68
CUST-2704,Female,57,North,61,1yr,68.34,,,0,"$4,168.74"
CUST-9058,F,77,South,2,Two year,101.67,3.0,,0,$203.34
CUST-8792,non-binary,38,North,0,Month-to-month,70.65,,8.09,0,$0.0
CUST-8614,Female,40,South,5,1yr,98.74,,48.75,0,$493.7
CUST-9257,Male,71,North,47,Month-to-month,51.37,0.0,96.29,1,"$2,414.39"
CUST-2110,Male,58,East,2,Two year,93.47,,,0,$186.94
CUST-10661,F,38,West,59,One year,22.22,2.0,,0,"$1,310.98"
CUST-1540,Male,-5,South,12,Month-to-month,54.42,,58.22,1,$653.04
CUST-9708,M,78,North,35,m2m,41.9,3.0,52.3,0,"$1,466.5"
CUST-8073,F,35,South,4,One year,68.69,,58.849999999999994,0,$274.76
CUST-7039,F,78,North,26,Two year,97.6,7.0,12.5,1,"$2,537.6"
CUST-5784,F,26,North,65,Month-to-month,23.3,2.0,,0,"$1,514.5"
CUST-7621,F,25,South,55,m2m,94.2,0.0,,0,"$5,181.0"
CUST-6169,F,45,East,52,Month-to-month,68.22,,81.04,1,"$3,547.44"
CUST-6062,M,79,South,71,One year,38.33,0.0,,1,"$2,721.43"
CUST-10462,F,73,North,6,Two year,62.45,1.0,,1,$374.7
CUST-1236,Female,79,West,13,Two year,62.98,,,0,$818.74
CUST-3247,M,35,South,53,2yr,43.14,,69.28,0,"$2,286.42"
CUST-8969,M,35,West,69,Month-to-month,82.52,0.0,,0,"$5,693.88"
CUST-1666,F,56,West,71,One year,67.78,,,0,"$4,812.38"
CUST-1776,M,32,South,65,One year,38.81,0.0,,0,"$2,522.65"
CUST-5490,Female,30,North,33,One year,69.8,,,0,"$2,303.4"
CUST-7794,Male,69,South,26,Month-to-month,33.69,2.0,,1,$875.94
CUST-7861,F,26,South,63,One year,76.36,3.0,,0,"$4,810.68"
CUST-1422,non-binary,-5,West,18,Month-to-month,96.38,,,0,"$1,734.84"
CUST-7330,F,57,East,19,Month-to-month,76.61,,,0,"$1,455.59"
CUST-4305,Female,67,North,31,Month-to-month,99.35,2.0,,0,"$3,079.85"
CUST-2314,Male,72,South,45,Month-to-month,52.11,,,0,"$2,344.95"
CUST-7231,non-binary,71,West,70,Month-to-month,24.41,5.0,13.33,1,"$1,708.7"
CUST-4544,F,21,North,12,Two year,38.99,3.0,35.19,0,$467.88
CUST-1896,Female,50,West,55,Two year,56.58,3.0,69.99,0,"$3,111.9"
CUST-1189,Female,71,West,50,One year,112.32,,,0,"$5,616.0"
CUST-2547,Male,28,South,64,Month-to-month,63.5,,96.79,1,"$4,064.0"
CUST-3508,Female,33,West,68,m2m,36.57,2.0,16.54,1,"$2,486.76"
CUST-2885,F,44,East,60,One year,42.76,2.0,83.45,0,"$2,565.6"
CUST-5615,non-binary,80,South,51,Two year,69.74,2.0,87.93,0,"$3,556.74"
CUST-3497,Female,75,South,55,1yr,112.88,,,0,"$6,208.4"
CUST-2879,Female,39,South,63,One year,44.33,0.0,,0,"$2,792.79"
CUST-4969,Male,64,East,65,Month-to-month,20.29,,,1,"$1,318.85"
CUST-9759,F,33,North,71,Two year,48.39,2.0,,0,"$3,435.69"
CUST-10842,M,20,East,37,Month-to-month,63.32,3.0,76.6,1,"$2,342.84"
CUST-9562,M,36,West,20,Two year,39.97,,51.68,0,$799.4
CUST-9981,non-binary,52,North,12,Month-to-month,116.74,2.0,77.8,1,"$1,400.88"
CUST-10068,F,46,West,1,One year,40.89,0.0,,0,$40.89
CUST-6933,M,27,South,27,One year,98.38,,54.71,0,"$2,656.26"
CUST-10346,F,43,North,32,Two year,89.53,2.0,,0,"$2,864.96"
CUST-4908,F,29,North,13,1yr,64.2,2.0,,0,$834.6
CUST-5428,F,59,West,62,Month-to-month,57.03,,,0,"$3,535.86"
CUST-6671,Male,55,South,67,Month-to-month,118.9,0.0,,1,"$7,966.3"
CUST-10235,Male,38,West,41,m2m,100.6,,,0,"$4,124.6"
CUST-7340,non-binary,49,East,9,One year,25.42,3.0,,0,$228.78
CUST-10802,Female,54,North,72,Month-to-month,56.92,,39.35,0,"$4,098.24"
CUST-6674,Male,74,South,62,One year,100.63,1.0,50.7,0,"$6,239.06"
CUST-6749,Male,34,South,43,One year,105.95,,,0,"$4,555.85"
CUST-4456,F,65,South,41,m2m,98.81,0.0,20.77,1,"$4,051.21"
CUST-6621,M,29,West,24,One year,35.77,3.0,,0,$858.48
CUST-8896,F,35,West,16,One year,70.14,,,0,"$1,122.24"
CUST-7860,Female,56,North,69,One year,98.53,0.0,87.72,0,"$6,798.57"
CUST-4411,Male,60,South,27,Month-to-month,99.61,,,0,"$2,689.47"
CUST-4920,F,19,North,5,One year,58.34,,,0,$291.7
CUST-10365,non-binary,23,West,57,Two year,45.33,2.0,53.43,0,"$2,583.81"
CUST-6470,Male,25,South,27,Month-to-month,20.72,,,1,$559.44
CUST-9328,F,22,West,49,Month-to-month,101.61,,56.79,1,"$4,978.89"
CUST-9443,M,60,South,1,One year,63.17,,,0,$63.17
CUST-2600,F,32,North,62,Month-to-month,48.13,,,1,"$2,984.06"
CUST-9526,M,59,South,66,m2m,100.8,,58.75,1,"$6,652.8"
CUST-9799,M,29,West,33,m2m,61.26,0.0,85.24,1,"$2,021.58"
CUST-6342,F,46,North,13,Month-to-month,103.4,,10.1,1,"$1,344.2"
CUST-1662,F,26,West,71,Two year,48.32,,45.24,0,"$3,430.72"
CUST-1835,F,29,North,70,Month-to-month,91.81,,65.96,0,"$6,426.7"
CUST-6226,F,-5,North,2,Month-to-month,89.21,7.0,7.59,1,$178.42
CUST-1966,Male,65,North,8,Month-to-month,88.67,2.0,,0,$709.36
CUST-3366,non-binary,33,East,59,2yr,107.02,1.0,,0,"$6,314.18"
CUST-2657,Female,46,North,12,Two year,21.97,9.0,10.52,1,$263.64
CUST-6944,Male,62,East,8,One year,70.8,3.0,,0,$566.4
CUST-5882,F,67,North,17,One year,32.1,1.0,,0,$545.7
CUST-9641,M,22,South,70,Month-to-month,95.5,0.0,44.53,1,"$6,685.0"
CUST-3419,Male,43,West,7,Two year,105.66,,94.68,0,$739.62
CUST-2164,Male,57,South,44,m2m,89.23,1.0,84.68,0,"$3,926.12"
CUST-5047,non-binary,57,North,38,Month-to-month,105.83,,55.96,0,"$4,021.54"
CUST-2414,F,74,South,28,Month-to-month,118.93,,84.68,1,"$3,330.04"
CUST-6768,M,38,South,23,m2m,81.26,,,1,"$1,868.98"
CUST-9806,non-binary,65,East,72,m2m,78.82,0.0,,0,"$5,675.04"
CUST-3691,F,40,North,3,Month-to-month,110.26,,29.770000000000003,1,$330.78
CUST-9018,non-binary,57,South,61,One year,76.31,,,0,"$4,654.91"
CUST-5429,M,80,South,60,m2m,119.57,,63.17,1,"$7,174.2"
CUST-1151,Female,24,North,61,Two year,61.43,,19.45,0,"$3,747.23"
CUST-8823,non-binary,78,East,8,Month-to-month,114.27,,,0,$914.16
CUST-5038,F,38,West,68,One year,49.52,1.0,86.18,0,"$3,367.36"
CUST-1244,M,250,North,33,Two year,32.09,2.0,,0,"$1,058.97"
CUST-3567,Male,50,South,59,Month-to-month,27.68,,,1,"$1,633.12"
CUST-1746,non-binary,49,East,17,Two year,20.57,0.0,,0,$349.69
CUST-5993,F,23,East,31,2yr,72.67,,68.01,0,"$2,252.77"
CUST-7700,Male,20,West,0,Month-to-month,21.24,3.0,22.15,0,$0.0
CUST-6208,Female,41,North,22,Month-to-month,38.36,3.0,70.08,0,$843.92
CUST-3169,M,42,East,12,One year,119.04,1.0,,1,"$1,428.48"
CUST-8158,non-binary,59,North,29,Two year,32.33,,16.48,0,$937.57
CUST-7917,F,42,South,28,One year,76.82,,,0,"$2,150.96"
CUST-9100,non-binary,20,West,51,2yr,113.04,,67.43,0,"$5,765.04"
CUST-3016,Female,51,South,43,Month-to-month,98.19,1.0,,1,"$4,222.17"
CUST-9055,F,28,North,64,One year,76.09,0.0,46.92,0,"$4,869.76"
CUST-1300,Male,50,West,4,Month-to-month,49.07,2.0,78.82,1,$196.28
CUST-8114,M,56,South,0,Month-to-month,47.88,,,1,$0.0
CUST-8407,Male,22,North,59,Month-to-month,55.83,,95.09,0,"$3,293.97"
CUST-8218,Female,39,West,24,One year,89.48,1.0,,0,"$2,147.52"
CUST-10391,F,47,North,15,Month-to-month,72.22,3.0,16.84,0,"$1,083.3"
CUST-7915,Male,71,North,60,Month-to-month,71.0,,84.78,1,"$4,260.0"
CUST-1694,M,60,North,12,Month-to-month,62.1,,81.48,1,$745.2
CUST-1550,F,75,North,23,m2m,118.1,1.0,,1,"$2,716.3"
CUST-6699,F,57,North,62,Two year,117.64,,71.64,0,"$7,293.68"
CUST-8300,F,31,West,32,Month-to-month,116.29,,,1,"$3,721.28"
CUST-4378,non-binary,52,South,27,One year,55.46,,23.27,1,"$1,497.42"
CUST-7866,M,20,North,25,Month-to-month,104.13,5.0,20.96,1,"$2,603.25"
CUST-6906,M,32,West,21,Two year,42.21,7.0,39.38,1,$886.41
CUST-1782,F,47,West,59,Month-to-month,86.31,3.0,48.14,1,"$5,092.29"
CUST-10369,Female,33,West,51,Two year,47.55,8.0,13.77,0,"$2,425.05"
CUST-2039,Female,71,North,9,One year,94.1,1.0,,0,$846.9
CUST-6309,F,60,West,49,Two year,24.83,7.0,27.7,0,"$1,216.67"
CUST-7223,non-binary,40,East,0,m2m,54.63,,,1,$0.0
CUST-10040,Male,26,South,51,m2m,42.15,,,0,"$2,149.65"
CUST-3493,M,64,North,7,Month-to-month,45.99,1.0,50.29,1,$321.93
CUST-3667,Male,29,West,6,One year,21.99,0.0,,0,$131.94
CUST-2760,non-binary,67,West,47,One year,97.46,2.0,69.88,0,"$4,580.62"
CUST-1610,Female,70,South,50,Month-to-month,73.86,3.0,78.46,0,"$3,693.0"
CUST-8873,Male,77,South,45,Two year,68.47,1.0,,0,"$3,081.15"
CUST-10947,Male,28,East,4,Month-to-month,37.2,,,1,$148.8
CUST-10320,non-binary,69,North,20,Two year,56.35,,74.47,0,"$1,127.0"
CUST-2954,Female,67,East,38,One year,108.02,1.0,90.49,1,"$4,104.76"
CUST-6112,M,30,North,36,One year,93.82,,40.86,0,"$3,377.52"
CUST-1634,Male,27,West,18,Two year,94.98,,59.09,0,"$1,709.64"
CUST-3249,Female,42,West,23,Month-to-month,74.72,2.0,,0,"$1,718.56"
CUST-2820,Male,20,South,27,Month-to-month,104.56,2.0,93.01,1,"$2,823.12"
CUST-4936,M,77,South,64,m2m,46.36,1.0,,0,"$2,967.04"
CUST-3795,F,45,North,41,One year,65.93,,,0,"$2,703.13"
CUST-6126,M,-5,West,58,Month-to-month,100.19,1.0,,0,"$5,811.02"
CUST-2169,Female,71,East,8,One year,106.47,0.0,,0,$851.76
CUST-6989,M,66,West,72,One year,73.9,2.0,64.9,0,"$5,320.8"
CUST-3173,M,250,East,52,Month-to-month,44.96,1.0,52.07,1,"$2,337.92"
CUST-3977,Female,41,South,28,Month-to-month,66.6,,32.58,0,"$1,864.8"
CUST-7449,M,69,South,11,One year,70.15,2.0,,0,$771.65
CUST-3916,F,-5,West,55,Month-to-month,83.17,,45.5,1,"$4,574.35"
CUST-10523,Male,57,North,54,m2m,87.61,0.0,,1,"$4,730.94"
CUST-6418,Female,250,East,68,Month-to-month,103.0,3.0,65.97,0,"$7,004.0"
CUST-3311,Female,73,West,42,Month-to-month,42.74,2.0,,0,"$1,795.08"
CUST-5023,Male,68,South,44,Month-to-month,64.67,2.0,,0,"$2,845.48"
CUST-6799,non-binary,71,East,15,Month-to-month,76.5,,,1,"$1,147.5"
CUST-10379,Female,44,North,4,Month-to-month,53.32,,,0,$213.28
CUST-4592,Female,76,North,57,2yr,104.59,,54.18,0,"$5,961.63"
CUST-8651,M,75,South,69,Two year,24.11,0.0,,0,"$1,663.59"
CUST-2054,M,37,North,29,Month-to-month,30.01,,46.52,1,$870.29
CUST-9787,F,23,East,54,Month-to-month,26.32,,41.44,0,"$1,421.28"
CUST-7154,Male,77,South,29,One year,113.16,,57.9,0,"$3,281.64"
CUST-3411,F,39,West,48,Month-to-month,37.89,,83.93,1,"$1,818.72"
CUST-6474,non-binary,53,North,28,One year,71.44,3.0,,0,"$2,000.32"
CUST-2545,Female,50,South,51,One year,76.49,0.0,,0,"$3,900.99"
CUST-5285,M,35,South,15,Two year,49.32,,,0,$739.8
CUST-1985,non-binary,56,South,38,Two year,29.51,,96.28,0,"$1,121.38"
CUST-7671,M,60,South,4,One year,117.21,0.0,,0,$468.84
CUST-3926,F,79,South,41,Month-to-month,60.65,9.0,25.24,1,"$2,486.65"
CUST-10773,F,78,East,6,Two year,94.93,,,0,$569.58
CUST-4315,non-binary,37,West,28,Month-to-month,77.79,0.0,,0,"$2,178.12"
CUST-7077,Female,68,North,43,1yr,63.48,1.0,62.94,0,"$2,729.64"
CUST-5041,Female,42,North,52,Two year,94.65,,83.88,0,"$4,921.8"
CUST-7883,Male,38,South,20,Month-to-month,93.97,3.0,77.88,1,"$1,879.4"
CUST-5417,F,49,North,59,One year,55.05,,,0,"$3,247.95"
CUST-7253,Male,31,West,7,2yr,70.37,0.0,,0,$492.59
CUST-1104,F,21,West,26,2yr,22.2,,22.69,1,$577.2
CUST-1731,Male,72,South,21,Month-to-month,55.99,3.0,97.95,1,"$1,175.79"
CUST-1858,Male,22,West,12,One year,74.72,3.0,,0,$896.64
CUST-3599,Female,55,West,59,One year,104.47,,81.18,1,"$6,163.73"
CUST-5980,non-binary,21,South,31,One year,20.78,0.0,,0,$644.18
CUST-8763,Female,22,West,12,One year,39.79,,88.44,0,$477.48
CUST-2023,Male,46,East,8,Two year,61.02,3.0,,0,$488.16
CUST-3929,Female,42,North,49,One year,104.24,3.0,66.76,0,"$5,107.76"
CUST-8217,M,57,West,48,One year,35.85,3.0,,0,"$1,720.8"
CUST-10636,F,50,West,16,m2m,113.66,2.0,,0,"$1,818.56"
CUST-5170,non-binary,39,South,44,m2m,40.6,,80.16,0,"$1,786.4"
CUST-4873,Male,79,West,7,Month-to-month,64.56,3.0,,1,$451.92
CUST-3837,Male,71,North,21,Two year,29.16,0.0,,0,$612.36
CUST-9925,non-binary,36,West,60,One year,23.65,,65.82,0,"$1,419.0"
CUST-7847,Male,35,East,56,One year,52.05,,60.0,1,"$2,914.8"
CUST-8018,non-binary,52,West,34,Two year,99.94,3.0,49.51,0,"$3,397.96"
CUST-10447,M,40,North,21,2yr,88.41,1.0,89.98,0,"$1,856.61"
CUST-2918,F,250,South,61,Month-to-month,104.67,,59.57,1,"$6,384.87"
CUST-6021,Male,26,North,18,One year,48.97,0.0,,0,$881.46
CUST-9367,M,69,South,13,Month-to-month,93.55,2.0,33.59,0,"$1,216.15"
CUST-3635,Female,27,West,9,2yr,64.32,,,0,$578.88
CUST-2889,M,34,South,18,Two year,65.11,,14.03,0,"$1,171.98"
CUST-8126,non-binary,77,North,37,Two year,58.71,0.0,,1,"$2,172.27"
CUST-2161,Male,44,West,59,Two year,22.2,,46.57,0,"$1,309.8"
CUST-4857,Male,50,North,29,Month-to-month,100.46,,,1,"$2,913.34"
CUST-4285,non-binary,66,North,60,Two year,25.85,10.0,35.0,0,"$1,551.0"
CUST-1070,Male,75,West,35,Two year,32.23,1.0,97.98,0,"$1,128.05"
CUST-7445,Female,75,West,15,Month-to-month,68.48,,69.88,1,"$1,027.2"
CUST-9600,Male,71,South,1,Month-to-month,77.18,6.0,6.530000000000001,1,$77.18
CUST-5188,Female,41,West,22,1yr,42.59,,92.81,0,$936.98
CUST-7676,Male,27,North,5,Two year,97.44,,,0,$487.2
CUST-6396,F,32,North,53,2yr,112.97,3.0,,0,"$5,987.41"
CUST-6729,M,48,East,24,One year,58.92,0.0,79.09,0,"$1,414.08"
CUST-3556,Male,26,West,15,Month-to-month,69.95,,,0,"$1,049.25"
CUST-2784,Female,37,South,50,Month-to-month,34.14,1.0,,1,"$1,707.0"
CUST-3115,Male,32,North,10,Two year,45.82,,21.74,0,$458.2
CUST-10387,F,55,East,2,Month-to-month,95.26,0.0,40.66,1,$190.52
CUST-5712,Male,73,North,12,One year,101.42,2.0,,0,"$1,217.04"
CUST-10290,M,76,North,9,Month-to-month,22.37,3.0,,0,$201.33
CUST-3681,M,65,East,8,Month-to-month,53.47,10.0,29.93,1,$427.76
CUST-6822,Male,72,West,9,Month-to-month,47.62,1.0,77.62,1,$428.58
CUST-6563,Male,48,North,17,Month-to-month,105.27,,,0,"$1,789.59"
CUST-3222,Male,40,North,42,One year,92.73,0.0,67.68,0,"$3,894.66"
CUST-8979,M,44,North,56,Two year,51.96,,56.38,0,"$2,909.76"
CUST-5156,M,47,East,41,1yr,103.19,,,0,"$4,230.79"
CUST-4773,non-binary,35,East,64,One year,55.59,2.0,90.55,0,"$3,557.76"
CUST-8628,Female,68,West,54,One year,115.14,,74.73,0,"$6,217.56"
CUST-9148,non-binary,44,West,16,One year,115.59,2.0,85.0,1,"$1,849.44"
CUST-2539,F,48,South,10,One year,92.53,1.0,,0,$925.3
CUST-2463,Female,55,East,28,Month-to-month,62.63,3.0,,1,"$1,753.64"
CUST-6183,non-binary,21,West,68,One year,37.2,2.0,89.17,0,"$2,529.6"
CUST-3148,F,52,West,20,Month-to-month,22.09,2.0,61.38,0,$441.8
CUST-8605,Female,31,South,61,m2m,99.88,,63.36,0,"$6,092.68"
CUST-3836,Female,23,North,17,One year,74.69,,89.01,0,"$1,269.73"
CUST-4997,M,47,West,58,Two year,45.23,3.0,39.0,0,"$2,623.34"
CUST-4005,Male,47,East,61,Month-to-month,77.34,,,0,"$4,717.74"
CUST-10227,M,33,North,36,m2m,20.94,,95.37,1,$753.84
CUST-10443,Female,66,North,22,Month-to-month,48.96,1.0,,0,"$1,077.12"
CUST-6519,Male,58,North,44,One year,98.54,,,0,"$4,335.76"
CUST-10106,Male,54,North,12,Two year,67.53,,40.63,1,$810.36
CUST-7728,Female,78,North,10,One year,22.77,1.0,18.49,1,$227.7
CUST-10029,M,48,North,6,Month-to-month,69.23,,81.93,1,$415.38
CUST-4364,M,20,East,58,One year,98.54,,62.71,0,"$5,715.32"
CUST-8758,Female,61,West,12,Month-to-month,61.5,,,1,$738.0
CUST-7389,Female,45,West,27,m2m,38.41,,17.1,1,"$1,037.07"
CUST-9395,Female,19,North,46,m2m,99.24,3.0,98.47,1,"$4,565.04"
CUST-3636,Female,22,South,19,Month-to-month,55.98,,,0,"$1,063.62"
CUST-2945,Male,33,South,36,1yr,103.67,2.0,,1,"$3,732.12"
CUST-7630,M,61,West,13,Month-to-month,47.43,,,0,$616.59
CUST-2815,F,52,South,44,Month-to-month,93.88,6.0,20.17,0,"$4,130.72"
CUST-7170,Female,46,East,13,Two year,67.28,,,1,$874.64
CUST-3243,M,65,East,21,One year,99.81,2.0,,1,"$2,096.01"
CUST-2319,Male,51,South,8,Month-to-month,43.37,,,1,$346.96
CUST-6861,F,67,South,61,m2m,67.23,,97.77,0,"$4,101.03"
CUST-5077,F,37,North,65,Two year,75.43,2.0,25.79,0,"$4,902.95"
CUST-1161,F,52,West,64,Two year,103.01,,,0,"$6,592.64"
CUST-7844,non-binary,62,East,19,Month-to-month,97.51,0.0,,1,"$1,852.69"
CUST-10234,Male,56,West,34,Month-to-month,56.69,3.0,87.08,1,"$1,927.46"
CUST-2810,Female,78,West,14,Month-to-month,34.09,,,0,$477.26
CUST-6955,Male,79,East,29,Two year,54.32,,,0,"$1,575.28"
CUST-5248,non-binary,75,North,58,Month-to-month,108.76,,,1,"$6,308.08"
CUST-1637,F,77,South,38,2yr,82.52,,89.3,0,"$3,135.76"
CUST-9069,F,75,South,17,Month-to-month,57.89,0.0,,0,$984.13
CUST-8001,Female,73,South,52,One year,76.42,,68.35,0,"$3,973.84"
CUST-4869,F,68,North,50,One year,63.67,1.0,67.23,0,"$3,183.5"
CUST-3869,non-binary,77,North,19,Month-to-month,29.13,,,1,$553.47
CUST-3412,M,26,North,37,m2m,24.48,2.0,25.74,1,$905.76
CUST-8824,M,250,South,67,Month-to-month,78.19,,22.08,0,"$5,238.73"
CUST-5469,non-binary,47,North,47,Two year,79.86,0.0,,0,"$3,753.42"
CUST-6089,F,71,West,27,Two year,116.31,,70.63,1,"$3,140.37"
CUST-7352,non-binary,32,North,15,Month-to-month,86.48,,52.47,0,"$1,297.2"
CUST-4716,M,46,South,18,Month-to-month,44.37,2.0,25.77,1,$798.66
CUST-5015,Male,57,South,66,One year,100.27,,,1,"$6,617.82"
CUST-3901,non-binary,65,South,28,One year,87.8,,14.92,0,"$2,458.4"
CUST-5336,Female,38,North,15,m2m,111.98,,27.72,1,"$1,679.7"
CUST-1055,F,69,North,3,Month-to-month,47.88,,,1,$143.64
CUST-9359,non-binary,51,North,24,Month-to-month,52.86,0.0,,1,"$1,268.64"
CUST-4017,Male,41,North,8,One year,106.01,,,0,$848.08
CUST-8359,M,29,West,0,Month-to-month,43.65,9.0,19.42,1,$0.0
CUST-5050,M,69,West,55,One year,92.15,1.0,22.89,0,"$5,068.25"
CUST-2020,Male,36,West,30,Two year,35.76,,44.84,0,"$1,072.8"
CUST-8917,M,50,West,51,One year,110.52,2.0,,0,"$5,636.52"
CUST-6568,Male,74,North,67,One year,64.35,3.0,88.57,0,"$4,311.45"
CUST-2805,non-binary,59,West,62,Month-to-month,100.85,,,1,"$6,252.7"
CUST-7944,F,56,West,41,Month-to-month,116.8,3.0,,1,"$4,788.8"
CUST-2927,non-binary,73,North,55,Month-to-month,22.39,1.0,84.42,1,"$1,231.45"
CUST-6096,M,63,West,18,Month-to-month,99.73,,50.74,0,"$1,795.14"
CUST-7830,F,37,West,42,m2m,67.08,,,0,"$2,817.36"
CUST-5554,Male,57,West,3,Month-to-month,62.43,,,1,$187.29
CUST-10458,F,24,East,11,One year,53.32,3.0,43.69,0,$586.52
CUST-9282,M,33,West,23,Two year,85.78,,,0,"$1,972.94"
CUST-1676,Male,58,North,45,Month-to-month,22.05,,,0,$992.25
CUST-2470,Female,50,West,38,Month-to-month,34.02,,,0,"$1,292.76"
CUST-2738,F,62,West,20,Month-to-month,63.05,0.0,68.1,0,"$1,261.0"
CUST-3382,non-binary,50,North,17,One year,60.53,3.0,,0,"$1,029.01"
CUST-7713,Male,25,West,49,Month-to-month,98.59,,84.97,1,"$4,830.91"
CUST-5995,Female,28,West,58,Month-to-month,25.47,,,1,"$1,477.26"
CUST-8274,F,18,East,21,2yr,52.05,2.0,,0,"$1,093.05"
CUST-3534,Female,-5,South,42,2yr,119.66,2.0,56.49,0,"$5,025.72"
CUST-7891,Male,50,West,14,Month-to-month,47.36,,,0,$663.04
CUST-4587,Male,40,West,44,2yr,48.82,,,0,"$2,148.08"
CUST-6000,F,80,East,15,Month-to-month,86.28,3.0,29.74,1,"$1,294.2"
CUST-2837,M,47,East,64,One year,109.68,1.0,50.53,0,"$7,019.52"
CUST-2530,Male,80,East,10,One year,42.37,1.0,33.8,0,$423.7
CUST-9539,Male,19,West,6,One year,36.15,,89.18,0,$216.9
CUST-10811,Male,62,East,43,1yr,106.48,1.0,42.31,0,"$4,578.64"
CUST-7684,Male,33,West,56,Month-to-month,66.27,,31.93,0,"$3,711.12"
CUST-8354,Female,58,South,70,Month-to-month,113.28,,,1,"$7,929.6"
CUST-10984,F,46,East,2,Month-to-month,73.39,,73.63,0,$146.78
CUST-10995,F,51,West,12,Month-to-month,30.85,,,1,$370.2
CUST-4470,Female,71,West,22,1yr,119.04,2.0,,1,"$2,618.88"
CUST-2428,F,48,West,39,2yr,107.11,,33.79,1,"$4,177.29"
CUST-3033,Female,37,West,1,Month-to-month,76.0,,25.07,1,$76.0
CUST-10694,Female,45,West,15,Month-to-month,64.41,,42.09,0,$966.15
CUST-6205,Female,29,West,62,Month-to-month,64.88,1.0,,0,"$4,022.56"
CUST-4255,Male,49,West,14,One year,71.18,,,0,$996.52
CUST-4571,M,41,North,40,Month-to-month,101.29,1.0,,1,"$4,051.6"
CUST-6929,M,18,South,22,Month-to-month,103.93,,40.27,1,"$2,286.46"
CUST-3273,F,28,West,40,One year,50.41,,,0,"$2,016.4"
CUST-8026,M,35,West,44,Month-to-month,110.59,,,0,"$4,865.96"
CUST-1946,non-binary,18,North,56,1yr,63.64,,,0,"$3,563.84"
CUST-7126,M,18,West,63,Two year,99.39,2.0,,0,"$6,261.57"
CUST-6219,F,77,West,22,Two year,102.89,0.0,35.53,0,"$2,263.58"
CUST-3395,M,49,North,6,Month-to-month,21.06,1.0,63.73,0,$126.36
CUST-7480,non-binary,80,West,49,Month-to-month,59.12,,67.83,0,"$2,896.88"
CUST-3281,non-binary,78,South,41,One year,81.13,0.0,,1,"$3,326.33"
CUST-2375,non-binary,66,West,17,Two year,95.48,1.0,95.0,0,"$1,623.16"
CUST-3776,Male,68,North,16,Month-to-month,99.19,,79.06,0,"$1,587.04"
CUST-2634,non-binary,54,West,7,One year,76.53,,40.22,0,$535.71
CUST-6223,M,36,North,71,One year,74.04,,,0,"$5,256.84"
CUST-10720,F,30,South,69,One year,58.76,0.0,89.0,0,"$4,054.44"
CUST-9638,Female,-5,North,19,Month-to-month,73.58,1.0,,1,"$1,398.02"
CUST-7726,non-binary,26,North,5,Two year,119.6,3.0,24.840000000000003,1,$598.0
CUST-7922,F,73,North,9,m2m,68.43,,,0,$615.87
CUST-3149,non-binary,65,West,37,Month-to-month,65.87,0.0,,1,"$2,437.19"
CUST-6138,M,-5,South,6,Month-to-month,77.37,,,0,$464.22
CUST-9549,Female,79,West,31,Month-to-month,65.48,,,0,"$2,029.88"
CUST-7333,F,44,South,17,One year,67.03,0.0,83.5,0,"$1,139.51"
CUST-9369,F,39,South,45,1yr,95.64,2.0,77.01,0,"$4,303.8"
CUST-7049,non-binary,70,West,33,One year,69.57,1.0,32.62,0,"$2,295.81"
CUST-1623,Male,66,East,60,Month-to-month,47.01,,14.1,1,"$2,820.6"
CUST-9639,Female,79,South,50,Month-to-month,60.43,,,0,"$3,021.5"
CUST-5819,non-binary,69,West,66,One year,103.98,,,0,"$6,862.68"
CUST-2188,non-binary,35,North,34,m2m,61.07,,59.89,1,"$2,076.38"
CUST-3147,non-binary,26,West,8,One year,109.38,,,0,$875.04
CUST-6717,Male,34,West,44,One year,72.3,0.0,,0,"$3,181.2"
CUST-2749,Male,-5,West,10,One year,86.04,,,0,$860.4
CUST-10531,Male,49,West,25,m2m,77.25,,38.49,0,"$1,931.25"
CUST-6480,Female,22,West,45,1yr,52.94,,51.08,0,"$2,382.3"
CUST-5730,non-binary,52,South,35,Month-to-month,27.51,3.0,85.44,1,$962.85
CUST-8670,Male,46,North,69,m2m,92.53,9.0,35.5,1,"$6,384.57"
CUST-7745,F,49,South,30,One year,117.45,4.0,36.36,0,"$3,523.5"
CUST-4899,F,63,West,40,Month-to-month,58.87,1.0,81.89,1,"$2,354.8"
CUST-10634,Male,75,North,72,One year,74.48,,,0,"$5,362.56"
CUST-7540,F,65,South,25,Two year,90.92,2.0,81.76,0,"$2,273.0"
CUST-8185,Female,39,West,14,One year,104.08,,,0,"$1,457.12"
CUST-4585,Female,48,North,6,Month-to-month,110.5,,,0,$663.0
CUST-2317,Male,19,North,50,Month-to-month,103.98,,,1,"$5,199.0"
CUST-5070,non-binary,41,North,21,Month-to-month,64.83,,,0,"$1,361.43"
CUST-6643,non-binary,68,North,63,Month-to-month,107.92,,,0,"$6,798.96"
CUST-4427,non-binary,29,South,29,Month-to-month,54.98,1.0,,1,"$1,594.42"
CUST-3013,Male,74,South,27,Month-to-month,96.58,6.0,33.11,1,"$2,607.66"
CUST-2981,Female,75,West,46,Two year,93.22,,,0,"$4,288.12"
CUST-4927,Female,58,South,13,One year,88.5,3.0,71.67,0,"$1,150.5"
CUST-1026,F,80,North,19,One year,76.93,3.0,,0,"$1,461.67"
CUST-6187,Female,52,West,36,Month-to-month,53.47,,68.73,1,"$1,924.92"
CUST-10484,F,45,North,65,Two year,95.22,,70.98,0,"$6,189.3"
CUST-9214,Male,71,West,57,Two year,23.36,2.0,74.11,0,"$1,331.52"
CUST-5750,non-binary,73,West,62,Month-to-month,71.84,,,0,"$4,454.08"
CUST-4025,non-binary,33,East,36,One year,29.93,,,0,"$1,077.48"
CUST-10784,F,57,North,68,Month-to-month,82.17,,,0,"$5,587.56"
CUST-1885,Female,-5,South,14,One year,103.23,,22.06,0,"$1,445.22"
CUST-6894,Male,24,South,19,Two year,93.26,,76.67,0,"$1,771.94"
CUST-7520,M,38,West,53,Month-to-month,57.15,,11.95,1,"$3,028.95"
CUST-2698,non-binary,59,West,71,Month-to-month,104.82,1.0,57.62,1,"$7,442.22"
CUST-8036,Male,23,North,18,Two year,69.75,,28.97,0,"$1,255.5"
CUST-2349,Male,63,East,15,Month-to-month,109.56,2.0,76.09,0,"$1,643.4"
CUST-6918,Male,77,East,65,Two year,119.43,,41.56,0,"$7,762.95"
CUST-1140,M,-5,South,17,One year,80.18,,12.46,0,"$1,363.06"
CUST-3693,Male,57,North,16,Two year,34.74,,,0,$555.84
CUST-9125,Female,53,East,69,2yr,105.4,3.0,74.74,1,"$7,272.6"
CUST-7603,Male,250,South,62,Two year,64.0,0.0,91.72,0,"$3,968.0"
CUST-5716,Male,33,North,18,Month-to-month,109.49,,,0,"$1,970.82"
CUST-2711,M,62,West,63,Month-to-month,27.26,1.0,,0,"$1,717.38"
CUST-4311,non-binary,66,East,41,2yr,42.75,,,0,"$1,752.75"
CUST-6698,non-binary,53,West,66,Month-to-month,95.91,,49.2,0,"$6,330.06"
CUST-10926,M,24,South,10,Month-to-month,64.7,,,0,$647.0
CUST-6351,Female,51,North,1,2yr,84.67,3.0,,0,$84.67
CUST-2829,Female,27,North,49,Month-to-month,78.02,,,0,"$3,822.98"
CUST-6015,non-binary,64,North,70,One year,73.67,,,0,"$5,156.9"
CUST-5663,M,18,North,69,Two year,71.46,,77.11,1,"$4,930.74"
CUST-4516,Female,40,East,70,One year,85.67,,,1,"$5,996.9"
CUST-3486,F,55,West,45,Two year,75.73,1.0,87.22,0,"$3,407.85"
CUST-6617,Female,20,North,35,One year,41.74,,,0,"$1,460.9"
CUST-2832,F,51,West,71,Two year,20.5,,,0,"$1,455.5"
CUST-3392,M,30,South,16,Month-to-month,53.52,0.0,,0,$856.32
CUST-10018,M,43,South,29,2yr,112.43,1.0,,1,"$3,260.47"
CUST-2712,F,29,North,43,One year,88.35,,12.17,1,"$3,799.05"
CUST-6417,Female,24,North,3,Month-to-month,116.05,,,1,$348.15
CUST-7300,Male,60,South,10,One year,102.92,2.0,,1,"$1,029.2"
CUST-5961,F,25,West,5,m2m,70.65,4.0,33.78,1,$353.25
CUST-4023,M,67,North,38,Month-to-month,23.54,,,1,$894.52
CUST-6987,Female,33,South,22,Month-to-month,51.58,2.0,,0,"$1,134.76"
CUST-3562,Female,61,West,10,Month-to-month,99.32,,,0,$993.2
CUST-10834,Male,250,North,22,One year,65.98,2.0,,0,"$1,451.56"
CUST-1106,M,61,West,51,Two year,103.25,,,0,"$5,265.75"
CUST-3932,Female,67,East,32,2yr,53.23,,61.19,1,"$1,703.36"
CUST-9284,F,43,North,18,Month-to-month,25.72,1.0,,1,$462.96
CUST-7874,F,32,North,13,One year,86.16,6.0,23.87,1,"$1,120.08"
CUST-4597,F,-5,West,39,One year,28.36,,,0,"$1,106.04"
CUST-3794,Female,73,South,25,Month-to-month,22.5,,19.71,1,$562.5
CUST-3073,F,34,West,29,Month-to-month,29.02,,12.75,1,$841.58
CUST-9445,non-binary,58,North,28,One year,42.37,,87.19,0,"$1,186.36"
CUST-4762,F,74,North,21,Month-to-month,92.09,,,0,"$1,933.89"
CUST-3806,F,50,West,50,Month-to-month,61.21,,,0,"$3,060.5"
CUST-6378,F,43,West,6,Two year,86.65,,,0,$519.9
CUST-8534,non-binary,28,South,51,Two year,56.99,3.0,97.25,0,"$2,906.49"
CUST-8127,non-binary,48,West,44,One year,76.27,2.0,,0,"$3,355.88"
CUST-4045,Male,34,North,16,One year,33.49,3.0,,1,$535.84
CUST-6686,M,20,South,72,Month-to-month,106.05,,79.74,1,"$7,635.6"
CUST-7532,Female,37,North,68,One year,94.4,,,0,"$6,419.2"
CUST-7409,M,48,West,22,Two year,109.74,,,1,"$2,414.28"
CUST-1145,non-binary,76,West,56,Month-to-month,27.36,,,0,"$1,532.16"
CUST-1636,non-binary,57,North,49,Month-to-month,61.32,,,1,"$3,004.68"
CUST-9287,M,60,East,1,One year,106.0,9.0,28.03,1,$106.0
CUST-5269,F,27,North,32,Month-to-month,55.8,,,0,"$1,785.6"
CUST-2969,M,79,North,69,Month-to-month,86.01,2.0,42.91,0,"$5,934.69"
CUST-7748,Male,28,North,44,One year,28.76,,,0,"$1,265.44"
CUST-2727,M,63,North,36,Month-to-month,28.88,,58.06,1,"$1,039.68"
CUST-10792,Female,250,East,63,Month-to-month,89.66,10.0,36.14,1,"$5,648.58"
CUST-4325,Male,46,West,52,1yr,100.82,,65.18,0,"$5,242.64"
CUST-8843,F,42,North,25,Month-to-month,32.78,,,0,$819.5
CUST-1582,Male,38,South,28,Month-to-month,78.45,,,1,"$2,196.6"
CUST-6794,F,28,West,11,Month-to-month,118.42,,67.04,1,"$1,302.62"
CUST-8559,F,71,West,72,Month-to-month,56.53,,,1,"$4,070.16"
CUST-5305,Male,37,North,49,m2m,35.33,3.0,40.04,1,"$1,731.17"
CUST-1927,non-binary,40,West,26,Month-to-month,61.02,,,0,"$1,586.52"
CUST-2728,F,18,East,26,One year,88.5,,,0,"$2,301.0"
CUST-8437,M,38,East,5,Month-to-month,107.91,0.0,,1,$539.55
CUST-5272,M,76,West,57,Month-to-month,63.3,1.0,91.39,0,"$3,608.1"
CUST-10849,non-binary,73,East,66,1yr,41.41,,,0,"$2,733.06"
CUST-10708,Female,22,West,61,m2m,56.92,3.0,,1,"$3,472.12"
CUST-5418,non-binary,20,North,5,One year,87.04,,26.759999999999998,1,$435.2
CUST-8681,M,50,West,0,One year,102.8,,27.189999999999998,1,$0.0
CUST-7055,F,52,West,71,Month-to-month,103.22,2.0,,0,"$7,328.62"
CUST-3839,Male,20,North,35,1yr,32.65,4.0,25.34,0,"$1,142.75"
CUST-2641,non-binary,39,South,44,Month-to-month,28.11,0.0,,0,"$1,236.84"
CUST-1643,M,56,North,53,Month-to-month,60.6,,,0,"$3,211.8"
CUST-3112,non-binary,59,West,24,Two year,27.23,3.0,43.53,1,$653.52
CUST-7190,non-binary,47,West,50,One year,76.75,,88.75,1,"$3,837.5"
CUST-2145,M,40,East,44,Month-to-month,31.75,,97.87,0,"$1,397.0"
CUST-1865,non-binary,50,South,16,One year,28.52,,,1,$456.32
CUST-6984,M,52,West,7,One year,24.95,,73.35,0,$174.65
CUST-1238,Female,67,South,45,Month-to-month,52.21,3.0,55.55,1,"$2,349.45"
CUST-10151,Male,44,South,40,One year,76.57,3.0,,0,"$3,062.8"
CUST-7451,Male,49,West,72,Month-to-month,80.01,2.0,29.71,1,"$5,760.72"
CUST-7156,F,59,South,12,One year,116.48,0.0,,1,"$1,397.76"
CUST-2283,non-binary,45,South,72,Month-to-month,66.18,2.0,60.85,0,"$4,764.96"
CUST-7032,non-binary,64,East,19,2yr,36.11,0.0,,0,$686.09
CUST-1613,M,28,South,68,One year,76.28,,,0,"$5,187.04"
CUST-10215,M,53,North,50,m2m,103.33,1.0,61.98,1,"$5,166.5"
CUST-10739,Female,39,North,34,One year,86.43,2.0,,0,"$2,938.62"
CUST-10246,non-binary,27,West,61,m2m,114.74,,56.92,1,"$6,999.14"
CUST-8070,Male,22,North,9,Two year,78.61,,,0,$707.49
CUST-8796,M,32,South,64,Month-to-month,36.47,3.0,,1,"$2,334.08"
CUST-6755,M,45,West,47,Month-to-month,72.91,,,0,"$3,426.77"
CUST-8740,F,65,East,49,One year,73.49,,65.72,0,"$3,601.01"
CUST-10815,Female,59,North,59,m2m,119.6,1.0,,1,"$7,056.4"
CUST-7317,F,72,North,56,One year,41.71,3.0,74.49,0,"$2,335.76"
CUST-5171,non-binary,70,West,68,Two year,31.14,2.0,93.46,0,"$2,117.52"
CUST-6130,non-binary,51,West,67,One year,66.06,,69.99,0,"$4,426.02"
CUST-1513,F,72,East,40,Month-to-month,97.24,,,0,"$3,889.6"
CUST-9885,non-binary,38,West,35,Month-to-month,80.11,2.0,88.12,0,"$2,803.85"
CUST-1989,Female,64,South,23,m2m,27.65,,31.5,1,$635.95
CUST-7161,Male,77,South,44,Two year,59.16,,78.47,0,"$2,603.04"
CUST-9197,non-binary,39,North,48,m2m,25.82,0.0,95.5,0,"$1,239.36"
CUST-5761,F,21,North,12,One year,60.98,7.0,11.34,1,$731.76
CUST-2982,non-binary,68,South,66,One year,49.06,1.0,,0,"$3,237.96"
CUST-6148,non-binary,36,South,11,m2m,73.43,3.0,54.1,0,$807.73
CUST-7965,Female,51,East,33,Month-to-month,94.83,,,1,"$3,129.39"
CUST-9198,F,54,North,5,One year,61.16,3.0,69.37,0,$305.8
CUST-8516,M,23,East,63,One year,34.12,1.0,69.94,0,"$2,149.56"
CUST-10420,Female,56,West,10,Two year,50.97,,64.12,0,$509.7
CUST-4380,F,53,West,59,2yr,30.32,3.0,,0,"$1,788.88"
CUST-4260,M,79,North,3,Month-to-month,51.09,,27.369999999999997,0,$153.27
CUST-6282,non-binary,20,South,62,Month-to-month,88.96,,,1,"$5,515.52"
CUST-2269,Male,33,West,36,One year,98.08,8.0,17.38,0,"$3,530.88"
CUST-2637,F,71,South,39,Month-to-month,41.92,,,0,"$1,634.88"
CUST-4247,non-binary,27,West,13,One year,113.05,0.0,94.88,0,"$1,469.65"
CUST-5695,Female,23,East,33,m2m,92.49,,,0,"$3,052.17"
CUST-6740,Female,21,East,63,Month-to-month,82.28,3.0,,1,"$5,183.64"
CUST-1154,non-binary,61,South,69,1yr,48.86,1.0,,0,"$3,371.34"
CUST-8039,Female,29,South,54,Month-to-month,53.43,1.0,19.08,1,"$2,885.22"
CUST-3141,Female,44,North,28,Month-to-month,98.59,1.0,,1,"$2,760.52"
CUST-4874,non-binary,33,West,72,Month-to-month,63.66,,,1,"$4,583.52"
CUST-10603,non-binary,68,South,18,Month-to-month,24.09,,,0,$433.62
CUST-8096,non-binary,37,South,70,2yr,65.02,,,0,"$4,551.4"
CUST-4540,F,72,West,42,One year,61.34,,,0,"$2,576.28"
CUST-3075,M,69,West,72,m2m,84.17,,,0,"$6,060.24"
CUST-2807,Female,63,West,30,Month-to-month,82.19,1.0,,0,"$2,465.7"
CUST-6274,F,65,East,27,Month-to-month,95.81,3.0,,0,"$2,586.87"
CUST-6647,non-binary,34,South,72,m2m,111.5,,,1,"$8,028.0"
CUST-2661,Male,19,South,30,Month-to-month,88.43,0.0,,0,"$2,652.9"
CUST-3767,Male,-5,West,51,1yr,30.11,,96.58,0,"$1,535.61"
CUST-8223,F,44,West,26,Two year,20.01,0.0,,0,$520.26
CUST-3595,M,-5,West,14,m2m,22.6,,82.85,0,$316.4
CUST-10463,Female,47,South,10,Two year,45.0,2.0,,0,$450.0
CUST-2338,Female,57,North,45,Month-to-month,62.49,,,1,"$2,812.05"
CUST-5144,Male,20,West,54,One year,69.62,,71.16,0,"$3,759.48"
CUST-8514,M,250,North,64,One year,115.31,1.0,,0,"$7,379.84"
CUST-2293,non-binary,59,South,65,Month-to-month,100.42,2.0,,1,"$6,527.3"
CUST-2852,non-binary,25,South,50,One year,53.63,,,0,"$2,681.5"
CUST-9191,M,47,North,0,Two year,111.42,0.0,,1,$0.0
CUST-9503,non-binary,73,South,23,Month-to-month,117.45,0.0,,0,"$2,701.35"
CUST-3876,non-binary,71,South,46,Two year,20.45,,48.53,0,$940.7
CUST-7515,non-binary,54,North,8,2yr,118.65,,,0,$949.2
CUST-4862,Female,50,North,14,Month-to-month,32.81,0.0,,0,$459.34
CUST-3951,M,59,South,9,Two year,87.69,,55.15,0,$789.21
CUST-8193,Female,45,South,53,Month-to-month,73.52,,59.99,0,"$3,896.56"
CUST-7366,Female,73,West,45,Month-to-month,24.71,6.0,29.02,1,"$1,111.95"
CUST-5518,non-binary,68,North,26,Month-to-month,106.33,,89.62,0,"$2,764.58"
CUST-8754,Female,53,South,21,One year,39.87,,60.41,0,$837.27
CUST-1844,Female,27,West,37,Two year,114.54,,81.42,1,"$4,237.98"
CUST-8451,F,40,West,11,Month-to-month,45.52,1.0,90.21,1,$500.72
CUST-6827,Female,41,South,26,Two year,36.83,,,0,$957.58
CUST-5627,Female,250,West,9,1yr,92.68,1.0,88.43,1,$834.12
CUST-7493,non-binary,37,North,54,Month-to-month,53.89,0.0,65.38,1,"$2,910.06"
CUST-1156,M,69,West,20,Month-to-month,102.34,,90.5,1,"$2,046.8"
CUST-2850,F,55,West,5,Month-to-month,31.12,3.0,60.18000000000001,0,$155.6
CUST-1223,F,33,North,62,Month-to-month,71.04,2.0,,0,"$4,404.48"
CUST-3550,non-binary,27,North,25,1yr,90.76,2.0,,0,"$2,269.0"
CUST-1469,F,55,South,28,Two year,50.75,,,0,"$1,421.0"
CUST-1986,F,24,West,2,One year,75.52,,,0,$151.04
CUST-8024,Female,37,West,48,Month-to-month,96.77,,,1,"$4,644.96"
CUST-3019,F,79,West,48,Month-to-month,43.44,0.0,,0,"$2,085.12"
CUST-10414,F,43,West,17,Two year,52.01,2.0,,0,$884.17
CUST-10159,Male,64,North,28,Month-to-month,53.63,2.0,,0,"$1,501.64"
CUST-8965,Male,63,South,61,One year,114.54,,,0,"$6,986.94"
CUST-3831,F,43,South,15,Two year,98.15,0.0,,0,"$1,472.25"
CUST-4471,Female,31,North,3,Month-to-month,88.15,,33.4,1,$264.45
CUST-7715,Male,22,South,52,Month-to-month,114.93,2.0,,1,"$5,976.36"
CUST-7617,Male,63,West,32,Month-to-month,113.56,,,1,"$3,633.92"
CUST-8060,Male,-5,West,64,m2m,114.97,,,1,"$7,358.08"
CUST-7356,Female,35,West,61,One year,38.59,3.0,49.82,0,"$2,353.99"
CUST-5698,non-binary,35,North,23,Month-to-month,53.29,,10.45,1,"$1,225.67"
CUST-3524,non-binary,80,South,20,Month-to-month,107.05,,29.15,1,"$2,141.0"
CUST-9546,Female,37,East,48,Month-to-month,80.36,3.0,,1,"$3,857.28"
CUST-6634,F,37,West,60,Month-to-month,85.02,,75.26,1,"$5,101.2"
CUST-3735,F,57,West,66,Month-to-month,86.64,,22.43,1,"$5,718.24"
CUST-5397,non-binary,72,North,28,Month-to-month,69.45,3.0,,0,"$1,944.6"
CUST-1202,F,39,West,14,m2m,69.52,,,0,$973.28
CUST-4060,M,72,East,51,2yr,85.4,3.0,,0,"$4,355.4"
CUST-9545,M,21,West,0,Two year,64.18,2.0,,0,$0.0
CUST-7235,Female,44,North,19,m2m,88.06,10.0,17.93,1,"$1,673.14"
CUST-5295,F,46,West,15,Month-to-month,110.52,,,1,"$1,657.8"
CUST-9858,M,28,South,0,Month-to-month,60.73,1.0,67.71,0,$0.0
CUST-10959,F,26,West,20,One year,28.6,,,0,$572.0
CUST-3633,Female,58,North,34,Month-to-month,99.65,3.0,,0,"$3,388.1"
CUST-3326,Male,36,North,16,One year,102.28,,,1,"$1,636.48"
CUST-1675,Female,18,East,48,Month-to-month,63.57,,74.12,0,"$3,051.36"
CUST-2002,Female,26,East,20,One year,32.04,10.0,34.05,1,$640.8
CUST-9734,F,45,North,4,Month-to-month,109.79,,,1,$439.16
CUST-4769,M,69,North,21,One year,112.51,,90.79,1,"$2,362.71"
CUST-5148,Female,76,South,67,Month-to-month,103.38,0.0,69.79,0,"$6,926.46"
CUST-9603,Male,55,North,9,m2m,80.9,3.0,,1,$728.1
CUST-7708,Female,18,West,62,Month-to-month,72.58,,,1,"$4,499.96"
CUST-10525,non-binary,50,West,27,One year,65.49,0.0,,0,"$1,768.23"
CUST-2126,F,66,West,16,One year,43.34,3.0,,0,$693.44
CUST-4882,M,78,North,43,One year,44.97,2.0,,0,"$1,933.71"
CUST-2192,Female,41,West,10,One year,23.3,7.0,16.06,0,$233.0
CUST-8312,Female,27,North,14,Month-to-month,31.03,1.0,66.67,1,$434.42
CUST-10886,F,24,South,45,Two year,22.41,3.0,,0,"$1,008.45"
CUST-6688,Female,73,West,72,One year,58.07,1.0,69.13,0,"$4,181.04"
CUST-3241,Female,20,North,59,Two year,76.31,,,0,"$4,502.29"
CUST-4373,non-binary,65,North,51,m2m,101.06,3.0,,0,"$5,154.06"
CUST-10756,Female,250,East,10,Month-to-month,73.53,8.0,21.23,1,$735.3
CUST-4926,M,68,East,50,One year,64.38,,,0,"$3,219.0"
CUST-6855,Male,50,North,49,One year,110.92,6.0,37.78,1,"$5,435.08"
CUST-5106,Male,56,East,28,Two year,49.21,0.0,,0,"$1,377.88"
CUST-4680,non-binary,61,West,15,One year,20.15,,,0,$302.25
CUST-7637,M,38,South,17,Month-to-month,60.03,3.0,32.76,1,"$1,020.51"
CUST-1191,M,50,South,39,2yr,39.12,1.0,,1,"$1,525.68"
CUST-7428,Female,43,North,68,One year,111.24,,,0,"$7,564.32"
CUST-1282,Female,40,South,56,One year,87.12,,42.23,0,"$4,878.72"
CUST-7336,Male,68,West,44,One year,50.28,1.0,,0,"$2,212.32"
CUST-3886,F,59,North,16,Month-to-month,99.41,1.0,27.28,1,"$1,590.56"
CUST-9594,M,60,West,71,Month-to-month,33.04,,,1,"$2,345.84"
CUST-3207,Female,69,East,47,m2m,72.5,1.0,,1,"$3,407.5"
CUST-6285,Female,80,South,35,Month-to-month,84.08,,15.55,1,"$2,942.8"
CUST-8366,F,62,North,21,m2m,114.57,0.0,94.6,1,"$2,405.97"
CUST-2433,non-binary,29,West,40,Month-to-month,27.57,0.0,79.45,0,"$1,102.8"
CUST-8295,M,80,South,9,2yr,69.03,,99.1,0,$621.27
CUST-7699,F,-5,West,15,2yr,25.48,,,0,$382.2
CUST-7967,F,38,West,14,Two year,114.54,3.0,,0,"$1,603.56"
CUST-9146,non-binary,23,South,37,Two year,76.9,3.0,,0,"$2,845.3"
CUST-3755,F,80,North,16,Two year,111.68,1.0,49.55,0,"$1,786.88"
CUST-2123,M,44,East,3,Two year,100.17,3.0,,0,$300.51
CUST-2437,M,29,West,21,One year,23.92,,,0,$502.32
CUST-6848,Male,47,West,16,m2m,69.04,2.0,,0,"$1,104.64"
CUST-6660,non-binary,42,North,49,Month-to-month,88.11,9.0,36.4,1,"$4,317.39"
CUST-4524,non-binary,19,East,27,Month-to-month,75.15,6.0,12.41,1,"$2,029.05"
CUST-7386,Female,67,East,53,m2m,90.98,,,0,"$4,821.94"
CUST-4836,Male,50,West,43,Month-to-month,119.16,0.0,,1,"$5,123.88"
CUST-5524,Male,250,East,36,Month-to-month,119.02,3.0,,1,"$4,284.72"
CUST-10047,non-binary,27,West,21,One year,105.67,3.0,,0,"$2,219.07"
CUST-6543,Male,45,East,48,Month-to-month,77.75,3.0,33.62,1,"$3,732.0"
CUST-4058,F,53,South,60,One year,95.77,,,1,"$5,746.2"
CUST-1539,F,73,North,16,One year,43.78,2.0,,1,$700.48
CUST-9439,F,46,East,65,m2m,51.3,9.0,31.11,1,"$3,334.5"
CUST-1050,non-binary,65,East,59,Month-to-month,110.11,,54.47,1,"$6,496.49"
CUST-5638,Male,36,South,43,One year,20.53,,,0,$882.79
CUST-4805,Male,53,West,32,m2m,60.95,,25.37,1,"$1,950.4"
CUST-7544,Female,25,South,67,One year,110.48,4.0,25.9,0,"$7,402.16"
CUST-4958,M,39,West,39,m2m,87.99,,82.35,1,"$3,431.61"
CUST-8229,Male,60,South,41,1yr,71.67,,58.97,0,"$2,938.47"
CUST-7444,M,23,South,5,One year,96.63,,10.27,0,$483.15
CUST-2922,F,71,East,28,Month-to-month,87.49,1.0,75.28,1,"$2,449.72"
CUST-6771,M,67,South,31,Month-to-month,70.38,,,0,"$2,181.78"
CUST-2953,M,42,East,39,One year,100.78,1.0,,1,"$3,930.42"
CUST-3520,non-binary,24,West,13,Month-to-month,85.04,3.0,65.86,0,"$1,105.52"
CUST-5765,Male,49,West,64,Two year,30.7,,12.48,0,"$1,964.8"
CUST-6247,non-binary,32,South,59,One year,107.96,0.0,76.88,1,"$6,369.64"
CUST-1779,F,60,South,51,Month-to-month,117.95,2.0,,0,"$6,015.45"
CUST-1751,F,79,North,4,Month-to-month,63.02,3.0,,0,$252.08
CUST-1048,non-binary,36,North,6,Month-to-month,35.15,1.0,,0,$210.9
CUST-2777,F,76,West,63,One year,47.69,,,0,"$3,004.47"
CUST-4703,F,24,North,69,m2m,82.47,,,0,"$5,690.43"
CUST-4173,F,20,North,4,Two year,101.97,8.0,25.86,1,$407.88
CUST-5818,Male,38,South,14,Month-to-month,116.43,,,1,"$1,630.02"
CUST-6376,Male,-5,West,11,2yr,102.66,7.0,36.67,1,"$1,129.26"
CUST-2214,F,79,West,51,Two year,51.26,,,0,"$2,614.26"
CUST-4032,F,33,West,20,2yr,49.72,2.0,,0,$994.4
CUST-7982,Male,67,West,44,Month-to-month,111.74,3.0,,1,"$4,916.56"
CUST-1720,Female,78,East,20,One year,31.18,,,0,$623.6
CUST-5633,non-binary,34,South,22,m2m,81.14,,29.93,1,"$1,785.08"
CUST-7682,Female,31,North,65,Month-to-month,48.77,,13.52,1,"$3,170.05"
CUST-6431,non-binary,77,South,63,Month-to-month,111.43,,32.0,1,"$7,020.09"
CUST-6684,Male,23,South,18,Month-to-month,41.17,,,1,$741.06
CUST-4157,Male,49,East,68,One year,60.01,3.0,98.67,0,"$4,080.68"
CUST-10104,Female,55,West,38,m2m,27.63,7.0,17.38,1,"$1,049.94"
CUST-3976,M,61,North,35,Month-to-month,25.95,,,1,$908.25
CUST-1987,M,29,East,23,Two year,71.54,1.0,,0,"$1,645.42"
CUST-2821,M,49,West,29,Month-to-month,21.63,2.0,92.39,0,$627.27
CUST-4760,Female,71,North,63,m2m,108.84,,73.59,0,"$6,856.92"
CUST-9966,Male,30,North,7,Month-to-month,55.44,,65.27,0,$388.08
CUST-10702,Female,49,West,50,Month-to-month,35.07,,80.14,0,"$1,753.5"
CUST-6008,F,76,South,34,1yr,88.8,,,1,"$3,019.2"
CUST-5794,non-binary,34,East,23,Two year,58.12,,44.95,0,"$1,336.76"
CUST-3768,F,250,East,64,Month-to-month,79.85,0.0,,1,"$5,110.4"
CUST-7127,M,18,West,2,Two year,51.68,,69.21,1,$103.36
CUST-2215,F,26,North,55,m2m,73.68,3.0,,1,"$4,052.4"
CUST-5768,M,75,South,65,One year,110.84,,,0,"$7,204.6"
CUST-3132,Female,57,West,7,Month-to-month,61.08,,88.65,0,$427.56
CUST-3995,non-binary,27,North,9,Month-to-month,64.9,,,0,$584.1
CUST-5940,M,45,South,29,Month-to-month,85.77,,,1,"$2,487.33"
CUST-1174,Female,78,East,35,Month-to-month,63.21,,,1,"$2,212.35"
CUST-6786,M,79,North,63,Two year,91.58,0.0,82.0,0,"$5,769.54"
CUST-4341,non-binary,57,West,70,Month-to-month,109.54,,,0,"$7,667.8"
CUST-4843,Male,77,East,34,Month-to-month,71.7,9.0,21.51,1,"$2,437.8"
CUST-10516,Male,26,North,5,Month-to-month,73.7,,,1,$368.5
CUST-1527,non-binary,80,West,57,Two year,95.92,,89.22,0,"$5,467.44"
CUST-3784,M,65,North,52,One year,110.18,,39.41,0,"$5,729.36"
CUST-7689,F,63,West,34,Two year,82.13,2.0,,0,"$2,792.42"
CUST-6225,M,59,South,34,One year,34.29,0.0,,0,"$1,165.86"
CUST-2760,non-binary,67,West,47,One year,97.46,2.0,69.88,0,"$4,580.62"
CUST-4390,F,76,North,67,One year,22.97,4.0,24.98,1,"$1,538.99"
CUST-2520,non-binary,44,West,15,One year,46.98,,50.51,1,$704.7
CUST-3494,Male,55,West,20,One year,26.38,,,0,$527.6
CUST-4476,Male,37,East,1,1yr,24.27,,24.33,1,$24.27
CUST-9313,Male,32,West,39,Two year,112.48,10.0,28.37,0,"$4,386.72"
CUST-4399,non-binary,47,South,45,Month-to-month,50.31,7.0,32.79,1,"$2,263.95"
CUST-1727,Female,78,West,6,Month-to-month,20.76,2.0,,0,$124.56
CUST-10699,non-binary,38,East,30,Month-to-month,50.54,0.0,86.78,0,"$1,516.2"
CUST-9538,Male,18,West,72,Two year,95.3,1.0,,1,"$6,861.6"
CUST-4064,Male,77,West,70,Month-to-month,27.25,0.0,,1,"$1,907.5"
CUST-3413,non-binary,40,West,53,One year,51.43,1.0,,0,"$2,725.79"
CUST-5103,Male,18,West,27,One year,118.35,,87.74,0,"$3,195.45"
CUST-7305,Male,31,West,5,Two year,65.5,,58.81,0,$327.5
CUST-10948,Female,27,South,47,m2m,98.23,1.0,73.05,0,"$4,616.81"
CUST-2867,Female,46,West,47,One year,31.47,8.0,29.14,1,"$1,479.09"
CUST-7043,Female,-5,West,29,m2m,110.65,1.0,,1,"$3,208.85"
CUST-1134,F,40,West,43,Month-to-month,43.63,0.0,14.56,1,"$1,876.09"
CUST-8273,non-binary,53,North,38,One year,42.89,,55.06,1,"$1,629.82"
CUST-9244,F,64,West,67,Month-to-month,26.06,3.0,,1,"$1,746.02"
CUST-3066,Male,75,North,59,Month-to-month,90.31,,,1,"$5,328.29"
CUST-1105,F,36,West,33,1yr,32.86,,,0,"$1,084.38"
CUST-7503,non-binary,250,South,51,Month-to-month,65.94,,,0,"$3,362.94"
CUST-8265,Female,48,South,25,Month-to-month,94.36,1.0,,1,"$2,359.0"
CUST-2421,M,66,West,71,Month-to-month,102.31,,60.71,0,"$7,264.01"
CUST-7729,Male,80,South,32,m2m,33.23,3.0,52.67,0,"$1,063.36"
CUST-2079,non-binary,19,South,62,Month-to-month,24.74,2.0,92.68,1,"$1,533.88"
CUST-5781,M,40,West,42,One year,34.02,,80.83,0,"$1,428.84"
CUST-3244,Female,60,South,66,One year,109.33,0.0,10.32,0,"$7,215.78"
CUST-7069,M,31,East,49,1yr,83.3,,,0,"$4,081.7"
CUST-3512,Male,250,West,48,One year,47.93,,21.97,0,"$2,300.64"
CUST-8100,Female,76,East,34,Two year,36.19,3.0,,0,"$1,230.46"
CUST-4233,Female,69,North,34,1yr,28.57,,,0,$971.38
CUST-1114,M,49,East,56,Two year,106.44,,,1,"$5,960.64"
CUST-8383,M,35,South,38,One year,88.11,2.0,67.34,0,"$3,348.18"
CUST-4938,Male,75,South,32,Month-to-month,41.35,1.0,,0,"$1,323.2"
CUST-6815,non-binary,36,North,30,2yr,24.85,3.0,58.66,0,$745.5
CUST-3554,Female,42,East,5,Month-to-month,115.52,8.0,30.68,1,$577.6
CUST-3530,Male,45,North,56,Month-to-month,109.59,1.0,72.58,1,"$6,137.04"
CUST-9517,M,30,South,8,One year,35.74,,11.84,0,$285.92
CUST-10480,Male,19,East,7,One year,39.32,,,0,$275.24
CUST-5300,Male,65,West,16,Month-to-month,112.17,,37.11,0,"$1,794.72"
CUST-3743,Female,46,South,60,Month-to-month,99.18,10.0,12.49,1,"$5,950.8"
CUST-2430,M,48,North,15,Month-to-month,37.3,,,1,$559.5
CUST-9523,M,53,North,46,Month-to-month,98.41,8.0,33.6,1,"$4,526.86"
CUST-7817,F,36,South,35,One year,45.09,,54.45,0,"$1,578.15"
CUST-1690,M,27,South,51,One year,61.55,,34.76,0,"$3,139.05"
CUST-8207,M,18,South,41,One year,39.64,,16.52,0,"$1,625.24"
CUST-2748,Male,21,West,32,1yr,95.34,0.0,,0,"$3,050.88"
CUST-7645,M,41,North,69,One year,25.27,1.0,,0,"$1,743.63"
CUST-9280,Female,47,South,60,Month-to-month,88.71,3.0,68.67,0,"$5,322.6"
CUST-2018,Male,28,East,68,Two year,60.97,,97.28,1,"$4,145.96"
CUST-1790,Male,18,East,34,Two year,95.82,0.0,94.36,1,"$3,257.88"
CUST-10718,Male,37,South,58,Month-to-month,118.77,3.0,,1,"$6,888.66"
CUST-2683,Male,55,North,50,2yr,62.39,2.0,55.11,0,"$3,119.5"
CUST-2301,Female,44,North,49,Month-to-month,58.3,,64.47,1,"$2,856.7"
CUST-3038,M,250,West,52,m2m,41.02,,,0,"$2,133.04"
CUST-8435,M,73,West,66,m2m,59.75,,82.42,0,"$3,943.5"
CUST-2891,Male,77,East,41,1yr,71.32,,50.52,0,"$2,924.12"
CUST-2967,F,19,West,25,Month-to-month,58.63,2.0,,0,"$1,465.75"
CUST-5984,non-binary,72,North,67,Month-to-month,91.56,,25.56,1,"$6,134.52"
CUST-8720,non-binary,51,East,40,Month-to-month,36.36,,,1,"$1,454.4"
CUST-4381,M,76,West,11,m2m,48.77,0.0,,0,$536.47
CUST-10904,Male,67,West,25,Month-to-month,51.13,3.0,64.1,0,"$1,278.25"
CUST-8653,Female,40,North,69,Month-to-month,103.05,,,0,"$7,110.45"
CUST-7442,M,70,East,51,2yr,112.02,3.0,,1,"$5,713.02"
CUST-2262,Female,48,South,46,One year,56.13,1.0,90.59,1,"$2,581.98"
CUST-5623,Male,68,North,24,Month-to-month,104.68,,,0,"$2,512.32"
CUST-2410,Female,29,West,44,Month-to-month,72.85,,,1,"$3,205.4"
CUST-5312,Female,51,West,50,Two year,46.33,3.0,,0,"$2,316.5"
CUST-6858,Female,20,North,18,Month-to-month,31.15,,,0,$560.7
CUST-3656,non-binary,63,North,4,Month-to-month,27.82,0.0,,1,$111.28
CUST-7315,Male,65,West,39,Month-to-month,48.03,0.0,39.35,0,"$1,873.17"
CUST-8500,M,38,West,9,Month-to-month,37.54,,,1,$337.86
CUST-10115,Female,26,West,15,One year,42.73,1.0,27.66,0,$640.95
CUST-9738,Female,23,West,21,Two year,105.62,1.0,,0,"$2,218.02"
CUST-5374,Female,70,South,62,Month-to-month,55.64,0.0,98.75,1,"$3,449.68"
CUST-7269,Male,44,West,66,Month-to-month,107.92,,,1,"$7,122.72"
CUST-7108,M,55,South,71,Month-to-month,69.34,1.0,89.34,0,"$4,923.14"
CUST-6587,Female,46,North,14,One year,45.93,,75.88,0,$643.02
CUST-1270,F,38,North,34,Month-to-month,64.3,3.0,,0,"$2,186.2"
CUST-3967,Male,65,West,38,Month-to-month,73.75,,64.72,0,"$2,802.5"
CUST-6252,F,35,South,51,1yr,45.66,,,0,"$2,328.66"
CUST-5647,M,63,West,16,One year,92.46,4.0,18.47,0,"$1,479.36"
CUST-6448,Male,55,South,5,Month-to-month,61.24,0.0,80.87,1,$306.2
CUST-9133,Male,53,South,66,Month-to-month,113.89,,,1,"$7,516.74"
CUST-3185,F,30,West,65,Month-to-month,26.68,1.0,55.74,1,"$1,734.2"
CUST-6577,non-binary,71,South,53,1yr,26.61,,67.04,0,"$1,410.33"
CUST-1886,M,61,South,38,m2m,26.23,2.0,14.76,1,$996.74
CUST-8692,Male,42,South,23,One year,85.11,,86.33,0,"$1,957.53"
CUST-7446,M,58,West,28,One year,116.88,3.0,,0,"$3,272.64"
CUST-5252,non-binary,33,East,61,Two year,83.93,2.0,,1,"$5,119.73"
CUST-3054,Male,52,South,61,Month-to-month,88.35,2.0,,0,"$5,389.35"
CUST-9407,non-binary,32,West,3,Month-to-month,50.75,2.0,,0,$152.25
CUST-1768,M,73,North,16,2yr,53.03,3.0,45.35,0,$848.48
CUST-3570,Female,63,West,46,One year,52.69,,25.64,1,"$2,423.74"
CUST-1495,Female,74,North,50,m2m,35.98,3.0,,1,"$1,799.0"
CUST-7357,non-binary,52,East,25,Two year,103.74,,56.76,1,"$2,593.5"
CUST-6940,F,73,North,32,Month-to-month,24.91,,,0,$797.12
CUST-9553,M,62,East,67,One year,93.6,2.0,52.5,0,"$6,271.2"
CUST-5552,non-binary,74,West,17,Month-to-month,26.51,,,0,$450.67
CUST-10155,non-binary,18,South,2,Month-to-month,29.98,2.0,,1,$59.96
CUST-6152,Female,29,South,30,One year,97.13,3.0,,0,"$2,913.9"
CUST-1326,non-binary,58,North,22,One year,91.44,1.0,,0,"$2,011.68"
CUST-10503,Female,23,West,28,Two year,60.66,3.0,,0,"$1,698.48"
CUST-1257,Male,31,South,32,Two year,29.78,3.0,59.85,0,$952.96
CUST-4895,Male,35,West,20,Month-to-month,113.82,9.0,26.73,1,"$2,276.4"
CUST-7416,Female,21,North,0,One year,56.75,2.0,,0,$0.0
CUST-1160,F,41,West,38,Month-to-month,23.76,8.0,36.88,1,$902.88
CUST-3448,Male,25,East,72,Two year,118.31,,,1,"$8,518.32"
CUST-6128,M,43,West,35,Month-to-month,51.85,,18.59,0,"$1,814.75"
CUST-9226,M,78,South,34,1yr,64.85,,87.54,0,"$2,204.9"
CUST-7755,F,28,East,1,Month-to-month,109.62,1.0,,1,$109.62
CUST-3543,Female,47,North,61,Two year,69.69,,26.55,0,"$4,251.09"
CUST-5054,Female,20,North,38,2yr,100.89,,31.33,0,"$3,833.82"
CUST-8497,F,55,North,0,Month-to-month,56.6,,,0,$0.0
CUST-3804,F,79,East,16,m2m,31.53,0.0,,0,$504.48
CUST-8231,M,68,North,49,Month-to-month,48.26,,16.41,1,"$2,364.74"
CUST-10514,Male,73,North,35,Month-to-month,102.67,,74.84,1,"$3,593.45"
CUST-2073,M,80,West,2,Month-to-month,119.52,,84.06,1,$239.04
CUST-4662,Male,19,West,4,m2m,57.52,0.0,,1,$230.08
CUST-3186,Male,64,West,57,One year,75.59,3.0,,0,"$4,308.63"
CUST-3757,non-binary,21,North,50,m2m,85.87,,86.87,0,"$4,293.5"
CUST-5745,M,26,North,36,1yr,105.74,,66.4,0,"$3,806.64"
CUST-2576,F,45,North,72,Month-to-month,92.2,,,0,"$6,638.4"
CUST-6553,Male,19,East,60,Two year,69.83,,99.71,0,"$4,189.8"
CUST-9520,non-binary,72,North,10,One year,79.71,0.0,23.7,0,$797.1
CUST-5693,M,44,South,11,Month-to-month,68.92,,,0,$758.12
CUST-3793,Male,25,West,44,m2m,82.81,3.0,16.63,1,"$3,643.64"
CUST-9188,Female,47,West,22,Two year,79.39,0.0,64.2,0,"$1,746.58"
CUST-10341,Male,70,South,52,Two year,71.58,0.0,,0,"$3,722.16"
CUST-2102,F,72,South,69,1yr,75.68,2.0,92.2,0,"$5,221.92"
CUST-4195,M,64,North,50,Month-to-month,99.73,,,1,"$4,986.5"
CUST-10853,M,-5,West,72,One year,30.87,3.0,,0,"$2,222.64"
CUST-3037,non-binary,46,East,50,One year,87.0,1.0,,0,"$4,350.0"
CUST-10594,M,69,South,39,Month-to-month,44.41,2.0,49.86,0,"$1,731.99"
CUST-2845,non-binary,79,South,13,Month-to-month,62.92,3.0,67.74,0,$817.96
CUST-9062,M,54,North,39,One year,86.53,0.0,,0,"$3,374.67"
CUST-1956,M,-5,West,17,Month-to-month,48.71,1.0,,0,$828.07
CUST-1535,M,64,North,1,One year,83.41,0.0,84.61,0,$83.41
CUST-2898,Male,38,West,32,1yr,100.53,2.0,,0,"$3,216.96"
CUST-9850,Female,70,South,10,Month-to-month,37.46,3.0,,1,$374.6
CUST-9772,Male,64,South,62,Month-to-month,94.86,1.0,,0,"$5,881.32"
CUST-3309,M,38,South,31,One year,115.03,,75.61,0,"$3,565.93"
CUST-5912,M,29,East,65,Month-to-month,69.38,0.0,58.61,1,"$4,509.7"
CUST-10496,Female,78,West,66,Month-to-month,69.25,,20.59,1,"$4,570.5"
CUST-10704,F,67,South,68,Two year,104.81,0.0,46.61,0,"$7,127.08"
CUST-4501,Female,33,West,56,One year,70.05,0.0,93.45,0,"$3,922.8"
CUST-8769,M,19,South,17,Month-to-month,116.82,3.0,72.75,1,"$1,985.94"
CUST-4216,non-binary,40,North,63,Month-to-month,110.24,0.0,,1,"$6,945.12"
CUST-5104,M,-5,North,23,m2m,70.46,2.0,,1,"$1,620.58"
CUST-9775,Male,43,North,22,Month-to-month,57.18,3.0,60.29,1,"$1,257.96"
CUST-5130,F,70,West,25,Month-to-month,74.81,,,1,"$1,870.25"
CUST-8894,non-binary,60,North,25,m2m,38.4,3.0,,0,$960.0
CUST-3437,Female,72,South,29,One year,93.22,,,0,"$2,703.38"
CUST-4642,non-binary,-5,South,41,Month-to-month,72.2,7.0,25.06,0,"$2,960.2"
CUST-1541,F,39,North,52,One year,116.66,1.0,52.69,0,"$6,066.32"
CUST-6570,Male,65,South,5,Month-to-month,27.8,,83.37,1,$139.0
CUST-7927,Male,-5,South,31,Month-to-month,71.91,,89.08,0,"$2,229.21"
CUST-9071,M,68,North,38,Two year,85.71,,10.31,0,"$3,256.98"
CUST-3814,F,24,East,6,One year,30.0,,,1,$180.0
CUST-5107,Male,32,West,53,One year,20.65,0.0,53.75,0,"$1,094.45"
CUST-9478,non-binary,24,South,30,One year,75.61,0.0,,0,"$2,268.3"
CUST-8336,Female,67,West,54,Month-to-month,81.07,0.0,,0,"$4,377.78"
CUST-4491,F,45,East,15,Two year,107.75,,37.12,0,"$1,616.25"
CUST-3336,M,51,North,52,One year,41.93,,,0,"$2,180.36"
CUST-1854,M,54,North,39,One year,49.01,3.0,,0,"$1,911.39"
CUST-5133,Female,60,West,8,Two year,39.92,,75.77,0,$319.36
CUST-3653,non-binary,20,South,36,2yr,62.19,,29.97,1,"$2,238.84"
CUST-6162,non-binary,43,East,7,Month-to-month,75.22,,,1,$526.54
CUST-8744,M,52,West,29,Month-to-month,91.3,3.0,71.41,0,"$2,647.7"
CUST-6319,M,50,North,54,2yr,74.61,,,0,"$4,028.94"
CUST-7956,Female,34,West,28,One year,39.08,,,1,"$1,094.24"
CUST-8710,non-binary,24,South,33,Month-to-month,26.1,7.0,12.15,1,$861.3
CUST-5391,Male,59,West,4,Two year,61.64,,,1,$246.56
CUST-1837,Female,58,South,40,One year,51.54,,54.77,0,"$2,061.6"
CUST-3387,Male,71,East,27,Month-to-month,42.56,,,1,"$1,149.12"
CUST-6310,non-binary,20,North,48,1yr,119.55,,,0,"$5,738.4"
CUST-2046,M,49,North,32,Month-to-month,61.34,,75.16,1,"$1,962.88"
CUST-2208,non-binary,40,North,50,One year,107.07,1.0,,0,"$5,353.5"
CUST-9127,F,61,South,48,Month-to-month,58.96,,84.78,0,"$2,830.08"
CUST-1914,Female,41,North,62,Month-to-month,60.59,3.0,,0,"$3,756.58"
CUST-10652,M,47,East,25,One year,23.97,,,0,$599.25
CUST-8920,Male,72,East,7,One year,86.37,,74.83,1,$604.59
CUST-10438,non-binary,58,West,62,m2m,116.21,1.0,,1,"$7,205.02"
CUST-2574,non-binary,51,North,0,Month-to-month,110.49,,,1,$0.0
CUST-6188,M,56,South,43,Month-to-month,66.27,1.0,,1,"$2,849.61"
CUST-1155,M,49,East,47,Two year,61.11,3.0,17.53,1,"$2,872.17"
CUST-7920,M,58,East,69,Month-to-month,103.73,8.0,29.42,1,"$7,157.37"
CUST-1973,F,26,West,17,Month-to-month,48.11,,,1,$817.87
CUST-7514,non-binary,23,East,20,Month-to-month,22.02,,,1,$440.4
CUST-5228,Female,49,East,52,Month-to-month,59.45,2.0,,0,"$3,091.4"
CUST-8548,F,69,South,37,Month-to-month,57.42,3.0,79.0,0,"$2,124.54"
CUST-7283,non-binary,46,South,27,Month-to-month,109.06,10.0,18.49,1,"$2,944.62"
CUST-5988,non-binary,66,North,24,One year,75.43,7.0,31.04,0,"$1,810.32"
CUST-10679,non-binary,29,West,48,Month-to-month,49.97,1.0,,0,"$2,398.56"
CUST-1698,Male,34,East,0,Two year,77.52,0.0,,1,$0.0
CUST-3398,non-binary,71,East,50,Month-to-month,114.21,,11.79,1,"$5,710.5"
CUST-10670,Male,31,West,17,Month-to-month,23.44,,,0,$398.48
CUST-6955,Male,79,East,29,Two year,54.32,,,0,"$1,575.28"
CUST-6968,M,55,West,59,Month-to-month,40.63,8.0,20.39,1,"$2,397.17"
CUST-4061,M,67,East,35,One year,94.48,,14.58,1,"$3,306.8"
CUST-5322,Male,21,South,61,m2m,76.02,2.0,,0,"$4,637.22"
CUST-1784,F,54,South,21,Two year,109.27,,,0,"$2,294.67"
CUST-4317,non-binary,65,East,31,2yr,119.52,,63.91,1,"$3,705.12"
CUST-2625,non-binary,25,East,19,2yr,30.78,,63.16,0,$584.82
CUST-1668,F,60,West,22,One year,34.51,2.0,96.52,1,$759.22
CUST-8935,Male,80,South,0,Month-to-month,44.04,,31.04,1,$0.0
CUST-6471,F,45,West,20,1yr,96.79,,97.88,1,"$1,935.8"
CUST-10190,F,39,North,21,One year,67.5,,46.12,0,"$1,417.5"
CUST-9143,non-binary,60,North,68,One year,38.03,,52.84,0,"$2,586.04"
CUST-1453,Male,65,East,24,One year,79.03,0.0,,1,"$1,896.72"
CUST-10912,Male,73,West,32,2yr,113.58,1.0,63.24,0,"$3,634.56"
CUST-6711,M,66,East,11,Month-to-month,112.48,2.0,,1,"$1,237.28"
CUST-10649,non-binary,51,North,3,Month-to-month,101.97,3.0,4.050000000000001,1,$305.91
CUST-9082,M,21,North,14,One year,85.27,,18.59,1,"$1,193.78"
CUST-6288,F,28,South,61,One year,105.3,,34.67,0,"$6,423.3"
CUST-8564,F,40,South,61,Month-to-month,20.44,,33.55,1,"$1,246.84"
CUST-5538,Female,66,North,66,One year,22.77,,47.83,1,"$1,502.82"
CUST-3248,F,32,East,43,2yr,25.56,,50.09,0,"$1,099.08"
CUST-10790,Male,60,East,25,Two year,77.88,,86.85,1,"$1,947.0"
CUST-6793,Female,67,West,64,Two year,57.44,1.0,84.76,0,"$3,676.16"
CUST-1411,non-binary,58,North,72,Month-to-month,68.94,,61.53,0,"$4,963.68"
CUST-8462,F,70,South,18,One year,23.03,,63.39,0,$414.54
CUST-6025,non-binary,-5,North,61,Two year,67.67,,64.86,0,"$4,127.87"
CUST-9630,non-binary,36,West,35,One year,112.53,1.0,,0,"$3,938.55"
CUST-7584,non-binary,70,North,39,1yr,75.86,3.0,46.76,0,"$2,958.54"
CUST-6176,non-binary,58,West,62,Month-to-month,52.97,,,1,"$3,284.14"
CUST-10469,non-binary,37,East,45,One year,92.65,3.0,,0,"$4,169.25"
CUST-6004,F,30,North,12,Month-to-month,108.6,,,1,"$1,303.2"
CUST-1367,Female,44,South,16,One year,106.63,,92.95,0,"$1,706.08"
CUST-9985,Female,56,North,32,One year,30.1,,38.22,0,$963.2
CUST-9428,Male,32,North,23,One year,25.72,,46.76,0,$591.56
CUST-9130,non-binary,33,South,68,Month-to-month,61.4,,,1,"$4,175.2"
CUST-1845,non-binary,70,West,24,One year,26.33,0.0,,0,$631.92
CUST-7071,Male,44,South,38,One year,85.68,,,0,"$3,255.84"
CUST-10180,Female,70,North,49,One year,118.35,,,0,"$5,799.15"
CUST-10996,M,71,North,60,One year,27.6,2.0,,1,"$1,656.0"
CUST-7709,M,70,North,71,Two year,58.96,,20.87,1,"$4,186.16"
CUST-1206,M,52,East,9,Two year,67.03,1.0,,1,$603.27
CUST-8272,Female,77,West,66,Month-to-month,98.46,2.0,,1,"$6,498.36"
CUST-9500,F,77,South,48,Two year,41.56,,,0,"$1,994.88"
CUST-5963,non-binary,25,East,72,1yr,38.91,1.0,68.78,0,"$2,801.52"
CUST-8151,M,-5,South,38,Month-to-month,40.2,,68.92,1,"$1,527.6"
CUST-8092,Male,41,North,42,One year,22.13,,70.28,0,$929.46
CUST-3332,Female,32,West,17,One year,79.92,,14.22,0,"$1,358.64"
CUST-8233,Male,73,West,3,One year,97.22,,,0,$291.66
CUST-8639,F,21,South,8,m2m,43.47,0.0,,1,$347.76
CUST-3738,M,66,South,57,Month-to-month,54.28,2.0,78.57,0,"$3,093.96"
CUST-8492,F,41,West,72,One year,54.55,,29.9,0,"$3,927.6"
CUST-9915,M,77,North,59,One year,75.89,,96.97,1,"$4,477.51"
CUST-8511,Male,47,West,38,Month-to-month,81.58,,19.92,0,"$3,100.04"
CUST-7801,M,53,North,41,One year,20.74,3.0,43.79,0,$850.34
CUST-8051,non-binary,65,North,11,One year,38.6,,,0,$424.6
CUST-5667,Male,61,South,17,Month-to-month,85.07,,63.69,0,"$1,446.19"
CUST-8550,F,52,West,34,Month-to-month,43.2,0.0,90.08,0,"$1,468.8"
CUST-2569,non-binary,68,North,43,m2m,59.24,1.0,,0,"$2,547.32"
CUST-8271,Female,50,West,45,Two year,95.35,,,0,"$4,290.75"
CUST-8586,F,64,North,0,Month-to-month,103.98,0.0,42.74,1,$0.0
CUST-6745,F,61,North,50,Month-to-month,61.24,1.0,,0,"$3,062.0"
CUST-6293,M,66,North,18,Two year,24.25,,71.62,0,$436.5
CUST-8730,Male,23,West,58,Month-to-month,53.75,3.0,,1,"$3,117.5"
CUST-6244,M,37,West,19,Month-to-month,99.07,0.0,,0,"$1,882.33"
CUST-1375,F,78,South,35,Two year,23.77,2.0,,0,$831.95
CUST-1477,Male,23,West,49,Month-to-month,88.22,,56.95,0,"$4,322.78"
CUST-8752,M,51,West,60,Month-to-month,95.05,,,1,"$5,703.0"
CUST-10512,F,43,North,35,Month-to-month,51.64,1.0,93.07,0,"$1,807.4"
CUST-7533,F,23,East,28,One year,24.85,,,0,$695.8
CUST-6761,F,51,North,48,Month-to-month,64.37,3.0,74.84,0,"$3,089.76"
CUST-1841,Female,70,North,51,1yr,112.42,,25.31,1,"$5,733.42"
CUST-9173,M,58,North,47,Month-to-month,92.62,,29.87,1,"$4,353.14"
CUST-9781,F,36,West,44,1yr,84.67,0.0,77.37,0,"$3,725.48"
CUST-3345,non-binary,74,East,72,Month-to-month,62.6,1.0,,1,"$4,507.2"
CUST-6015,non-binary,64,North,70,One year,73.67,,,0,"$5,156.9"
CUST-1365,Female,32,West,52,2yr,53.72,,,0,"$2,793.44"
CUST-3739,Male,30,West,42,Two year,92.79,0.0,,0,"$3,897.18"
CUST-6397,Female,18,South,50,Month-to-month,70.69,,,0,"$3,534.5"
CUST-5014,non-binary,58,West,52,Two year,30.14,,84.13,1,"$1,567.28"
CUST-6345,Female,64,North,69,1yr,29.48,9.0,34.23,1,"$2,034.12"
CUST-6770,non-binary,80,North,19,Month-to-month,29.85,,,0,$567.15
CUST-3676,Female,58,West,35,Two year,119.21,,,0,"$4,172.35"
CUST-5924,F,21,North,41,Month-to-month,92.55,,,0,"$3,794.55"
CUST-4042,Female,74,North,67,Month-to-month,114.58,3.0,,1,"$7,676.86"
CUST-10955,Male,44,South,21,One year,48.96,,,0,"$1,028.16"
CUST-2769,F,56,North,4,One year,102.8,1.0,,0,$411.2
CUST-2509,M,69,South,26,Month-to-month,72.45,6.0,26.17,1,"$1,883.7"
CUST-2029,F,80,North,52,Month-to-month,31.96,,,0,"$1,661.92"
CUST-5649,F,18,West,17,One year,53.17,0.0,,0,$903.89
CUST-6959,M,79,North,10,Month-to-month,41.45,,42.69,0,$414.5
CUST-10343,M,45,South,53,One year,83.39,,,0,"$4,419.67"
CUST-7301,M,31,South,44,One year,55.33,,,0,"$2,434.52"
CUST-3011,non-binary,50,North,12,One year,41.84,2.0,,0,$502.08
CUST-9519,M,22,North,72,One year,45.72,,55.31,0,"$3,291.84"
CUST-7469,M,48,North,38,Month-to-month,79.94,1.0,63.37,0,"$3,037.72"
CUST-3790,M,48,North,60,Month-to-month,73.6,0.0,,1,"$4,416.0"
CUST-3700,M,32,East,21,Month-to-month,118.74,7.0,29.14,1,"$2,493.54"
CUST-1216,Female,43,South,28,Two year,37.96,1.0,98.15,0,"$1,062.88"
CUST-10449,M,67,East,72,Month-to-month,80.47,7.0,30.36,1,"$5,793.84"
CUST-8729,Male,27,South,51,One year,87.28,3.0,,0,"$4,451.28"
CUST-8596,Male,54,South,71,One year,81.62,,,0,"$5,795.02"
CUST-3394,Male,69,West,10,One year,99.81,,22.79,0,$998.1
CUST-8790,Female,65,West,66,Month-to-month,97.46,3.0,47.2,1,"$6,432.36"
CUST-8557,M,250,South,10,1yr,25.41,,47.88,0,$254.1
CUST-1278,Female,63,East,71,Month-to-month,23.8,3.0,,0,"$1,689.8"
CUST-7473,Male,42,South,35,Month-to-month,35.87,,63.86,0,"$1,255.45"
CUST-8269,Male,-5,East,21,Month-to-month,89.15,2.0,71.93,0,"$1,872.15"
CUST-9606,non-binary,67,West,65,1yr,40.06,,43.94,0,"$2,603.9"
CUST-2768,F,250,North,48,One year,108.04,,45.07,0,"$5,185.92"
CUST-4321,F,40,North,68,m2m,82.34,,,1,"$5,599.12"
CUST-2960,M,75,North,5,Month-to-month,27.64,2.0,,1,$138.2
CUST-8077,F,48,North,53,m2m,112.72,,34.72,1,"$5,974.16"
CUST-5033,non-binary,31,North,72,Month-to-month,54.97,3.0,,0,"$3,957.84"
CUST-1353,M,-5,North,11,1yr,44.12,0.0,,0,$485.32
CUST-7627,Female,250,North,24,Month-to-month,24.26,,,1,$582.24
CUST-7766,Male,42,South,40,Month-to-month,66.16,1.0,,0,"$2,646.4"
CUST-2744,M,54,North,3,Month-to-month,26.43,,66.56,0,$79.29
CUST-8958,non-binary,52,South,42,Month-to-month,111.82,,16.43,0,"$4,696.44"
CUST-3436,M,40,South,41,Month-to-month,80.91,4.0,11.17,1,"$3,317.31"
CUST-1128,non-binary,69,East,69,Month-to-month,81.5,,86.16,1,"$5,623.5"
CUST-6631,M,27,North,23,One year,58.71,,,0,"$1,350.33"
CUST-7523,Male,73,East,51,One year,95.74,,21.24,1,"$4,882.74"
CUST-2985,Female,35,North,39,m2m,79.25,,74.12,1,"$3,090.75"
CUST-3628,M,37,West,4,Two year,27.61,1.0,,0,$110.44
CUST-8428,non-binary,56,West,45,One year,31.74,2.0,,0,"$1,428.3"
CUST-8845,non-binary,72,North,49,Month-to-month,49.46,,87.59,0,"$2,423.54"
CUST-10339,F,63,North,57,Two year,26.91,,,0,"$1,533.87"
CUST-2031,Male,27,West,26,One year,109.01,,,0,"$2,834.26"
CUST-3052,F,65,South,19,Month-to-month,59.18,0.0,,0,"$1,124.42"
CUST-10896,F,49,South,24,Month-to-month,82.72,0.0,,1,"$1,985.28"
CUST-2128,M,68,North,43,Month-to-month,107.66,1.0,39.24,0,"$4,629.38"
CUST-1201,Male,23,North,32,Month-to-month,90.16,1.0,16.62,1,"$2,885.12"
CUST-7635,non-binary,43,North,63,m2m,85.84,,95.53,0,"$5,407.92"
CUST-2272,non-binary,67,North,28,Month-to-month,118.58,,34.97,0,"$3,320.24"
CUST-4396,Female,68,East,54,Month-to-month,78.72,,,1,"$4,250.88"
CUST-4440,Female,69,West,41,2yr,111.96,,45.51,0,"$4,590.36"
CUST-1132,F,57,North,16,m2m,99.71,1.0,,0,"$1,595.36"
CUST-4460,Female,76,South,22,Month-to-month,40.67,,65.88,0,$894.74
CUST-8902,M,52,West,52,One year,21.09,1.0,,0,"$1,096.68"
CUST-9917,F,33,South,27,One year,57.9,1.0,61.73,0,"$1,563.3"
CUST-4814,Male,32,South,72,Month-to-month,55.07,,,0,"$3,965.04"
CUST-8707,M,69,North,13,m2m,22.71,,68.63,1,$295.23
CUST-10300,Male,69,West,39,One year,51.77,3.0,32.71,0,"$2,019.03"
CUST-8156,Male,41,South,34,Month-to-month,49.81,,93.29,1,"$1,693.54"
CUST-10657,M,21,North,58,One year,107.44,1.0,,0,"$6,231.52"
CUST-2639,Female,49,West,27,Month-to-month,31.05,2.0,,0,$838.35
CUST-9819,F,35,South,0,Month-to-month,115.61,0.0,,1,$0.0
CUST-9979,F,60,South,55,Month-to-month,113.57,,78.49,1,"$6,246.35"
CUST-8748,Male,39,East,3,One year,40.48,,,0,$121.44
CUST-5754,Female,65,West,18,Month-to-month,40.34,1.0,46.4,0,$726.12
CUST-9602,non-binary,71,South,46,Two year,94.45,,20.24,0,"$4,344.7"
CUST-10019,Male,23,West,4,Month-to-month,110.87,3.0,,0,$443.48
CUST-8080,non-binary,51,North,63,One year,46.15,,11.07,1,"$2,907.45"
CUST-9890,M,67,South,53,Month-to-month,70.9,,12.09,0,"$3,757.7"
CUST-9800,M,40,West,43,Two year,79.78,,37.93,0,"$3,430.54"
CUST-7104,Male,31,North,0,One year,81.22,2.0,,0,$0.0
CUST-9992,M,35,North,52,Month-to-month,87.75,3.0,,0,"$4,563.0"
CUST-9733,non-binary,52,East,62,One year,104.86,,,0,"$6,501.32"
CUST-8799,M,52,South,10,m2m,24.09,3.0,,1,$240.9
CUST-10245,F,20,East,66,One year,113.33,,,0,"$7,479.78"
CUST-10112,Male,67,South,67,m2m,100.06,5.0,28.38,1,"$6,704.02"
CUST-1910,F,68,North,72,Month-to-month,96.22,3.0,55.71,0,"$6,927.84"
CUST-3864,Male,250,West,43,Month-to-month,56.24,3.0,76.51,1,"$2,418.32"
CUST-4992,M,47,East,20,Month-to-month,99.08,,,1,"$1,981.6"
CUST-3310,F,67,West,66,2yr,64.69,,,1,"$4,269.54"
CUST-8501,Male,26,South,46,One year,115.23,0.0,95.34,0,"$5,300.58"
CUST-3086,Female,28,North,55,Month-to-month,23.13,,35.02,0,"$1,272.15"
CUST-2640,Female,63,South,26,One year,87.59,0.0,60.45,1,"$2,277.34"
CUST-9920,Male,40,North,43,One year,37.67,3.0,,0,"$1,619.81"
CUST-1061,Female,62,West,57,Month-to-month,90.64,,,1,"$5,166.48"
CUST-8490,Female,47,South,21,One year,46.94,,,0,$985.74
CUST-1937,Male,65,West,47,Two year,49.26,3.0,,0,"$2,315.22"
CUST-3900,F,59,South,66,Month-to-month,45.35,0.0,84.54,0,"$2,993.1"
CUST-10353,F,40,South,32,Month-to-month,39.94,,23.38,0,"$1,278.08"
CUST-5330,Female,55,West,41,Two year,89.66,1.0,96.33,0,"$3,676.06"
CUST-8029,F,20,North,47,Month-to-month,42.48,0.0,,0,"$1,996.56"
CUST-1214,M,45,South,62,One year,110.23,,17.56,0,"$6,834.26"
CUST-3135,Female,26,West,44,Two year,100.03,,32.48,1,"$4,401.32"
CUST-8292,Male,80,South,46,2yr,36.39,,,0,"$1,673.94"
CUST-2318,M,24,North,37,Month-to-month,66.73,2.0,19.22,1,"$2,469.01"
CUST-9749,non-binary,70,West,36,Month-to-month,73.07,,10.74,0,"$2,630.52"
CUST-4883,Male,24,North,44,Month-to-month,113.15,1.0,84.95,0,"$4,978.6"
CUST-6412,M,-5,West,61,One year,29.21,,84.95,0,"$1,781.81"
CUST-7053,Female,45,West,71,Two year,20.41,,32.75,1,"$1,449.11"
CUST-5955,non-binary,43,North,20,2yr,20.4,3.0,93.02,0,$408.0
CUST-2972,non-binary,25,East,48,Month-to-month,31.77,,71.24,1,"$1,524.96"
CUST-6002,M,32,North,22,Month-to-month,68.56,1.0,,1,"$1,508.32"
CUST-2573,F,72,North,57,m2m,70.32,,,0,"$4,008.24"
CUST-5242,M,19,East,42,Month-to-month,65.28,0.0,90.87,0,"$2,741.76"
CUST-2467,Female,27,South,8,Two year,20.9,,,1,$167.2
CUST-5411,Female,49,East,0,One year,90.12,,,1,$0.0
CUST-5498,non-binary,38,South,52,2yr,22.43,1.0,70.68,0,"$1,166.36"
CUST-6766,non-binary,27,North,15,2yr,83.03,,,0,"$1,245.45"
CUST-6701,non-binary,-5,South,31,m2m,84.56,,34.11,1,"$2,621.36"
CUST-3234,F,78,West,33,One year,117.38,,,0,"$3,873.54"
CUST-9099,Male,33,North,41,m2m,91.13,,,1,"$3,736.33"
CUST-7928,Female,34,North,9,m2m,114.61,,26.6,0,"$1,031.49"
CUST-10284,non-binary,25,West,61,Month-to-month,65.42,,,0,"$3,990.62"
CUST-4968,F,38,West,34,One year,74.77,1.0,,0,"$2,542.18"
CUST-2968,F,59,South,40,Two year,37.79,,,0,"$1,511.6"
CUST-5571,non-binary,23,North,44,Two year,103.46,2.0,61.73,0,"$4,552.24"
CUST-5744,F,39,West,30,m2m,53.97,2.0,,0,"$1,619.1"
CUST-9865,F,39,North,10,Two year,114.76,10.0,18.01,0,"$1,147.6"
CUST-7912,non-binary,19,South,12,One year,81.54,,61.75,0,$978.48
CUST-8203,M,39,South,2,1yr,32.79,,55.349999999999994,0,$65.58
CUST-5900,non-binary,46,West,25,One year,114.06,,,0,"$2,851.5"
CUST-2037,Female,46,East,49,Two year,23.82,,27.52,0,"$1,167.18"
CUST-7998,F,73,West,24,Month-to-month,114.0,0.0,,1,"$2,736.0"
CUST-7106,non-binary,43,West,68,Month-to-month,112.29,3.0,89.58,1,"$7,635.72"
CUST-3655,Male,48,West,71,Two year,47.21,,,0,"$3,351.91"
CUST-1926,Female,49,West,10,One year,108.68,,27.98,0,"$1,086.8"
CUST-6071,Female,22,East,38,One year,58.62,0.0,,1,"$2,227.56"
CUST-1458,F,49,North,50,One year,55.1,,,0,"$2,755.0"
CUST-1603,non-binary,76,West,11,One year,100.21,,89.94,0,"$1,102.31"
CUST-4188,Male,49,West,62,One year,58.07,,18.54,0,"$3,600.34"
CUST-5457,F,26,South,21,Month-to-month,108.34,0.0,72.05,0,"$2,275.14"
CUST-8318,M,-5,South,5,Month-to-month,69.37,2.0,,0,$346.85
CUST-9113,Female,57,South,63,Month-to-month,22.6,2.0,,0,"$1,423.8"
CUST-5237,F,73,North,52,One year,110.84,,53.36,0,"$5,763.68"
CUST-9558,non-binary,24,South,27,One year,65.61,1.0,,0,"$1,771.47"
CUST-8852,Female,36,South,18,m2m,61.55,,,0,"$1,107.9"
CUST-4557,Male,78,North,60,Month-to-month,69.73,,69.58,1,"$4,183.8"
CUST-3158,F,55,South,36,m2m,57.08,,88.08,0,"$2,054.88"
CUST-6558,M,39,West,72,Month-to-month,103.45,,,1,"$7,448.4"
CUST-7823,M,55,West,53,Month-to-month,48.9,2.0,63.35,1,"$2,591.7"
CUST-4097,non-binary,45,South,47,One year,106.03,0.0,67.14,0,"$4,983.41"
CUST-4911,Male,70,West,3,One year,77.5,2.0,,0,$232.5
CUST-3010,M,35,North,51,Month-to-month,47.57,,57.87,0,"$2,426.07"
CUST-2354,Female,47,South,13,One year,55.93,2.0,,0,$727.09
CUST-4829,F,21,West,65,Month-to-month,88.79,0.0,19.92,0,"$5,771.35"
CUST-2890,F,250,West,65,Month-to-month,57.48,1.0,,1,"$3,736.2"
CUST-5445,Female,24,West,33,Month-to-month,35.55,1.0,,1,"$1,173.15"
CUST-8408,Female,71,South,56,One year,59.84,3.0,60.2,0,"$3,351.04"
CUST-10325,F,78,East,4,Month-to-month,101.02,,28.0,1,$404.08
CUST-6010,F,36,West,69,2yr,76.33,0.0,,0,"$5,266.77"
CUST-10481,non-binary,28,North,46,Two year,69.17,3.0,,0,"$3,181.82"
CUST-10241,Female,54,East,28,Month-to-month,101.49,,50.41,1,"$2,841.72"
CUST-10352,F,48,North,33,m2m,118.44,,89.89,0,"$3,908.52"
CUST-8734,non-binary,40,South,26,Month-to-month,49.84,2.0,,0,"$1,295.84"
CUST-10095,non-binary,56,West,41,2yr,45.92,10.0,14.26,0,"$1,882.72"
CUST-6424,Male,47,West,14,m2m,97.04,0.0,,1,"$1,358.56"
CUST-5719,Male,39,West,1,Two year,38.08,2.0,3.6499999999999986,1,$38.08
CUST-4625,Female,38,West,36,Month-to-month,74.04,1.0,62.15,0,"$2,665.44"
CUST-10665,M,26,South,49,2yr,114.32,,73.76,0,"$5,601.68"
CUST-3459,non-binary,19,West,33,2yr,59.44,7.0,13.08,1,"$1,961.52"
CUST-1208,non-binary,46,East,11,m2m,26.35,,,1,$289.85
CUST-8664,non-binary,63,West,42,One year,71.53,2.0,67.61,0,"$3,004.26"
CUST-8472,Male,78,West,65,Month-to-month,58.75,,27.24,0,"$3,818.75"
CUST-5060,Male,51,South,10,2yr,61.7,,12.2,0,$617.0
CUST-4724,non-binary,46,South,53,Month-to-month,72.3,7.0,15.34,1,"$3,831.9"
CUST-6601,Male,64,South,70,One year,61.99,,40.51,0,"$4,339.3"
CUST-8731,non-binary,76,North,29,Month-to-month,47.25,0.0,,1,"$1,370.25"
CUST-6880,M,55,South,25,Two year,106.33,,34.61,0,"$2,658.25"
CUST-9361,F,69,West,32,2yr,79.43,0.0,,0,"$2,541.76"
CUST-2990,Female,72,North,4,Month-to-month,115.19,,,1,$460.76
CUST-9712,Female,27,North,56,Month-to-month,117.27,1.0,,1,"$6,567.12"
CUST-6385,M,45,North,72,m2m,36.07,1.0,27.28,1,"$2,597.04"
CUST-1407,M,73,North,31,One year,88.39,8.0,16.12,0,"$2,740.09"
CUST-6363,non-binary,50,North,42,Month-to-month,97.3,1.0,,1,"$4,086.6"
CUST-6180,non-binary,64,South,12,1yr,24.34,,,0,$292.08
CUST-3188,Male,80,West,29,Month-to-month,106.04,0.0,51.72,0,"$3,075.16"
CUST-1394,Male,77,North,57,1yr,116.66,,,0,"$6,649.62"
CUST-3648,F,50,North,40,1yr,42.63,,,0,"$1,705.2"
CUST-5606,Male,44,West,34,Month-to-month,85.05,2.0,72.68,1,"$2,891.7"
CUST-7274,non-binary,250,West,0,One year,44.2,,57.11,0,$0.0
CUST-2361,Female,20,South,9,Two year,56.94,,62.86,0,$512.46
CUST-4917,Female,73,West,6,2yr,28.99,,,0,$173.94
CUST-1685,Female,50,North,35,One year,62.26,,95.17,0,"$2,179.1"
CUST-4996,M,43,South,34,Month-to-month,47.76,3.0,,1,"$1,623.84"
CUST-10669,F,56,East,30,Month-to-month,21.78,0.0,33.54,1,$653.4
CUST-3518,Male,71,North,0,One year,82.15,,,0,$0.0
CUST-4291,M,250,North,63,One year,83.72,0.0,17.81,0,"$5,274.36"
CUST-7534,M,33,South,5,One year,72.21,,,0,$361.05
CUST-1687,non-binary,74,South,34,Month-to-month,96.27,3.0,,1,"$3,273.18"
CUST-2311,Male,59,West,37,Two year,87.19,,28.21,1,"$3,226.03"
CUST-8068,Male,29,South,60,One year,97.49,1.0,78.85,1,"$5,849.4"
CUST-9487,F,68,North,70,Month-to-month,82.24,,84.96,0,"$5,756.8"
CUST-8414,F,-5,West,14,Month-to-month,113.01,,,0,"$1,582.14"
CUST-8789,non-binary,47,North,27,One year,67.12,2.0,,0,"$1,812.24"
CUST-5039,Male,39,North,20,Month-to-month,37.92,,,0,$758.4
CUST-6813,non-binary,27,West,49,Month-to-month,20.62,,,0,"$1,010.38"
CUST-9659,M,80,West,32,One year,108.79,,,1,"$3,481.28"
CUST-8333,Male,31,West,28,2yr,107.83,2.0,,0,"$3,019.24"
CUST-9435,Male,80,North,26,Month-to-month,66.08,,74.92,0,"$1,718.08"
CUST-9256,non-binary,19,North,10,1yr,71.66,,,0,$716.6
CUST-4360,M,50,West,37,Two year,107.64,,,0,"$3,982.68"
CUST-4310,Male,59,West,20,One year,58.77,,15.59,1,"$1,175.4"
CUST-8491,F,61,North,60,Month-to-month,103.49,,40.39,0,"$6,209.4"
CUST-7443,F,53,South,29,One year,93.03,,,0,"$2,697.87"
CUST-6886,M,71,North,72,Month-to-month,87.58,3.0,76.81,0,"$6,305.76"
CUST-7850,F,30,West,42,One year,90.4,1.0,,0,"$3,796.8"
CUST-7691,non-binary,39,South,44,One year,36.88,,,0,"$1,622.72"
CUST-1710,M,51,West,37,Two year,116.05,,,1,"$4,293.85"
CUST-2284,F,67,North,60,Month-to-month,40.55,0.0,71.76,0,"$2,433.0"
CUST-8571,M,69,West,34,Two year,112.81,3.0,,0,"$3,835.54"
CUST-8910,non-binary,54,South,17,One year,101.62,,29.39,0,"$1,727.54"
CUST-9964,Female,54,South,6,Month-to-month,114.81,,55.94,1,$688.86
CUST-6767,Female,21,North,14,2yr,94.01,,,0,"$1,316.14"
CUST-1275,non-binary,32,South,72,One year,37.38,,92.52,0,"$2,691.36"
CUST-9427,Male,62,South,50,Month-to-month,53.22,1.0,,0,"$2,661.0"
CUST-3259,F,75,South,50,One year,110.75,,,0,"$5,537.5"
CUST-1498,F,-5,South,13,Two year,68.83,,,0,$894.79
CUST-9731,Female,32,South,32,One year,49.67,2.0,,0,"$1,589.44"
CUST-3380,Male,36,North,53,One year,66.97,,,0,"$3,549.41"
CUST-2289,F,65,North,2,Month-to-month,30.53,,,0,$61.06
CUST-2635,Male,35,East,59,Month-to-month,68.04,,68.44,0,"$4,014.36"
CUST-1740,non-binary,51,East,1,Month-to-month,45.03,,79.38,0,$45.03
CUST-10945,Male,48,East,11,Month-to-month,91.07,2.0,,0,"$1,001.77"
CUST-2546,Male,29,West,39,Two year,20.22,,,0,$788.58
CUST-3957,non-binary,68,West,49,One year,94.05,,,0,"$4,608.45"
CUST-4184,F,72,East,59,Month-to-month,72.25,,76.87,1,"$4,262.75"
CUST-10070,M,26,North,20,Month-to-month,74.53,5.0,26.99,1,"$1,490.6"
CUST-8496,non-binary,33,East,9,m2m,34.62,,,1,$311.58
CUST-7832,non-binary,54,South,15,2yr,119.17,,89.18,0,"$1,787.55"
CUST-5788,non-binary,43,North,38,Month-to-month,103.56,,,0,"$3,935.28"
CUST-2560,non-binary,25,North,71,Month-to-month,29.73,2.0,40.24,0,"$2,110.83"
CUST-7169,Female,32,North,56,One year,106.72,3.0,72.48,0,"$5,976.32"
CUST-9954,F,76,North,3,1yr,46.04,,14.23,0,$138.12
CUST-6633,F,52,West,48,Two year,116.95,3.0,,0,"$5,613.6"
CUST-4644,Male,48,West,11,Month-to-month,108.13,3.0,73.39,0,"$1,189.43"
CUST-2324,M,63,North,29,One year,113.26,0.0,76.89,0,"$3,284.54"
CUST-2148,F,49,East,32,One year,32.53,3.0,54.02,0,"$1,040.96"
CUST-9301,Male,67,East,26,One year,89.2,,94.05,0,"$2,319.2"
CUST-5573,non-binary,59,North,22,Month-to-month,46.62,,,1,"$1,025.64"
CUST-5516,M,29,South,57,m2m,31.42,,78.19,0,"$1,790.94"
CUST-9103,Male,44,West,18,One year,86.2,,,0,"$1,551.6"
CUST-3081,Female,35,East,10,2yr,50.18,,,0,$501.8
CUST-5695,Female,23,East,33,m2m,92.49,,,0,"$3,052.17"
CUST-5915,F,35,North,16,One year,39.09,3.0,,0,$625.44
CUST-3175,Male,78,North,9,Month-to-month,56.13,,,0,$505.17
CUST-10362,non-binary,48,North,23,One year,107.73,3.0,43.08,0,"$2,477.79"
CUST-3313,M,39,South,48,Two year,95.68,9.0,29.29,1,"$4,592.64"
CUST-5778,Female,73,North,13,One year,45.07,,,0,$585.91
CUST-8122,Male,62,North,18,One year,110.29,,94.02,0,"$1,985.22"
CUST-10350,F,52,West,54,One year,101.26,,,0,"$5,468.04"
CUST-7564,Female,71,North,34,Month-to-month,115.75,,58.19,0,"$3,935.5"
CUST-1096,F,52,West,40,Month-to-month,25.62,0.0,93.37,0,"$1,024.8"
CUST-2292,non-binary,27,West,54,Two year,87.26,,,0,"$4,712.04"
CUST-4468,F,50,South,2,Month-to-month,66.07,,13.940000000000001,1,$132.14
CUST-8489,M,37,West,70,Two year,97.45,0.0,,1,"$6,821.5"
CUST-5049,non-binary,35,West,58,Month-to-month,57.41,,,0,"$3,329.78"
CUST-3578,Male,54,South,66,Month-to-month,41.92,,54.83,0,"$2,766.72"
CUST-3131,Female,39,North,11,1yr,67.52,,,1,$742.72
CUST-8505,M,48,North,57,Two year,34.1,1.0,57.22,0,"$1,943.7"
CUST-1980,Male,22,West,20,2yr,33.51,,,0,$670.2
CUST-1537,Female,63,West,5,One year,105.25,2.0,,0,$526.25
CUST-10007,M,39,East,42,m2m,54.54,2.0,,0,"$2,290.68"
CUST-4720,M,22,West,55,Two year,103.82,2.0,79.46,0,"$5,710.1"
CUST-2278,Male,64,East,20,One year,70.25,0.0,,1,"$1,405.0"
CUST-9056,Female,40,South,0,Month-to-month,36.07,3.0,82.66,1,$0.0
CUST-4450,Male,40,North,15,One year,61.12,,13.66,0,$916.8
CUST-9128,non-binary,41,East,38,Two year,31.86,,,0,"$1,210.68"
CUST-6097,F,-5,North,67,One year,105.81,,36.56,0,"$7,089.27"
CUST-8403,Male,51,South,67,Month-to-month,83.49,,43.09,1,"$5,593.83"
CUST-2585,M,33,East,34,Two year,91.95,3.0,22.65,1,"$3,126.3"
CUST-10220,non-binary,41,North,36,Month-to-month,49.13,0.0,49.4,1,"$1,768.68"
CUST-7100,Female,62,South,66,m2m,96.14,0.0,92.11,1,"$6,345.24"
CUST-2701,F,48,North,56,Two year,88.11,,84.81,1,"$4,934.16"
CUST-5440,Male,24,West,43,One year,111.67,3.0,71.82,0,"$4,801.81"
CUST-2048,non-binary,55,West,8,1yr,54.27,2.0,80.88,0,$434.16
CUST-4888,F,79,North,67,m2m,112.05,,,0,"$7,507.35"
CUST-4372,F,47,West,39,Month-to-month,24.19,3.0,48.4,0,$943.41
CUST-8695,Female,43,North,49,Month-to-month,92.52,,12.89,0,"$4,533.48"
CUST-8932,M,39,South,58,One year,61.93,3.0,,0,"$3,591.94"
CUST-10273,F,74,South,42,One year,22.38,,,0,$939.96
CUST-4982,non-binary,50,South,18,Month-to-month,90.54,1.0,,1,"$1,629.72"
CUST-1197,M,43,North,29,2yr,118.64,3.0,78.37,0,"$3,440.56"
CUST-5268,Female,20,North,41,One year,109.99,3.0,16.14,0,"$4,509.59"
CUST-8329,Female,71,East,46,One year,119.35,0.0,,1,"$5,490.1"
CUST-7013,Male,22,South,31,Month-to-month,86.7,,,0,"$2,687.7"
CUST-2297,M,19,North,0,Month-to-month,72.51,0.0,57.56,0,$0.0
CUST-5981,F,66,West,71,2yr,90.69,,,0,"$6,438.99"
CUST-1823,F,72,East,33,m2m,75.4,,57.19,0,"$2,488.2"
CUST-10056,M,21,East,49,1yr,36.57,,,0,"$1,791.93"
CUST-5370,M,57,North,71,Two year,119.03,1.0,59.64,0,"$8,451.13"
CUST-7876,non-binary,62,East,1,Month-to-month,91.95,,45.52,1,$91.95
CUST-3815,Female,47,West,48,Month-to-month,59.35,1.0,,0,"$2,848.8"
CUST-7217,non-binary,54,South,13,Month-to-month,110.39,,,1,"$1,435.07"
CUST-9512,F,29,West,4,Month-to-month,101.13,,,1,$404.52
CUST-2435,Female,48,West,62,Two year,90.8,2.0,,0,"$5,629.6"
CUST-1609,Male,79,North,46,Month-to-month,25.77,3.0,,1,"$1,185.42"
CUST-1203,Male,80,South,56,Month-to-month,75.06,,,1,"$4,203.36"
CUST-3641,M,23,West,27,Two year,70.01,2.0,,0,"$1,890.27"
CUST-9358,M,32,East,25,Two year,41.83,,37.33,0,"$1,045.75"
CUST-5307,M,66,North,19,Month-to-month,67.95,,86.84,1,"$1,291.05"
CUST-5798,F,58,South,20,Two year,113.56,,54.3,0,"$2,271.2"
CUST-5476,Female,55,South,70,Month-to-month,56.65,,,0,"$3,965.5"
CUST-9423,Male,80,South,35,Month-to-month,48.02,2.0,,1,"$1,680.7"
CUST-7256,F,42,West,18,One year,24.77,,,0,$445.86
CUST-8031,non-binary,61,West,11,One year,50.75,,55.9,0,$558.25
CUST-5284,non-binary,79,West,28,Month-to-month,26.01,,,1,$728.28
CUST-7893,M,52,East,54,One year,83.41,0.0,67.44,0,"$4,504.14"
CUST-3401,non-binary,52,South,30,One year,67.73,,,0,"$2,031.9"
CUST-8421,non-binary,23,West,56,1yr,27.7,2.0,,0,"$1,551.2"
CUST-4708,non-binary,77,East,60,Month-to-month,22.19,,47.21,0,"$1,331.4"
CUST-1005,Male,52,South,69,One year,50.24,,,0,"$3,466.56"
CUST-10122,Male,37,East,1,m2m,58.42,,,1,$58.42
CUST-2173,M,36,North,34,One year,54.92,7.0,31.83,1,"$1,867.28"
CUST-8115,Male,45,South,2,Month-to-month,117.46,9.0,21.4,1,$234.92
CUST-4614,Female,79,West,13,Month-to-month,69.22,,84.99,0,$899.86
CUST-2480,non-binary,59,North,60,2yr,43.15,,,0,"$2,589.0"
CUST-3606,M,26,West,29,Month-to-month,97.31,3.0,61.12,1,"$2,821.99"
CUST-10605,F,55,North,59,1yr,41.62,1.0,39.34,1,"$2,455.58"
CUST-4140,non-binary,29,North,32,One year,26.49,0.0,90.98,0,$847.68
CUST-7872,non-binary,32,West,7,Month-to-month,68.96,0.0,80.54,1,$482.72
CUST-3012,Female,51,South,55,Two year,20.85,,40.61,0,"$1,146.75"
CUST-2323,M,75,North,18,Month-to-month,71.23,,,1,"$1,282.14"
CUST-1473,Female,73,South,55,One year,64.7,1.0,16.6,1,"$3,558.5"
CUST-7296,M,59,West,33,One year,64.58,,,0,"$2,131.14"
CUST-1730,F,69,South,61,One year,63.59,,,0,"$3,878.99"
CUST-5727,M,18,South,64,One year,90.74,,35.21,0,"$5,807.36"
CUST-4018,F,26,South,37,Month-to-month,39.45,,,1,"$1,459.65"
CUST-9432,non-binary,43,South,52,Two year,94.48,,64.65,1,"$4,912.96"
CUST-3018,Male,57,North,44,Month-to-month,43.03,1.0,,0,"$1,893.32"
CUST-1719,Male,58,West,44,One year,115.86,2.0,,1,"$5,097.84"
CUST-4473,Male,73,West,43,One year,41.34,,68.88,0,"$1,777.62"
CUST-6574,M,79,South,1,Two year,88.46,,,0,$88.46
CUST-1123,Female,42,West,53,One year,69.79,,96.56,1,"$3,698.87"
CUST-4801,Female,24,West,36,Two year,63.61,,,1,"$2,289.96"
CUST-5828,Female,59,North,11,Month-to-month,64.41,,14.46,0,$708.51
CUST-1523,non-binary,30,West,17,Month-to-month,73.11,6.0,12.04,1,"$1,242.87"
CUST-4719,M,76,South,68,m2m,118.92,,,1,"$8,086.56"
CUST-10076,non-binary,60,South,43,Month-to-month,89.33,,92.53,0,"$3,841.19"
CUST-4272,Male,39,West,14,Month-to-month,20.8,0.0,,0,$291.2
CUST-4469,M,79,North,70,One year,46.8,,51.42,1,"$3,276.0"
CUST-5199,Male,72,North,59,Month-to-month,80.29,,10.31,0,"$4,737.11"
CUST-3067,Female,57,South,66,1yr,64.03,,91.64,0,"$4,225.98"
CUST-4698,Female,250,East,29,Month-to-month,96.53,3.0,67.22,1,"$2,799.37"
CUST-10551,non-binary,67,South,48,Two year,37.11,,40.29,0,"$1,781.28"
CUST-2741,Female,60,North,43,Month-to-month,46.92,,,0,"$2,017.56"
CUST-4930,F,76,West,69,m2m,63.26,2.0,46.73,1,"$4,364.94"
CUST-7834,Female,67,West,34,Month-to-month,115.26,,,1,"$3,918.84"
CUST-7435,Male,37,North,36,Month-to-month,55.25,1.0,,1,"$1,989.0"
CUST-9946,M,30,East,28,Month-to-month,35.55,1.0,25.41,1,$995.4
CUST-10914,M,18,South,6,One year,51.75,2.0,,0,$310.5
CUST-4563,Male,35,West,6,One year,35.17,,90.11,0,$211.02
CUST-9608,non-binary,33,South,45,One year,99.25,2.0,65.38,0,"$4,466.25"
CUST-8017,M,-5,North,41,One year,35.56,10.0,17.87,1,"$1,457.96"
CUST-1397,Female,21,West,24,Two year,46.4,1.0,,0,"$1,113.6"
CUST-2014,Female,70,West,10,Month-to-month,29.05,,,1,$290.5
CUST-7784,non-binary,51,South,11,1yr,112.55,,75.21,0,"$1,238.05"
CUST-4539,Male,55,West,10,Two year,104.05,,,0,"$1,040.5"
CUST-8828,Male,61,West,56,Month-to-month,110.39,,87.23,1,"$6,181.84"
CUST-4823,M,73,North,57,One year,28.33,8.0,14.89,1,"$1,614.81"
CUST-7267,Female,67,West,53,Month-to-month,86.41,,,0,"$4,579.73"
CUST-7147,Male,58,West,35,Month-to-month,88.66,,,0,"$3,103.1"
CUST-6798,M,35,North,12,One year,103.33,,56.36,0,"$1,239.96"
CUST-4059,F,51,South,65,Two year,81.11,,17.45,1,"$5,272.15"
CUST-7819,Male,31,West,2,1yr,118.71,2.0,,0,$237.42
CUST-7688,F,31,South,1,One year,95.2,2.0,,1,$95.2
CUST-8991,Female,19,South,20,Two year,87.06,,,0,"$1,741.2"
CUST-10954,M,64,East,8,Month-to-month,28.54,0.0,72.9,0,$228.32
CUST-9947,non-binary,61,North,61,Month-to-month,34.58,1.0,47.32,1,"$2,109.38"
CUST-5859,Female,49,North,44,One year,83.69,0.0,62.03,0,"$3,682.36"
CUST-8602,Female,27,North,51,Month-to-month,112.54,3.0,,1,"$5,739.54"
CUST-7152,Male,21,North,33,m2m,85.74,1.0,79.18,1,"$2,829.42"
CUST-8871,Male,47,West,14,Month-to-month,89.56,3.0,,1,"$1,253.84"
CUST-1877,F,-5,East,39,Month-to-month,65.22,3.0,70.69,0,"$2,543.58"
CUST-1816,non-binary,24,West,64,Month-to-month,111.54,,,0,"$7,138.56"
CUST-8416,Female,46,West,69,Month-to-month,99.99,1.0,,1,"$6,899.31"
CUST-1546,M,58,North,50,Month-to-month,60.12,,86.31,0,"$3,006.0"
CUST-1349,non-binary,29,East,45,Month-to-month,117.27,,,0,"$5,277.15"
CUST-5759,non-binary,72,North,36,One year,119.8,,,1,"$4,312.8"
CUST-4086,Male,59,West,27,Month-to-month,42.48,,30.37,0,"$1,146.96"
CUST-5146,non-binary,18,West,2,Month-to-month,23.53,,,1,$47.06
CUST-3424,non-binary,47,South,14,Month-to-month,84.85,,,1,"$1,187.9"
CUST-4169,Female,46,South,26,1yr,117.47,3.0,,1,"$3,054.22"
CUST-7541,non-binary,19,South,19,Month-to-month,115.94,,,1,"$2,202.86"
CUST-2249,Female,48,West,58,One year,82.85,2.0,54.28,0,"$4,805.3"
CUST-5641,Male,75,North,46,Month-to-month,42.39,,73.89,1,"$1,949.94"
CUST-4151,Male,71,West,67,Two year,63.78,,46.76,0,"$4,273.26"
CUST-10511,M,-5,North,2,Month-to-month,35.16,7.0,4.66,1,$70.32
CUST-4331,F,63,East,70,Month-to-month,100.1,,,0,"$7,007.0"
CUST-2516,non-binary,71,North,1,One year,109.76,1.0,81.1,1,$109.76
CUST-2138,Male,55,North,4,Month-to-month,75.39,,0.0,1,$301.56
CUST-4231,M,54,North,32,Month-to-month,34.61,2.0,85.19,0,"$1,107.52"
CUST-10024,non-binary,37,South,41,m2m,112.31,0.0,45.27,1,"$4,604.71"
CUST-3696,M,34,North,19,m2m,37.42,,,1,$710.98
CUST-7240,M,37,West,50,One year,113.51,,,0,"$5,675.5"
CUST-9649,M,40,West,66,Two year,78.91,1.0,77.91,0,"$5,208.06"
CUST-3314,M,58,North,64,Month-to-month,97.84,,66.7,0,"$6,261.76"
CUST-8850,Female,48,East,21,2yr,62.44,,81.77,0,"$1,311.24"
CUST-8637,F,37,West,69,Two year,33.05,5.0,37.6,0,"$2,280.45"
CUST-8767,Female,25,West,33,Month-to-month,39.66,3.0,,1,"$1,308.78"
CUST-3511,M,19,West,40,One year,64.67,2.0,67.84,0,"$2,586.8"
CUST-4609,non-binary,67,West,5,One year,113.07,0.0,65.55,0,$565.35
CUST-3924,Male,27,North,59,One year,104.0,1.0,,0,"$6,136.0"
CUST-1374,F,59,North,58,One year,68.1,,,0,"$3,949.8"
CUST-10085,non-binary,45,West,45,Month-to-month,62.62,2.0,,1,"$2,817.9"
CUST-9283,Female,43,South,19,One year,55.62,,,0,"$1,056.78"
CUST-7953,M,24,East,41,Month-to-month,100.78,9.0,17.73,1,"$4,131.98"
CUST-5580,Male,29,West,7,One year,47.77,,17.7,1,$334.39
CUST-1036,non-binary,53,North,38,One year,81.2,2.0,,0,"$3,085.6"
CUST-9440,Female,57,East,1,Month-to-month,95.21,,0.0,1,$95.21
CUST-9587,non-binary,50,West,6,Month-to-month,25.45,,,0,$152.7
CUST-2506,non-binary,55,South,44,m2m,34.95,,28.13,1,"$1,537.8"
CUST-9674,Male,33,South,26,Month-to-month,86.39,2.0,,0,"$2,246.14"
CUST-8499,Female,43,North,5,m2m,45.43,,,1,$227.15
CUST-3988,non-binary,49,South,9,One year,51.05,3.0,,0,$459.45
CUST-5707,Male,69,West,63,Two year,115.32,,47.18,1,"$7,265.16"
CUST-2493,Female,22,West,57,Two year,58.43,,,0,"$3,330.51"
CUST-1706,non-binary,42,East,3,Month-to-month,24.26,,19.9,0,$72.78
CUST-7295,F,78,South,36,Two year,73.65,,95.2,0,"$2,651.4"
CUST-5334,Male,62,North,39,One year,54.66,,,0,"$2,131.74"
CUST-6642,non-binary,45,South,45,One year,31.0,,45.65,1,"$1,395.0"
CUST-1801,F,21,West,58,One year,117.54,,25.75,1,"$6,817.32"
CUST-3404,F,78,North,68,One year,23.54,2.0,,0,"$1,600.72"
CUST-10976,Male,73,South,13,Two year,111.0,3.0,,0,"$1,443.0"
CUST-10761,M,55,West,59,Month-to-month,52.0,,46.13,0,"$3,068.0"
CUST-1338,Female,52,North,21,Two year,70.91,,37.71,0,"$1,489.11"
CUST-3123,Female,39,West,52,Month-to-month,66.05,,,0,"$3,434.6"
CUST-4287,F,78,West,28,One year,58.46,,,0,"$1,636.88"
CUST-1459,Female,59,East,41,Month-to-month,27.72,1.0,,1,"$1,136.52"
CUST-3528,F,58,South,55,One year,37.81,,96.6,0,"$2,079.55"
CUST-6145,Male,51,North,21,Month-to-month,31.03,,,0,$651.63
CUST-5164,Male,53,South,11,Two year,30.63,9.0,19.41,1,$336.93
CUST-6430,Female,56,North,22,m2m,104.12,,86.09,1,"$2,290.64"
CUST-5138,non-binary,23,North,30,1yr,99.6,3.0,,0,"$2,988.0"
CUST-1736,M,58,West,68,Month-to-month,39.01,,36.28,1,"$2,652.68"
CUST-9571,Male,51,West,8,Month-to-month,77.09,,,1,$616.72
CUST-5126,F,42,West,10,Two year,81.52,,15.68,0,$815.2
CUST-7441,Male,44,East,28,One year,118.56,3.0,55.51,1,"$3,319.68"
CUST-7616,Female,30,South,60,One year,86.01,0.0,,0,"$5,160.6"
CUST-10142,Male,63,North,41,Two year,54.59,0.0,,0,"$2,238.19"
CUST-1795,non-binary,78,South,30,Two year,109.74,0.0,77.77,1,"$3,292.2"
CUST-8657,non-binary,78,North,61,Two year,89.24,,58.69,0,"$5,443.64"
CUST-4705,F,31,South,24,Month-to-month,77.55,3.0,21.08,1,"$1,861.2"
CUST-9961,M,24,North,52,Two year,86.69,0.0,85.73,0,"$4,507.88"
CUST-2596,Female,43,South,4,Two year,29.72,3.0,,0,$118.88
CUST-3830,Male,250,South,38,Two year,20.96,,18.02,0,$796.48
CUST-5185,M,73,South,68,1yr,86.87,,,0,"$5,907.16"
CUST-7119,non-binary,34,West,13,Two year,49.88,2.0,43.54,0,$648.44
CUST-9245,Male,250,North,34,Month-to-month,51.66,1.0,,1,"$1,756.44"
CUST-1693,F,20,North,70,Month-to-month,78.73,,96.16,0,"$5,511.1"
CUST-5914,Male,68,South,9,Month-to-month,91.27,,45.54,0,$821.43
CUST-4633,M,50,South,1,Month-to-month,74.23,1.0,83.65,0,$74.23
CUST-6156,Female,38,North,62,Two year,79.26,,91.1,0,"$4,914.12"
CUST-10423,Female,55,South,50,Month-to-month,95.0,,56.23,1,"$4,750.0"
CUST-1883,M,74,South,60,One year,33.62,3.0,76.03,1,"$2,017.2"
CUST-2848,Female,80,South,21,Month-to-month,96.09,2.0,56.76,0,"$2,017.89"
CUST-3968,F,46,South,71,Month-to-month,34.58,8.0,11.42,1,"$2,455.18"
CUST-8033,F,48,North,44,One year,117.53,,,1,"$5,171.32"
CUST-3109,M,76,East,0,One year,31.66,,54.7,1,$0.0
CUST-2057,Female,50,West,12,Month-to-month,60.66,,15.09,1,$727.92
CUST-2646,Female,65,East,30,One year,54.52,2.0,39.8,0,"$1,635.6"
CUST-7963,Female,64,West,46,Month-to-month,23.74,,,1,"$1,092.04"
CUST-9798,non-binary,36,North,63,Month-to-month,53.09,0.0,47.01,1,"$3,344.67"
CUST-5863,non-binary,31,East,28,Two year,20.33,2.0,,0,$569.24
CUST-4176,M,30,East,55,Month-to-month,49.72,,16.02,1,"$2,734.6"
CUST-4279,M,53,North,47,Two year,55.21,6.0,14.91,0,"$2,594.87"
CUST-6527,non-binary,-5,North,57,Two year,49.2,,,0,"$2,804.4"
CUST-8648,F,30,South,22,Month-to-month,28.32,1.0,36.27,1,$623.04
CUST-8703,Female,57,South,1,One year,74.42,1.0,55.849999999999994,0,$74.42
CUST-3763,M,49,West,58,Month-to-month,76.11,1.0,93.82,1,"$4,414.38"
CUST-1483,F,58,West,26,Month-to-month,103.6,3.0,,1,"$2,693.6"
CUST-2752,M,58,West,0,Month-to-month,31.2,3.0,35.6,0,$0.0
CUST-6041,M,33,West,5,Month-to-month,46.36,,7.859999999999999,0,$231.8
CUST-3170,M,44,West,4,Month-to-month,24.48,,33.16,0,$97.92
CUST-9468,Female,54,North,56,Month-to-month,35.74,,,0,"$2,001.44"
CUST-6867,Female,-5,South,48,Month-to-month,22.63,,,0,"$1,086.24"
CUST-6646,F,27,North,14,Two year,69.46,,,0,$972.44
CUST-3918,non-binary,37,West,22,Month-to-month,54.6,,,1,"$1,201.2"
CUST-7652,non-binary,37,South,32,Month-to-month,68.46,,94.61,0,"$2,190.72"
CUST-4905,F,31,South,56,One year,56.74,1.0,,0,"$3,177.44"
CUST-4757,Female,77,North,39,One year,99.89,0.0,14.25,1,"$3,895.71"
CUST-4776,Male,74,East,23,Two year,89.16,0.0,,0,"$2,050.68"
CUST-2255,Female,30,West,9,Month-to-month,74.02,3.0,,0,$666.18
CUST-10162,M,42,West,26,Two year,23.22,3.0,43.27,0,$603.72
CUST-4449,non-binary,26,West,4,Month-to-month,54.95,,28.78,1,$219.8
CUST-1867,M,71,North,43,Month-to-month,41.42,,,0,"$1,781.06"
CUST-5056,M,44,East,1,Month-to-month,49.65,1.0,73.11,1,$49.65
CUST-10393,Female,42,South,17,m2m,54.39,,93.57,1,$924.63
CUST-3840,M,26,North,19,Two year,110.73,,56.59,0,"$2,103.87"
CUST-8877,Female,53,South,50,Two year,99.61,,,0,"$4,980.5"
CUST-10184,non-binary,25,East,60,m2m,87.29,0.0,84.75,1,"$5,237.4"
CUST-4078,Male,22,North,1,1yr,30.82,3.0,,0,$30.82
CUST-7035,Male,21,West,8,One year,71.06,,53.72,0,$568.48
CUST-3798,Male,41,East,2,One year,48.39,3.0,67.43,0,$96.78
CUST-6670,F,46,North,22,Two year,89.43,0.0,98.27,0,"$1,967.46"
CUST-2543,M,40,East,14,One year,56.25,3.0,,0,$787.5
CUST-5925,Male,66,West,6,Two year,59.75,,,0,$358.5
CUST-7856,Male,59,West,58,Month-to-month,42.51,,,1,"$2,465.58"
CUST-8085,M,60,South,66,One year,85.42,,70.56,0,"$5,637.72"
CUST-5223,Male,36,North,52,Month-to-month,115.37,3.0,,1,"$5,999.24"
CUST-8138,Female,43,North,60,Month-to-month,116.07,2.0,,0,"$6,964.2"
CUST-7490,M,49,North,56,Month-to-month,23.46,,,0,"$1,313.76"
CUST-6782,Male,52,South,51,Two year,115.13,,,1,"$5,871.63"
CUST-7679,Male,39,South,64,Month-to-month,103.58,0.0,,1,"$6,629.12"
CUST-5644,non-binary,68,South,16,Month-to-month,108.83,0.0,,1,"$1,741.28"
CUST-3464,F,27,West,34,Two year,52.54,,92.41,0,"$1,786.36"
CUST-7107,Female,-5,North,21,Month-to-month,105.89,3.0,77.77,1,"$2,223.69"
CUST-5364,M,18,West,37,Month-to-month,39.66,2.0,30.53,1,"$1,467.42"
CUST-9756,F,36,West,5,Two year,74.24,,43.83,0,$371.2
CUST-7112,non-binary,34,North,35,One year,80.8,0.0,47.5,0,"$2,828.0"
CUST-1518,Female,44,North,69,One year,63.38,3.0,47.64,0,"$4,373.22"
CUST-2233,non-binary,37,North,63,m2m,52.85,3.0,94.28,0,"$3,329.55"
CUST-7799,Male,37,North,57,Month-to-month,74.41,3.0,,0,"$4,241.37"
CUST-8402,Female,42,North,67,Month-to-month,23.68,,19.6,0,"$1,586.56"
CUST-2439,M,70,West,20,1yr,113.62,2.0,43.85,0,"$2,272.4"
CUST-1074,Female,33,South,38,Two year,68.84,,92.65,0,"$2,615.92"
CUST-9566,M,62,South,43,Two year,94.35,1.0,85.45,0,"$4,057.05"
CUST-7241,F,20,East,72,2yr,90.9,3.0,81.28,0,"$6,544.8"
CUST-8405,Male,23,South,27,m2m,74.57,,26.08,1,"$2,013.39"
CUST-1504,M,28,North,35,2yr,66.37,,,0,"$2,322.95"
CUST-9869,Male,69,West,6,Month-to-month,109.81,,35.25,0,$658.86
CUST-7168,M,70,South,67,Month-to-month,102.43,3.0,49.86,1,"$6,862.81"
CUST-10153,M,39,South,24,1yr,62.4,,85.8,1,"$1,497.6"
CUST-9026,non-binary,250,North,1,Month-to-month,97.04,3.0,,1,$97.04
CUST-2950,Female,18,West,66,Month-to-month,57.03,0.0,,0,"$3,763.98"
CUST-4820,F,34,South,72,Two year,118.5,,,0,"$8,532.0"
CUST-8914,non-binary,49,North,61,Month-to-month,29.49,,66.27,1,"$1,798.89"
CUST-6143,Male,20,West,66,Two year,114.16,0.0,90.0,0,"$7,534.56"
CUST-6261,M,62,North,10,Month-to-month,68.49,,,1,$684.9
CUST-6645,M,41,North,30,Two year,56.7,1.0,,0,"$1,701.0"
CUST-2220,M,38,East,8,One year,20.29,0.0,15.02,0,$162.32
CUST-7368,Male,44,North,58,2yr,111.83,3.0,,1,"$6,486.14"
CUST-9260,Female,73,North,54,Two year,46.35,,,0,"$2,502.9"
CUST-3874,M,34,West,41,1yr,89.48,,,0,"$3,668.68"
CUST-4193,F,62,North,62,Month-to-month,33.4,0.0,74.93,1,"$2,070.8"
CUST-5169,M,62,South,33,Two year,119.46,,81.94,0,"$3,942.18"
CUST-9516,M,64,North,25,One year,44.88,,,1,"$1,122.0"
CUST-2282,M,48,South,5,One year,103.73,0.0,,0,$518.65
CUST-4051,Female,78,West,56,Month-to-month,62.35,2.0,,0,"$3,491.6"
CUST-1900,non-binary,59,South,69,One year,107.26,0.0,,0,"$7,400.94"
CUST-4567,F,70,East,63,Two year,58.85,,,0,"$3,707.55"
CUST-7732,Male,25,North,39,One year,61.78,,,0,"$2,409.42"
CUST-4155,Male,22,South,33,Two year,114.97,3.0,,1,"$3,794.01"
CUST-6011,M,76,West,51,Month-to-month,103.32,3.0,57.49,1,"$5,269.32"
CUST-5415,M,27,South,3,m2m,24.85,1.0,,0,$74.55
CUST-6262,non-binary,68,West,29,Month-to-month,68.03,1.0,95.63,1,"$1,972.87"
CUST-9860,M,43,South,0,Two year,66.49,,0.5399999999999991,0,$0.0
CUST-2575,Male,63,South,62,Month-to-month,22.01,3.0,83.77,0,"$1,364.62"
CUST-4991,Female,23,South,39,One year,72.27,,,0,"$2,818.53"
CUST-5432,M,23,South,1,1yr,117.52,2.0,61.31999999999999,0,$117.52
CUST-6876,M,75,West,3,Month-to-month,21.49,7.0,27.08,1,$64.47
CUST-9689,non-binary,38,West,34,Two year,40.55,3.0,11.24,0,"$1,378.7"
CUST-1619,Male,38,North,21,Month-to-month,117.69,0.0,,1,"$2,471.49"
CUST-7453,Male,35,South,50,m2m,113.72,2.0,,1,"$5,686.0"
CUST-5439,M,31,West,19,1yr,70.93,,,0,"$1,347.67"
CUST-4726,Female,36,West,8,One year,77.32,1.0,32.21,1,$618.56
CUST-8858,Female,44,West,63,Month-to-month,89.28,,95.86,0,"$5,624.64"
CUST-6838,M,33,South,11,One year,91.2,,60.13,0,"$1,003.2"
CUST-6211,Female,50,West,38,m2m,26.51,0.0,92.17,0,"$1,007.38"
CUST-10088,M,62,South,60,One year,57.96,3.0,,0,"$3,477.6"
CUST-3418,F,61,East,48,2yr,107.97,1.0,70.32,1,"$5,182.56"
CUST-6724,F,51,South,67,Two year,43.17,0.0,,0,"$2,892.39"
CUST-9888,F,61,West,17,Month-to-month,87.4,,,1,"$1,485.8"
CUST-4296,F,33,West,6,One year,28.76,,,0,$172.56
CUST-10682,Female,70,North,43,1yr,88.03,,11.78,1,"$3,785.29"
CUST-6297,non-binary,47,East,32,Two year,82.57,,,1,"$2,642.24"
CUST-6515,M,80,North,47,m2m,108.14,3.0,53.71,1,"$5,082.58"
CUST-3079,F,75,West,72,Two year,48.28,9.0,22.93,1,"$3,476.16"
CUST-3425,F,22,East,4,Month-to-month,45.22,0.0,,0,$180.88
CUST-1585,M,35,South,44,One year,85.46,1.0,99.1,0,"$3,760.24"
CUST-8963,Female,69,West,40,Month-to-month,104.84,,,1,"$4,193.6"
CUST-8515,F,26,South,37,Month-to-month,119.83,0.0,,0,"$4,433.71"
CUST-3078,M,-5,North,16,Month-to-month,28.43,,,0,$454.88
CUST-9356,non-binary,-5,East,6,m2m,44.55,,,1,$267.3
CUST-6294,M,58,West,17,Month-to-month,89.6,,24.53,1,"$1,523.2"
CUST-10632,M,67,South,17,One year,31.87,,19.17,0,$541.79
CUST-8937,non-binary,48,South,2,Month-to-month,41.09,0.0,,0,$82.18
CUST-10046,Female,49,North,40,Two year,91.04,,48.79,0,"$3,641.6"
CUST-7405,non-binary,52,South,63,m2m,101.96,1.0,,0,"$6,423.48"
CUST-3686,non-binary,32,South,19,Month-to-month,57.6,,87.79,0,"$1,094.4"
CUST-1796,F,18,West,13,m2m,20.42,2.0,71.92,1,$265.46
CUST-8270,F,39,North,8,One year,102.44,,29.74,1,$819.52
CUST-4906,Female,61,South,16,Month-to-month,66.67,4.0,37.64,1,"$1,066.72"
CUST-3204,F,47,East,32,One year,31.74,,,0,"$1,015.68"
CUST-7880,M,52,East,24,Month-to-month,34.4,,11.22,1,$825.6
CUST-10971,Female,48,East,8,Month-to-month,37.65,0.0,47.33,0,$301.2
CUST-8059,Male,59,West,68,Two year,101.18,,,0,"$6,880.24"
CUST-7306,Female,23,East,21,One year,114.12,3.0,77.69,1,"$2,396.52"
CUST-6626,F,37,West,70,2yr,98.54,2.0,,0,"$6,897.8"
CUST-2300,M,76,North,9,One year,71.82,,91.42,0,$646.38
CUST-9963,M,18,North,51,Month-to-month,82.47,1.0,67.53,1,"$4,205.97"
CUST-8132,non-binary,58,West,30,m2m,40.81,,17.85,1,"$1,224.3"
CUST-2017,M,75,North,1,1yr,22.99,0.0,50.540000000000006,0,$22.99
CUST-10256,non-binary,32,North,22,2yr,102.91,,,0,"$2,264.02"
CUST-4970,non-binary,25,North,62,Two year,67.05,8.0,38.27,1,"$4,157.1"
CUST-10426,Male,71,South,9,Two year,115.59,0.0,,0,"$1,040.31"
CUST-7328,F,73,West,16,One year,46.7,,96.24,0,$747.2
CUST-9504,non-binary,67,West,38,Month-to-month,84.52,,,1,"$3,211.76"
CUST-8375,Male,64,South,17,Month-to-month,81.16,,,0,"$1,379.72"
CUST-7171,F,51,West,4,Month-to-month,91.12,,,1,$364.48
CUST-3954,F,39,South,14,Month-to-month,71.03,,16.57,0,$994.42
CUST-8182,non-binary,64,North,12,Two year,35.32,0.0,45.8,0,$423.84
CUST-8663,Male,26,South,51,One year,76.84,,35.33,0,"$3,918.84"
CUST-6046,M,47,South,64,m2m,99.98,,60.76,1,"$6,398.72"
CUST-5676,M,59,North,68,Month-to-month,33.76,,,0,"$2,295.68"
CUST-1413,Female,26,East,60,Month-to-month,98.9,,,1,"$5,934.0"
CUST-10478,Female,21,East,29,Month-to-month,94.72,3.0,,1,"$2,746.88"
CUST-9042,Female,65,North,35,m2m,28.75,,35.18,0,"$1,006.25"
CUST-4467,Male,80,North,60,Month-to-month,32.4,,,0,"$1,944.0"
CUST-10027,F,22,South,20,Month-to-month,78.75,,81.32,0,"$1,575.0"
CUST-3801,Female,34,North,71,Month-to-month,87.05,,,0,"$6,180.55"
CUST-3680,non-binary,71,North,63,One year,99.29,1.0,,1,"$6,255.27"
CUST-3972,M,20,North,18,Month-to-month,40.34,1.0,22.19,1,$726.12
CUST-2562,M,70,West,70,Month-to-month,32.04,,,1,"$2,242.8"
CUST-7539,Female,24,East,46,One year,88.55,2.0,58.14,0,"$4,073.3"
CUST-7271,Male,75,East,49,One year,58.86,3.0,,0,"$2,884.14"
CUST-6917,F,-5,North,67,Month-to-month,111.47,1.0,,0,"$7,468.49"
CUST-4879,F,77,South,67,One year,64.96,,,0,"$4,352.32"
CUST-2409,Female,63,North,0,One year,80.98,,24.35,0,$0.0
CUST-1164,Female,250,South,21,Month-to-month,118.22,7.0,12.93,1,"$2,482.62"
CUST-8911,Male,67,North,49,Month-to-month,113.27,,,1,"$5,550.23"
CUST-9958,F,49,East,44,Month-to-month,20.58,,,0,$905.52
CUST-8616,Male,41,East,23,One year,50.97,3.0,,0,"$1,172.31"
CUST-8676,Male,31,North,28,m2m,55.61,,49.42,1,"$1,557.08"
CUST-1852,M,25,North,62,One year,102.45,,53.13,0,"$6,351.9"
CUST-5652,Male,48,West,38,Month-to-month,73.89,2.0,,1,"$2,807.82"
CUST-4056,F,67,East,30,m2m,79.17,6.0,13.28,1,"$2,375.1"
CUST-6348,Female,24,South,48,Month-to-month,79.2,,52.44,0,"$3,801.6"
CUST-10758,Male,250,West,58,One year,23.02,0.0,,0,"$1,335.16"
CUST-8506,F,30,North,63,Month-to-month,117.97,0.0,94.56,0,"$7,432.11"
CUST-8540,Male,31,South,14,One year,34.51,,,0,$483.14
CUST-2631,non-binary,24,North,24,1yr,50.11,0.0,78.66,0,"$1,202.64"
CUST-10809,M,28,North,30,Two year,67.34,,,0,"$2,020.2"
CUST-5100,non-binary,35,South,18,Month-to-month,71.83,,13.69,0,"$1,292.94"
CUST-9114,M,59,North,36,Month-to-month,86.2,,35.62,1,"$3,103.2"
CUST-5530,M,73,West,8,Month-to-month,40.46,0.0,,1,$323.68
CUST-4178,M,37,South,19,Month-to-month,36.74,,,1,$698.06
CUST-10298,Male,53,West,55,Two year,25.87,,85.77,0,"$1,422.85"
CUST-7033,F,48,West,29,Two year,81.23,0.0,,0,"$2,355.67"
CUST-10192,M,76,South,49,Month-to-month,69.68,3.0,,0,"$3,414.32"
CUST-2111,Male,73,East,5,Month-to-month,27.34,,76.5,1,$136.7
CUST-8046,Female,18,South,18,Month-to-month,52.2,,70.09,1,$939.6
CUST-5567,Male,24,East,17,Month-to-month,113.08,,,1,"$1,922.36"
CUST-4999,Female,22,South,37,One year,41.87,,,0,"$1,549.19"
CUST-6165,non-binary,28,North,49,m2m,77.94,0.0,,1,"$3,819.06"
CUST-4262,Female,57,West,47,Month-to-month,34.2,,,0,"$1,607.4"
CUST-9455,F,73,North,56,1yr,30.14,1.0,,0,"$1,687.84"
CUST-9645,F,19,North,24,Month-to-month,106.36,2.0,27.55,1,"$2,552.64"
CUST-9442,non-binary,44,South,52,Month-to-month,39.44,3.0,44.28,0,"$2,050.88"
CUST-3499,Male,36,North,34,Month-to-month,45.19,2.0,,0,"$1,536.46"
CUST-7008,Male,46,West,52,Month-to-month,80.64,,39.35,1,"$4,193.28"
CUST-7988,non-binary,70,South,66,One year,92.62,,28.34,0,"$6,112.92"
CUST-5059,Male,45,South,22,Month-to-month,40.89,,42.63,0,$899.58
CUST-3666,F,-5,South,32,Month-to-month,40.65,0.0,44.42,0,"$1,300.8"
CUST-10747,F,250,West,51,Month-to-month,74.14,,52.48,1,"$3,781.14"
CUST-10836,Female,18,West,40,Month-to-month,51.76,1.0,97.02,0,"$2,070.4"
CUST-5657,non-binary,56,East,38,Month-to-month,46.66,2.0,,0,"$1,773.08"
CUST-10247,Male,250,West,48,Two year,79.53,,,0,"$3,817.44"
CUST-4528,Male,48,South,14,Month-to-month,38.45,3.0,58.45,0,$538.3
CUST-2007,Male,38,West,4,Month-to-month,118.15,,,1,$472.6
CUST-5105,non-binary,64,South,33,Month-to-month,110.93,,,1,"$3,660.69"
CUST-6599,F,57,North,57,m2m,46.91,,,0,"$2,673.87"
CUST-1222,M,64,West,32,One year,30.07,,55.03,0,$962.24
CUST-5780,Female,44,South,0,One year,41.87,2.0,78.55,0,$0.0
CUST-6355,Male,51,South,14,m2m,44.08,6.0,19.59,1,$617.12
CUST-2153,F,18,South,51,Two year,112.43,1.0,,1,"$5,733.93"
CUST-2856,non-binary,51,West,43,Month-to-month,33.11,0.0,,0,"$1,423.73"
CUST-5423,Male,75,South,5,Two year,105.1,1.0,,0,$525.5
CUST-10371,non-binary,78,East,38,Month-to-month,49.69,,,1,"$1,888.22"
CUST-10206,Male,39,West,46,One year,42.5,1.0,,0,"$1,955.0"
CUST-9164,Male,23,South,34,One year,51.19,2.0,42.58,0,"$1,740.46"
CUST-8624,non-binary,34,West,45,Month-to-month,41.77,,67.82,0,"$1,879.65"
CUST-7972,non-binary,250,North,1,Month-to-month,52.4,2.0,,1,$52.4
CUST-7051,F,76,South,2,Month-to-month,61.43,0.0,,0,$122.86
CUST-10196,M,72,West,36,One year,32.23,0.0,33.36,0,"$1,160.28"
CUST-8842,F,64,South,50,Month-to-month,34.93,1.0,,0,"$1,746.5"
CUST-8713,Female,32,East,16,2yr,97.12,2.0,,1,"$1,553.92"
CUST-5539,Male,58,North,10,2yr,79.48,,72.41,0,$794.8
CUST-9368,M,48,North,10,Month-to-month,50.16,1.0,59.36,0,$501.6
CUST-3800,Male,41,South,37,Two year,47.42,3.0,50.83,1,"$1,754.54"
CUST-7163,F,59,North,65,Month-to-month,57.11,3.0,,0,"$3,712.15"
CUST-5362,M,19,West,58,One year,77.92,0.0,46.4,1,"$4,519.36"
CUST-3730,Female,49,North,63,Month-to-month,93.62,3.0,83.87,1,"$5,898.06"
CUST-6055,Male,24,South,27,m2m,111.96,3.0,,0,"$3,022.92"
CUST-9790,F,250,South,50,Month-to-month,88.69,,,1,"$4,434.5"
CUST-10734,F,23,South,25,Two year,34.6,0.0,69.47,1,$865.0
CUST-7631,F,43,North,3,Month-to-month,61.96,,37.42,0,$185.88
CUST-1381,M,63,West,45,Month-to-month,119.24,2.0,10.02,1,"$5,365.8"
CUST-6366,F,29,North,11,One year,104.81,,99.54,0,"$1,152.91"
CUST-5522,M,63,East,69,One year,46.58,3.0,68.15,0,"$3,214.02"
CUST-7842,M,76,South,35,m2m,99.63,2.0,69.57,1,"$3,487.05"
CUST-3619,M,76,West,20,Two year,25.62,1.0,,0,$512.4
CUST-6960,Female,40,South,29,One year,108.77,8.0,29.46,0,"$3,154.33"
CUST-1054,Female,67,West,31,2yr,36.31,,,0,"$1,125.61"
CUST-10767,non-binary,78,North,72,One year,23.24,1.0,76.47,0,"$1,673.28"
CUST-8479,F,37,West,71,One year,65.42,,,1,"$4,644.82"
CUST-4998,M,32,East,61,Two year,42.53,,81.01,0,"$2,594.33"
CUST-5690,Female,20,East,63,Month-to-month,23.44,1.0,,1,"$1,476.72"
CUST-5384,Female,44,West,72,Month-to-month,107.64,,,0,"$7,750.08"
CUST-3675,Female,43,North,71,Month-to-month,53.34,,50.59,1,"$3,787.14"
CUST-9291,Male,79,West,59,One year,36.96,,,1,"$2,180.64"
CUST-5757,Female,24,West,7,One year,42.13,,58.55,0,$294.91
CUST-2664,M,21,West,36,m2m,80.27,,60.52,1,"$2,889.72"
CUST-3272,non-binary,26,South,25,Month-to-month,40.5,3.0,,1,"$1,012.5"
CUST-4371,M,69,South,38,2yr,86.28,0.0,,0,"$3,278.64"
CUST-6869,Male,41,East,45,Month-to-month,73.51,,43.22,1,"$3,307.95"
CUST-1129,M,250,South,43,One year,82.26,3.0,,0,"$3,537.18"
CUST-9405,non-binary,36,North,47,Two year,70.33,1.0,75.78,0,"$3,305.51"
CUST-8179,F,55,South,10,Month-to-month,29.66,,97.28,0,$296.6
CUST-7201,Male,59,North,42,One year,68.12,1.0,,0,"$2,861.04"
CUST-7591,non-binary,62,West,8,Month-to-month,118.58,,,1,$948.64
CUST-6024,M,36,West,54,2yr,32.82,,,0,"$1,772.28"
CUST-3557,Male,55,East,67,Month-to-month,62.69,,70.62,0,"$4,200.23"
CUST-2756,F,37,West,26,Month-to-month,84.08,,,0,"$2,186.08"
CUST-1902,M,-5,West,48,Two year,104.78,,,1,"$5,029.44"
CUST-3892,non-binary,74,North,35,2yr,32.8,3.0,45.99,0,"$1,148.0"
CUST-9343,Male,31,West,54,Month-to-month,49.37,0.0,,1,"$2,665.98"
CUST-2299,Male,18,North,0,One year,50.28,,,1,$0.0
CUST-5632,Male,24,North,60,Two year,85.9,,,0,"$5,154.0"
CUST-7487,M,61,North,42,One year,66.51,4.0,39.93,0,"$2,793.42"
CUST-2105,Male,72,West,57,m2m,85.17,3.0,,1,"$4,854.69"
CUST-6346,non-binary,54,South,45,Month-to-month,57.06,2.0,,1,"$2,567.7"
CUST-2125,Female,65,South,4,Two year,84.57,,,0,$338.28
CUST-2659,F,33,South,57,Two year,85.78,,,0,"$4,889.46"
CUST-3386,F,18,North,0,1yr,119.8,3.0,,0,$0.0
CUST-8785,F,-5,West,47,1yr,57.75,0.0,10.67,0,"$2,714.25"
CUST-1390,non-binary,69,West,72,Month-to-month,102.09,,,0,"$7,350.48"
CUST-1075,Female,38,North,56,Month-to-month,118.99,3.0,,1,"$6,663.44"
CUST-7142,non-binary,42,North,50,1yr,40.06,3.0,69.06,0,"$2,003.0"
CUST-6980,Male,51,East,41,1yr,35.3,1.0,,0,"$1,447.3"
CUST-7390,M,65,North,0,m2m,79.4,2.0,,0,$0.0
CUST-2393,F,44,West,42,Month-to-month,39.46,,82.42,1,"$1,657.32"
CUST-1229,M,73,South,66,m2m,31.8,,32.21,1,"$2,098.8"
CUST-2754,Male,38,North,9,One year,78.11,2.0,72.8,0,$702.99
CUST-9123,Female,23,North,24,One year,43.23,3.0,,1,"$1,037.52"
CUST-9836,non-binary,67,North,64,m2m,111.81,,74.17,0,"$7,155.84"
CUST-7238,Female,53,North,62,One year,108.46,0.0,,0,"$6,724.52"
CUST-10907,non-binary,63,North,48,One year,63.49,,,0,"$3,047.52"
CUST-7122,Female,-5,North,18,1yr,111.54,,14.11,0,"$2,007.72"
CUST-9982,Female,250,South,53,2yr,24.89,,34.01,0,"$1,319.17"
CUST-6494,Male,33,North,23,1yr,70.9,,37.37,0,"$1,630.7"
CUST-8035,F,38,North,56,Month-to-month,117.36,,66.94,1,"$6,572.16"
CUST-3502,Male,60,West,44,Month-to-month,56.28,2.0,,0,"$2,476.32"
CUST-2992,non-binary,20,West,28,2yr,97.51,0.0,,1,"$2,730.28"
CUST-1330,Male,-5,South,54,m2m,99.23,,47.89,1,"$5,358.42"
CUST-8471,Female,30,North,67,One year,85.6,,,1,"$5,735.2"
CUST-9461,F,60,West,66,One year,76.64,,,0,"$5,058.24"
CUST-10606,non-binary,67,South,33,Month-to-month,81.93,,62.57,1,"$2,703.69"
CUST-9425,non-binary,32,South,43,Two year,111.99,,91.83,1,"$4,815.57"
CUST-2348,non-binary,61,North,57,Two year,111.17,2.0,59.56,0,"$6,336.69"
CUST-8773,non-binary,68,South,10,One year,61.64,0.0,,0,$616.4
CUST-9437,F,73,East,24,Month-to-month,107.71,0.0,35.07,1,"$2,585.04"
CUST-4721,Female,250,South,46,Month-to-month,40.2,3.0,,1,"$1,849.2"
CUST-4839,Male,75,East,57,One year,55.58,0.0,,0,"$3,168.06"
CUST-1583,F,78,North,29,2yr,79.15,,60.92,0,"$2,295.35"
CUST-1133,Male,31,East,69,Month-to-month,97.74,,91.98,0,"$6,744.06"
CUST-5548,Male,63,East,47,1yr,76.18,,,1,"$3,580.46"
CUST-4093,F,49,East,4,Month-to-month,108.04,,57.89,1,$432.16
CUST-2572,F,59,South,18,m2m,79.46,,58.44,1,"$1,430.28"
CUST-7902,M,49,North,13,One year,51.43,,,0,$668.59
CUST-2884,F,71,South,41,Two year,57.84,,76.73,0,"$2,371.44"
CUST-4100,non-binary,23,South,5,One year,67.44,0.0,35.06,0,$337.2
CUST-6878,Female,42,North,26,Month-to-month,72.94,,,0,"$1,896.44"
CUST-6685,Male,28,East,57,Month-to-month,31.74,0.0,56.2,1,"$1,809.18"
CUST-7987,Female,46,South,66,Month-to-month,52.03,,50.47,1,"$3,433.98"
CUST-1246,M,19,East,9,Two year,36.02,0.0,71.25,0,$324.18
CUST-4337,non-binary,67,North,38,m2m,117.16,1.0,,1,"$4,452.08"
CUST-2706,F,44,North,35,Month-to-month,84.36,,69.76,0,"$2,952.6"
CUST-7025,non-binary,33,West,8,Month-to-month,81.88,1.0,,0,$655.04
CUST-5658,Female,31,West,48,1yr,101.43,8.0,34.13,1,"$4,868.64"
CUST-4622,non-binary,36,East,22,Two year,71.46,,,0,"$1,572.12"
CUST-7864,non-binary,38,North,43,Two year,63.48,1.0,,0,"$2,729.64"
CUST-7612,non-binary,29,South,25,One year,98.54,3.0,,0,"$2,463.5"
CUST-8197,non-binary,67,West,43,1yr,37.15,1.0,,1,"$1,597.45"
CUST-4179,M,250,East,67,Month-to-month,116.56,,97.98,0,"$7,809.52"
CUST-3256,F,77,West,62,One year,75.56,,,0,"$4,684.72"
CUST-2541,Male,67,East,4,Two year,72.99,3.0,80.13,0,$291.96
CUST-8268,F,57,North,63,m2m,79.05,,53.2,0,"$4,980.15"
CUST-5964,non-binary,79,South,18,Month-to-month,94.16,0.0,,0,"$1,694.88"
CUST-9599,non-binary,40,South,70,Month-to-month,85.05,,55.97,0,"$5,953.5"
CUST-3261,Female,-5,South,42,m2m,95.98,2.0,33.48,1,"$4,031.16"
CUST-7236,non-binary,21,South,1,Month-to-month,24.62,3.0,70.49,0,$24.62
CUST-10554,F,80,North,27,One year,93.85,0.0,10.86,1,"$2,533.95"
CUST-5081,Male,-5,North,9,One year,96.87,5.0,17.61,1,$871.83
CUST-2770,F,50,East,16,Two year,66.94,7.0,32.67,0,"$1,071.04"
CUST-4657,M,76,South,46,Month-to-month,114.54,1.0,,1,"$5,268.84"
CUST-4639,non-binary,42,East,4,Month-to-month,68.9,,84.42,1,$275.6
CUST-1744,M,62,East,72,One year,107.18,0.0,,1,"$7,716.96"
CUST-5473,M,38,West,8,Month-to-month,74.93,3.0,81.27,0,$599.44
CUST-6483,M,71,North,15,Month-to-month,58.13,,,0,$871.95
CUST-3029,Female,70,West,55,One year,35.55,,,0,"$1,955.25"
CUST-9714,Female,35,West,1,1yr,56.24,,,0,$56.24
CUST-1474,Male,41,South,64,Two year,45.58,9.0,10.11,0,"$2,917.12"
CUST-7411,F,38,South,16,Month-to-month,113.38,1.0,,0,"$1,814.08"
CUST-10034,F,34,South,33,Month-to-month,105.38,1.0,,0,"$3,477.54"
CUST-1770,F,40,South,67,m2m,63.4,,75.4,0,"$4,247.8"
CUST-2876,Female,32,South,35,One year,52.14,3.0,,0,"$1,824.9"
CUST-2620,Male,80,East,9,Two year,63.72,3.0,,0,$573.48
CUST-6047,M,38,North,65,Two year,34.61,,48.85,0,"$2,249.65"
CUST-4984,Male,-5,North,30,One year,25.88,3.0,,0,$776.4
CUST-10022,F,18,East,49,Month-to-month,21.55,3.0,,1,"$1,055.95"
CUST-3849,Female,71,West,39,One year,33.26,,,0,"$1,297.14"
CUST-10483,Female,18,North,69,One year,22.29,0.0,,0,"$1,538.01"
CUST-3909,Male,69,South,45,Month-to-month,107.63,,,1,"$4,843.35"
CUST-4692,Male,52,South,13,One year,26.32,,,0,$342.16
CUST-8633,F,21,East,58,Two year,97.13,,,0,"$5,633.54"
CUST-9530,M,57,South,38,Month-to-month,102.88,0.0,22.92,1,"$3,909.44"
CUST-4071,Female,66,East,4,Month-to-month,106.85,,,0,$427.4
CUST-10174,non-binary,50,North,56,Month-to-month,89.95,,,0,"$5,037.2"
CUST-6500,Male,49,North,28,1yr,86.76,,,0,"$2,429.28"
CUST-7761,Female,55,South,21,m2m,37.7,3.0,,0,$791.7
CUST-4728,Female,69,North,32,Month-to-month,85.38,0.0,98.41,1,"$2,732.16"
CUST-9116,Male,43,West,39,Month-to-month,83.83,4.0,33.13,0,"$3,269.37"
CUST-6352,Female,69,South,56,Month-to-month,29.63,6.0,15.93,1,"$1,659.28"
CUST-1848,non-binary,250,North,55,Two year,72.85,0.0,,0,"$4,006.75"
CUST-7500,Male,18,North,33,Two year,87.24,,,0,"$2,878.92"
CUST-10119,M,18,East,70,Month-to-month,80.11,,,0,"$5,607.7"
CUST-2163,non-binary,79,North,56,Two year,92.25,,96.95,0,"$5,166.0"
CUST-9144,non-binary,74,West,65,One year,57.2,,,0,"$3,718.0"
CUST-1024,F,63,East,9,One year,50.44,,95.01,0,$453.96
CUST-3871,non-binary,72,East,26,Month-to-month,113.14,0.0,,1,"$2,941.64"
CUST-7110,non-binary,46,North,35,One year,50.41,7.0,33.06,0,"$1,764.35"
CUST-4297,M,41,East,37,m2m,31.77,0.0,,1,"$1,175.49"
CUST-7512,Female,54,North,62,Month-to-month,101.59,,98.44,0,"$6,298.58"
CUST-8005,Female,67,North,4,1yr,37.16,,12.21,0,$148.64
CUST-10847,F,18,North,36,One year,70.11,,17.49,0,"$2,523.96"
CUST-9786,F,60,North,71,Month-to-month,37.81,0.0,,1,"$2,684.51"
CUST-4352,M,73,North,4,Month-to-month,48.99,,81.58,0,$195.96
CUST-6227,Male,18,West,26,One year,55.43,8.0,19.53,0,"$1,441.18"
CUST-5668,F,75,North,5,Two year,34.4,,78.12,1,$172.0
CUST-7149,M,-5,West,67,One year,77.71,0.0,56.68,0,"$5,206.57"
CUST-1511,Female,41,South,46,Two year,95.9,3.0,43.86,0,"$4,411.4"
CUST-8022,F,31,East,4,Two year,73.91,,30.619999999999997,0,$295.64
CUST-2310,M,62,North,20,One year,97.64,,37.18,0,"$1,952.8"
CUST-6133,non-binary,64,North,7,Two year,36.57,0.0,,0,$255.99
CUST-6193,F,33,North,44,Month-to-month,116.76,4.0,22.66,1,"$5,137.44"
CUST-5619,Female,59,North,40,One year,22.84,2.0,,0,$913.6
CUST-9849,non-binary,46,North,36,m2m,38.27,0.0,49.46,0,"$1,377.72"
CUST-3959,Male,20,North,44,Month-to-month,100.2,10.0,37.93,1,"$4,408.8"
CUST-2626,F,18,West,34,Month-to-month,78.3,,,1,"$2,662.2"
CUST-9371,F,25,South,9,One year,110.1,,68.92,0,$990.9
CUST-6135,F,38,West,44,Two year,82.52,0.0,,0,"$3,630.88"
CUST-5051,F,18,North,16,One year,25.68,,,0,$410.88
CUST-4915,F,57,South,61,Month-to-month,112.01,,37.18,0,"$6,832.61"
CUST-4607,F,32,South,58,Two year,105.99,3.0,,0,"$6,147.42"
CUST-2697,Female,46,North,64,Two year,48.99,10.0,17.65,1,"$3,135.36"
CUST-4159,non-binary,29,East,10,m2m,111.9,,,0,"$1,119.0"
CUST-2307,M,48,West,54,One year,20.74,3.0,,0,"$1,119.96"
CUST-3365,Male,66,West,11,Month-to-month,101.45,,,1,"$1,115.95"
CUST-5946,Male,70,South,54,Month-to-month,74.97,,,0,"$4,048.38"
CUST-4324,M,72,West,40,One year,86.44,0.0,,1,"$3,457.6"
CUST-5806,M,39,East,10,Two year,28.8,,41.12,1,$288.0
CUST-2822,M,59,South,5,Two year,93.26,0.0,,0,$466.3
CUST-3698,Male,29,East,67,Month-to-month,64.01,0.0,47.02,0,"$4,288.67"
CUST-7778,non-binary,58,North,42,m2m,98.97,1.0,56.64,0,"$4,156.74"
CUST-5996,non-binary,42,East,29,One year,22.26,,,0,$645.54
CUST-3714,F,23,South,33,One year,46.96,,49.4,0,"$1,549.68"
CUST-3504,F,47,East,26,2yr,51.81,2.0,85.65,0,"$1,347.06"
CUST-10230,non-binary,62,West,58,Month-to-month,117.66,,,0,"$6,824.28"
CUST-2883,M,23,West,24,Month-to-month,69.57,0.0,,0,"$1,669.68"
CUST-9396,F,59,South,67,Month-to-month,65.7,0.0,67.11,1,"$4,401.9"
CUST-6372,non-binary,42,North,26,1yr,101.5,0.0,,0,"$2,639.0"
CUST-7491,Male,40,South,39,Two year,60.57,,,0,"$2,362.23"
CUST-7999,non-binary,62,East,34,One year,106.37,1.0,,0,"$3,616.58"
CUST-2127,F,40,North,49,Month-to-month,28.56,,,0,"$1,399.44"
CUST-4722,Male,70,East,57,m2m,54.5,2.0,70.38,0,"$3,106.5"
CUST-1533,Female,44,West,22,One year,80.85,,65.97,0,"$1,778.7"
CUST-8454,F,54,South,61,Two year,118.21,,,0,"$7,210.81"
CUST-9582,non-binary,250,North,47,Two year,22.68,,,0,"$1,065.96"
CUST-1314,F,26,North,22,1yr,32.74,3.0,,0,$720.28
CUST-7319,M,76,West,69,One year,104.71,,,0,"$7,224.99"
CUST-2034,Male,30,North,31,Month-to-month,109.86,1.0,,0,"$3,405.66"
CUST-2785,non-binary,75,East,46,One year,25.14,2.0,43.86,0,"$1,156.44"
CUST-10324,M,24,North,10,Month-to-month,81.95,,,0,$819.5
CUST-1247,M,56,West,66,Two year,97.67,2.0,,0,"$6,446.22"
CUST-1732,M,67,South,48,1yr,99.42,0.0,,0,"$4,772.16"
CUST-6339,M,68,West,60,Two year,112.74,,62.17,0,"$6,764.4"
CUST-10382,F,29,East,29,Month-to-month,61.29,1.0,,0,"$1,777.41"
CUST-10964,non-binary,49,East,0,Month-to-month,32.38,3.0,80.91,1,$0.0
CUST-2242,Male,52,West,26,One year,101.19,,88.12,0,"$2,630.94"
CUST-4122,M,63,North,50,Month-to-month,66.57,3.0,82.85,0,"$3,328.5"
CUST-8467,Male,54,North,56,1yr,113.28,,,1,"$6,343.68"
CUST-8912,non-binary,49,West,59,One year,65.77,,,0,"$3,880.43"
CUST-2270,F,46,West,47,One year,97.44,0.0,,0,"$4,579.68"
CUST-2718,Female,70,West,8,Two year,98.21,,82.12,1,$785.68
CUST-2446,non-binary,68,South,43,One year,106.3,,16.46,1,"$4,570.9"
CUST-5053,Male,72,South,8,Month-to-month,100.5,,45.58,0,$804.0
CUST-3832,non-binary,27,South,19,Month-to-month,40.27,2.0,41.51,1,$765.13
CUST-1549,F,46,North,51,One year,57.26,1.0,57.65,0,"$2,920.26"
CUST-6222,F,33,South,69,One year,68.48,,,0,"$4,725.12"
CUST-6462,F,71,South,71,2yr,71.76,3.0,11.7,0,"$5,094.96"
CUST-1035,Female,20,North,36,Month-to-month,37.82,,96.52,1,"$1,361.52"
CUST-9102,F,69,South,46,Month-to-month,48.64,0.0,17.05,1,"$2,237.44"
CUST-8854,F,22,North,45,Month-to-month,45.46,1.0,,0,"$2,045.7"
CUST-5578,M,19,West,56,2yr,101.3,,79.55,0,"$5,672.8"
CUST-5393,Female,54,West,30,One year,91.89,2.0,,0,"$2,756.7"
CUST-6820,Male,61,West,29,1yr,117.35,3.0,,1,"$3,403.15"
CUST-7302,Male,56,North,55,Month-to-month,52.17,3.0,60.96,1,"$2,869.35"
CUST-3155,non-binary,39,North,63,Two year,76.31,,,0,"$4,807.53"
CUST-4055,F,69,South,20,Month-to-month,67.51,3.0,,0,"$1,350.2"
CUST-10557,non-binary,51,South,8,Two year,103.68,10.0,26.85,1,$829.44
CUST-6778,Female,46,South,63,One year,34.97,10.0,31.82,1,"$2,203.11"
CUST-3797,F,66,West,59,Two year,74.42,,,0,"$4,390.78"
CUST-7038,non-binary,75,East,2,Month-to-month,61.59,,30.07,1,$123.18
CUST-10011,M,79,West,16,One year,28.27,,,0,$452.32
CUST-1724,non-binary,61,West,51,Two year,82.4,,37.63,1,"$4,202.4"
CUST-8457,F,31,West,9,Month-to-month,102.27,3.0,,1,$920.43
CUST-10696,non-binary,-5,South,49,One year,42.54,6.0,14.19,0,"$2,084.46"
CUST-1218,M,20,North,31,One year,88.0,,,0,"$2,728.0"
CUST-9971,Male,70,West,71,One year,53.0,,86.86,0,"$3,763.0"
CUST-9612,Male,75,North,10,Month-to-month,105.56,1.0,,0,"$1,055.6"
CUST-2844,M,45,West,53,Month-to-month,80.54,,46.05,1,"$4,268.62"
CUST-7797,M,78,West,72,1yr,114.62,,,0,"$8,252.64"
CUST-2627,Male,57,South,35,m2m,34.34,,22.97,1,"$1,201.9"
CUST-4446,non-binary,49,South,62,m2m,61.71,,63.41,0,"$3,826.02"
CUST-9089,F,39,North,17,One year,24.52,,41.32,0,$416.84
CUST-10113,F,66,West,9,Month-to-month,54.33,,,0,$488.97
CUST-6090,M,65,East,47,Month-to-month,86.55,4.0,15.57,1,"$4,067.85"
CUST-1480,Female,39,South,48,Month-to-month,60.4,,98.5,0,"$2,899.2"
CUST-1319,Male,66,South,46,Month-to-month,40.54,,,1,"$1,864.84"
CUST-7785,non-binary,33,West,27,Month-to-month,54.68,,55.28,1,"$1,476.36"
CUST-9204,Male,18,South,17,2yr,64.77,,,1,"$1,101.09"
CUST-3153,F,52,North,22,Two year,118.54,,,0,"$2,607.88"
CUST-7085,Male,28,North,68,One year,70.47,2.0,40.06,0,"$4,791.96"
CUST-8430,F,58,South,23,Month-to-month,43.31,3.0,,0,$996.13
CUST-7752,non-binary,62,South,53,Month-to-month,89.53,3.0,,0,"$4,745.09"
CUST-8839,Male,30,North,53,2yr,78.77,2.0,,0,"$4,174.81"
CUST-4583,non-binary,250,South,53,Month-to-month,51.78,3.0,,0,"$2,744.34"
CUST-3307,M,62,North,52,Month-to-month,48.84,,,0,"$2,539.68"
CUST-6967,M,55,East,10,Month-to-month,83.0,,,1,$830.0
CUST-6805,Male,39,West,14,Month-to-month,94.75,,12.26,1,"$1,326.5"
CUST-4696,F,-5,North,0,m2m,112.44,,42.39,0,$0.0
CUST-8833,F,40,West,55,2yr,38.55,,,0,"$2,120.25"
CUST-7095,F,250,North,33,Month-to-month,25.75,10.0,16.03,1,$849.75
CUST-2796,non-binary,66,North,5,m2m,105.14,,,1,$525.7
CUST-7027,Female,56,South,4,One year,88.02,0.0,,0,$352.08
CUST-10975,Male,62,North,21,Two year,101.81,,96.15,0,"$2,138.01"
CUST-6201,Female,35,West,3,Two year,66.83,3.0,70.38,0,$200.49
CUST-5309,non-binary,23,East,48,1yr,61.18,3.0,10.51,0,"$2,936.64"
CUST-1678,F,-5,South,29,One year,78.09,,,0,"$2,264.61"
CUST-10079,Female,56,North,51,One year,82.59,3.0,,0,"$4,212.09"
CUST-7552,non-binary,72,East,65,One year,42.63,0.0,89.15,0,"$2,770.95"
CUST-7597,F,39,East,25,Month-to-month,61.29,,,0,"$1,532.25"
CUST-4029,non-binary,80,West,63,Month-to-month,91.47,7.0,38.1,1,"$5,762.61"
CUST-5173,Male,55,West,72,One year,43.3,,48.79,0,"$3,117.6"
CUST-5365,Male,33,North,36,Month-to-month,54.71,,,1,"$1,969.56"
CUST-3807,Male,52,South,33,Month-to-month,36.42,,,0,"$1,201.86"
CUST-6871,Male,32,North,41,m2m,33.88,3.0,,1,"$1,389.08"
CUST-4121,Male,31,West,59,Two year,68.52,0.0,81.96,0,"$4,042.68"
CUST-3097,non-binary,75,West,49,Month-to-month,72.36,,,1,"$3,545.64"
CUST-4979,F,29,West,69,Month-to-month,26.46,,,0,"$1,825.74"
CUST-5551,Female,59,East,51,Month-to-month,64.16,0.0,,0,"$3,272.16"
CUST-4526,non-binary,40,East,64,m2m,98.72,,,0,"$6,318.08"
CUST-9028,M,69,West,46,Month-to-month,35.23,1.0,,1,"$1,620.58"
CUST-4706,non-binary,25,West,51,Two year,50.37,,,0,"$2,568.87"
CUST-6013,Male,74,South,51,One year,59.87,3.0,,0,"$3,053.37"
CUST-3829,non-binary,37,West,60,m2m,21.98,2.0,75.07,1,"$1,318.8"
CUST-10787,non-binary,-5,East,72,Month-to-month,35.51,,34.84,1,"$2,556.72"
CUST-6743,F,62,West,33,Month-to-month,63.08,,,1,"$2,081.64"
CUST-4438,Male,45,North,38,One year,90.95,,,0,"$3,456.1"
CUST-5139,M,63,West,4,2yr,99.16,2.0,46.91,1,$396.64
CUST-10293,non-binary,36,South,47,Month-to-month,48.44,,68.96,0,"$2,276.68"
CUST-4496,F,39,East,8,Month-to-month,103.4,,91.34,1,$827.2
CUST-4652,non-binary,57,North,1,Month-to-month,20.19,,,1,$20.19
CUST-3505,Male,52,West,3,Month-to-month,108.3,1.0,,0,$324.9
CUST-6977,Male,43,West,51,Two year,55.39,2.0,71.14,0,"$2,824.89"
CUST-7402,M,56,West,45,One year,104.22,0.0,82.28,0,"$4,689.9"
CUST-8797,Male,51,South,31,One year,49.97,2.0,43.13,0,"$1,549.07"
CUST-1362,M,25,North,42,Month-to-month,106.27,1.0,,1,"$4,463.34"
CUST-5003,Female,70,South,61,One year,69.57,,,0,"$4,243.77"
CUST-3280,M,33,East,39,m2m,32.81,,70.7,0,"$1,279.59"
CUST-4410,non-binary,21,North,27,Two year,35.17,,,0,$949.59
CUST-10689,M,38,South,29,1yr,105.09,5.0,22.1,1,"$3,047.61"
CUST-1196,Female,43,West,12,Month-to-month,87.34,,30.72,1,"$1,048.08"
CUST-8447,Male,58,West,17,1yr,111.13,,19.84,1,"$1,889.21"
CUST-10854,Female,75,North,21,One year,30.71,,90.77,1,$644.91
CUST-3948,M,78,South,20,One year,62.0,,54.09,0,"$1,240.0"
CUST-7393,Female,55,West,4,2yr,33.67,2.0,,1,$134.68
CUST-3920,Male,76,West,12,m2m,36.94,2.0,,0,$443.28
CUST-3119,F,56,North,60,Month-to-month,57.94,2.0,,0,"$3,476.4"
CUST-10768,M,60,North,16,One year,92.38,,54.64,0,"$1,478.08"
CUST-10868,non-binary,37,North,11,Month-to-month,88.84,5.0,16.55,1,$977.24
CUST-2636,non-binary,74,North,47,2yr,31.14,,,0,"$1,463.58"
CUST-10763,Male,44,West,16,Two year,28.28,,,0,$452.48
CUST-3393,Female,47,South,42,One year,33.44,,92.27,0,"$1,404.48"
CUST-6066,Female,24,South,61,1yr,102.55,1.0,,0,"$6,255.55"
CUST-8299,M,34,South,8,m2m,66.91,1.0,,1,$535.28
CUST-4842,Male,20,East,57,Two year,78.88,,,0,"$4,496.16"
CUST-7633,Female,57,South,16,Month-to-month,75.68,8.0,37.68,1,"$1,210.88"
CUST-6800,F,76,West,11,Two year,26.79,0.0,67.6,0,$294.69
CUST-8688,Male,27,East,46,Two year,118.62,1.0,82.87,1,"$5,456.52"
CUST-9222,M,67,South,41,m2m,112.35,,,0,"$4,606.35"
CUST-3985,M,54,North,63,Month-to-month,114.21,,68.36,1,"$7,195.23"
CUST-6058,Female,72,West,41,One year,83.63,,,0,"$3,428.83"
CUST-6437,non-binary,-5,West,64,Month-to-month,37.92,,,0,"$2,426.88"
CUST-10774,F,58,North,38,Two year,27.87,2.0,,0,"$1,059.06"
CUST-7719,Female,80,North,70,Month-to-month,103.2,,91.63,1,"$7,224.0"
CUST-4363,F,50,West,41,Month-to-month,99.58,,53.47,1,"$4,082.78"
CUST-7422,Female,54,North,17,Two year,107.36,,,1,"$1,825.12"
CUST-2394,non-binary,68,North,2,m2m,63.15,,72.27,1,$126.3
CUST-7900,M,39,North,16,Month-to-month,69.65,1.0,,0,"$1,114.4"
CUST-6279,non-binary,40,South,31,One year,44.86,7.0,25.16,1,"$1,390.66"
CUST-9003,non-binary,58,South,24,Month-to-month,75.59,3.0,,1,"$1,814.16"
CUST-7530,Male,32,West,23,Month-to-month,110.3,,,0,"$2,536.9"
CUST-1557,non-binary,37,West,34,Month-to-month,104.72,1.0,73.19,1,"$3,560.48"
CUST-10124,non-binary,66,South,41,Two year,79.42,1.0,,1,"$3,256.22"
CUST-7749,Male,23,West,57,One year,79.81,3.0,56.13,1,"$4,549.17"
CUST-7548,M,25,South,71,Month-to-month,93.81,1.0,95.85,1,"$6,660.51"
CUST-2091,F,76,South,57,m2m,97.52,,27.11,0,"$5,558.64"
CUST-3997,Male,27,North,17,One year,32.39,,,0,$550.63
CUST-3007,Male,58,West,57,Month-to-month,42.35,,,0,"$2,413.95"
CUST-4298,F,78,West,68,2yr,39.4,1.0,11.17,0,"$2,679.2"
CUST-5099,Female,57,South,21,Month-to-month,54.17,,65.39,0,"$1,137.57"
CUST-6611,Male,67,East,29,One year,28.84,,,0,$836.36
CUST-9153,M,52,East,68,One year,88.87,1.0,,0,"$6,043.16"
CUST-9711,Female,51,East,57,Month-to-month,93.22,1.0,66.38,0,"$5,313.54"
CUST-6702,Male,21,West,64,Month-to-month,115.36,3.0,85.65,1,"$7,383.04"
CUST-10943,Male,44,North,40,Month-to-month,74.22,0.0,27.31,1,"$2,968.8"
CUST-2745,F,32,North,67,One year,25.93,,,0,"$1,737.31"
CUST-6655,Female,63,West,10,Month-to-month,38.81,2.0,,0,$388.1
CUST-10736,non-binary,49,East,68,1yr,65.3,,,0,"$4,440.4"
CUST-3560,F,39,West,26,Month-to-month,111.26,,,1,"$2,892.76"
CUST-6081,Male,73,West,45,One year,114.13,1.0,,0,"$5,135.85"
CUST-9554,non-binary,23,West,5,Month-to-month,100.21,,69.68,1,$501.05
CUST-4402,M,78,South,6,m2m,96.78,,96.4,1,$580.68
CUST-10799,Female,21,South,26,One year,38.11,,85.56,0,$990.86
CUST-6697,non-binary,56,South,21,2yr,96.04,2.0,,0,"$2,016.84"
CUST-6119,M,72,North,3,Two year,106.41,2.0,,0,$319.23
CUST-8523,M,28,West,44,Month-to-month,22.5,,,1,$990.0
CUST-2951,M,46,North,15,Month-to-month,93.94,,29.63,0,"$1,409.1"
CUST-3434,M,78,West,16,One year,76.99,,,0,"$1,231.84"
CUST-2831,F,-5,West,39,Month-to-month,51.77,1.0,,1,"$2,019.03"
CUST-8543,Female,28,North,40,m2m,91.88,3.0,41.44,1,"$3,675.2"
CUST-4855,Male,78,North,58,Month-to-month,44.78,,,1,"$2,597.24"
CUST-4397,Male,19,West,19,Month-to-month,31.72,,,1,$602.68
CUST-10218,non-binary,47,South,34,Month-to-month,25.4,0.0,,0,$863.6
CUST-3688,Female,40,West,34,Month-to-month,109.26,3.0,76.74,1,"$3,714.84"
CUST-5816,non-binary,21,North,11,Month-to-month,50.19,2.0,72.21,0,$552.09
CUST-10719,non-binary,36,East,47,Two year,84.85,0.0,,0,"$3,987.95"
CUST-1188,non-binary,78,East,64,Month-to-month,86.31,,38.09,1,"$5,523.84"
CUST-6510,F,40,North,23,One year,94.15,,,0,"$2,165.45"
CUST-8757,Male,46,East,26,1yr,52.78,,97.88,1,"$1,372.28"
CUST-9593,Female,75,East,6,One year,104.65,1.0,,1,$627.9
CUST-7462,non-binary,56,South,9,Month-to-month,66.28,3.0,24.31,1,$596.52
CUST-2834,F,68,West,1,One year,78.4,2.0,,0,$78.4
CUST-3753,M,62,North,47,Month-to-month,85.9,,46.09,0,"$4,037.3"
CUST-5465,M,47,North,8,Two year,73.67,,44.38,0,$589.36
CUST-5190,Male,42,North,14,Month-to-month,79.13,9.0,16.09,1,"$1,107.82"
CUST-5255,Male,69,West,2,Month-to-month,32.08,1.0,,0,$64.16
CUST-2151,Female,57,North,50,Month-to-month,101.14,,,1,"$5,057.0"
CUST-5349,non-binary,45,West,23,m2m,84.68,,65.88,0,"$1,947.64"
CUST-4994,F,30,North,23,Month-to-month,85.35,3.0,79.24,0,"$1,963.05"
CUST-7324,non-binary,27,North,29,Month-to-month,85.7,2.0,,0,"$2,485.3"
CUST-5271,M,36,South,49,Month-to-month,79.9,0.0,,1,"$3,915.1"
CUST-10069,Male,46,South,45,Two year,37.54,,,0,"$1,689.3"
CUST-4000,non-binary,72,North,37,1yr,111.43,,22.42,0,"$4,122.91"
CUST-2932,Male,48,North,30,Two year,66.14,0.0,,0,"$1,984.2"
CUST-5916,non-binary,40,West,60,Month-to-month,110.34,2.0,,1,"$6,620.4"
CUST-8136,M,66,North,42,2yr,109.96,3.0,,1,"$4,618.32"
CUST-9150,non-binary,72,West,29,Month-to-month,44.77,2.0,98.37,1,"$1,298.33"
CUST-1305,F,55,North,46,Month-to-month,64.3,3.0,,0,"$2,957.8"
CUST-10994,non-binary,46,West,38,Two year,82.38,0.0,,0,"$3,130.44"
CUST-4768,F,32,South,39,1yr,36.73,3.0,,0,"$1,432.47"
CUST-9109,non-binary,250,North,58,Month-to-month,20.86,,70.12,0,"$1,209.88"
CUST-5224,F,28,West,24,Month-to-month,102.41,,60.2,1,"$2,457.84"
CUST-10244,non-binary,71,South,52,Month-to-month,91.85,1.0,20.06,1,"$4,776.2"
CUST-10194,Female,60,North,12,Month-to-month,58.47,,,0,$701.64
CUST-3891,Male,38,West,37,Two year,32.31,5.0,21.91,1,"$1,195.47"
CUST-7114,Female,58,North,13,Two year,38.62,,,0,$502.06
CUST-10806,non-binary,34,West,27,One year,29.59,,,1,$798.93
CUST-3990,Male,70,North,4,m2m,85.79,1.0,,0,$343.16
CUST-9706,non-binary,-5,West,61,One year,104.78,,,0,"$6,391.58"
CUST-2053,F,-5,North,71,m2m,113.41,,,1,"$8,052.11"
CUST-3855,Male,250,South,18,Month-to-month,55.5,,35.1,0,$999.0
CUST-5910,M,20,North,39,One year,47.55,,,0,"$1,854.45"
CUST-5001,Female,35,North,13,One year,50.92,9.0,23.64,0,$661.96
CUST-5293,Female,45,North,3,Two year,115.05,1.0,72.04,0,$345.15
CUST-3694,Male,61,West,13,m2m,72.33,,31.21,1,$940.29
CUST-4628,F,58,East,14,One year,20.93,,39.99,1,$293.02
CUST-4916,non-binary,57,West,41,One year,22.42,,94.01,0,$919.22
CUST-5306,Female,49,West,69,Month-to-month,22.23,,93.06,1,"$1,533.87"
CUST-10086,Male,52,East,7,Month-to-month,100.81,3.0,,0,$705.67
CUST-9167,non-binary,52,North,11,Month-to-month,104.2,2.0,,0,"$1,146.2"
CUST-6118,F,61,North,66,Two year,90.78,,23.96,1,"$5,991.48"
CUST-2679,M,56,North,12,Month-to-month,85.91,0.0,47.15,0,"$1,030.92"
CUST-2380,Male,20,North,35,m2m,102.53,,,0,"$3,588.55"
CUST-4931,F,39,South,13,Month-to-month,60.53,2.0,92.1,0,$786.89
CUST-8420,Male,30,South,57,m2m,63.03,,,0,"$3,592.71"
CUST-10735,non-binary,60,North,11,Two year,23.03,,,0,$253.33
CUST-7167,non-binary,29,West,14,Month-to-month,88.99,,,1,"$1,245.86"
CUST-6853,M,53,West,31,Month-to-month,41.7,3.0,,0,"$1,292.7"
CUST-10781,non-binary,-5,North,9,Month-to-month,22.95,,,1,$206.55
CUST-9193,Female,78,North,46,Month-to-month,62.74,3.0,,0,"$2,886.04"
CUST-6482,Female,26,West,30,m2m,108.52,0.0,68.45,1,"$3,255.6"
CUST-5341,non-binary,25,North,16,Two year,41.39,2.0,44.1,0,$662.24
CUST-4393,F,26,North,60,One year,110.58,,,0,"$6,634.8"
CUST-1147,Female,41,West,44,Two year,105.92,1.0,59.96,0,"$4,660.48"
CUST-6072,non-binary,28,East,15,Two year,31.34,3.0,,0,$470.1
CUST-3687,Female,45,West,12,One year,119.47,1.0,74.05,0,"$1,433.64"
CUST-2869,F,51,South,58,One year,86.94,,20.09,0,"$5,042.52"
CUST-10846,M,56,West,49,Month-to-month,63.38,2.0,43.24,0,"$3,105.62"
CUST-2494,Male,39,West,43,Month-to-month,53.0,,70.79,0,"$2,279.0"
CUST-9995,F,63,East,33,Two year,51.02,7.0,23.93,0,"$1,683.66"
CUST-2765,M,26,East,62,Month-to-month,42.75,3.0,81.34,0,"$2,650.5"
CUST-10102,Male,34,West,43,One year,86.94,6.0,39.08,0,"$3,738.42"
CUST-3613,F,46,North,30,1yr,88.27,2.0,,0,"$2,648.1"
CUST-2614,M,46,South,42,Two year,112.44,1.0,,0,"$4,722.48"
CUST-10776,non-binary,60,West,38,Month-to-month,80.11,1.0,43.35,1,"$3,044.18"
CUST-2554,Female,-5,East,49,m2m,31.04,3.0,86.63,1,"$1,520.96"
CUST-8091,Male,28,South,62,Month-to-month,41.35,,,1,"$2,563.7"
CUST-4674,M,60,West,31,Month-to-month,27.91,2.0,,0,$865.21
CUST-4796,M,33,North,55,Month-to-month,37.47,3.0,17.8,1,"$2,060.85"
CUST-7510,Male,68,West,57,Month-to-month,30.59,3.0,,1,"$1,743.63"
CUST-4963,F,68,South,40,Month-to-month,83.06,3.0,,0,"$3,322.4"
CUST-8422,M,21,West,48,One year,59.07,0.0,93.76,0,"$2,835.36"
CUST-1931,F,34,South,16,One year,92.27,,57.46,0,"$1,476.32"
CUST-2251,M,66,East,72,Month-to-month,68.78,1.0,57.83,1,"$4,952.16"
CUST-8189,F,40,West,61,One year,114.42,3.0,47.96,0,"$6,979.62"
CUST-3774,F,53,North,11,Month-to-month,35.63,,,1,$391.93
CUST-8325,Male,19,North,14,Two year,96.49,,,0,"$1,350.86"
CUST-2216,non-binary,53,West,61,Two year,100.28,,,0,"$6,117.08"
CUST-3368,F,38,South,51,Month-to-month,31.98,,,0,"$1,630.98"
CUST-8783,M,30,South,4,Month-to-month,55.43,2.0,,1,$221.72
CUST-3902,Female,-5,North,31,m2m,26.95,0.0,,0,$835.45
CUST-3489,M,58,North,33,Month-to-month,51.66,1.0,,0,"$1,704.78"
CUST-2961,Male,69,South,55,Month-to-month,44.49,1.0,37.22,1,"$2,446.95"
CUST-10801,Female,61,South,51,Two year,24.39,1.0,77.06,0,"$1,243.89"
CUST-2209,Female,32,North,5,m2m,70.3,,,1,$351.5
CUST-6976,Male,18,North,69,Month-to-month,98.78,,84.32,1,"$6,815.82"
CUST-10368,Male,29,South,54,m2m,111.57,,,1,"$6,024.78"
CUST-9464,F,19,West,5,Month-to-month,26.23,2.0,,1,$131.15
CUST-1041,F,43,South,42,Month-to-month,34.89,0.0,84.89,1,"$1,465.38"
CUST-9795,Female,52,West,47,Month-to-month,106.34,,,0,"$4,997.98"
CUST-4454,M,73,East,68,m2m,37.33,,27.28,0,"$2,538.44"
CUST-10137,non-binary,59,South,6,2yr,98.87,1.0,,0,$593.22
CUST-6971,Female,48,West,29,One year,38.42,3.0,61.11,0,"$1,114.18"
CUST-6159,Male,32,West,67,Month-to-month,28.93,,,1,"$1,938.31"
CUST-5911,Female,49,North,43,Month-to-month,98.71,1.0,74.58,1,"$4,244.53"
CUST-4795,Male,30,South,14,Month-to-month,56.54,3.0,59.9,0,$791.56
CUST-9472,F,40,North,70,Month-to-month,96.44,,99.55,1,"$6,750.8"
CUST-1532,non-binary,24,West,5,One year,85.21,,46.19,0,$426.05
CUST-9330,non-binary,34,South,6,m2m,21.79,,74.39,1,$130.74
CUST-6859,non-binary,54,West,46,Month-to-month,113.72,0.0,97.71,1,"$5,231.12"
CUST-4332,Male,32,South,2,Two year,86.1,,,0,$172.2
CUST-10518,Male,57,North,63,One year,81.48,,,0,"$5,133.24"
CUST-2459,non-binary,36,North,28,Month-to-month,26.12,,52.69,1,$731.36
CUST-5180,M,76,South,64,One year,89.72,,,1,"$5,742.08"
CUST-2692,F,56,North,64,One year,28.83,,,0,"$1,845.12"
CUST-7958,non-binary,23,West,32,Month-to-month,42.86,,,0,"$1,371.52"
CUST-3715,Female,75,North,29,Month-to-month,57.07,,,0,"$1,655.03"
CUST-9994,Male,250,West,69,One year,100.23,,21.76,1,"$6,915.87"
CUST-10229,Female,56,North,32,m2m,35.13,2.0,44.91,1,"$1,124.16"
CUST-1110,Male,63,South,57,One year,99.99,,68.79,1,"$5,699.43"
CUST-9788,Male,23,North,4,Month-to-month,54.29,,5.100000000000001,1,$217.16
CUST-3439,non-binary,67,South,72,Two year,20.83,,17.26,0,"$1,499.76"
CUST-6056,M,79,West,8,One year,61.29,,84.78,0,$490.32
CUST-5536,non-binary,19,West,44,One year,101.47,1.0,,0,"$4,464.68"
CUST-2411,Female,43,West,56,Month-to-month,56.42,,21.92,1,"$3,159.52"
CUST-4683,M,250,West,29,Month-to-month,24.95,,70.68,0,$723.55
CUST-8301,Female,51,South,44,Two year,32.48,5.0,33.18,1,"$1,429.12"
CUST-1077,M,63,West,58,Month-to-month,86.81,,52.7,1,"$5,034.98"
CUST-3685,non-binary,56,North,8,Month-to-month,69.62,,26.94,1,$556.96
CUST-2616,M,62,South,62,1yr,39.33,0.0,44.76,0,"$2,438.46"
CUST-4907,M,78,South,57,Month-to-month,60.48,1.0,,0,"$3,447.36"
CUST-8168,M,47,West,25,m2m,79.66,,83.88,0,"$1,991.5"
CUST-10335,M,38,South,22,m2m,99.1,,47.9,0,"$2,180.2"
CUST-2907,F,250,North,17,One year,96.06,2.0,84.51,0,"$1,633.02"
CUST-4001,Female,41,South,4,One year,42.52,1.0,53.64,0,$170.08
CUST-1576,M,73,West,30,Month-to-month,49.39,3.0,,1,"$1,481.7"
CUST-4158,Female,71,North,23,One year,93.83,2.0,,1,"$2,158.09"
CUST-1387,Female,44,South,41,One year,70.5,,,0,"$2,890.5"
CUST-5027,Female,32,South,1,1yr,82.53,1.0,35.05,0,$82.53
CUST-6996,non-binary,37,South,30,Month-to-month,83.32,,52.5,0,"$2,499.6"
CUST-7531,Female,66,East,41,One year,94.53,,96.46,1,"$3,875.73"
CUST-7427,Female,62,North,19,1yr,44.98,,,0,$854.62
CUST-8143,M,32,North,27,m2m,28.75,3.0,,1,$776.25
CUST-4751,Male,68,North,69,Month-to-month,27.46,,89.08,1,"$1,894.74"
CUST-7096,non-binary,57,East,24,m2m,21.38,2.0,,0,$513.12
CUST-6084,non-binary,-5,West,56,Month-to-month,27.55,,,1,"$1,542.8"
CUST-2613,non-binary,53,North,24,1yr,119.7,0.0,,0,"$2,872.8"
CUST-1760,F,68,East,66,m2m,33.91,3.0,91.13,1,"$2,238.06"
CUST-6032,F,78,North,34,1yr,23.16,,61.74,0,$787.44
CUST-6730,Female,63,North,37,Month-to-month,23.84,,35.48,0,$882.08
CUST-2099,F,21,West,39,2yr,79.84,,,0,"$3,113.76"
CUST-9739,non-binary,58,South,10,Month-to-month,69.92,1.0,,1,$699.2
CUST-8234,non-binary,39,West,35,Month-to-month,45.63,,80.84,0,"$1,597.05"
CUST-4490,Male,67,West,57,Two year,85.47,,88.67,0,"$4,871.79"
CUST-10997,M,25,North,62,Two year,102.04,5.0,11.32,1,"$6,326.48"
CUST-3223,Female,52,East,48,Month-to-month,81.66,,88.76,0,"$3,919.68"
CUST-4391,Male,28,East,36,Month-to-month,53.17,3.0,,0,"$1,914.12"
CUST-7610,Female,54,East,4,Month-to-month,45.33,,4.329999999999998,1,$181.32
CUST-10377,Female,68,North,1,One year,117.32,0.0,71.06,0,$117.32
CUST-4041,F,24,East,66,Month-to-month,65.63,3.0,,1,"$4,331.58"
CUST-10239,F,250,West,29,One year,80.08,,,0,"$2,322.32"
CUST-7303,non-binary,22,East,21,m2m,88.63,0.0,,1,"$1,861.23"
CUST-10905,Female,53,North,61,Month-to-month,29.15,1.0,18.3,0,"$1,778.15"
CUST-6023,non-binary,80,North,11,2yr,29.73,2.0,20.34,1,$327.03
CUST-1173,M,37,South,43,Month-to-month,47.38,3.0,,1,"$2,037.34"
CUST-7721,Male,63,West,15,Month-to-month,24.81,1.0,,0,$372.15
CUST-7501,Female,79,North,26,1yr,92.52,,,0,"$2,405.52"
CUST-3525,F,71,North,9,Month-to-month,65.67,3.0,,1,$591.03
CUST-9960,non-binary,72,South,53,Month-to-month,52.27,,44.69,0,"$2,770.31"
CUST-1809,Male,250,East,64,Month-to-month,35.37,2.0,31.68,1,"$2,263.68"
CUST-4791,M,30,North,27,Month-to-month,72.39,,,1,"$1,954.53"
CUST-5078,non-binary,79,East,32,m2m,114.6,0.0,,1,"$3,667.2"
CUST-9998,M,36,South,33,Month-to-month,71.82,,71.95,0,"$2,370.06"
CUST-7021,M,70,North,20,Two year,83.45,0.0,,0,"$1,669.0"
CUST-4555,M,27,West,38,Month-to-month,115.54,1.0,,1,"$4,390.52"
CUST-4192,F,67,South,17,Month-to-month,66.5,,,1,"$1,130.5"
CUST-10899,F,46,North,0,One year,94.76,,72.23,0,$0.0
CUST-5640,Female,23,South,71,One year,60.66,,,0,"$4,306.86"
CUST-5472,M,74,West,40,Month-to-month,94.51,,85.57,1,"$3,780.4"
CUST-7992,F,76,East,7,Month-to-month,73.95,,,0,$517.65
CUST-9008,M,68,West,46,One year,31.5,,,0,"$1,449.0"
CUST-1259,F,44,West,4,One year,79.77,0.0,68.65,0,$319.08
CUST-10349,F,-5,North,59,Two year,86.88,0.0,,0,"$5,125.92"
CUST-3580,Male,47,South,4,Month-to-month,107.99,,,0,$431.96
CUST-8058,F,55,North,31,Month-to-month,105.32,,33.59,1,"$3,264.92"
CUST-6851,Male,27,South,32,Two year,92.86,,,0,"$2,971.52"
CUST-10421,Female,-5,North,59,Month-to-month,114.76,3.0,24.63,1,"$6,770.84"
CUST-6595,Male,40,East,49,Month-to-month,23.27,,69.05,1,"$1,140.23"
CUST-6045,Female,34,South,0,Month-to-month,32.31,,,1,$0.0
CUST-4819,Female,72,East,66,One year,102.5,8.0,39.87,1,"$6,765.0"
CUST-5241,non-binary,77,North,64,Month-to-month,114.95,3.0,,0,"$7,356.8"
CUST-10917,M,80,West,42,m2m,95.38,,56.98,1,"$4,005.96"
CUST-2819,non-binary,30,North,65,Month-to-month,32.05,10.0,36.03,1,"$2,083.25"
CUST-5626,Female,71,West,33,Two year,93.77,,87.6,0,"$3,094.41"
CUST-6866,non-binary,23,North,42,Month-to-month,26.84,1.0,27.36,1,"$1,127.28"
CUST-3533,Female,67,South,69,One year,107.6,,,0,"$7,424.4"
CUST-9090,Male,70,West,29,One year,96.85,,,0,"$2,808.65"
CUST-2991,F,63,West,27,2yr,104.54,0.0,47.68,0,"$2,822.58"
CUST-5319,non-binary,21,South,30,Two year,102.42,0.0,66.32,0,"$3,072.6"
CUST-8712,F,80,South,33,Month-to-month,119.01,2.0,,1,"$3,927.33"
CUST-9420,non-binary,61,West,51,Month-to-month,78.47,0.0,,1,"$4,001.97"
CUST-2938,Male,63,South,38,Two year,39.87,0.0,,0,"$1,515.06"
CUST-7938,Male,34,North,17,One year,55.74,3.0,86.06,0,$947.58
CUST-8166,non-binary,30,South,44,m2m,26.81,,21.81,0,"$1,179.64"
CUST-7061,non-binary,36,South,51,One year,98.96,,95.46,0,"$5,046.96"
CUST-6591,Male,29,North,45,m2m,21.33,0.0,85.67,0,$959.85
CUST-6388,non-binary,21,East,27,One year,102.14,,,0,"$2,757.78"
CUST-1310,F,250,East,7,Month-to-month,70.79,,39.33,0,$495.53
CUST-6781,F,77,South,9,2yr,113.05,,,0,"$1,017.45"
CUST-3824,Female,61,East,24,Two year,93.51,1.0,60.97,1,"$2,244.24"
CUST-4212,F,73,North,57,Month-to-month,103.1,,30.41,0,"$5,876.7"
CUST-5572,Male,75,North,58,One year,21.87,,40.44,0,"$1,268.46"
CUST-1588,Male,67,East,9,Month-to-month,24.46,0.0,43.2,0,$220.14
CUST-8352,F,250,West,41,Two year,103.57,0.0,,0,"$4,246.37"
CUST-7918,non-binary,66,West,20,One year,118.18,3.0,,0,"$2,363.6"
CUST-10681,M,38,South,14,One year,53.3,,72.24,0,$746.2
CUST-2141,Male,44,North,25,Month-to-month,88.22,,27.75,0,"$2,205.5"
CUST-2719,Female,27,North,35,Month-to-month,66.19,2.0,80.07,1,"$2,316.65"
CUST-9174,Male,75,North,4,Month-to-month,62.44,0.0,,0,$249.76
CUST-8165,Female,31,South,39,One year,74.83,,51.79,0,"$2,918.37"
CUST-9239,M,59,West,62,2yr,23.9,,11.69,0,"$1,481.8"
CUST-9625,F,27,North,19,Two year,31.41,,69.66,0,$596.79
CUST-8533,M,47,North,29,Month-to-month,69.45,,,1,"$2,014.05"
CUST-6935,M,63,West,0,m2m,58.15,3.0,65.03,0,$0.0
CUST-10561,Male,74,North,10,Month-to-month,34.1,,,1,$341.0
CUST-7414,non-binary,68,West,69,Two year,32.68,2.0,73.52,0,"$2,254.92"
CUST-2347,non-binary,28,North,50,One year,72.05,,,0,"$3,602.5"
CUST-2746,M,78,South,10,Month-to-month,102.2,0.0,,1,"$1,022.0"
CUST-1595,non-binary,64,South,25,m2m,67.8,,13.37,0,"$1,695.0"
CUST-3867,Male,71,South,18,m2m,90.51,2.0,,0,"$1,629.18"
CUST-2198,F,54,West,35,2yr,60.21,2.0,42.87,0,"$2,107.35"
CUST-2608,Male,24,South,21,Two year,74.18,3.0,47.12,0,"$1,557.78"
CUST-3928,non-binary,53,North,40,Month-to-month,107.65,6.0,11.06,1,"$4,306.0"
CUST-2666,F,27,East,6,m2m,43.98,,,1,$263.88
CUST-4993,Female,71,East,29,Month-to-month,70.02,3.0,60.59,0,"$2,030.58"
CUST-1004,F,29,North,4,Two year,99.18,,43.02,0,$396.72
CUST-4558,F,59,West,18,Month-to-month,35.38,,,0,$636.84
CUST-2434,Female,78,East,11,Two year,41.72,,,0,$458.92
CUST-5938,Male,67,North,1,One year,59.3,3.0,,0,$59.3
CUST-8745,Male,65,North,15,Month-to-month,58.67,5.0,27.75,1,$880.05
CUST-7418,non-binary,75,North,54,Month-to-month,27.2,2.0,,1,"$1,468.8"
CUST-6218,M,23,South,24,m2m,33.16,,28.03,1,$795.84
CUST-6087,M,20,West,68,1yr,54.4,0.0,61.09,0,"$3,699.2"
CUST-2056,Female,50,North,55,Two year,93.81,,,0,"$5,159.55"
CUST-9270,non-binary,20,West,32,One year,20.46,,,0,$654.72
CUST-3320,Female,53,North,11,1yr,66.57,2.0,,0,$732.27
CUST-3559,non-binary,56,North,33,Month-to-month,66.91,3.0,15.11,0,"$2,208.03"
CUST-10820,M,48,West,71,One year,41.82,,,0,"$2,969.22"
CUST-6209,F,54,North,35,Month-to-month,90.62,3.0,43.46,1,"$3,171.7"
CUST-4423,non-binary,79,West,4,Month-to-month,53.26,,63.55,1,$213.04
CUST-3009,F,25,South,1,One year,51.46,3.0,13.59,1,$51.46
CUST-1894,Male,63,North,25,Month-to-month,56.09,,,0,"$1,402.25"
CUST-4008,Female,31,North,7,Two year,87.76,2.0,,0,$614.32
CUST-1311,F,63,West,43,Month-to-month,90.46,1.0,,1,"$3,889.78"
CUST-2759,Male,69,East,22,Two year,54.6,1.0,41.31,0,"$1,201.2"
CUST-1445,non-binary,62,South,26,One year,51.19,,,0,"$1,330.94"
CUST-6414,F,72,North,39,Month-to-month,64.52,,43.22,1,"$2,516.28"
CUST-10791,F,71,North,56,One year,55.07,,,1,"$3,083.92"
CUST-10513,M,54,South,11,Month-to-month,93.44,0.0,82.81,1,"$1,027.84"
CUST-1237,F,52,West,62,Month-to-month,113.16,2.0,82.57,1,"$7,015.92"
CUST-1172,Female,46,West,36,Month-to-month,32.87,3.0,,1,"$1,183.32"
CUST-7321,non-binary,27,North,39,Month-to-month,96.72,,94.33,0,"$3,772.08"
CUST-1769,F,41,East,12,Two year,94.6,,,1,"$1,135.2"
CUST-6028,non-binary,41,North,4,One year,27.51,3.0,,0,$110.04
CUST-6256,M,19,West,51,Month-to-month,55.54,2.0,,0,"$2,832.54"
CUST-8081,non-binary,28,South,68,2yr,46.01,1.0,,0,"$3,128.68"
CUST-4139,M,36,West,32,Month-to-month,27.84,0.0,51.6,0,$890.88
CUST-2180,Male,69,North,23,Two year,69.52,,,1,"$1,598.96"
CUST-6325,non-binary,29,West,29,Two year,103.31,2.0,,0,"$2,995.99"
CUST-5025,Male,52,West,11,Month-to-month,39.44,1.0,42.83,1,$433.84
CUST-1399,F,57,East,37,Two year,106.11,,,1,"$3,926.07"
CUST-1295,non-binary,25,West,4,Two year,31.03,5.0,37.45,0,$124.12
CUST-2158,non-binary,45,North,49,One year,48.02,1.0,47.46,0,"$2,352.98"
CUST-2455,Female,36,South,5,One year,90.16,,,0,$450.8
CUST-7183,M,56,North,2,Month-to-month,104.94,,,1,$209.88
CUST-6257,Male,67,North,18,Month-to-month,28.51,0.0,,1,$513.18
CUST-8461,non-binary,57,South,64,Month-to-month,108.55,10.0,19.15,1,"$6,947.2"
CUST-2202,Male,68,North,9,Month-to-month,77.71,3.0,,0,$699.39
CUST-8470,Female,19,North,34,Two year,84.6,1.0,56.08,0,"$2,876.4"
CUST-9215,M,22,West,23,Month-to-month,66.48,1.0,,0,"$1,529.04"
CUST-2827,F,41,South,49,Month-to-month,117.59,,71.8,1,"$5,761.91"
CUST-3492,M,36,South,70,2yr,46.24,2.0,49.5,0,"$3,236.8"
CUST-9809,Female,40,North,63,Month-to-month,43.33,1.0,,1,"$2,729.79"
CUST-10640,Male,49,South,20,1yr,66.48,,13.44,1,"$1,329.6"
CUST-9426,non-binary,41,West,58,Month-to-month,25.51,,63.5,1,"$1,479.58"
CUST-3353,Male,53,North,69,One year,65.95,2.0,,0,"$4,550.55"
CUST-9470,non-binary,35,West,33,Two year,41.37,,,0,"$1,365.21"
CUST-9682,Female,74,West,31,Month-to-month,56.09,0.0,56.23,0,"$1,738.79"
CUST-7542,Male,21,South,20,Two year,27.7,,,0,$554.0
CUST-9551,M,66,West,69,One year,118.28,,,0,"$8,161.32"
CUST-8612,non-binary,45,North,4,Month-to-month,52.74,,24.4,1,$210.96
CUST-7547,M,51,North,16,Month-to-month,23.51,,38.47,0,$376.16
CUST-3377,non-binary,39,West,59,Month-to-month,83.0,,,1,"$4,897.0"
CUST-5892,F,46,South,60,1yr,86.99,,57.77,0,"$5,219.4"
CUST-6068,F,79,South,71,One year,55.54,,57.66,0,"$3,943.34"
CUST-7595,non-binary,31,South,70,Two year,109.96,0.0,,1,"$7,697.2"
CUST-10074,M,48,West,50,Month-to-month,118.72,0.0,,0,"$5,936.0"
CUST-8531,F,75,West,44,Month-to-month,111.2,2.0,,0,"$4,892.8"
CUST-7404,non-binary,28,West,56,One year,85.22,2.0,,0,"$4,772.32"
CUST-9721,Male,69,West,38,Month-to-month,26.08,2.0,,0,$991.04
CUST-7731,Male,250,South,63,Two year,42.96,0.0,66.75,0,"$2,706.48"
CUST-2587,M,29,West,44,Month-to-month,36.59,,,0,"$1,609.96"
CUST-5387,Male,46,South,8,Two year,37.72,0.0,53.52,0,$301.76
CUST-4130,Male,60,South,7,Month-to-month,39.57,3.0,,0,$276.99
CUST-6311,Female,47,South,56,Two year,95.7,,,0,"$5,359.2"
CUST-2510,non-binary,-5,South,11,Two year,84.62,,,0,$930.82
CUST-9574,non-binary,69,South,2,Month-to-month,40.26,,,0,$80.52
CUST-5509,Male,70,South,3,One year,70.15,,,0,$210.45
CUST-4868,M,30,East,32,Two year,88.8,,,0,"$2,841.6"
CUST-6628,Male,47,South,69,Month-to-month,112.12,,,1,"$7,736.28"
CUST-6927,M,69,West,14,One year,41.59,4.0,27.98,0,$582.26
CUST-9451,Female,31,South,0,m2m,95.11,0.0,,0,$0.0
CUST-10729,Female,52,North,11,2yr,42.41,,,0,$466.51
CUST-3596,M,40,South,2,Two year,113.94,3.0,59.08,1,$227.88
CUST-2839,M,80,West,9,1yr,74.48,,11.72,0,$670.32
CUST-3051,Male,23,North,38,1yr,27.17,4.0,35.08,0,"$1,032.46"
CUST-10370,Female,35,East,72,Two year,34.79,3.0,,1,"$2,504.88"
CUST-2015,Female,75,West,31,One year,74.4,,72.9,0,"$2,306.4"
CUST-1267,F,73,South,70,One year,48.81,,49.07,0,"$3,416.7"
CUST-1083,Female,60,North,67,m2m,93.52,2.0,,0,"$6,265.84"
CUST-1355,F,24,East,5,Month-to-month,48.91,10.0,28.840000000000003,1,$244.55
CUST-6672,M,36,West,14,1yr,58.46,,,0,$818.44
CUST-10101,non-binary,76,North,40,Month-to-month,89.8,,,0,"$3,592.0"
CUST-10983,Male,30,North,33,Month-to-month,35.36,,82.6,0,"$1,166.88"
CUST-2281,F,26,South,17,One year,20.66,,89.83,1,$351.22
CUST-4495,F,23,West,65,One year,67.26,,93.71,0,"$4,371.9"
CUST-6268,F,32,South,52,Month-to-month,96.96,0.0,,1,"$5,041.92"
CUST-4160,non-binary,30,West,6,m2m,91.11,,95.2,1,$546.66
CUST-3454,F,69,South,70,m2m,73.82,2.0,,1,"$5,167.4"
CUST-9754,non-binary,22,East,21,Two year,83.72,2.0,,0,"$1,758.12"
CUST-4114,F,42,North,53,m2m,36.56,3.0,86.98,1,"$1,937.68"
CUST-9370,non-binary,47,East,65,One year,113.47,1.0,74.89,0,"$7,375.55"
CUST-3187,non-binary,34,North,13,m2m,49.71,0.0,79.28,1,$646.23
CUST-4186,Male,59,West,28,Month-to-month,67.91,,19.7,1,"$1,901.48"
CUST-9019,M,59,West,36,Month-to-month,99.05,,,1,"$3,565.8"
CUST-9569,Male,53,West,40,One year,119.01,2.0,98.53,0,"$4,760.4"
CUST-3748,non-binary,51,West,9,Two year,63.88,5.0,21.79,0,$574.92
CUST-5194,F,25,North,28,Month-to-month,68.73,1.0,,1,"$1,924.44"
CUST-9332,non-binary,60,East,30,Two year,45.05,,,0,"$1,351.5"
CUST-10559,M,40,South,6,One year,30.07,7.0,18.71,1,$180.42
CUST-9583,non-binary,27,West,13,Month-to-month,87.22,,,0,"$1,133.86"
CUST-1029,Female,67,South,21,Month-to-month,60.54,3.0,61.72,0,"$1,271.34"
CUST-1781,Female,18,South,47,Month-to-month,62.59,,,0,"$2,941.73"
CUST-5377,Female,49,West,10,Two year,77.18,2.0,,1,$771.8
CUST-10499,non-binary,72,South,60,Two year,24.77,,,0,"$1,486.2"
CUST-7811,Male,26,North,27,One year,104.04,2.0,,1,"$2,809.08"
CUST-10504,Female,24,West,15,One year,89.69,8.0,33.89,1,"$1,345.35"
CUST-9352,Male,76,North,30,One year,106.75,3.0,96.33,1,"$3,202.5"
CUST-8656,M,40,East,11,One year,54.43,,21.87,0,$598.73
CUST-6539,F,70,South,32,One year,56.17,,,0,"$1,797.44"
CUST-1954,F,-5,North,35,Month-to-month,27.97,,72.19,1,$978.95
CUST-4452,Male,56,North,39,Month-to-month,114.97,,,1,"$4,483.83"
CUST-3319,Female,70,North,49,One year,114.69,,,0,"$5,619.81"
CUST-2127,F,40,North,49,Month-to-month,28.56,,,0,"$1,399.44"
CUST-3089,non-binary,33,South,15,One year,29.98,3.0,,0,$449.7
CUST-1177,non-binary,36,North,29,Month-to-month,96.68,2.0,,1,"$2,803.72"
CUST-3251,M,36,West,49,Month-to-month,43.56,1.0,,0,"$2,134.44"
CUST-3129,Male,63,East,64,Month-to-month,60.9,0.0,73.12,1,"$3,897.6"
CUST-4789,Male,61,West,1,Two year,86.46,,,0,$86.46
CUST-6908,Female,76,East,70,m2m,97.86,,46.48,0,"$6,850.2"
CUST-1170,Female,67,East,40,Month-to-month,64.05,,,1,"$2,562.0"
CUST-4207,M,46,South,47,Two year,53.23,0.0,,1,"$2,501.81"
CUST-8607,non-binary,53,North,11,One year,63.11,3.0,,0,$694.21
CUST-5998,M,69,West,4,Two year,95.16,2.0,,0,$380.64
CUST-8705,Male,48,East,45,One year,46.63,2.0,,0,"$2,098.35"
CUST-4971,Male,22,North,72,One year,93.91,2.0,97.71,0,"$6,761.52"
CUST-4929,Female,57,North,71,Month-to-month,30.21,0.0,71.43,1,"$2,144.91"
CUST-8809,Male,47,East,52,2yr,77.8,,59.66,1,"$4,045.6"
CUST-7478,non-binary,58,West,26,Two year,37.89,1.0,,0,$985.14
CUST-10714,M,52,North,49,Month-to-month,85.32,0.0,,0,"$4,180.68"
CUST-9859,Female,33,South,29,Two year,22.26,,95.32,0,$645.54
CUST-3587,non-binary,59,South,71,1yr,31.79,2.0,94.7,0,"$2,257.09"
CUST-5122,Female,53,South,22,Month-to-month,79.35,0.0,48.57,1,"$1,745.7"
CUST-5088,non-binary,21,East,16,2yr,59.55,2.0,17.81,0,$952.8
CUST-4684,Female,60,North,71,One year,26.05,1.0,,0,"$1,849.55"
CUST-6485,non-binary,65,North,27,One year,59.84,,,0,"$1,615.68"
CUST-6656,F,38,West,70,One year,113.97,,17.89,1,"$7,977.9"
CUST-7869,Female,48,West,26,Two year,105.45,,,0,"$2,741.7"
CUST-9048,Female,48,East,7,Month-to-month,113.4,3.0,79.46,1,$793.8
CUST-8284,M,68,East,63,2yr,84.63,,19.75,1,"$5,331.69"
CUST-5172,M,47,South,28,2yr,97.13,,22.25,1,"$2,719.64"
CUST-4512,Male,52,South,48,Month-to-month,66.25,2.0,,0,"$3,180.0"
CUST-4443,M,35,South,68,One year,64.84,3.0,61.44,0,"$4,409.12"
CUST-9536,Female,48,North,1,Two year,113.32,,,0,$113.32
CUST-7179,Female,76,North,40,One year,60.45,,74.57,0,"$2,418.0"
CUST-7094,non-binary,-5,West,29,1yr,50.86,,18.33,0,"$1,474.94"
CUST-10383,F,32,South,1,Two year,104.69,,,0,$104.69
CUST-2201,non-binary,38,North,18,One year,26.58,,,1,$478.44
CUST-2376,Female,62,North,52,1yr,42.44,,36.84,0,"$2,206.88"
CUST-8140,non-binary,47,North,48,Two year,113.84,3.0,99.56,0,"$5,464.32"
CUST-5598,Male,57,North,1,Month-to-month,52.65,,16.27,1,$52.65
CUST-10830,Female,46,North,21,Month-to-month,45.15,,,1,$948.15
CUST-4136,M,39,North,34,Month-to-month,54.78,0.0,85.93,1,"$1,862.52"
CUST-3896,non-binary,74,West,36,Month-to-month,66.61,,,1,"$2,397.96"
CUST-3344,Male,52,West,30,Month-to-month,36.94,,,1,"$1,108.2"
CUST-1115,Female,250,North,66,Two year,95.13,,,0,"$6,278.58"
CUST-5731,Male,36,West,58,Month-to-month,88.23,,77.49,1,"$5,117.34"
CUST-2431,non-binary,60,South,15,1yr,115.55,,,0,"$1,733.25"
CUST-2290,Male,43,West,39,Two year,118.76,,,0,"$4,631.64"
CUST-9646,F,19,South,8,m2m,74.18,0.0,41.13,0,$593.44
CUST-4834,Male,44,West,23,One year,72.35,,53.01,0,"$1,664.05"
CUST-5253,M,18,East,30,Month-to-month,91.99,0.0,84.41,0,"$2,759.7"
CUST-8255,F,58,West,50,Month-to-month,67.32,0.0,,0,"$3,366.0"
CUST-5801,M,53,East,3,Month-to-month,115.7,,78.68,0,$347.1
CUST-6075,Female,44,North,30,1yr,80.98,,85.82,0,"$2,429.4"
CUST-6549,non-binary,69,South,52,One year,116.37,0.0,10.68,1,"$6,051.24"
CUST-4679,M,43,South,11,Month-to-month,102.0,,,1,"$1,122.0"
CUST-10358,F,78,North,47,One year,88.61,,65.8,0,"$4,164.67"
CUST-1033,F,30,East,23,Month-to-month,111.39,,,0,"$2,561.97"
CUST-4798,F,54,South,5,m2m,38.43,0.0,67.45,1,$192.15
CUST-2736,F,26,North,4,Month-to-month,65.68,,2.7600000000000016,1,$262.72
CUST-6215,Female,34,West,56,1yr,81.62,2.0,,0,"$4,570.72"
CUST-7521,Female,53,South,59,2yr,118.95,,,1,"$7,018.05"
CUST-5471,non-binary,74,East,6,Two year,46.76,0.0,76.62,0,$280.56
CUST-4889,M,77,West,70,One year,25.7,3.0,95.85,0,"$1,799.0"
CUST-10705,M,60,North,30,Two year,98.47,,,0,"$2,954.1"
CUST-3463,Female,64,South,52,One year,74.03,,,1,"$3,849.56"
CUST-8449,F,18,South,25,One year,30.47,0.0,96.67,0,$761.75
CUST-5926,F,29,South,49,Two year,54.26,0.0,,0,"$2,658.74"
CUST-7573,F,42,East,23,One year,59.32,0.0,,1,"$1,364.36"
CUST-3156,Female,70,North,45,Two year,63.29,3.0,,0,"$2,848.05"
CUST-8459,Male,74,South,16,Two year,106.37,,71.46,0,"$1,701.92"
CUST-10967,Female,74,South,7,Month-to-month,91.47,1.0,,0,$640.29
CUST-3334,F,37,South,23,Two year,105.44,1.0,,1,"$2,425.12"
CUST-9629,F,67,South,16,Month-to-month,40.86,,18.13,1,$653.76
CUST-3270,M,37,North,2,One year,49.54,,,0,$99.08
CUST-7486,non-binary,22,West,70,One year,35.84,,,0,"$2,508.8"
CUST-7205,Female,62,South,23,Month-to-month,43.34,,,1,$996.82
CUST-6005,Female,54,North,54,One year,109.54,3.0,,0,"$5,915.16"
CUST-2550,Female,36,West,43,Month-to-month,44.84,,,0,"$1,928.12"
CUST-2261,non-binary,52,South,11,Month-to-month,118.36,,,0,"$1,301.96"
CUST-9746,non-binary,49,South,69,Two year,35.3,,95.57,0,"$2,435.7"
CUST-2024,M,78,South,20,One year,71.45,0.0,,1,"$1,429.0"
CUST-4962,non-binary,23,North,50,m2m,26.71,,,0,"$1,335.5"
CUST-9403,Female,39,South,14,Month-to-month,21.61,9.0,15.54,1,$302.54
CUST-5407,Female,35,East,11,Two year,32.02,0.0,,1,$352.22
CUST-6027,non-binary,64,North,15,Two year,106.62,4.0,22.17,1,"$1,599.3"
CUST-8853,non-binary,250,East,68,Two year,82.55,6.0,14.62,1,"$5,613.4"
CUST-5304,Female,62,North,26,Month-to-month,65.26,2.0,11.98,1,"$1,696.76"
CUST-9232,non-binary,19,North,66,Month-to-month,23.72,3.0,98.26,0,"$1,565.52"
CUST-2860,non-binary,31,South,64,Month-to-month,54.57,,16.1,0,"$3,492.48"
CUST-1813,Male,71,West,51,m2m,37.49,,,1,"$1,911.99"
CUST-7751,F,44,North,11,Month-to-month,46.19,1.0,21.6,1,$508.09
CUST-9122,Male,56,West,57,One year,60.85,1.0,82.67,0,"$3,468.45"
CUST-8714,M,34,North,55,2yr,42.19,7.0,27.61,0,"$2,320.45"
CUST-4203,non-binary,24,West,1,Two year,91.73,,58.59,0,$91.73
CUST-1150,Male,66,East,2,Two year,70.87,3.0,56.56,0,$141.74
CUST-2973,F,45,North,4,Month-to-month,33.6,0.0,,0,$134.4
CUST-9622,Female,21,South,48,One year,38.88,0.0,,0,"$1,866.24"
CUST-10609,Male,51,East,31,Month-to-month,105.26,,,1,"$3,263.06"
CUST-8345,Female,24,West,25,One year,112.62,5.0,29.65,0,"$2,815.5"
CUST-4465,Female,64,South,51,Two year,33.1,,51.95,0,"$1,688.1"
CUST-5874,Female,57,West,20,Month-to-month,96.33,,63.54,1,"$1,926.6"
CUST-8691,F,26,North,9,Month-to-month,101.58,1.0,,1,$914.22
CUST-6017,Male,37,West,12,One year,68.47,1.0,,0,$821.64
CUST-2357,Female,47,North,35,Two year,63.28,,56.71,0,"$2,214.8"
CUST-2523,F,78,North,67,One year,100.63,,,0,"$6,742.21"
CUST-9723,non-binary,19,North,60,Month-to-month,41.68,2.0,64.52,1,"$2,500.8"
CUST-9518,F,61,North,1,Month-to-month,49.64,10.0,0.6899999999999995,1,$49.64
CUST-6704,Female,73,East,19,Month-to-month,41.42,6.0,33.58,1,$786.98
CUST-4529,non-binary,48,North,57,1yr,24.76,3.0,,1,"$1,411.32"
CUST-5069,F,62,North,30,Month-to-month,116.69,3.0,95.28,0,"$3,500.7"
CUST-1659,Female,49,East,54,One year,68.49,,99.42,1,"$3,698.46"
CUST-1317,Male,67,West,40,One year,105.98,,,0,"$4,239.2"
CUST-10949,Female,77,South,33,Two year,109.91,,,0,"$3,627.03"
CUST-2008,F,47,North,50,One year,21.95,,,0,"$1,097.5"
CUST-3915,non-binary,74,East,46,Two year,38.94,,,0,"$1,791.24"
CUST-7545,non-binary,42,West,45,m2m,70.25,0.0,,1,"$3,161.25"
CUST-7477,M,34,East,38,Month-to-month,76.42,,74.11,0,"$2,903.96"
CUST-4980,non-binary,50,West,12,Month-to-month,102.05,,21.9,1,"$1,224.6"
CUST-10161,Female,29,West,23,Month-to-month,103.78,,,1,"$2,386.94"
CUST-8147,non-binary,51,West,63,One year,60.39,7.0,16.36,1,"$3,804.57"
CUST-3302,Female,80,South,47,One year,111.67,,62.27,0,"$5,248.49"
CUST-1718,non-binary,71,South,18,m2m,116.41,3.0,,1,"$2,095.38"
CUST-1040,M,56,North,37,One year,107.5,3.0,,0,"$3,977.5"
CUST-9950,non-binary,65,South,29,Month-to-month,52.22,,75.67,0,"$1,514.38"
CUST-7897,non-binary,26,North,58,m2m,66.05,3.0,91.82,0,"$3,830.9"
CUST-1570,M,32,North,12,Month-to-month,93.34,,,1,"$1,120.08"
CUST-6870,F,58,East,64,One year,95.43,3.0,,0,"$6,107.52"
CUST-10911,F,28,South,31,One year,76.25,,,0,"$2,363.75"
CUST-1446,Female,39,North,59,Two year,113.46,,58.96,0,"$6,694.14"
CUST-3962,Male,52,South,68,Month-to-month,29.78,3.0,,1,"$2,025.04"
CUST-1742,M,20,South,26,One year,115.02,0.0,,0,"$2,990.52"
CUST-5541,F,60,West,32,One year,54.87,7.0,19.12,1,"$1,755.84"
CUST-10675,Female,21,South,61,2yr,62.45,,41.89,0,"$3,809.45"
CUST-10411,non-binary,43,North,1,1yr,115.63,2.0,,1,$115.63
CUST-4080,non-binary,51,West,56,Month-to-month,52.57,1.0,94.01,0,"$2,943.92"
CUST-4666,Female,50,North,58,One year,94.9,,17.85,0,"$5,504.2"
CUST-1334,Male,29,East,39,Month-to-month,89.55,1.0,,1,"$3,492.45"
CUST-6804,non-binary,40,West,52,One year,48.9,3.0,53.94,0,"$2,542.8"
CUST-5705,Male,27,North,30,One year,44.84,1.0,,1,"$1,345.2"
CUST-7807,F,30,South,3,Month-to-month,119.66,,72.5,1,$358.98
CUST-10207,non-binary,45,West,21,Month-to-month,39.78,,,0,$835.38
CUST-10103,Male,20,West,1,Two year,56.86,1.0,,0,$56.86
CUST-10175,M,50,South,2,Two year,83.77,7.0,1.5199999999999996,0,$167.54
CUST-6910,non-binary,54,South,58,Month-to-month,117.68,,99.96,1,"$6,825.44"
CUST-10902,non-binary,48,East,1,Month-to-month,113.2,3.0,70.73,1,$113.2
CUST-10179,non-binary,52,West,0,Month-to-month,68.56,,,0,$0.0
CUST-1290,Female,57,South,44,Month-to-month,65.91,,,1,"$2,900.04"
CUST-8622,Female,54,West,53,Month-to-month,71.64,,88.19,0,"$3,796.92"
CUST-6499,F,74,West,3,Month-to-month,60.2,,,0,$180.6
CUST-3987,M,77,North,40,Month-to-month,119.34,2.0,59.36,1,"$4,773.6"
CUST-4947,M,35,West,30,One year,48.07,1.0,,0,"$1,442.1"
CUST-5101,Female,44,West,62,One year,30.56,3.0,,0,"$1,894.72"
CUST-8201,Female,80,South,56,Month-to-month,37.35,2.0,95.7,1,"$2,091.6"
CUST-5655,F,39,South,36,1yr,31.77,,,0,"$1,143.72"
CUST-1942,F,28,North,3,One year,76.03,0.0,,0,$228.09
CUST-10804,F,31,South,47,1yr,28.33,,,0,"$1,331.51"
CUST-9855,Female,75,East,55,One year,111.65,6.0,28.65,1,"$6,140.75"
CUST-2589,M,35,West,53,Month-to-month,48.92,,58.02,0,"$2,592.76"
CUST-8816,Female,54,South,44,One year,113.4,,77.79,0,"$4,989.6"
CUST-8683,Female,52,South,43,Month-to-month,20.35,,49.91,1,$875.05
CUST-1146,M,40,North,21,Month-to-month,89.45,3.0,95.49,1,"$1,878.45"
CUST-5809,M,53,South,57,Two year,41.64,3.0,,0,"$2,373.48"
CUST-6881,M,25,North,42,Month-to-month,69.64,6.0,15.35,1,"$2,924.88"
CUST-6757,F,24,South,67,1yr,114.37,0.0,,0,"$7,662.79"
CUST-9805,M,76,North,29,m2m,72.94,,,0,"$2,115.26"
CUST-4095,F,69,South,69,Two year,32.2,1.0,45.1,0,"$2,221.8"
CUST-5024,non-binary,69,South,50,Month-to-month,115.86,,88.07,0,"$5,793.0"
CUST-6507,Male,41,East,20,Month-to-month,58.3,,,1,"$1,166.0"
CUST-8810,M,79,East,71,Month-to-month,77.17,,54.98,1,"$5,479.07"
CUST-10198,Male,27,South,66,Month-to-month,102.73,0.0,33.0,1,"$6,780.18"
CUST-6919,non-binary,49,West,31,One year,71.78,2.0,,0,"$2,225.18"
CUST-5928,non-binary,60,West,52,Two year,111.53,3.0,,0,"$5,799.56"
CUST-1555,Female,76,North,65,Month-to-month,115.58,3.0,18.11,0,"$7,512.7"
CUST-8847,M,55,West,57,Month-to-month,119.46,,63.93,0,"$6,809.22"
CUST-2094,F,29,East,70,Two year,79.86,,99.79,0,"$5,590.2"
CUST-8660,M,41,South,70,One year,101.38,,,0,"$7,096.6"
CUST-4961,M,80,West,45,Two year,106.52,0.0,,0,"$4,793.4"
CUST-8694,F,22,South,29,One year,72.5,3.0,,0,"$2,102.5"
CUST-6368,Female,46,North,9,Month-to-month,78.73,1.0,,1,$708.57
CUST-10567,Male,43,South,26,Two year,43.32,,91.28,0,"$1,126.32"
CUST-6110,F,59,South,10,Month-to-month,53.24,3.0,54.61,0,$532.4
CUST-6458,M,-5,West,21,One year,74.3,1.0,,0,"$1,560.3"
CUST-9292,Male,63,North,55,Month-to-month,40.78,2.0,50.94,1,"$2,242.9"
CUST-1412,F,-5,North,43,1yr,31.25,9.0,24.7,1,"$1,343.75"
CUST-10812,F,27,East,50,One year,73.53,,81.49,0,"$3,676.5"
CUST-1754,non-binary,38,North,65,Month-to-month,101.03,,93.52,0,"$6,566.95"
CUST-8749,F,19,West,39,Month-to-month,118.73,,,1,"$4,630.47"
CUST-2836,Male,50,North,1,Two year,45.94,3.0,8.100000000000001,0,$45.94
CUST-9988,non-binary,35,South,70,Month-to-month,113.22,,38.28,1,"$7,925.4"
CUST-3670,M,23,South,1,Month-to-month,42.84,2.0,61.510000000000005,0,$42.84
CUST-5424,non-binary,79,North,42,m2m,48.18,,,1,"$2,023.56"
CUST-2207,non-binary,20,North,27,One year,40.63,,,0,"$1,097.01"
CUST-10064,M,60,East,52,Month-to-month,111.7,3.0,,1,"$5,808.4"
CUST-1701,Female,18,North,70,Two year,71.68,0.0,,0,"$5,017.6"
CUST-8946,Male,23,West,51,m2m,87.39,,83.59,0,"$4,456.89"
CUST-2381,M,52,North,35,Two year,83.9,3.0,,0,"$2,936.5"
CUST-3597,Female,65,South,55,One year,75.78,2.0,42.93,0,"$4,167.9"
CUST-5802,Female,20,North,21,Month-to-month,116.69,,34.26,1,"$2,450.49"
CUST-9833,F,21,North,43,One year,111.41,,,1,"$4,790.63"
CUST-4485,Male,68,West,54,Two year,67.67,1.0,,0,"$3,654.18"
CUST-2182,Male,28,South,38,Month-to-month,45.71,,64.78,0,"$1,736.98"
CUST-7286,F,76,West,69,m2m,25.52,1.0,22.01,1,"$1,760.88"
CUST-2365,F,52,East,10,One year,31.35,,,0,$313.5
CUST-5040,Female,43,West,38,m2m,99.05,3.0,43.38,0,"$3,763.9"
CUST-6200,Female,32,South,15,Month-to-month,44.7,,,0,$670.5
CUST-7211,Female,71,South,53,m2m,96.19,0.0,30.23,1,"$5,098.07"
CUST-9144,non-binary,74,West,65,One year,57.2,,,0,"$3,718.0"
CUST-7401,M,55,East,32,One year,27.33,,,0,$874.56
CUST-7590,Female,70,East,3,One year,48.25,,,0,$144.75
CUST-3105,Female,46,West,5,One year,48.74,,,0,$243.7
CUST-10248,non-binary,-5,West,38,Month-to-month,62.35,,,0,"$2,369.3"
CUST-10437,non-binary,74,North,12,Month-to-month,102.32,,,1,"$1,227.84"
CUST-3438,non-binary,39,West,34,Month-to-month,84.45,,31.43,1,"$2,871.3"
CUST-1038,F,79,West,38,Month-to-month,61.43,,23.44,0,"$2,334.34"
CUST-7476,M,-5,North,26,Month-to-month,97.15,0.0,72.61,0,"$2,525.9"
CUST-9072,F,77,West,16,One year,53.76,0.0,87.89,0,$860.16
CUST-9248,non-binary,71,West,60,Month-to-month,98.3,3.0,,0,"$5,898.0"
CUST-2755,F,25,South,50,Month-to-month,51.98,1.0,,0,"$2,599.0"
CUST-7513,F,67,North,13,One year,116.8,,,0,"$1,518.4"
CUST-6902,M,47,North,5,One year,71.83,2.0,48.18,0,$359.15
CUST-2484,F,77,East,37,Month-to-month,43.2,,64.12,1,"$1,598.4"
CUST-8120,M,69,North,29,Two year,86.52,3.0,,0,"$2,509.08"
CUST-6753,Female,43,North,65,Two year,104.32,,,0,"$6,780.8"
CUST-7826,M,50,South,33,Two year,79.4,3.0,17.81,1,"$2,620.2"
CUST-2004,M,77,South,65,One year,46.18,,39.6,1,"$3,001.7"
CUST-5502,M,55,West,9,Month-to-month,64.0,1.0,,0,$576.0
CUST-10452,Male,43,West,2,Two year,113.71,,,0,$227.42
CUST-2632,non-binary,31,South,9,Two year,34.59,0.0,96.73,0,$311.31
CUST-3026,non-binary,40,North,16,m2m,103.3,3.0,,1,"$1,652.8"
CUST-2774,M,38,West,44,One year,30.91,1.0,,1,"$1,360.04"
CUST-3370,Male,-5,South,7,Month-to-month,61.28,,,0,$428.96
CUST-9591,Female,47,South,57,Two year,21.77,3.0,45.39,0,"$1,240.89"
CUST-6181,F,76,South,50,Month-to-month,63.4,0.0,,0,"$3,170.0"
CUST-10010,F,60,West,59,One year,43.0,0.0,71.7,0,"$2,537.0"
CUST-4289,non-binary,19,East,10,Two year,58.68,1.0,45.01,0,$586.8
CUST-6758,F,47,North,41,Month-to-month,85.36,,50.66,1,"$3,499.76"
CUST-6747,Male,50,South,64,One year,48.88,,,0,"$3,128.32"
CUST-2707,non-binary,36,West,46,Month-to-month,32.18,,63.92,0,"$1,480.28"
CUST-4509,M,47,West,71,Month-to-month,98.87,2.0,48.91,0,"$7,019.77"
CUST-9513,M,43,South,69,One year,81.28,,55.18,0,"$5,608.32"
CUST-3479,Female,55,West,52,2yr,24.81,,,0,"$1,290.12"
CUST-9066,Male,45,North,45,1yr,43.23,,,0,"$1,945.35"
CUST-8709,Male,57,West,56,Month-to-month,76.16,,,1,"$4,264.96"
CUST-9986,non-binary,34,South,7,Two year,68.59,1.0,72.93,0,$480.13
CUST-1092,M,46,East,14,Month-to-month,61.73,,29.2,0,$864.22
CUST-2147,non-binary,32,East,40,Month-to-month,106.05,,,0,"$4,242.0"
CUST-9886,Female,27,West,5,Month-to-month,61.63,,69.3,0,$308.15
CUST-10571,Male,72,West,34,One year,61.97,,,0,"$2,106.98"
CUST-8025,non-binary,67,North,52,One year,102.42,,90.38,0,"$5,325.84"
CUST-1377,Male,26,South,33,One year,81.54,,,0,"$2,690.82"
CUST-6490,non-binary,77,East,21,2yr,27.03,0.0,,0,$567.63
CUST-5331,Female,36,North,0,Month-to-month,116.96,2.0,61.56999999999999,1,$0.0
CUST-1058,Male,74,South,72,2yr,119.43,,20.52,1,"$8,598.96"
CUST-6541,Male,40,North,8,Two year,92.65,,,0,$741.2
CUST-8623,non-binary,29,East,49,Month-to-month,73.09,10.0,11.5,1,"$3,581.41"
CUST-1252,M,49,West,28,Two year,61.79,,58.19,0,"$1,730.12"
CUST-5011,M,37,North,52,One year,60.81,3.0,,0,"$3,162.12"
CUST-1947,Male,250,North,71,Two year,74.14,3.0,87.96,0,"$5,263.94"
CUST-2733,Female,26,South,36,m2m,46.6,,,0,"$1,677.6"
CUST-9948,non-binary,71,East,16,2yr,99.95,1.0,79.32,1,"$1,599.2"
CUST-7454,F,64,West,67,Month-to-month,34.27,3.0,,1,"$2,296.09"
CUST-8315,F,49,North,42,Month-to-month,57.7,,56.29,0,"$2,423.4"
CUST-1591,M,76,North,17,Month-to-month,71.73,,84.65,1,"$1,219.41"
CUST-1829,non-binary,76,North,3,m2m,72.92,,12.920000000000002,1,$218.76
CUST-2436,Male,38,North,49,One year,38.58,,96.89,0,"$1,890.42"
CUST-2132,non-binary,27,South,49,Two year,30.28,,10.05,0,"$1,483.72"
CUST-2331,F,57,South,37,Two year,91.13,0.0,,1,"$3,371.81"
CUST-5974,non-binary,46,East,57,One year,24.02,2.0,,0,"$1,369.14"
CUST-3887,Female,25,North,5,Month-to-month,118.31,2.0,,1,$591.55
CUST-8878,non-binary,43,West,34,Month-to-month,89.19,9.0,37.53,1,"$3,032.46"
CUST-4388,non-binary,77,East,44,Month-to-month,34.04,2.0,,1,"$1,497.76"
CUST-5505,M,64,West,58,One year,98.0,1.0,,0,"$5,684.0"
CUST-2980,Female,61,North,16,Month-to-month,98.2,,81.0,1,"$1,571.2"
CUST-2155,F,39,East,36,Month-to-month,65.94,,80.55,1,"$2,373.84"
CUST-9034,Female,25,South,19,Month-to-month,112.58,,88.08,1,"$2,139.02"
CUST-3927,Female,35,South,48,Month-to-month,96.83,2.0,,0,"$4,647.84"
CUST-9250,M,30,North,34,Month-to-month,82.5,,24.64,1,"$2,805.0"
CUST-1380,Male,75,West,6,Month-to-month,68.4,1.0,67.4,1,$410.4
CUST-10082,M,63,North,9,Month-to-month,119.89,1.0,99.55,1,"$1,079.01"
CUST-3209,non-binary,24,South,68,One year,43.75,1.0,,0,"$2,975.0"
CUST-3880,F,-5,South,70,One year,53.64,,12.99,1,"$3,754.8"
CUST-2332,Female,49,East,7,One year,92.72,0.0,66.76,0,$649.04
CUST-1879,Female,37,South,45,One year,85.19,0.0,90.49,0,"$3,833.55"
CUST-4602,Male,35,North,64,Month-to-month,46.89,3.0,97.17,1,"$3,000.96"
CUST-10238,F,43,North,15,Month-to-month,69.73,,,0,"$1,045.95"
CUST-7400,non-binary,57,North,61,2yr,25.1,,28.04,1,"$1,531.1"
CUST-9259,Female,58,West,2,2yr,40.43,,56.230000000000004,0,$80.86
CUST-7314,Female,47,South,54,One year,81.92,,,0,"$4,423.68"
CUST-10281,Female,60,South,31,Month-to-month,95.0,,,0,"$2,945.0"
CUST-4670,F,39,North,45,m2m,99.32,3.0,,1,"$4,469.4"
CUST-7796,non-binary,72,West,1,2yr,106.76,3.0,82.74,0,$106.76
CUST-5197,Male,18,South,23,Month-to-month,51.97,,84.98,0,"$1,195.31"
CUST-10919,non-binary,77,West,5,Two year,85.77,,72.76,1,$428.85
CUST-2552,Male,32,East,59,Month-to-month,51.31,0.0,46.37,1,"$3,027.29"
CUST-10361,non-binary,54,North,43,One year,28.6,2.0,,0,"$1,229.8"
CUST-6807,Female,75,West,35,Two year,25.96,0.0,,0,$908.6
CUST-8750,M,74,South,59,2yr,37.57,,19.6,1,"$2,216.63"
CUST-1764,Male,37,South,4,One year,52.38,,60.53,0,$209.52
CUST-6452,Female,35,South,21,Month-to-month,88.07,,97.2,1,"$1,849.47"
CUST-9235,Male,79,North,6,Two year,114.86,,,1,$689.16
CUST-3583,F,250,South,22,Two year,89.51,1.0,,0,"$1,969.22"
CUST-1746,non-binary,49,East,17,Two year,20.57,0.0,,0,$349.69
CUST-6386,Male,70,North,6,2yr,94.89,3.0,,0,$569.34
CUST-7355,Male,250,West,7,Month-to-month,37.01,,54.12,1,$259.07
CUST-9575,Female,50,South,33,m2m,91.93,3.0,,1,"$3,033.69"
CUST-6238,F,20,West,18,Month-to-month,25.29,1.0,65.89,1,$455.22
CUST-1466,Female,40,West,36,One year,75.56,,41.08,0,"$2,720.16"
CUST-4413,M,250,South,44,One year,94.9,1.0,47.61,0,"$4,175.6"
CUST-4162,F,66,North,55,Two year,96.03,,66.63,0,"$5,281.65"
CUST-4400,M,42,West,5,Month-to-month,114.26,8.0,37.8,1,$571.3
CUST-9942,Male,59,West,22,One year,113.71,,43.45,1,"$2,501.62"
CUST-2970,M,19,East,10,One year,27.09,1.0,12.09,0,$270.9
CUST-2936,F,48,East,54,One year,25.22,,57.5,0,"$1,361.88"
CUST-5030,F,19,South,15,Month-to-month,114.47,2.0,66.63,0,"$1,717.05"
CUST-3333,Female,26,South,38,Month-to-month,118.06,3.0,,0,"$4,486.28"
CUST-1343,M,24,South,22,Month-to-month,87.92,3.0,22.76,0,"$1,934.24"
CUST-10711,M,70,West,42,Month-to-month,97.87,0.0,62.41,0,"$4,110.54"
CUST-1695,M,62,South,9,Month-to-month,84.07,,98.76,1,$756.63
CUST-8102,Male,28,North,45,Month-to-month,53.58,2.0,,1,"$2,411.1"
CUST-5527,M,-5,East,63,One year,119.85,,,1,"$7,550.55"
CUST-5475,Female,64,North,17,One year,62.37,,,0,"$1,060.29"
CUST-4865,M,74,North,32,One year,78.52,1.0,83.39,1,"$2,512.64"
CUST-3843,non-binary,19,South,40,Two year,47.97,3.0,55.5,0,"$1,918.8"
CUST-7060,Female,69,West,71,Two year,40.06,6.0,30.36,1,"$2,844.26"
CUST-3664,Male,55,South,15,1yr,56.98,,38.7,0,$854.7
CUST-5977,F,48,North,44,Two year,84.41,1.0,,0,"$3,714.04"
CUST-10035,non-binary,51,North,31,Month-to-month,32.34,,66.79,1,"$1,002.54"
CUST-7229,non-binary,26,West,66,One year,98.97,,46.09,0,"$6,532.02"
CUST-6675,F,79,West,69,m2m,60.1,,69.78,0,"$4,146.9"
CUST-3913,Male,30,North,1,Month-to-month,96.63,1.0,17.490000000000002,1,$96.63
CUST-5212,Male,50,West,63,Two year,24.09,0.0,94.54,1,"$1,517.67"
CUST-4878,non-binary,63,East,10,One year,40.54,1.0,,0,$405.4
CUST-4083,Female,250,East,70,Month-to-month,34.46,2.0,70.34,0,"$2,412.2"
CUST-6790,Female,77,North,50,One year,67.12,,23.63,0,"$3,356.0"
CUST-8860,non-binary,23,North,70,Month-to-month,45.09,,96.39,1,"$3,156.3"
CUST-6582,Female,72,West,17,One year,88.69,,,0,"$1,507.73"
CUST-2458,Male,37,North,6,Month-to-month,75.54,2.0,89.52,1,$453.24
CUST-2149,non-binary,26,South,32,Month-to-month,92.22,,91.12,1,"$2,951.04"
CUST-3515,Male,59,South,55,Two year,41.76,,,0,"$2,296.8"
CUST-2611,F,48,North,56,Month-to-month,31.44,,,0,"$1,760.64"
CUST-4070,Male,69,South,32,Month-to-month,119.29,,84.74,1,"$3,817.28"
CUST-2638,non-binary,72,South,19,Month-to-month,104.06,,,1,"$1,977.14"
CUST-2762,F,19,West,67,Month-to-month,71.23,,,0,"$4,772.41"
CUST-1232,Female,63,East,0,Month-to-month,82.11,,11.5,1,$0.0
CUST-5645,F,53,West,49,Month-to-month,46.06,8.0,16.54,1,"$2,256.94"
CUST-10299,Female,36,East,39,Month-to-month,81.55,1.0,13.42,1,"$3,180.45"
CUST-4833,Female,50,West,46,2yr,88.02,0.0,,1,"$4,048.92"
CUST-7617,Male,63,West,32,Month-to-month,113.56,,,1,"$3,633.92"
CUST-3265,Female,62,South,25,One year,23.45,1.0,94.41,1,$586.25
CUST-7322,F,49,North,20,Month-to-month,31.64,,,0,$632.8
CUST-7365,M,68,South,65,1yr,106.56,,70.06,0,"$6,926.4"
CUST-10610,Female,61,North,15,Month-to-month,34.64,,42.56,1,$519.6
CUST-1078,non-binary,250,West,14,One year,63.65,,,0,$891.1
CUST-4004,non-binary,58,North,21,One year,70.67,,13.8,1,"$1,484.07"
CUST-1327,F,33,West,5,m2m,113.17,3.0,4.170000000000002,1,$565.85
CUST-10929,M,73,North,2,One year,95.82,,,0,$191.64
CUST-8846,Male,35,East,4,One year,85.08,,25.090000000000003,0,$340.32
CUST-10728,Female,59,North,51,Two year,114.24,0.0,,1,"$5,826.24"
CUST-10062,F,63,South,10,Month-to-month,94.25,1.0,63.24,0,$942.5
CUST-4257,Male,56,West,28,Month-to-month,46.32,,,0,"$1,296.96"
CUST-6618,Male,69,North,36,Month-to-month,82.53,0.0,56.54,0,"$2,971.08"
CUST-2171,F,31,North,39,Month-to-month,94.74,0.0,64.63,0,"$3,694.86"
CUST-8123,M,51,West,58,One year,27.56,,74.3,0,"$1,598.48"
CUST-4704,M,38,North,7,One year,66.06,,24.53,1,$462.42
CUST-4725,M,19,South,6,Two year,80.85,,44.82,1,$485.1
CUST-7722,Female,250,East,8,Month-to-month,55.36,1.0,,0,$442.88
CUST-1941,Male,30,West,38,Month-to-month,75.43,2.0,,0,"$2,866.34"
CUST-6547,F,77,North,4,Month-to-month,36.27,,,1,$145.08
CUST-10297,M,51,West,27,One year,48.43,,,0,"$1,307.61"
CUST-7841,Male,76,South,14,1yr,36.54,,13.71,1,$511.56
CUST-8527,Male,34,North,69,Month-to-month,44.12,,19.71,1,"$3,044.28"
CUST-8282,M,61,North,2,Month-to-month,91.54,,0.0,1,$183.08
CUST-1783,Female,75,West,16,Month-to-month,45.22,,,1,$723.52
CUST-10887,M,59,East,14,Two year,44.65,,82.25,0,$625.1
CUST-7109,M,61,South,12,One year,40.58,1.0,,0,$486.96
CUST-9046,Female,53,East,8,One year,79.29,1.0,,0,$634.32
CUST-8032,non-binary,77,East,12,One year,56.26,0.0,,0,$675.12
CUST-3193,F,61,North,10,One year,38.01,1.0,64.81,0,$380.1
CUST-6327,non-binary,47,North,34,Month-to-month,105.69,,48.78,1,"$3,593.46"
CUST-8177,M,49,East,50,1yr,94.89,,,1,"$4,744.5"
CUST-7083,F,18,West,24,Month-to-month,48.52,1.0,,0,"$1,164.48"
CUST-10169,Male,23,East,55,Month-to-month,69.07,,55.58,0,"$3,798.85"
CUST-3516,M,54,North,34,Month-to-month,53.64,,84.57,0,"$1,823.76"
CUST-8262,non-binary,25,North,29,2yr,76.79,,,0,"$2,226.91"
CUST-1501,Female,37,North,33,Month-to-month,34.32,,,1,"$1,132.56"
CUST-10738,Male,250,West,50,Month-to-month,37.33,0.0,,1,"$1,866.5"
CUST-2350,M,30,East,7,Month-to-month,60.48,,,0,$423.36
CUST-2144,F,33,South,57,Month-to-month,42.22,,38.54,0,"$2,406.54"
CUST-5454,non-binary,34,East,42,Month-to-month,101.87,,89.25,1,"$4,278.54"
CUST-4106,F,38,East,48,Month-to-month,93.87,,70.75,0,"$4,505.76"
CUST-1484,non-binary,-5,West,21,Month-to-month,112.82,0.0,59.0,1,"$2,369.22"
CUST-6469,F,67,North,21,Month-to-month,40.41,2.0,77.04,1,$848.61
CUST-1019,M,21,West,4,Two year,97.84,2.0,,0,$391.36
CUST-2355,Male,41,East,39,One year,61.06,,81.41,0,"$2,381.34"
CUST-6390,Male,52,South,41,Month-to-month,34.52,2.0,,0,"$1,415.32"
CUST-3315,non-binary,67,South,17,m2m,110.93,5.0,15.96,1,"$1,885.81"
CUST-5845,F,68,West,41,One year,84.19,1.0,47.66,0,"$3,451.79"
CUST-4594,M,45,East,40,Two year,45.03,,30.04,0,"$1,801.2"
CUST-5459,Female,33,East,70,Month-to-month,90.91,,,1,"$6,363.7"
CUST-7138,M,45,West,42,Month-to-month,60.51,,,0,"$2,541.42"
CUST-1152,non-binary,22,East,23,Two year,39.18,0.0,,1,$901.14
CUST-4356,M,58,West,39,One year,38.74,3.0,,0,"$1,510.86"
CUST-2240,Male,31,West,59,One year,105.47,,20.82,1,"$6,222.73"
CUST-3808,Male,22,West,13,Month-to-month,25.11,1.0,69.16,1,$326.43
CUST-1265,Female,21,North,2,Month-to-month,116.08,,7.129999999999999,1,$232.16
CUST-5588,Male,55,North,60,Month-to-month,81.76,3.0,,0,"$4,905.6"
CUST-6707,F,24,West,70,One year,109.4,,33.46,0,"$7,658.0"
CUST-4057,Male,51,East,67,One year,92.63,1.0,,0,"$6,206.21"
CUST-1739,F,36,East,25,2yr,70.15,,,0,"$1,753.75"
CUST-5594,F,74,West,15,Month-to-month,34.65,,,1,$519.75
CUST-3716,Female,46,West,48,Month-to-month,68.41,,58.39,0,"$3,283.68"
CUST-4658,F,45,North,27,One year,37.12,1.0,,0,"$1,002.24"
CUST-5685,Female,44,West,33,m2m,44.88,,,1,"$1,481.04"
CUST-3903,Male,45,North,26,Two year,25.3,3.0,,0,$657.8
CUST-2853,Female,-5,North,6,Month-to-month,83.02,0.0,43.27,1,$498.12
CUST-6259,non-binary,66,North,22,m2m,39.36,0.0,50.11,0,$865.92
CUST-9535,Male,72,South,48,One year,86.21,,54.78,0,"$4,138.08"
CUST-1922,F,36,South,59,2yr,78.68,8.0,33.45,0,"$4,642.12"
CUST-2994,Male,63,West,15,One year,53.98,,97.92,0,$809.7
CUST-5278,non-binary,55,South,9,One year,98.47,,,0,$886.23
CUST-4876,Male,45,East,3,One year,103.85,2.0,,0,$311.55
CUST-3802,Female,31,West,38,Month-to-month,65.09,,33.27,1,"$2,473.42"
CUST-7259,F,42,South,37,One year,28.31,,,0,"$1,047.47"
CUST-10147,Male,250,West,71,m2m,35.61,,93.52,1,"$2,528.31"
CUST-1765,M,58,West,59,One year,107.43,4.0,16.19,1,"$6,338.37"
CUST-8776,non-binary,53,North,55,Month-to-month,83.16,,25.91,1,"$4,573.8"
CUST-5842,non-binary,55,South,46,m2m,46.93,,17.45,1,"$2,158.78"
CUST-6484,F,54,East,17,Month-to-month,28.8,0.0,86.62,0,$489.6
CUST-4221,non-binary,26,East,71,Month-to-month,46.93,1.0,,1,"$3,332.03"
CUST-7554,F,77,North,15,Two year,35.16,,22.56,1,$527.4
CUST-6809,M,64,South,24,1yr,38.99,,58.56,0,$935.76
CUST-3899,Female,28,South,51,2yr,96.41,,,0,"$4,916.91"
CUST-6787,non-binary,33,West,51,One year,75.16,,90.47,0,"$3,833.16"
CUST-9060,F,-5,East,31,Month-to-month,89.71,,,0,"$2,781.01"
CUST-3426,F,66,West,42,Month-to-month,29.27,,52.03,0,"$1,229.34"
CUST-2871,F,21,West,3,Month-to-month,93.05,0.0,82.72,0,$279.15
CUST-9828,F,40,North,27,Two year,46.87,,,0,"$1,265.49"
CUST-5725,F,-5,West,27,Two year,75.05,0.0,61.9,0,"$2,026.35"
CUST-7870,Male,-5,South,55,Month-to-month,118.58,,29.94,1,"$6,521.9"
CUST-6394,non-binary,50,North,28,m2m,20.69,,93.71,0,$579.32
CUST-4391,Male,28,East,36,Month-to-month,53.17,3.0,,0,"$1,914.12"
CUST-3172,F,72,South,49,m2m,103.85,3.0,,0,"$5,088.65"
CUST-9213,F,56,South,13,One year,85.07,,,0,"$1,105.91"
CUST-4884,non-binary,46,West,68,Month-to-month,36.14,,,1,"$2,457.52"
CUST-2122,Female,60,North,71,Month-to-month,101.38,0.0,,0,"$7,197.98"
CUST-6856,M,72,East,41,One year,115.43,1.0,,1,"$4,732.63"
CUST-1297,non-binary,18,South,38,Two year,91.28,2.0,41.68,1,"$3,468.64"
CUST-6433,non-binary,57,West,52,One year,60.26,,,0,"$3,133.52"
CUST-1810,Male,56,South,6,Month-to-month,71.73,2.0,,0,$430.38
CUST-3456,Female,54,West,3,Month-to-month,66.23,,,0,$198.69
CUST-9654,Female,49,West,11,One year,33.64,,95.33,1,$370.04
CUST-5159,M,35,West,45,Month-to-month,36.78,,,1,"$1,655.1"
CUST-9385,Female,55,West,19,Month-to-month,49.32,1.0,,1,$937.08
CUST-9693,Female,23,South,49,2yr,47.36,1.0,,0,"$2,320.64"
CUST-1629,Female,64,East,27,Two year,62.99,1.0,,0,"$1,700.73"
CUST-10521,Male,18,North,20,Month-to-month,29.63,3.0,37.46,0,$592.6
CUST-10165,non-binary,30,North,39,Month-to-month,119.56,0.0,,1,"$4,662.84"
CUST-10890,F,20,North,36,Month-to-month,75.89,,72.8,0,"$2,732.04"
CUST-2812,Male,31,North,7,1yr,111.18,,97.22,1,$778.26
CUST-9924,non-binary,77,South,69,One year,83.25,1.0,18.42,0,"$5,744.25"
CUST-8230,non-binary,18,South,55,Two year,87.58,,67.52,0,"$4,816.9"
CUST-8258,M,32,West,67,Month-to-month,108.51,,,0,"$7,270.17"
CUST-1635,Female,37,West,67,Month-to-month,46.0,1.0,25.88,1,"$3,082.0"
CUST-1245,F,61,North,46,Two year,31.11,1.0,56.59,1,"$1,431.06"
CUST-5906,Female,29,West,47,m2m,36.79,1.0,96.67,0,"$1,729.13"
CUST-3269,M,60,South,15,Month-to-month,22.1,,,1,$331.5
CUST-10850,Female,43,North,42,Month-to-month,68.44,1.0,18.19,1,"$2,874.48"
CUST-5422,M,41,East,28,Two year,38.04,,92.04,0,"$1,065.12"
CUST-8901,non-binary,61,South,28,Month-to-month,75.77,1.0,,1,"$2,121.56"
CUST-3460,non-binary,45,North,38,m2m,36.61,,,1,"$1,391.18"
CUST-6585,Male,25,North,30,One year,87.01,1.0,,0,"$2,610.3"
CUST-10982,non-binary,-5,North,16,One year,62.55,2.0,94.63,0,"$1,000.8"
CUST-5503,Female,34,North,31,m2m,51.63,2.0,68.61,0,"$1,600.53"
CUST-3221,non-binary,34,West,21,Month-to-month,119.76,,,0,"$2,514.96"
CUST-5820,F,79,South,23,Two year,57.04,3.0,,0,"$1,311.92"
CUST-5494,Male,32,North,46,One year,73.09,3.0,76.24,0,"$3,362.14"
CUST-2247,non-binary,54,West,48,Month-to-month,80.22,,15.39,0,"$3,850.56"
CUST-10107,M,27,East,10,m2m,108.93,,,1,"$1,089.3"
CUST-1228,non-binary,30,West,10,m2m,81.1,,,0,$811.0
CUST-1983,M,80,North,24,Month-to-month,102.56,1.0,,0,"$2,461.44"
CUST-6122,M,55,South,17,Month-to-month,88.15,1.0,,1,"$1,498.55"
CUST-1525,Female,26,South,63,One year,53.5,2.0,,1,"$3,370.5"
CUST-4746,Female,74,South,60,Month-to-month,62.38,0.0,43.63,0,"$3,742.8"
CUST-1304,F,40,West,61,2yr,105.36,0.0,45.65,0,"$6,426.96"
CUST-7308,Female,29,North,46,One year,115.85,0.0,,0,"$5,329.1"
CUST-6937,non-binary,27,North,48,Month-to-month,31.21,3.0,40.05,0,"$1,498.08"
CUST-1321,non-binary,62,South,56,One year,26.38,3.0,,0,"$1,477.28"
CUST-7078,non-binary,75,South,3,Two year,31.69,1.0,7.59,1,$95.07
CUST-2333,Female,72,West,8,2yr,28.04,,,0,$224.32
CUST-4939,non-binary,76,North,51,Two year,56.17,0.0,66.71,0,"$2,864.67"
CUST-9397,F,46,North,4,Two year,91.8,,,0,$367.2
CUST-3612,Female,76,West,41,One year,103.23,9.0,29.67,0,"$4,232.43"
CUST-4825,Male,49,North,35,One year,104.98,1.0,77.03,1,"$3,674.3"
CUST-3852,Male,18,West,29,Two year,32.38,,59.84,0,$939.02
CUST-2181,M,52,South,10,Month-to-month,21.42,3.0,68.85,0,$214.2
CUST-1771,F,35,West,63,m2m,59.18,1.0,52.08,1,"$3,728.34"
CUST-8007,Male,43,East,34,One year,99.92,,67.77,1,"$3,397.28"
CUST-6354,M,67,North,8,m2m,55.93,2.0,61.96,1,$447.44
CUST-1684,non-binary,30,West,17,Month-to-month,23.67,,,0,$402.39
CUST-10089,M,55,North,16,One year,44.6,,,0,$713.6
CUST-8208,Male,34,North,66,Month-to-month,88.37,,50.02,0,"$5,832.42"
CUST-4099,Male,59,North,2,Month-to-month,116.7,3.0,,0,$233.4
CUST-1159,M,79,West,44,Month-to-month,77.03,,47.66,0,"$3,389.32"
CUST-6664,Male,66,South,58,m2m,113.9,,,1,"$6,606.2"
CUST-5270,non-binary,46,West,43,Month-to-month,43.62,,,1,"$1,875.66"
CUST-10932,non-binary,250,East,38,Month-to-month,23.94,1.0,,0,$909.72
CUST-2424,Male,19,West,50,Two year,82.31,,,0,"$4,115.5"
CUST-4239,F,77,East,21,Two year,115.1,3.0,16.51,0,"$2,417.1"
CUST-8137,Male,79,North,54,Month-to-month,104.03,2.0,,1,"$5,617.62"
CUST-2495,F,68,West,49,1yr,53.99,0.0,17.12,0,"$2,645.51"
CUST-4398,Male,20,South,37,Two year,111.22,,,0,"$4,115.14"
CUST-8323,Male,74,South,46,One year,91.59,4.0,28.82,0,"$4,213.14"
CUST-2687,non-binary,250,West,62,m2m,71.59,,,1,"$4,438.58"
CUST-10006,M,47,South,72,One year,41.52,2.0,63.34,0,"$2,989.44"
CUST-6905,Male,40,North,36,Month-to-month,77.73,1.0,71.33,0,"$2,798.28"
CUST-9387,Female,73,West,42,Month-to-month,97.86,,46.74,1,"$4,110.12"
CUST-6035,F,76,South,1,One year,85.23,,,0,$85.23
CUST-3267,non-binary,39,North,13,2yr,31.14,,37.92,0,$404.82
CUST-10312,non-binary,74,West,33,m2m,115.47,,77.87,1,"$3,810.51"
CUST-3047,Female,30,West,60,2yr,40.37,0.0,,0,"$2,422.2"
CUST-1682,M,60,South,26,Month-to-month,30.47,,,0,$792.22
CUST-4276,M,51,North,72,One year,69.84,,84.88,0,"$5,028.48"
CUST-6070,M,19,East,21,2yr,57.64,,,0,"$1,210.44"
CUST-1350,F,56,South,52,Month-to-month,60.92,,,1,"$3,167.84"
CUST-9990,non-binary,66,West,9,m2m,41.17,2.0,,0,$370.53
CUST-10746,M,250,South,16,Month-to-month,20.36,,,0,$325.76
CUST-8368,Female,72,South,51,2yr,105.51,,28.91,1,"$5,381.01"
CUST-3732,Male,31,East,72,Month-to-month,82.97,,,0,"$5,973.84"
CUST-7279,Male,59,East,60,Month-to-month,97.36,2.0,65.46,0,"$5,841.6"
CUST-8146,non-binary,63,South,42,1yr,102.68,1.0,,0,"$4,312.56"
CUST-4201,M,31,West,29,One year,60.32,0.0,56.64,0,"$1,749.28"
CUST-9661,M,28,South,57,Two year,96.29,,16.91,1,"$5,488.53"
CUST-3565,M,55,West,18,Two year,45.64,,,1,$821.52
CUST-7426,M,-5,East,42,Month-to-month,74.75,,,0,"$3,139.5"
CUST-5607,non-binary,48,West,64,Month-to-month,61.72,1.0,,0,"$3,950.08"
CUST-10319,Female,41,West,0,m2m,38.81,,,0,$0.0
CUST-2986,F,74,North,37,One year,21.34,2.0,57.36,0,$789.58
CUST-10589,Female,59,North,71,Month-to-month,43.41,,,1,"$3,082.11"
CUST-8107,Male,25,North,5,One year,47.91,,,0,$239.55
CUST-6237,F,76,West,29,1yr,105.65,2.0,94.88,0,"$3,063.85"
CUST-9221,M,37,West,18,2yr,66.92,,40.23,0,"$1,204.56"
CUST-3237,Female,51,North,16,One year,25.24,,,0,$403.84
CUST-4502,non-binary,59,North,29,Two year,110.54,6.0,22.38,1,"$3,205.66"
CUST-2931,non-binary,57,West,40,1yr,85.54,,52.29,0,"$3,421.6"
CUST-4527,M,62,West,69,Month-to-month,61.49,,67.1,1,"$4,242.81"
CUST-10775,M,27,East,70,Month-to-month,81.54,1.0,,0,"$5,707.8"
CUST-7482,non-binary,24,East,20,One year,54.14,0.0,,1,"$1,082.8"
CUST-7782,F,31,East,59,Month-to-month,33.98,2.0,40.78,1,"$2,004.82"
CUST-7867,M,24,North,72,Month-to-month,72.36,2.0,72.22,0,"$5,209.92"
CUST-5388,Male,27,North,34,Two year,81.73,9.0,18.7,0,"$2,778.82"
CUST-8827,non-binary,79,North,8,Month-to-month,54.36,3.0,,1,$434.88
CUST-9584,M,34,North,41,Two year,99.99,1.0,,1,"$4,099.59"
CUST-5426,Female,51,North,41,Month-to-month,105.09,,,0,"$4,308.69"
CUST-4713,M,44,South,35,Two year,87.67,1.0,68.42,0,"$3,068.45"
CUST-9822,Female,56,North,9,Month-to-month,20.22,,,0,$181.98
CUST-6579,Male,55,South,60,Month-to-month,106.3,,26.73,1,"$6,378.0"
CUST-10552,M,27,South,62,Month-to-month,39.7,,,1,"$2,461.4"
CUST-2321,non-binary,48,North,57,Month-to-month,21.81,,,0,"$1,243.17"
CUST-6260,F,25,North,34,m2m,51.49,,,1,"$1,750.66"
CUST-6991,Female,50,East,53,Month-to-month,23.87,6.0,11.34,1,"$1,265.11"
CUST-6123,non-binary,36,North,45,One year,71.79,,,0,"$3,230.55"
CUST-4730,Male,46,South,15,Month-to-month,28.72,1.0,,1,$430.8
CUST-9613,Male,30,West,66,One year,111.79,2.0,,0,"$7,378.14"
CUST-8198,Male,34,North,3,m2m,31.24,1.0,,0,$93.72
CUST-8806,non-binary,40,West,64,Month-to-month,92.95,2.0,,0,"$5,948.8"
CUST-2753,Male,62,West,50,m2m,94.25,,,1,"$4,712.5"
CUST-4075,M,76,South,66,One year,61.63,,23.01,1,"$4,067.58"
CUST-2176,Male,18,South,58,One year,22.74,,56.92,0,"$1,318.92"
CUST-5861,F,79,North,34,Two year,38.44,3.0,,0,"$1,306.96"
CUST-6463,Female,34,East,5,Month-to-month,21.06,1.0,53.730000000000004,1,$105.3
CUST-8335,M,74,North,62,Month-to-month,63.57,3.0,,0,"$3,941.34"
CUST-9797,M,40,West,4,One year,51.48,3.0,,0,$205.92
CUST-8542,F,61,West,20,Month-to-month,46.53,1.0,67.13,1,$930.6
CUST-1989,Female,64,South,23,m2m,27.65,,31.5,1,$635.95
CUST-8677,F,73,North,12,One year,117.58,,,1,"$1,410.96"
CUST-3724,Male,250,South,13,One year,38.55,0.0,92.43,0,$501.15
CUST-7997,non-binary,30,West,42,Month-to-month,84.34,3.0,83.44,0,"$3,542.28"
CUST-8419,Female,64,West,10,One year,29.33,0.0,89.63,0,$293.3
CUST-5298,Female,77,East,3,Month-to-month,80.32,,,1,$240.96
CUST-6016,Male,55,West,65,One year,21.03,,17.35,1,"$1,366.95"
CUST-3786,non-binary,37,South,25,Two year,75.25,,72.82,0,"$1,881.25"
CUST-2152,non-binary,25,South,2,One year,69.87,,84.3,0,$139.74
CUST-2902,M,59,West,21,One year,84.49,3.0,,0,"$1,774.29"
CUST-4081,Female,18,North,65,Month-to-month,33.34,2.0,92.89,0,"$2,167.1"
CUST-7176,Male,30,East,46,Two year,41.24,2.0,,0,"$1,897.04"
CUST-4651,F,67,West,25,Two year,114.33,1.0,64.38,1,"$2,858.25"
CUST-4063,Female,71,South,37,Month-to-month,53.29,1.0,96.64,1,"$1,971.73"
CUST-4513,Male,75,West,13,Month-to-month,78.98,2.0,53.54,1,"$1,026.74"
CUST-6377,F,34,North,16,Month-to-month,33.13,2.0,32.91,1,$530.08
CUST-2519,F,61,North,9,Month-to-month,74.07,0.0,,1,$666.63
CUST-8684,Female,54,East,53,Two year,61.45,3.0,,0,"$3,256.85"
CUST-10498,Male,31,North,72,Two year,49.08,1.0,25.52,0,"$3,533.76"
CUST-1120,non-binary,38,West,40,Month-to-month,69.25,2.0,77.39,1,"$2,770.0"
CUST-7957,Female,61,North,22,m2m,64.88,1.0,65.6,1,"$1,427.36"
CUST-6608,F,41,West,23,Month-to-month,54.02,1.0,47.01,0,"$1,242.46"
CUST-10048,Female,80,East,43,One year,82.06,,94.16,0,"$3,528.58"
CUST-5437,Female,64,North,40,Two year,114.06,,,0,"$4,562.4"
CUST-9306,F,31,South,46,One year,40.4,,,0,"$1,858.4"
CUST-4593,F,35,North,44,One year,86.87,,33.75,0,"$3,822.28"
CUST-4418,F,52,South,8,m2m,63.32,2.0,94.75,0,$506.56
CUST-4464,M,-5,West,59,One year,100.04,1.0,,0,"$5,902.36"
CUST-7793,F,79,South,72,Month-to-month,70.17,,88.09,0,"$5,052.24"
CUST-4359,Male,46,West,7,One year,59.44,,,0,$416.08
CUST-10446,M,39,West,49,Month-to-month,118.08,,85.03,0,"$5,785.92"
CUST-8541,non-binary,21,East,14,m2m,110.23,,22.86,1,"$1,543.22"
CUST-2491,M,38,East,55,Month-to-month,101.0,0.0,81.54,1,"$5,555.0"
CUST-10951,Female,80,South,33,Month-to-month,51.65,,81.67,1,"$1,704.45"
CUST-1721,F,27,West,42,m2m,36.46,2.0,,0,"$1,531.32"
CUST-10310,non-binary,38,West,46,One year,47.01,,,0,"$2,162.46"
CUST-10222,F,80,North,10,Month-to-month,113.02,,,0,"$1,130.2"
CUST-2206,non-binary,61,North,66,Month-to-month,41.98,,45.22,0,"$2,770.68"
CUST-1169,Female,80,North,71,One year,87.59,,72.62,0,"$6,218.89"
CUST-4014,Male,32,West,16,One year,36.55,0.0,,0,$584.8
CUST-9572,Female,51,West,1,One year,118.23,2.0,,0,$118.23
CUST-5920,non-binary,18,South,70,Month-to-month,80.37,0.0,,1,"$5,625.9"
CUST-5803,non-binary,50,East,69,1yr,98.6,1.0,,0,"$6,803.4"
CUST-10828,F,29,East,60,One year,110.46,2.0,,1,"$6,627.6"
CUST-7385,M,80,South,67,Month-to-month,23.39,2.0,,0,"$1,567.13"
CUST-9864,F,52,West,3,Month-to-month,27.1,0.0,46.56,0,$81.3
CUST-8879,Male,41,East,15,m2m,102.7,2.0,,0,"$1,540.5"
CUST-3277,F,60,East,11,One year,49.22,,74.17,0,$541.42
CUST-1681,M,43,East,3,One year,60.74,10.0,28.009999999999998,0,$182.22
CUST-10986,M,63,West,33,One year,64.97,2.0,,0,"$2,144.01"
CUST-2675,Female,62,West,34,One year,100.93,4.0,17.27,0,"$3,431.62"
CUST-2422,Female,67,East,25,Month-to-month,44.09,0.0,,0,"$1,102.25"
CUST-8741,Female,63,South,53,Month-to-month,109.72,0.0,,1,"$5,815.16"
CUST-4943,Female,23,South,33,One year,50.56,3.0,,1,"$1,668.48"
CUST-10505,F,67,South,32,1yr,84.08,2.0,,0,"$2,690.56"
CUST-3812,Male,-5,South,44,Month-to-month,59.95,,42.63,1,"$2,637.8"
CUST-9314,F,60,North,27,One year,23.39,10.0,22.16,1,$631.53
CUST-6423,M,56,West,59,m2m,61.4,3.0,97.84,1,"$3,622.6"
CUST-7877,non-binary,250,East,9,Month-to-month,84.85,,62.77,1,$763.65
CUST-10444,Female,64,West,55,One year,83.06,,55.71,0,"$4,568.3"
CUST-8153,non-binary,69,West,64,One year,96.72,1.0,,0,"$6,190.08"
CUST-5789,F,57,West,30,One year,95.84,1.0,,0,"$2,875.2"
CUST-8864,M,41,North,72,One year,32.18,,41.6,0,"$2,316.96"
CUST-10485,non-binary,38,West,63,Two year,49.45,6.0,22.91,1,"$3,115.35"
CUST-5401,M,75,North,20,One year,71.72,2.0,,0,"$1,434.4"
CUST-2696,Female,74,West,32,Month-to-month,92.78,,79.69,1,"$2,968.96"
CUST-1789,Female,28,East,66,Month-to-month,112.04,,,0,"$7,394.64"
CUST-6224,non-binary,80,South,16,Month-to-month,84.64,1.0,,0,"$1,354.24"
CUST-9051,M,23,North,44,Month-to-month,56.05,2.0,,0,"$2,466.2"
CUST-1203,Male,80,South,56,Month-to-month,75.06,,,1,"$4,203.36"
CUST-9404,Male,52,North,3,Month-to-month,104.01,,,1,$312.03
CUST-9418,Male,26,West,1,Month-to-month,38.13,0.0,,1,$38.13
CUST-3646,M,250,West,31,1yr,107.11,0.0,86.86,1,"$3,320.41"
CUST-7018,F,56,South,58,Month-to-month,59.79,0.0,58.71,1,"$3,467.82"
CUST-4736,M,43,West,38,2yr,82.08,2.0,,0,"$3,119.04"
CUST-9930,Female,-5,South,23,Month-to-month,26.97,,,0,$620.31
CUST-3906,Male,63,West,62,One year,91.63,2.0,40.33,0,"$5,681.06"
CUST-9757,non-binary,78,East,23,m2m,63.81,6.0,16.3,1,"$1,467.63"
CUST-1870,Male,22,West,14,One year,65.83,0.0,64.08,0,$921.62
CUST-8417,Male,51,South,16,Month-to-month,42.02,3.0,,1,$672.32
CUST-9846,non-binary,40,West,33,1yr,63.67,,,0,"$2,101.11"
CUST-8216,Male,69,North,25,Month-to-month,58.13,1.0,97.97,0,"$1,453.25"
CUST-3408,M,45,East,44,Two year,117.89,0.0,,1,"$5,187.16"
CUST-9157,M,49,North,26,One year,64.83,,,0,"$1,685.58"
CUST-6576,F,65,West,6,Two year,97.9,,45.19,0,$587.4
CUST-1915,M,62,North,37,Month-to-month,75.87,2.0,61.88,1,"$2,807.19"
CUST-1122,F,52,South,6,One year,54.09,3.0,,0,$324.54
CUST-9234,F,27,West,6,Month-to-month,96.31,,91.44,1,$577.86
CUST-1970,Female,50,South,57,Month-to-month,117.14,3.0,,0,"$6,676.98"
CUST-4278,Female,71,West,36,1yr,106.03,2.0,,0,"$3,817.08"
CUST-5397,non-binary,72,North,28,Month-to-month,69.45,3.0,,0,"$1,944.6"
CUST-9161,Male,75,South,60,One year,57.31,,41.47,0,"$3,438.6"
CUST-4235,F,38,North,33,One year,25.64,1.0,,0,$846.12
CUST-2060,F,250,West,4,m2m,45.17,,,1,$180.68
CUST-7200,M,67,North,34,One year,109.45,1.0,,0,"$3,721.3"
CUST-1266,Male,52,South,66,Month-to-month,48.3,1.0,,0,"$3,187.8"
CUST-9750,Male,-5,South,22,Month-to-month,46.67,,71.99,0,"$1,026.74"
CUST-10635,Female,51,East,9,m2m,58.87,0.0,71.3,1,$529.83
CUST-5949,M,35,South,33,One year,76.17,,11.98,0,"$2,513.61"
CUST-9692,Male,65,East,37,Month-to-month,62.67,2.0,,1,"$2,318.79"
CUST-4214,M,66,North,41,m2m,68.06,0.0,89.75,0,"$2,790.46"
CUST-10265,M,63,North,51,Month-to-month,23.83,,63.55,0,"$1,215.33"
CUST-2401,Male,26,North,32,1yr,44.43,,46.83,0,"$1,421.76"
CUST-4850,Male,72,North,9,Two year,113.73,2.0,55.28,1,"$1,023.57"
CUST-1047,Female,24,West,15,One year,112.85,2.0,51.04,0,"$1,692.75"
CUST-4976,non-binary,30,South,60,1yr,85.69,,,0,"$5,141.4"
CUST-8509,F,47,West,19,Month-to-month,66.26,4.0,10.14,1,"$1,258.94"
CUST-5872,Female,70,West,15,One year,105.8,3.0,47.67,0,"$1,587.0"
CUST-2584,M,41,West,21,Two year,50.76,2.0,,0,"$1,065.96"
CUST-6731,F,77,West,63,Month-to-month,60.53,,,0,"$3,813.39"
CUST-8429,non-binary,72,West,71,m2m,26.55,6.0,18.62,1,"$1,885.05"
CUST-2866,Male,26,North,66,Month-to-month,100.45,,,1,"$6,629.7"
CUST-2257,non-binary,25,North,4,Month-to-month,106.98,,68.39,1,$427.92
CUST-10037,Male,38,North,50,1yr,58.43,,25.21,0,"$2,921.5"
CUST-3008,M,27,South,0,Month-to-month,112.78,3.0,55.849999999999994,0,$0.0
CUST-8680,non-binary,41,West,72,Two year,27.75,1.0,,0,"$1,998.0"
CUST-7597,F,39,East,25,Month-to-month,61.29,,,0,"$1,532.25"
CUST-8117,Female,36,North,13,m2m,41.73,2.0,,0,$542.49
CUST-2083,Female,53,West,54,One year,84.73,,58.76,0,"$4,575.42"
CUST-1378,non-binary,26,East,54,One year,67.44,,39.61,0,"$3,641.76"
CUST-4328,F,72,West,15,m2m,23.64,2.0,38.01,0,$354.6
CUST-7865,M,49,West,26,Two year,41.47,,87.36,1,"$1,078.22"
CUST-8309,Female,54,East,39,One year,104.86,2.0,88.75,0,"$4,089.54"
CUST-7362,Male,65,West,48,Month-to-month,91.74,3.0,85.76,0,"$4,403.52"
CUST-9667,F,27,West,65,2yr,47.51,,,0,"$3,088.15"
CUST-7293,M,27,South,50,1yr,86.26,,,0,"$4,313.0"
CUST-3777,Female,76,North,19,Month-to-month,48.82,1.0,68.25,1,$927.58
CUST-3723,Female,64,South,54,Month-to-month,79.23,3.0,48.52,1,"$4,278.42"
CUST-5542,M,34,West,16,m2m,108.38,3.0,,1,"$1,734.08"
CUST-7846,non-binary,45,South,14,Two year,21.6,3.0,80.75,0,$302.4
CUST-3593,Male,56,North,31,One year,76.59,,,0,"$2,374.29"
CUST-9308,F,70,North,27,Two year,74.4,4.0,15.36,0,"$2,008.8"
CUST-2234,Female,52,North,27,One year,69.46,,,0,"$1,875.42"
CUST-7925,Male,36,East,48,Two year,110.56,,73.58,0,"$5,306.88"
CUST-7762,Female,65,North,58,Month-to-month,24.66,,,1,"$1,430.28"
CUST-6061,Female,41,West,13,Month-to-month,111.88,,,0,"$1,454.44"
CUST-10323,Female,250,North,38,Two year,47.99,1.0,,0,"$1,823.62"
CUST-2117,non-binary,58,North,22,Month-to-month,27.18,7.0,18.22,1,$597.96
CUST-5891,non-binary,29,West,70,Month-to-month,82.12,,,0,"$5,748.4"
CUST-9467,Male,78,South,59,One year,110.71,8.0,11.98,1,"$6,531.89"
CUST-4586,Male,19,North,8,1yr,95.47,,,0,$763.76
CUST-5591,non-binary,23,West,43,Month-to-month,106.25,,,0,"$4,568.75"
CUST-5328,F,66,North,37,Month-to-month,38.02,,,1,"$1,406.74"
CUST-9376,F,45,West,28,m2m,102.11,2.0,24.49,1,"$2,859.08"
CUST-1425,F,24,North,9,Month-to-month,105.53,3.0,,1,$949.77
CUST-10651,M,43,East,48,Month-to-month,56.59,,53.31,0,"$2,716.32"
CUST-10440,Male,40,North,29,Two year,64.33,,,0,"$1,865.57"
CUST-10960,F,45,North,65,Two year,36.95,2.0,67.38,0,"$2,401.75"
CUST-6617,Female,20,North,35,One year,41.74,,,0,"$1,460.9"
CUST-5581,non-binary,38,North,67,Month-to-month,110.61,9.0,21.86,1,"$7,410.87"
CUST-3974,F,44,South,37,Month-to-month,112.79,,91.05,0,"$4,173.23"
CUST-3214,M,250,North,54,m2m,94.32,,,0,"$5,093.28"
CUST-4425,M,250,East,60,Two year,114.16,1.0,,1,"$6,849.6"
CUST-1714,Female,60,South,26,Month-to-month,24.65,,,0,$640.9
CUST-9605,M,64,East,32,m2m,99.53,,,1,"$3,184.96"
CUST-6889,M,73,South,62,One year,102.34,3.0,88.03,0,"$6,345.08"
CUST-8788,Female,32,West,64,Two year,55.84,0.0,81.03,0,"$3,573.76"
CUST-2373,M,29,West,60,1yr,39.36,,74.47,0,"$2,361.6"
CUST-6840,Female,37,West,51,Two year,27.84,3.0,80.45,0,"$1,419.84"
CUST-5207,M,68,West,68,Two year,31.81,,41.61,0,"$2,163.08"
CUST-10360,non-binary,46,East,48,Month-to-month,89.03,8.0,27.95,1,"$4,273.44"
CUST-2515,non-binary,68,North,21,1yr,32.35,,26.09,1,$679.35
CUST-9176,F,50,North,0,One year,75.02,3.0,77.87,0,$0.0
CUST-6052,non-binary,77,West,45,Month-to-month,116.63,2.0,18.61,1,"$5,248.35"
CUST-3397,Female,25,South,52,Month-to-month,94.99,3.0,,1,"$4,939.48"
CUST-9892,Male,55,West,33,m2m,60.52,,,1,"$1,997.16"
CUST-10009,F,23,South,35,Month-to-month,100.64,,,0,"$3,522.4"
CUST-2363,Female,76,North,26,Month-to-month,76.2,,79.9,0,"$1,981.2"
CUST-1509,non-binary,51,West,67,Two year,76.33,,,0,"$5,114.11"
CUST-8192,non-binary,57,South,61,Two year,77.3,5.0,18.18,1,"$4,715.3"
CUST-4220,F,52,South,35,One year,52.98,,,0,"$1,854.3"
CUST-5753,Male,24,North,23,Month-to-month,40.09,,,0,$922.07
CUST-10158,non-binary,34,South,5,Two year,34.35,,52.760000000000005,0,$171.75
CUST-6516,Male,20,South,69,2yr,56.17,,,0,"$3,875.73"
CUST-6049,non-binary,69,North,2,Month-to-month,48.01,1.0,68.66,1,$96.02
CUST-2559,F,55,East,5,Two year,80.26,,,0,$401.3
CUST-2476,F,78,West,33,One year,27.92,,59.37,0,$921.36
CUST-8867,F,72,West,35,m2m,41.08,,16.27,0,"$1,437.8"
CUST-5109,F,65,West,57,1yr,107.35,,,0,"$6,118.95"
CUST-5413,non-binary,18,South,49,One year,49.64,3.0,,0,"$2,432.36"
CUST-9115,F,53,North,70,Month-to-month,60.54,0.0,97.77,1,"$4,237.8"
CUST-6705,Female,69,East,61,Month-to-month,46.95,,,1,"$2,863.95"
CUST-3357,Female,46,North,24,One year,60.5,,84.21,0,"$1,452.0"
CUST-2629,Female,72,North,18,m2m,33.05,,19.51,1,$594.9
CUST-2156,Male,78,West,41,2yr,91.72,3.0,21.66,0,"$3,760.52"
CUST-8105,Female,34,South,30,Two year,22.39,1.0,,0,$671.7
CUST-3450,Male,28,North,9,Month-to-month,109.17,,54.84,0,$982.53
CUST-2660,non-binary,58,South,23,Two year,26.54,0.0,,0,$610.42
CUST-1815,non-binary,61,North,71,m2m,92.17,1.0,47.68,1,"$6,544.07"
CUST-3198,Female,40,West,10,One year,74.01,1.0,67.6,0,$740.1
CUST-7141,non-binary,42,North,69,Two year,104.95,,,0,"$7,241.55"
CUST-5767,non-binary,57,North,9,Month-to-month,20.38,8.0,28.02,1,$183.42
CUST-8888,F,38,West,64,One year,27.82,3.0,,0,"$1,780.48"
CUST-6662,non-binary,23,East,20,Month-to-month,83.85,3.0,43.86,1,"$1,677.0"
CUST-7724,Male,21,South,9,Month-to-month,65.01,3.0,,1,$585.09
CUST-2106,Female,26,North,65,Month-to-month,119.62,,34.72,1,"$7,775.3"
CUST-7882,M,59,South,36,Two year,84.94,1.0,,0,"$3,057.84"
CUST-2586,non-binary,30,West,17,One year,93.3,1.0,64.44,0,"$1,586.1"
CUST-4165,Female,76,North,8,One year,104.24,,58.31,0,$833.92
CUST-4629,non-binary,73,South,21,1yr,43.88,2.0,,0,$921.48
CUST-8774,F,69,West,29,One year,50.03,,68.79,0,"$1,450.87"
CUST-10266,Male,67,South,11,1yr,35.71,,,0,$392.81
CUST-6710,non-binary,64,West,10,Month-to-month,101.46,2.0,,1,"$1,014.6"
CUST-7788,Male,76,West,29,2yr,70.93,,,0,"$2,056.97"
CUST-5625,M,57,East,2,Month-to-month,26.76,0.0,,0,$53.52
CUST-3303,Female,45,South,59,One year,20.88,3.0,,0,"$1,231.92"
CUST-2603,Female,19,North,4,m2m,26.44,,,0,$105.76
CUST-6230,F,23,East,48,Month-to-month,90.59,0.0,83.81,1,"$4,348.32"
CUST-2863,Male,56,South,15,Two year,62.42,,,0,$936.3
CUST-6556,Female,46,South,62,2yr,107.78,2.0,83.43,0,"$6,682.36"
CUST-9492,F,39,South,66,1yr,80.93,2.0,,0,"$5,341.38"
CUST-10630,Female,71,North,55,2yr,111.26,,23.94,1,"$6,119.3"
CUST-2737,M,37,East,20,m2m,83.82,8.0,21.95,1,"$1,676.4"
CUST-5521,M,78,South,7,One year,63.45,,,1,$444.15
CUST-9817,Male,21,West,50,Month-to-month,110.31,,,1,"$5,515.5"
CUST-2416,F,29,West,50,m2m,103.59,,11.56,1,"$5,179.5"
CUST-10978,Female,53,West,35,One year,84.41,,41.56,0,"$2,954.35"
CUST-1493,Female,43,North,50,One year,31.04,3.0,,1,"$1,552.0"
CUST-8814,Male,69,West,66,m2m,66.28,,88.11,0,"$4,374.48"
CUST-6263,M,45,North,3,One year,31.59,,,0,$94.77
CUST-2847,non-binary,46,North,1,Month-to-month,42.97,1.0,59.55,0,$42.97
CUST-1604,Male,20,North,57,One year,67.64,,,1,"$3,855.48"
CUST-10715,non-binary,28,North,47,Month-to-month,91.82,,,1,"$4,315.54"
CUST-2419,Male,44,South,33,One year,75.7,3.0,,0,"$2,498.1"
CUST-7903,Male,250,West,44,One year,52.41,3.0,,0,"$2,306.04"
CUST-1142,Female,24,East,27,Two year,95.02,,,0,"$2,565.54"
CUST-3291,F,46,North,27,Month-to-month,38.08,1.0,64.41,1,"$1,028.16"
CUST-9511,M,46,South,3,1yr,101.95,3.0,59.7,0,$305.85
CUST-1953,Male,63,West,50,Month-to-month,107.77,0.0,77.64,1,"$5,388.5"
CUST-3203,F,55,West,71,Two year,50.75,1.0,,0,"$3,603.25"
CUST-1488,M,52,South,68,1yr,80.54,0.0,,0,"$5,476.72"
CUST-3529,Male,77,East,11,Month-to-month,105.0,,12.52,1,"$1,155.0"
CUST-4710,F,58,South,0,One year,55.77,,11.52,0,$0.0
CUST-1938,Male,39,West,18,Month-to-month,112.57,1.0,15.8,1,"$2,026.26"
CUST-2124,Male,38,West,56,Month-to-month,32.08,3.0,20.33,1,"$1,796.48"
CUST-2843,M,50,North,25,m2m,76.0,1.0,,1,"$1,900.0"
CUST-7772,M,78,North,53,Month-to-month,110.43,,45.31,0,"$5,852.79"
CUST-1056,F,51,North,35,Month-to-month,83.67,,,0,"$2,928.45"
CUST-6562,Male,32,West,41,Month-to-month,91.41,6.0,11.12,1,"$3,747.81"
CUST-1814,non-binary,18,North,69,2yr,74.13,2.0,80.66,1,"$5,114.97"
CUST-5225,Male,34,South,9,Month-to-month,114.5,0.0,62.03,0,"$1,030.5"
CUST-5202,Female,55,North,40,Two year,51.47,1.0,44.74,0,"$2,058.8"
CUST-10566,M,28,East,25,One year,96.76,,,0,"$2,419.0"
CUST-8866,Male,53,West,51,Month-to-month,109.54,0.0,73.31,0,"$5,586.54"
CUST-8174,non-binary,22,North,19,Month-to-month,96.3,2.0,,0,"$1,829.7"
CUST-8002,non-binary,59,West,3,Month-to-month,106.19,,74.52,1,$318.57
CUST-7287,non-binary,63,East,23,Month-to-month,22.01,,66.7,1,$506.23
CUST-8728,non-binary,63,South,1,Two year,23.53,1.0,,0,$23.53
CUST-3627,F,45,North,39,One year,87.29,,31.24,1,"$3,404.31"
CUST-8389,F,47,East,34,m2m,30.88,3.0,,1,"$1,049.92"
CUST-1903,Male,40,West,2,Month-to-month,68.68,3.0,,0,$137.36
CUST-6438,Female,46,West,71,Month-to-month,113.39,1.0,,0,"$8,050.69"
CUST-9367,M,69,South,13,Month-to-month,93.55,2.0,33.59,0,"$1,216.15"
CUST-6371,Male,59,East,47,Month-to-month,26.8,3.0,46.1,0,"$1,259.6"
CUST-6890,M,61,East,56,Month-to-month,33.04,2.0,42.94,0,"$1,850.24"
CUST-7072,non-binary,18,South,10,Month-to-month,38.77,,18.48,1,$387.7
CUST-1404,F,79,North,41,One year,107.94,3.0,,1,"$4,425.54"
CUST-7991,M,27,West,15,Two year,67.5,8.0,28.81,1,"$1,012.5"
CUST-4870,Female,76,West,55,Two year,40.29,,,0,"$2,215.95"
CUST-2398,Female,34,South,52,Two year,30.07,,,0,"$1,563.64"
CUST-9939,M,76,North,64,2yr,29.55,2.0,44.23,0,"$1,891.2"
CUST-8764,F,50,West,4,One year,112.15,,,0,$448.6
CUST-7139,non-binary,35,West,47,Month-to-month,25.27,,,1,"$1,187.69"
CUST-8929,M,19,South,26,Month-to-month,84.79,0.0,,1,"$2,204.54"
CUST-3218,Male,69,North,39,Two year,59.73,,41.79,0,"$2,329.47"
CUST-3095,F,78,North,25,Month-to-month,49.47,0.0,73.83,0,"$1,236.75"
CUST-4101,Female,55,South,29,One year,117.32,2.0,,0,"$3,402.28"
CUST-8547,F,21,West,55,Month-to-month,96.56,,23.87,1,"$5,310.8"
CUST-2133,non-binary,18,North,61,Month-to-month,110.62,3.0,,1,"$6,747.82"
CUST-8307,Male,78,East,51,m2m,104.2,,27.89,1,"$5,314.2"
CUST-7908,Male,56,North,59,1yr,86.18,,,1,"$5,084.62"
CUST-8869,Female,32,North,15,Two year,60.11,,,0,$901.65
CUST-1608,F,32,South,31,Month-to-month,24.56,,93.47,0,$761.36
CUST-4739,Male,36,East,67,Month-to-month,20.55,3.0,,1,"$1,376.85"
CUST-8635,non-binary,73,West,72,m2m,105.61,,,0,"$7,603.92"
CUST-8569,M,23,South,52,Month-to-month,27.95,,,1,"$1,453.4"
CUST-1925,non-binary,69,West,14,One year,42.51,,97.99,0,$595.14
CUST-4007,Female,49,West,60,One year,96.48,0.0,73.91,1,"$5,788.8"
CUST-7494,F,58,East,54,m2m,99.63,9.0,11.78,1,"$5,380.02"
CUST-4832,non-binary,25,South,44,Two year,108.09,2.0,,0,"$4,755.96"
CUST-8372,Female,56,South,0,Two year,112.76,,46.44,1,$0.0
CUST-7037,non-binary,250,West,30,Month-to-month,56.1,,35.44,0,"$1,683.0"
CUST-10002,Female,35,West,35,Month-to-month,112.47,,,0,"$3,936.45"
CUST-6125,M,23,North,55,Month-to-month,37.14,1.0,,1,"$2,042.7"
CUST-1649,Male,18,West,22,Month-to-month,74.19,1.0,,0,"$1,632.18"
CUST-4089,Male,61,North,10,Month-to-month,73.53,,,1,$735.3
CUST-1212,F,63,South,43,One year,52.29,,,0,"$2,248.47"
CUST-6332,Female,46,South,70,2yr,23.65,0.0,78.47,0,"$1,655.5"
CUST-9086,Female,50,South,25,One year,55.34,2.0,17.92,1,"$1,383.5"
CUST-9386,M,40,West,24,Month-to-month,24.03,,75.34,0,$576.72
CUST-5153,F,35,North,33,Month-to-month,110.07,,22.44,1,"$3,632.31"
CUST-4697,M,78,East,65,m2m,108.67,,,0,"$7,063.55"
CUST-6436,Male,60,North,59,1yr,38.76,,31.52,0,"$2,286.84"
CUST-3138,M,61,West,4,Month-to-month,59.92,5.0,7.649999999999999,1,$239.68
CUST-4853,non-binary,43,East,24,Two year,55.87,,,0,"$1,340.88"
CUST-3044,M,58,East,18,1yr,107.84,2.0,,0,"$1,941.12"
CUST-5463,F,19,East,25,One year,36.55,3.0,76.9,0,$913.75
CUST-1543,F,35,West,62,One year,95.99,,16.64,0,"$5,951.38"
CUST-4580,Male,77,West,49,Month-to-month,32.11,,89.06,1,"$1,573.39"
CUST-7309,Male,77,North,29,Month-to-month,26.55,0.0,,0,$769.95
CUST-4204,M,22,North,28,Month-to-month,102.93,2.0,52.07,0,"$2,882.04"
CUST-5504,M,46,West,4,Two year,118.66,,,0,$474.64
CUST-5966,F,40,South,21,Month-to-month,20.58,,,1,$432.18
CUST-7538,Male,77,North,47,Month-to-month,81.85,,,1,"$3,846.95"
CUST-5810,Female,25,South,17,2yr,110.85,,30.05,1,"$1,884.45"
CUST-8981,Female,69,East,45,1yr,60.4,,,0,"$2,718.0"
CUST-9469,Female,21,West,37,Month-to-month,60.57,3.0,,0,"$2,241.09"
CUST-1007,non-binary,-5,North,70,Two year,67.01,0.0,,0,"$4,690.7"
CUST-5732,Female,37,South,26,One year,70.17,,48.54,0,"$1,824.42"
CUST-5896,M,79,West,24,One year,47.8,8.0,36.6,1,"$1,147.2"
CUST-8210,Female,51,South,3,One year,29.81,,1.9699999999999989,0,$89.43
CUST-5948,Female,37,South,28,Two year,35.89,,78.14,1,"$1,004.92"
CUST-4845,Female,52,West,7,1yr,111.78,1.0,60.11,1,$782.46
CUST-10725,Female,43,West,8,m2m,67.82,1.0,68.14,0,$542.56
CUST-10066,M,23,North,55,Month-to-month,49.69,,24.83,0,"$2,732.95"
CUST-9611,F,39,West,59,Month-to-month,100.27,,,1,"$5,915.93"
CUST-4537,Male,60,East,24,One year,39.49,0.0,,0,$947.76
CUST-4421,Female,63,North,69,2yr,29.49,,,0,"$2,034.81"
CUST-5183,M,27,East,26,One year,29.68,,37.33,0,$771.68
CUST-6970,Female,63,North,25,One year,42.51,0.0,,0,"$1,062.75"
CUST-5108,Female,44,South,23,1yr,34.38,3.0,,0,$790.74
CUST-3703,Male,46,East,26,m2m,23.74,0.0,98.05,0,$617.24
CUST-2165,F,64,North,70,m2m,63.45,0.0,,1,"$4,441.5"
CUST-2075,non-binary,74,West,0,2yr,26.46,1.0,65.12,0,$0.0
CUST-9043,M,47,North,56,2yr,60.9,,45.67,0,"$3,410.4"
CUST-3959,Male,20,North,44,Month-to-month,100.2,10.0,37.93,1,"$4,408.8"
CUST-1703,M,70,East,46,One year,97.05,2.0,,0,"$4,464.3"
CUST-3101,Female,29,North,37,Month-to-month,101.55,1.0,83.11,0,"$3,757.35"
CUST-3374,F,38,East,72,Month-to-month,114.34,1.0,42.13,0,"$8,232.48"
CUST-4386,Female,59,South,66,Month-to-month,101.84,,,0,"$6,721.44"
CUST-6527,non-binary,-5,North,57,Two year,49.2,,,0,"$2,804.4"
CUST-4206,Female,19,West,68,Month-to-month,52.86,,,1,"$3,594.48"
CUST-2923,Male,25,North,55,One year,76.15,1.0,,0,"$4,188.25"
CUST-5209,F,64,West,62,m2m,63.47,6.0,15.28,1,"$3,935.14"
CUST-1256,M,42,East,53,Month-to-month,95.81,0.0,,1,"$5,077.93"
CUST-10488,F,49,South,40,One year,106.04,3.0,22.35,1,"$4,241.6"
CUST-3827,F,70,South,43,Month-to-month,52.77,,37.34,0,"$2,269.11"
CUST-10148,M,20,East,11,2yr,95.3,,,0,"$1,048.3"
CUST-9748,non-binary,70,South,45,Two year,79.79,1.0,,0,"$3,590.55"
CUST-10049,F,62,South,41,m2m,56.58,,,1,"$2,319.78"
CUST-8652,Male,72,South,68,Two year,55.45,2.0,,0,"$3,770.6"
CUST-10653,Male,40,East,13,One year,74.42,,52.51,0,$967.46
CUST-7875,F,25,North,65,One year,89.22,,,0,"$5,799.3"
CUST-1697,Female,50,North,26,One year,52.96,,87.35,0,"$1,376.96"
CUST-2855,Male,58,West,11,Month-to-month,90.09,3.0,26.44,0,$990.99
CUST-6077,Male,75,South,21,Two year,109.26,0.0,,0,"$2,294.46"
CUST-2072,Female,54,East,67,1yr,43.4,,,1,"$2,907.8"
CUST-6703,M,77,South,30,Month-to-month,40.46,0.0,,1,"$1,213.8"
CUST-4249,non-binary,30,South,28,Month-to-month,71.27,10.0,12.51,1,"$1,995.56"
CUST-4448,F,41,North,54,Month-to-month,51.51,0.0,,0,"$2,781.54"
CUST-7091,Female,48,North,65,Month-to-month,74.09,0.0,,1,"$4,815.85"
CUST-3271,Male,33,West,7,2yr,70.09,2.0,,0,$490.63
CUST-4569,M,39,West,40,m2m,60.83,3.0,81.07,0,"$2,433.2"
CUST-10942,Male,61,East,43,Two year,54.22,,,0,"$2,331.46"
CUST-10405,F,49,West,9,Month-to-month,62.7,3.0,,1,$564.3
CUST-4940,F,48,East,12,One year,54.79,3.0,53.95,0,$657.48
CUST-2724,non-binary,45,East,11,m2m,60.15,1.0,,1,$661.65
CUST-9355,M,29,North,24,One year,89.89,,62.89,1,"$2,157.36"
CUST-6340,M,33,South,23,Two year,42.25,3.0,,0,$971.75
CUST-5807,F,74,West,13,2yr,57.38,,85.88,1,$745.94
CUST-3100,Female,56,South,62,Month-to-month,79.42,,26.33,1,"$4,924.04"
CUST-8855,M,30,West,69,Two year,34.5,,,0,"$2,380.5"
CUST-3984,F,32,East,44,One year,44.43,0.0,,1,"$1,954.92"
CUST-8504,F,29,West,39,Two year,33.48,,14.45,0,"$1,305.72"
CUST-5697,Female,49,South,45,Two year,112.13,1.0,,1,"$5,045.85"
CUST-4893,M,42,East,68,Two year,84.7,,,1,"$5,759.6"
CUST-9022,F,30,North,58,m2m,81.94,3.0,,0,"$4,752.52"
CUST-1642,Female,27,North,13,m2m,48.31,,,1,$628.03
CUST-4871,Female,-5,South,18,Month-to-month,30.2,2.0,,1,$543.6
CUST-10055,Female,48,North,18,Month-to-month,51.28,1.0,63.42,0,$923.04
CUST-5193,Female,21,East,2,One year,44.3,,,0,$88.6
CUST-9030,M,53,South,4,Month-to-month,55.84,1.0,,0,$223.36
CUST-8826,F,22,West,70,Month-to-month,85.48,,24.99,1,"$5,983.6"
CUST-5620,Female,52,West,49,Month-to-month,52.96,3.0,53.01,1,"$2,595.04"
CUST-9821,M,64,West,16,Month-to-month,116.97,,86.9,1,"$1,871.52"
CUST-3640,F,50,East,46,Two year,65.35,,29.8,1,"$3,006.1"
CUST-8260,Female,29,South,68,Two year,60.12,,,0,"$4,088.16"
CUST-3940,Female,76,North,70,Month-to-month,48.87,7.0,29.73,0,"$3,420.9"
CUST-2911,non-binary,66,East,12,Month-to-month,112.23,2.0,,1,"$1,346.76"
CUST-5923,F,37,West,69,Month-to-month,27.39,7.0,29.97,1,"$1,889.91"
CUST-2078,Male,250,North,28,2yr,68.43,1.0,,0,"$1,916.04"
CUST-8240,M,57,West,21,Month-to-month,114.85,,,1,"$2,411.85"
CUST-10091,F,75,West,5,One year,105.53,2.0,,1,$527.65
CUST-8206,M,37,South,20,Two year,20.94,,,0,$418.8
CUST-2565,F,61,West,18,m2m,50.96,3.0,,1,$917.28
CUST-7685,non-binary,49,North,52,m2m,69.92,,,0,"$3,635.84"
CUST-4040,M,65,West,34,Month-to-month,109.25,0.0,,1,"$3,714.5"
CUST-9826,F,40,South,23,Two year,108.28,,49.03,0,"$2,490.44"
CUST-4701,M,78,North,54,2yr,111.81,0.0,,1,"$6,037.74"
CUST-6926,Female,25,West,5,m2m,49.86,2.0,2.710000000000001,0,$249.3
CUST-9991,M,29,North,47,m2m,96.86,1.0,,0,"$4,552.42"
CUST-7207,M,28,East,21,Month-to-month,69.55,,44.09,1,"$1,460.55"
CUST-4431,F,51,North,8,m2m,35.7,,39.33,1,$285.6
CUST-3498,Female,47,East,5,Month-to-month,22.64,,,1,$113.2
CUST-9919,M,54,North,18,2yr,50.22,0.0,69.19,0,$903.96
CUST-3475,Female,65,East,24,Month-to-month,37.57,2.0,92.41,0,$901.68
CUST-9311,Male,64,North,55,Month-to-month,23.39,3.0,,0,"$1,286.45"
CUST-5843,M,250,West,70,Month-to-month,44.47,0.0,,1,"$3,112.9"
CUST-2971,Female,50,South,33,Month-to-month,53.0,,,1,"$1,749.0"
CUST-9923,Male,68,South,68,Month-to-month,73.61,1.0,,0,"$5,005.48"
CUST-9169,Male,36,North,67,One year,72.18,2.0,,0,"$4,836.06"
CUST-3306,non-binary,28,West,63,Month-to-month,69.98,,,1,"$4,408.74"
CUST-5970,Female,42,West,17,m2m,62.33,2.0,,0,"$1,059.61"
CUST-3820,Female,54,North,42,Month-to-month,104.01,1.0,,1,"$4,368.42"
CUST-10823,Male,-5,West,6,One year,65.44,3.0,59.56,1,$392.64
CUST-1138,Female,-5,North,46,One year,114.67,,90.8,0,"$5,274.82"
CUST-10057,non-binary,66,South,4,One year,85.53,1.0,84.16,1,$342.12
CUST-1767,Female,80,West,34,Month-to-month,23.1,,50.98,0,$785.4
CUST-7855,Male,56,East,31,Month-to-month,60.7,,,0,"$1,881.7"
CUST-8898,M,32,East,47,Two year,32.09,6.0,31.45,1,"$1,508.23"
CUST-10808,Male,41,East,3,m2m,102.56,,,1,$307.68
CUST-1280,F,46,North,38,One year,52.72,,54.22,0,"$2,003.36"
CUST-6947,F,57,East,53,2yr,61.05,,74.34,1,"$3,235.65"
CUST-3335,F,41,North,6,Month-to-month,59.67,2.0,,1,$358.02
CUST-6400,Male,69,South,53,Month-to-month,26.58,,59.54,1,"$1,408.74"
CUST-7384,non-binary,45,East,26,Month-to-month,58.21,1.0,,1,"$1,513.46"
CUST-5200,Female,79,North,46,Two year,108.87,0.0,92.52,0,"$5,008.02"
CUST-2870,M,-5,South,49,Month-to-month,57.68,3.0,34.88,1,"$2,826.32"
CUST-5495,Male,73,North,25,Month-to-month,28.01,0.0,,0,$700.25
CUST-1704,F,36,North,10,Month-to-month,24.3,,96.06,0,$243.0
CUST-6334,Female,37,West,2,Month-to-month,54.26,,59.34,1,$108.52
CUST-9446,Female,80,South,62,One year,75.19,,,0,"$4,661.78"
CUST-4520,F,79,North,68,Month-to-month,74.13,1.0,,0,"$5,040.84"
CUST-3608,F,44,East,58,Month-to-month,53.4,,44.83,1,"$3,097.2"
CUST-5254,F,19,South,4,Month-to-month,74.52,,,1,$298.08
CUST-3403,Female,67,East,9,Two year,32.73,,,0,$294.57
CUST-5046,non-binary,80,North,45,Month-to-month,49.94,0.0,74.25,1,"$2,247.3"
CUST-2490,Male,250,South,5,Month-to-month,56.07,,,1,$280.35
CUST-6082,non-binary,250,North,68,1yr,86.78,1.0,,0,"$5,901.04"
CUST-3759,Female,59,North,10,Two year,25.5,,,0,$255.0
CUST-2703,non-binary,59,North,17,Month-to-month,118.47,,54.65,1,"$2,013.99"
CUST-7974,Male,21,North,15,Month-to-month,105.81,,,0,"$1,587.15"
CUST-4759,Female,56,West,11,Two year,45.73,,21.56,1,$503.03
CUST-5289,M,49,West,36,1yr,91.65,,,0,"$3,299.4"
CUST-6151,non-binary,56,East,51,Month-to-month,81.4,,39.94,1,"$4,151.4"
CUST-9191,M,47,North,0,Two year,111.42,0.0,,1,$0.0
CUST-4348,non-binary,54,North,34,m2m,100.23,,82.16,1,"$3,407.82"
CUST-5566,Male,53,South,64,Month-to-month,54.31,6.0,19.2,1,"$3,475.84"
CUST-8382,non-binary,49,West,29,One year,101.98,,49.0,0,"$2,957.42"
CUST-10873,non-binary,21,West,33,Month-to-month,108.41,,,1,"$3,577.53"
CUST-6951,M,24,West,8,m2m,97.63,3.0,,1,$781.04
CUST-10553,Female,61,North,8,Month-to-month,88.85,,,1,$710.8
CUST-10766,non-binary,71,West,17,Month-to-month,27.8,0.0,,1,$472.6
CUST-1262,Female,57,North,26,Month-to-month,32.15,,,1,$835.9
CUST-4956,Male,20,East,70,m2m,35.79,,10.12,0,"$2,505.3"
CUST-1607,Male,49,South,22,One year,47.1,,,0,"$1,036.2"
CUST-8334,F,50,West,48,Month-to-month,32.84,3.0,,0,"$1,576.32"
CUST-3835,Male,41,East,53,1yr,45.6,3.0,49.13,1,"$2,416.8"
CUST-8636,M,70,South,34,One year,28.86,0.0,,0,$981.24
CUST-4119,M,68,South,47,One year,70.9,1.0,34.63,0,"$3,332.3"
CUST-10181,Male,55,North,7,1yr,27.99,,,0,$195.93
CUST-4740,Male,57,West,42,Month-to-month,105.05,0.0,,0,"$4,412.1"
CUST-5452,Male,56,North,24,Month-to-month,78.11,,,0,"$1,874.64"
CUST-9409,Female,46,South,29,m2m,99.94,,,0,"$2,898.26"
CUST-5208,M,52,North,63,Two year,41.7,,,0,"$2,627.1"
CUST-5351,Female,40,South,18,Month-to-month,79.55,3.0,,0,"$1,431.9"
CUST-7397,Female,39,North,31,m2m,52.7,0.0,,0,"$1,633.7"
CUST-7506,F,58,North,43,Two year,99.53,2.0,,0,"$4,279.79"
CUST-7226,non-binary,67,North,39,1yr,102.92,,95.18,0,"$4,013.88"
CUST-2021,Male,45,North,39,Month-to-month,28.59,1.0,60.95,1,"$1,115.01"
CUST-3055,F,24,East,3,Month-to-month,49.61,,48.16,0,$148.83
CUST-1793,Female,71,West,12,Two year,29.49,5.0,18.81,1,$353.88
CUST-5037,M,45,East,53,Month-to-month,39.96,,55.36,1,"$2,117.88"
CUST-6144,non-binary,70,South,70,m2m,63.66,,,0,"$4,456.2"
CUST-10001,non-binary,-5,East,8,Two year,117.37,2.0,,0,$938.96
CUST-10703,Female,23,West,70,One year,23.71,0.0,,0,"$1,659.7"
CUST-4340,M,67,North,55,1yr,83.87,2.0,72.91,0,"$4,612.85"
CUST-3130,Female,30,North,15,Month-to-month,65.95,2.0,43.07,0,$989.25
CUST-9507,non-binary,60,West,10,Month-to-month,108.06,,,0,"$1,080.6"
CUST-9830,F,35,North,32,One year,59.59,0.0,,0,"$1,906.88"
CUST-8121,F,64,West,44,One year,74.37,,,0,"$3,272.28"
CUST-7130,Female,20,East,5,Two year,85.96,1.0,57.230000000000004,0,$429.8
CUST-3196,F,51,East,64,2yr,59.38,0.0,,0,"$3,800.32"
CUST-6336,M,55,North,46,One year,52.44,,,0,"$2,412.24"
CUST-9669,Female,39,North,66,Month-to-month,69.26,3.0,,0,"$4,571.16"
CUST-2402,M,35,West,59,Two year,104.59,,,1,"$6,170.81"
CUST-6567,Female,27,West,35,Two year,68.85,,22.49,1,"$2,409.75"
CUST-2504,non-binary,61,West,12,One year,24.46,3.0,45.06,0,$293.52
CUST-2790,non-binary,42,South,32,2yr,84.86,,51.06,0,"$2,715.52"
CUST-10727,F,47,North,59,One year,98.31,3.0,27.31,1,"$5,800.29"
CUST-9508,Male,51,West,47,Month-to-month,46.39,1.0,,1,"$2,180.33"
CUST-5950,Male,32,North,60,One year,30.97,,45.09,0,"$1,858.2"
CUST-7047,non-binary,33,West,4,Month-to-month,102.6,,60.239999999999995,1,$410.4
CUST-9486,non-binary,35,North,16,Month-to-month,37.82,1.0,,1,$605.12
CUST-3922,Female,34,East,61,m2m,57.28,,22.71,1,"$3,494.08"
CUST-3600,Female,57,South,3,Month-to-month,104.93,,,1,$314.79
CUST-3457,non-binary,67,West,36,One year,35.43,0.0,40.43,1,"$1,275.48"
CUST-7173,Male,46,South,35,One year,108.47,0.0,62.88,0,"$3,796.45"
CUST-9402,Female,47,North,61,Month-to-month,34.68,,71.02,0,"$2,115.48"
CUST-9673,F,65,North,69,Two year,32.58,,,0,"$2,248.02"
CUST-1386,Male,80,North,9,2yr,117.47,3.0,,0,"$1,057.23"
CUST-2335,Female,46,South,35,Two year,60.75,,,1,"$2,126.25"
CUST-2742,Female,48,East,72,One year,21.09,0.0,76.55,1,"$1,518.48"
CUST-4927,Female,58,South,13,One year,88.5,3.0,71.67,0,"$1,150.5"
CUST-10271,M,45,South,72,m2m,31.19,3.0,52.36,0,"$2,245.68"
CUST-7651,M,70,South,22,Month-to-month,20.97,,29.41,1,$461.34
CUST-6204,Female,52,East,72,One year,103.3,2.0,,1,"$7,437.6"
CUST-8090,M,46,South,1,Two year,81.25,,,0,$81.25
CUST-3217,M,27,South,29,m2m,60.82,1.0,73.09,1,"$1,763.78"
CUST-9651,F,250,South,28,Two year,63.28,,,0,"$1,771.84"
CUST-10364,F,49,West,4,Month-to-month,105.41,3.0,,1,$421.64
CUST-10889,F,33,East,0,2yr,20.05,1.0,,0,$0.0
CUST-2051,non-binary,24,South,50,Two year,36.59,,,0,"$1,829.5"
CUST-9337,Female,43,North,56,Month-to-month,72.69,1.0,,1,"$4,070.64"
CUST-4589,non-binary,71,East,30,Two year,91.44,3.0,96.93,0,"$2,743.2"
CUST-7313,non-binary,52,South,39,Month-to-month,96.81,1.0,58.13,1,"$3,775.59"
CUST-5110,F,250,East,0,Two year,93.13,2.0,,0,$0.0
CUST-9279,F,58,South,60,m2m,101.01,0.0,97.82,1,"$6,060.6"
CUST-7879,F,23,North,14,Two year,93.98,0.0,,0,"$1,315.72"
CUST-3507,Female,68,West,31,One year,62.49,,12.67,0,"$1,937.19"
CUST-2912,M,60,East,45,Two year,102.14,,87.15,1,"$4,596.3"
CUST-8620,Male,24,North,31,Month-to-month,60.1,1.0,66.0,1,"$1,863.1"
CUST-3979,F,43,West,56,Month-to-month,77.91,1.0,,0,"$4,362.96"
CUST-3292,M,71,West,16,Month-to-month,72.2,,56.87,1,"$1,155.2"
CUST-5639,F,34,East,5,One year,43.96,2.0,,0,$219.8
CUST-3912,M,58,South,26,Month-to-month,84.68,,,0,"$2,201.68"
CUST-5414,Male,20,West,39,One year,45.92,0.0,,0,"$1,790.88"
CUST-7260,F,73,South,0,One year,58.58,,45.82,0,$0.0
CUST-2412,Male,45,West,11,Month-to-month,92.42,3.0,,1,"$1,016.62"
CUST-9662,F,19,South,60,Month-to-month,83.98,0.0,55.14,0,"$5,038.8"
CUST-3933,Female,37,West,4,2yr,43.88,,61.69,0,$175.52
CUST-6387,M,23,South,61,Month-to-month,48.78,8.0,13.26,1,"$2,975.58"
CUST-7851,Male,24,East,46,Month-to-month,60.07,1.0,23.1,0,"$2,763.22"
CUST-4766,F,72,North,38,Two year,26.04,2.0,71.78,0,$989.52
CUST-3760,Female,49,West,1,1yr,29.33,,,0,$29.33
CUST-5976,F,21,North,48,m2m,75.06,1.0,,0,"$3,602.88"
CUST-5740,Female,34,South,16,Month-to-month,114.11,,79.47,0,"$1,825.76"
CUST-1653,M,60,North,70,Month-to-month,48.5,1.0,41.52,0,"$3,395.0"
CUST-9999,F,41,North,8,Month-to-month,96.22,0.0,,1,$769.76
CUST-4952,Male,35,North,30,Two year,113.67,10.0,38.65,1,"$3,410.1"
CUST-6615,Male,54,South,40,Month-to-month,64.27,2.0,,1,"$2,570.8"
CUST-5302,Female,68,South,55,1yr,50.48,,,0,"$2,776.4"
CUST-7939,F,76,North,67,One year,86.08,,,0,"$5,767.36"
CUST-6638,F,35,South,43,1yr,77.24,1.0,59.9,0,"$3,321.32"
CUST-2739,non-binary,27,South,61,One year,27.4,,27.33,1,"$1,671.4"
CUST-9249,non-binary,53,North,31,One year,52.96,0.0,,0,"$1,641.76"
CUST-2309,non-binary,59,West,46,One year,100.26,,,0,"$4,611.96"
CUST-7433,non-binary,77,North,61,Month-to-month,46.07,1.0,92.44,0,"$2,810.27"
CUST-5508,non-binary,66,West,51,Month-to-month,26.25,0.0,,0,"$1,338.75"
CUST-6146,Male,37,North,48,Month-to-month,106.28,1.0,,1,"$5,101.44"
CUST-6978,F,45,East,58,1yr,110.83,,96.17,0,"$6,428.14"
CUST-3522,M,65,North,72,1yr,64.22,6.0,17.97,1,"$4,623.84"
CUST-1773,Female,27,North,31,Month-to-month,65.14,,16.48,0,"$2,019.34"
CUST-9609,F,68,North,25,Month-to-month,93.2,1.0,90.71,0,"$2,330.0"
CUST-5326,non-binary,56,North,27,One year,107.38,3.0,89.85,1,"$2,899.26"
CUST-6243,Male,45,West,40,Two year,72.1,,,0,"$2,884.0"
CUST-7239,M,61,East,0,Two year,100.14,,,1,$0.0
CUST-5316,non-binary,30,North,32,Month-to-month,118.08,2.0,,1,"$3,778.56"
CUST-10302,Male,61,West,30,Month-to-month,55.08,,,1,"$1,652.4"
CUST-8076,M,41,East,5,Month-to-month,114.15,,48.99,1,$570.75
CUST-9422,non-binary,30,East,9,One year,89.39,,19.15,0,$804.51
CUST-4245,Male,64,South,27,One year,58.93,,,0,"$1,591.11"
CUST-1998,non-binary,32,West,13,Two year,95.13,,47.83,0,"$1,236.69"
CUST-9777,F,53,West,48,1yr,54.2,,,1,"$2,601.6"
CUST-9273,Male,49,West,26,m2m,111.59,,,1,"$2,901.34"
CUST-3208,Male,56,West,54,Month-to-month,107.23,10.0,26.02,1,"$5,790.42"
CUST-3004,Female,74,North,72,Month-to-month,46.18,2.0,46.69,1,"$3,324.96"
CUST-6533,F,49,East,22,Month-to-month,35.16,2.0,73.56,1,$773.52
CUST-3416,M,51,West,20,One year,81.35,2.0,,1,"$1,627.0"
CUST-5283,M,72,South,31,Month-to-month,97.0,1.0,,1,"$3,007.0"
CUST-1892,Female,49,North,9,Two year,37.87,,,0,$340.83
CUST-1194,Male,39,South,47,1yr,25.21,2.0,,0,"$1,184.87"
CUST-7951,Male,47,North,9,One year,96.72,1.0,,0,$870.48
CUST-3189,Female,65,South,5,2yr,75.69,,74.67,0,$378.45
CUST-6042,Male,22,North,30,One year,56.93,,,0,"$1,707.9"
CUST-1088,non-binary,53,North,70,Month-to-month,61.91,,40.66,0,"$4,333.7"
CUST-3472,M,250,South,38,Two year,76.9,,,0,"$2,922.2"
CUST-6565,Female,50,North,68,Month-to-month,23.85,2.0,,1,"$1,621.8"
CUST-1434,F,44,North,3,m2m,63.34,,73.33,1,$190.02
CUST-6409,M,59,West,19,Month-to-month,102.72,7.0,19.85,1,"$1,951.68"
CUST-4234,non-binary,75,West,38,One year,49.95,,52.84,0,"$1,898.1"
CUST-1093,M,37,South,50,Month-to-month,111.87,0.0,,1,"$5,593.5"
CUST-3531,Male,43,North,45,Month-to-month,31.79,,,0,"$1,430.55"
CUST-1141,Female,66,West,3,1yr,60.47,,43.71,0,$181.41
CUST-2892,M,74,South,38,One year,104.91,,80.85,1,"$3,986.58"
CUST-3978,Female,54,East,41,One year,73.28,,,0,"$3,004.48"
CUST-8288,Female,73,North,44,Month-to-month,78.1,,,1,"$3,436.4"
CUST-3061,M,-5,West,41,Month-to-month,117.5,0.0,66.24,0,"$4,817.5"
CUST-10384,M,20,West,0,Month-to-month,102.1,,71.96,1,$0.0
CUST-1337,non-binary,18,West,8,Month-to-month,87.81,6.0,18.23,1,$702.48
CUST-8360,F,50,East,5,One year,23.7,3.0,3.0100000000000016,1,$118.5
CUST-6374,Female,65,West,0,One year,35.9,3.0,,0,$0.0
CUST-5264,Female,73,North,55,Month-to-month,113.01,,54.66,1,"$6,215.55"
CUST-7088,Female,70,West,46,Month-to-month,33.45,0.0,,0,"$1,538.7"
CUST-4781,Male,62,North,52,Month-to-month,34.33,,,0,"$1,785.16"
CUST-9715,F,54,South,58,One year,68.08,,46.04,0,"$3,948.64"
CUST-6979,Male,51,North,8,Month-to-month,89.85,,,1,$718.8
CUST-7769,Female,63,South,53,Month-to-month,117.47,,,1,"$6,225.91"
CUST-4641,Female,35,West,43,2yr,55.37,,84.8,0,"$2,380.91"
CUST-6254,M,39,North,45,Month-to-month,119.95,1.0,52.84,1,"$5,397.75"
CUST-7216,Male,23,East,19,Month-to-month,44.22,3.0,93.25,0,$840.18
CUST-6943,F,38,South,19,2yr,50.8,,,0,$965.2
CUST-8724,non-binary,31,North,29,One year,62.99,2.0,31.02,1,"$1,826.71"
CUST-3538,M,-5,West,22,Month-to-month,82.75,,22.95,1,"$1,820.5"
CUST-7391,F,29,North,4,Two year,115.51,,75.12,0,$462.04
CUST-8952,F,23,South,66,Month-to-month,46.17,0.0,,1,"$3,047.22"
CUST-8099,Male,30,North,62,One year,51.96,0.0,65.08,0,"$3,221.52"
CUST-1289,M,62,South,29,Month-to-month,23.82,3.0,,0,$690.78
CUST-6605,Male,80,South,15,2yr,80.44,3.0,,0,"$1,206.6"
CUST-10540,F,22,West,64,Two year,103.09,,78.23,0,"$6,597.76"
CUST-9342,Male,68,West,41,Month-to-month,34.8,0.0,,0,"$1,426.8"
CUST-5434,F,34,North,14,One year,32.81,,99.88,0,$459.34
CUST-10631,F,39,North,57,Month-to-month,110.93,,,1,"$6,323.01"
CUST-10226,F,45,North,65,One year,47.28,2.0,,0,"$3,073.2"
CUST-9053,non-binary,34,North,49,Month-to-month,68.91,1.0,,0,"$3,376.59"
CUST-5943,Female,21,South,69,m2m,114.4,3.0,,0,"$7,893.6"
CUST-10883,Female,36,North,1,Month-to-month,48.35,,35.01,0,$48.35
CUST-7052,F,45,West,45,m2m,89.56,,,0,"$4,030.2"
CUST-1220,Male,76,South,0,Month-to-month,67.27,,,0,$0.0
CUST-1348,M,56,South,29,Month-to-month,48.08,,,1,"$1,394.32"
CUST-1826,Female,75,East,1,Two year,106.54,,,0,$106.54
CUST-3568,M,63,West,59,Month-to-month,83.28,,,1,"$4,913.52"
CUST-8397,F,42,West,51,Month-to-month,48.32,,,0,"$2,464.32"
CUST-8415,M,49,East,41,m2m,98.74,0.0,,1,"$4,048.34"
CUST-8591,Female,63,South,65,1yr,25.58,0.0,83.88,0,"$1,662.7"
CUST-10897,non-binary,45,South,54,One year,39.28,0.0,,0,"$2,121.12"
CUST-5117,non-binary,33,South,59,One year,83.99,,14.44,1,"$4,955.41"
CUST-2379,Male,48,South,55,Month-to-month,65.06,,88.07,0,"$3,578.3"
CUST-5117,non-binary,33,South,59,One year,83.99,,14.44,1,"$4,955.41"
CUST-1322,F,44,South,59,Month-to-month,24.18,,61.63,1,"$1,426.62"
CUST-2549,F,24,West,52,Month-to-month,68.69,,,0,"$3,571.88"
CUST-8644,non-binary,69,North,41,Month-to-month,31.68,,,0,"$1,298.88"
CUST-1578,M,72,North,40,Month-to-month,37.87,5.0,21.66,1,"$1,514.8"
CUST-10960,F,45,North,65,Two year,36.95,2.0,67.38,0,"$2,401.75"
CUST-3699,F,27,East,72,2yr,82.43,3.0,,1,"$5,934.96"
CUST-8837,M,59,West,7,One year,76.82,,,1,$537.74
CUST-2166,Female,63,North,61,m2m,89.81,,,1,"$5,478.41"
CUST-3545,F,72,North,42,Month-to-month,111.89,,,0,"$4,699.38"
CUST-3093,non-binary,24,North,45,Month-to-month,115.44,0.0,94.35,1,"$5,194.8"
CUST-8718,non-binary,54,West,38,One year,109.06,2.0,,0,"$4,144.28"
CUST-5992,F,18,West,26,Month-to-month,56.49,,,0,"$1,468.74"
CUST-1648,non-binary,37,South,62,Two year,53.83,,,0,"$3,337.46"
CUST-10030,Male,76,North,24,2yr,80.07,6.0,24.18,0,"$1,921.68"
CUST-6640,Female,47,West,30,One year,54.93,,,0,"$1,647.9"
CUST-1233,M,-5,East,71,One year,31.57,,35.04,0,"$2,241.47"
CUST-5999,Female,21,West,68,m2m,57.14,2.0,,0,"$3,885.52"
CUST-8094,Male,19,East,49,One year,26.78,2.0,64.96,0,"$1,312.22"
CUST-10860,non-binary,49,North,44,m2m,74.09,2.0,,0,"$3,259.96"
CUST-7187,M,52,South,51,Month-to-month,20.17,,67.71,0,"$1,028.67"
CUST-6676,non-binary,27,South,2,Two year,26.58,9.0,15.559999999999999,0,$53.16
CUST-3369,non-binary,53,West,66,Month-to-month,100.22,1.0,,1,"$6,614.52"
CUST-9206,Male,63,North,42,One year,117.65,,,0,"$4,941.3"
CUST-5706,non-binary,56,South,47,2yr,91.06,,,1,"$4,279.82"
CUST-2387,Male,59,South,32,One year,114.02,3.0,49.67,0,"$3,648.64"
CUST-1419,Male,35,East,36,One year,62.65,,10.3,0,"$2,255.4"
CUST-6691,Female,71,East,63,Month-to-month,51.14,3.0,,1,"$3,221.82"
CUST-8507,Male,33,West,22,Month-to-month,33.85,3.0,,1,$744.7
CUST-10825,F,76,East,9,Month-to-month,87.91,,69.77,0,$791.19
CUST-4126,Female,80,West,19,Month-to-month,62.89,,68.23,0,"$1,194.91"
CUST-2751,non-binary,25,West,26,m2m,80.95,0.0,,0,"$2,104.7"
CUST-1904,Male,72,West,18,1yr,33.69,,,0,$606.42
CUST-4149,F,250,West,33,Month-to-month,108.89,,,1,"$3,593.37"
CUST-1192,Male,39,North,36,One year,37.13,,13.15,1,"$1,336.68"
CUST-4283,Male,66,South,59,2yr,61.65,,,0,"$3,637.35"
CUST-7128,Female,49,North,69,Month-to-month,114.34,,73.72,1,"$7,889.46"
CUST-9696,F,51,North,28,m2m,37.21,0.0,48.21,0,"$1,041.88"
CUST-3286,Male,250,South,11,1yr,104.83,7.0,28.78,0,"$1,153.13"
CUST-9298,M,78,North,24,m2m,59.37,1.0,,1,"$1,424.88"
CUST-10288,Male,69,North,54,1yr,113.71,,67.07,0,"$6,140.34"
CUST-5184,Male,67,North,21,One year,84.75,,,1,"$1,779.75"
CUST-10482,M,74,North,20,One year,66.08,,,1,"$1,321.6"
CUST-8778,Male,31,North,55,Month-to-month,101.18,,,0,"$5,564.9"
CUST-5987,Male,80,South,51,One year,101.08,,97.35,0,"$5,155.08"
CUST-7620,Female,61,North,10,Month-to-month,86.87,,27.57,0,$868.7
CUST-3343,Male,40,West,35,m2m,80.24,,,0,"$2,808.4"
CUST-8245,M,68,South,38,Two year,94.7,,,0,"$3,598.6"
CUST-9005,M,18,West,66,One year,23.62,1.0,,0,"$1,558.92"
CUST-9065,M,49,North,41,Two year,31.49,2.0,46.81,0,"$1,291.09"
CUST-4772,F,55,North,6,Month-to-month,94.99,3.0,43.34,0,$569.94
CUST-10596,Female,27,West,13,Month-to-month,31.85,8.0,24.09,1,$414.05
CUST-7906,Male,51,South,0,Month-to-month,57.57,,,0,$0.0
CUST-1763,non-binary,39,South,31,Month-to-month,70.05,2.0,,1,"$2,171.55"
CUST-9666,M,79,North,53,Month-to-month,79.41,1.0,,1,"$4,208.73"
CUST-5618,F,33,West,9,Month-to-month,89.86,,47.02,0,$808.74
CUST-8766,M,62,West,43,Month-to-month,31.11,3.0,59.39,1,"$1,337.73"
CUST-7527,non-binary,58,North,17,One year,52.93,1.0,96.56,0,$899.81
CUST-10777,Female,18,East,52,m2m,48.43,,77.38,1,"$2,518.36"
CUST-6264,M,47,West,69,One year,58.42,8.0,12.34,0,"$4,030.98"
CUST-4334,F,56,North,47,One year,106.95,,25.36,0,"$5,026.65"
CUST-5699,Male,25,South,30,Month-to-month,62.15,2.0,75.2,1,"$1,864.5"
CUST-6320,Male,52,East,13,One year,51.97,,,0,$675.61
CUST-2730,non-binary,50,South,57,Month-to-month,27.82,3.0,70.78,1,"$1,585.74"
CUST-7837,M,21,North,29,2yr,42.4,,,0,"$1,229.6"
CUST-5220,Female,34,South,2,m2m,117.19,,,0,$234.38
CUST-5511,F,49,West,52,Month-to-month,88.78,,,0,"$4,616.56"
CUST-1935,Male,32,East,3,One year,76.31,,,0,$228.93
CUST-7818,non-binary,24,North,28,One year,84.86,0.0,,0,"$2,376.08"
CUST-2097,Female,67,West,25,One year,27.87,2.0,,0,$696.75
CUST-9421,Male,53,West,50,Two year,88.05,,11.6,1,"$4,402.5"
CUST-9482,non-binary,250,North,23,Month-to-month,29.89,3.0,,1,$687.47
CUST-9252,M,70,East,30,Two year,35.01,2.0,94.69,0,"$1,050.3"
CUST-9635,non-binary,28,West,70,Month-to-month,55.37,,65.75,1,"$3,875.9"
CUST-8089,non-binary,39,South,18,Month-to-month,45.27,,91.73,1,$814.86
CUST-3517,Female,50,North,51,Two year,82.16,,78.68,0,"$4,190.16"
CUST-8887,F,34,North,60,One year,36.64,,,0,"$2,198.4"
CUST-9393,M,67,West,60,m2m,79.61,,29.16,1,"$4,776.6"
CUST-9501,M,50,West,72,One year,50.62,2.0,,0,"$3,644.64"
CUST-9476,Male,68,North,17,Two year,99.13,3.0,,0,"$1,685.21"
CUST-3966,Male,64,West,49,One year,80.21,1.0,97.21,0,"$3,930.29"
CUST-7347,non-binary,29,East,2,Two year,45.92,2.0,21.799999999999997,0,$91.84
CUST-6074,Female,19,North,25,Month-to-month,25.29,,,0,$632.25
CUST-3006,M,54,West,6,Month-to-month,30.43,1.0,,1,$182.58
CUST-1979,M,19,West,48,One year,36.99,0.0,,0,"$1,775.52"
CUST-4937,non-binary,74,South,65,2yr,46.09,,,0,"$2,995.85"
CUST-1013,Female,33,South,67,Month-to-month,31.51,0.0,,1,"$2,111.17"
CUST-8009,non-binary,65,North,14,Month-to-month,109.26,,,1,"$1,529.64"
CUST-3322,non-binary,37,North,3,1yr,28.57,,48.61,0,$85.71
CUST-5500,F,47,South,26,1yr,25.03,,,0,$650.78
CUST-4634,M,37,West,67,Month-to-month,116.26,,,1,"$7,789.42"
CUST-4428,Male,38,South,37,One year,81.15,2.0,,0,"$3,002.55"
CUST-7964,M,44,South,58,Two year,63.96,10.0,11.91,1,"$3,709.68"
CUST-4921,non-binary,46,East,37,One year,71.87,,70.38,0,"$2,659.19"
CUST-9913,Male,24,West,50,One year,44.7,,,1,"$2,235.0"
CUST-6461,M,74,North,49,Month-to-month,32.38,0.0,,0,"$1,586.62"
CUST-5368,non-binary,48,South,29,One year,99.1,1.0,67.26,0,"$2,873.9"
CUST-8721,Male,56,North,48,One year,41.14,1.0,,0,"$1,974.72"
CUST-1599,Male,61,East,66,One year,64.01,,24.73,0,"$4,224.66"
CUST-2049,Female,35,East,31,One year,63.62,,40.64,0,"$1,972.22"
CUST-5583,Male,69,West,14,Month-to-month,74.6,4.0,19.64,1,"$1,044.4"
CUST-1492,Male,39,West,1,Month-to-month,104.79,2.0,,0,$104.79
CUST-9664,non-binary,44,North,59,Two year,113.83,0.0,60.12,0,"$6,715.97"
CUST-10160,Female,61,South,67,One year,63.08,2.0,40.44,0,"$4,226.36"
CUST-10974,Female,79,East,6,Two year,50.9,0.0,,1,$305.4
CUST-6149,F,70,South,13,One year,39.6,,,0,$514.8
CUST-9312,M,57,North,42,One year,87.38,,,0,"$3,669.96"
CUST-3199,non-binary,26,West,40,m2m,90.76,2.0,,1,"$3,630.4"
CUST-9318,Female,48,West,15,m2m,52.72,9.0,35.85,1,$790.8
CUST-3573,non-binary,24,East,17,Two year,66.83,,82.21,0,"$1,136.11"
CUST-10866,Female,79,North,23,Month-to-month,23.49,9.0,24.47,1,$540.27
CUST-9392,Female,57,West,68,One year,72.63,,,0,"$4,938.84"
CUST-8988,Male,27,West,52,Two year,40.45,,71.28,0,"$2,103.4"
CUST-7395,M,24,South,51,Two year,85.65,1.0,,0,"$4,368.15"
CUST-10295,non-binary,62,East,2,Month-to-month,57.25,,10.920000000000002,1,$114.5
CUST-6316,M,62,South,32,Month-to-month,21.22,,31.71,1,$679.04
CUST-9020,Male,42,North,18,Two year,76.95,2.0,79.46,0,"$1,385.1"
CUST-8150,Male,28,East,64,Month-to-month,30.68,2.0,28.41,1,"$1,963.52"
CUST-4019,M,24,North,9,Month-to-month,95.89,0.0,88.0,1,$863.01
CUST-4608,Female,57,West,64,One year,105.47,3.0,,1,"$6,750.08"
CUST-2407,M,33,West,2,1yr,104.56,1.0,,1,$209.12
CUST-10642,F,48,East,69,One year,68.83,10.0,15.76,1,"$4,749.27"
CUST-7097,non-binary,25,West,70,1yr,102.84,,22.91,0,"$7,198.8"
CUST-10695,non-binary,62,East,51,Two year,104.95,,90.28,1,"$5,352.45"
CUST-6941,F,28,East,62,m2m,116.99,,56.24,0,"$7,253.38"
CUST-10671,M,45,North,2,2yr,20.95,10.0,38.94,0,$41.9
CUST-6961,F,71,South,11,m2m,71.17,1.0,,1,$782.87
CUST-3579,F,-5,North,71,Month-to-month,58.05,,69.13,1,"$4,121.55"
CUST-8008,Female,56,North,48,Month-to-month,84.56,,63.23,0,"$4,058.88"
CUST-6065,non-binary,76,West,43,m2m,82.3,0.0,,1,"$3,538.9"
CUST-2895,M,48,West,26,Month-to-month,60.19,,,1,"$1,564.94"
CUST-8047,Male,36,West,72,Month-to-month,48.27,3.0,,0,"$3,475.44"
CUST-7143,Female,72,East,17,2yr,84.63,,,1,"$1,438.71"
CUST-2801,M,45,West,58,2yr,52.54,2.0,46.49,0,"$3,047.32"
CUST-9547,F,23,North,52,m2m,36.15,0.0,67.63,1,"$1,879.8"
CUST-10138,Male,28,North,22,Two year,55.57,3.0,,0,"$1,222.54"
CUST-1072,non-binary,55,West,34,Month-to-month,103.44,,60.23,1,"$3,516.96"
CUST-2817,F,49,East,7,Two year,54.34,1.0,88.07,0,$380.38
CUST-10713,Female,43,West,11,Two year,88.31,1.0,,0,$971.41
CUST-9618,M,42,North,55,Month-to-month,59.06,0.0,52.85,0,"$3,248.3"
CUST-2978,M,45,East,39,One year,66.49,,,1,"$2,593.11"
CUST-9804,Male,53,South,2,m2m,71.3,,,1,$142.6
CUST-6630,Female,50,East,54,Two year,40.07,,63.64,0,"$2,163.78"
CUST-6435,non-binary,42,North,5,Month-to-month,54.85,,15.93,1,$274.25
CUST-2721,Female,80,North,71,m2m,38.74,1.0,,0,"$2,750.54"
CUST-2047,F,76,West,18,Month-to-month,44.51,0.0,45.85,0,$801.18
CUST-1633,F,68,West,56,1yr,66.6,0.0,,0,"$3,729.6"
CUST-7740,non-binary,34,West,43,Two year,98.22,,16.83,1,"$4,223.46"
CUST-1665,non-binary,61,South,25,2yr,75.72,0.0,,1,"$1,893.0"
CUST-9178,Female,80,East,7,One year,67.69,0.0,86.48,0,$473.83
CUST-6155,M,52,South,17,m2m,98.56,,37.32,1,"$1,675.52"
CUST-5692,Female,45,South,29,Month-to-month,96.83,6.0,38.77,1,"$2,808.07"
CUST-4394,F,-5,North,55,One year,33.2,0.0,65.32,0,"$1,826.0"
CUST-8836,Female,20,South,31,One year,40.97,,84.3,0,"$1,270.07"
CUST-7220,non-binary,42,West,23,One year,52.36,,80.1,0,"$1,204.28"
CUST-9875,Male,32,East,43,Month-to-month,114.72,,,1,"$4,932.96"
CUST-3621,M,42,South,67,Month-to-month,70.86,,,1,"$4,747.62"
CUST-4826,F,77,South,10,One year,28.21,,,0,$282.1
CUST-1734,Male,53,East,51,Two year,109.33,3.0,77.19,0,"$5,575.83"
CUST-10985,M,-5,North,4,Two year,93.22,,,0,$372.88
CUST-9490,Female,24,South,51,One year,90.27,,,0,"$4,603.77"
CUST-1490,Female,58,North,60,Two year,49.24,,76.71,0,"$2,954.4"
CUST-1702,Female,64,South,5,Two year,48.84,3.0,,0,$244.2
CUST-1014,Male,71,South,68,One year,91.32,0.0,,0,"$6,209.76"
CUST-4163,non-binary,69,West,67,2yr,65.43,,27.47,0,"$4,383.81"
CUST-1544,F,61,East,69,One year,95.19,,76.03,0,"$6,568.11"
CUST-10723,F,54,South,66,Month-to-month,61.4,1.0,,1,"$4,052.4"
CUST-2534,Female,28,West,66,Two year,96.38,,26.82,0,"$6,361.08"
CUST-8913,non-binary,22,East,8,One year,88.56,3.0,25.66,0,$708.48
CUST-4474,M,250,North,23,Month-to-month,63.83,,30.2,1,"$1,468.09"
CUST-6723,Male,28,North,41,One year,38.82,3.0,73.03,0,"$1,591.62"
CUST-7471,Male,26,South,33,Month-to-month,64.58,,,0,"$2,131.14"
CUST-6950,Female,80,West,52,Month-to-month,40.11,,61.57,0,"$2,085.72"
CUST-10330,non-binary,75,West,16,One year,58.38,3.0,70.36,0,$934.08
CUST-4242,M,80,South,30,m2m,106.36,,,1,"$3,190.8"
CUST-8779,Female,26,West,14,Month-to-month,58.6,,35.32,0,$820.4
CUST-3250,non-binary,51,East,22,m2m,42.78,0.0,79.85,1,$941.16
CUST-9254,M,21,South,70,m2m,108.32,,75.33,1,"$7,582.4"
CUST-3378,Female,75,North,3,Month-to-month,64.23,,46.82,0,$192.69
CUST-4504,Male,-5,West,25,Two year,21.62,3.0,81.67,0,$540.5
CUST-1149,Male,27,South,34,Month-to-month,23.19,2.0,40.48,1,$788.46
CUST-10125,F,77,West,65,Month-to-month,27.52,3.0,90.74,1,"$1,788.8"
CUST-3764,Male,26,West,59,m2m,53.2,3.0,,0,"$3,138.8"
CUST-8037,F,59,South,14,Month-to-month,95.6,,,1,"$1,338.4"
CUST-10882,F,19,North,14,1yr,56.88,3.0,87.13,0,$796.32
CUST-2154,F,250,North,1,2yr,101.26,,69.19,0,$101.26
CUST-4088,F,24,North,62,Two year,24.18,,,0,"$1,499.16"
CUST-9496,M,49,West,37,One year,79.67,2.0,64.44,0,"$2,947.79"
CUST-10374,non-binary,59,North,38,1yr,41.24,0.0,,0,"$1,567.12"
CUST-5897,Female,-5,North,31,2yr,43.23,1.0,,0,"$1,340.13"
CUST-6446,M,250,West,12,Month-to-month,105.09,0.0,87.25,1,"$1,261.08"
CUST-8655,Male,49,North,47,Month-to-month,67.91,3.0,43.03,1,"$3,191.77"
CUST-10685,Male,44,West,30,m2m,91.67,0.0,90.47,0,"$2,750.1"
CUST-7673,Female,75,South,46,Month-to-month,33.87,1.0,89.26,0,"$1,558.02"
CUST-5547,Male,47,West,12,2yr,114.09,,15.5,0,"$1,369.08"
CUST-3099,M,-5,North,57,Two year,34.39,,,0,"$1,960.23"
CUST-7921,Female,41,East,62,Month-to-month,95.06,,31.59,1,"$5,893.72"
CUST-2184,non-binary,37,East,1,Two year,82.24,,,0,$82.24
CUST-9117,Female,52,North,63,One year,86.69,,,0,"$5,461.47"
CUST-4694,F,71,South,72,Month-to-month,38.25,0.0,,1,"$2,754.0"
CUST-10003,Male,46,North,57,1yr,55.79,2.0,,0,"$3,180.03"
CUST-9039,Female,-5,East,32,m2m,67.9,10.0,17.34,1,"$2,172.8"
CUST-3402,F,21,North,44,One year,39.7,1.0,74.31,0,"$1,746.8"
CUST-3576,M,75,South,38,One year,77.63,,61.11,0,"$2,949.94"
CUST-9970,non-binary,66,North,3,2yr,117.49,0.0,,0,$352.47
CUST-6350,F,26,East,68,m2m,33.53,,44.78,1,"$2,280.04"
CUST-7981,M,46,South,14,Month-to-month,38.23,0.0,67.24,0,$535.22
CUST-10979,F,46,North,28,Two year,30.02,,71.01,0,$840.56
CUST-3822,non-binary,62,West,42,m2m,97.34,,,0,"$4,088.28"
CUST-9680,Female,56,North,69,One year,111.55,,,0,"$7,696.95"
CUST-9703,M,37,North,71,Month-to-month,105.84,,36.73,0,"$7,514.64"
CUST-7654,M,43,West,42,m2m,113.02,0.0,55.93,0,"$4,746.84"
CUST-10613,F,28,East,71,Month-to-month,88.7,7.0,32.97,1,"$6,297.7"
CUST-3796,F,58,West,18,Month-to-month,69.08,0.0,46.66,0,"$1,243.44"
CUST-7233,non-binary,54,East,58,1yr,59.22,,,0,"$3,434.76"
CUST-4480,non-binary,41,South,58,One year,91.07,,19.86,1,"$5,282.06"
CUST-3819,Male,37,West,8,Two year,105.98,,,0,$847.84
CUST-8133,non-binary,21,West,14,Month-to-month,32.94,6.0,15.49,1,$461.16
CUST-1409,F,77,North,11,2yr,89.38,2.0,82.12,0,$983.18
CUST-3817,Male,59,East,5,Month-to-month,87.35,1.0,,0,$436.75
CUST-4010,F,45,East,70,Month-to-month,24.77,,37.61,1,"$1,733.9"
CUST-8304,F,36,South,36,Two year,26.1,,46.37,0,$939.6
CUST-8065,M,72,North,64,Month-to-month,44.99,0.0,,1,"$2,879.36"
CUST-10855,non-binary,50,West,72,Month-to-month,91.43,3.0,90.75,0,"$6,582.96"
CUST-9802,Female,32,North,47,One year,51.65,0.0,,0,"$2,427.55"
CUST-9192,Male,18,North,71,Month-to-month,98.94,2.0,,0,"$7,024.74"
CUST-8401,Male,47,North,53,Month-to-month,94.37,3.0,,1,"$5,001.61"
CUST-8989,Male,45,North,52,One year,37.78,,,0,"$1,964.56"
CUST-1320,M,70,West,30,One year,81.98,,83.22,0,"$2,459.4"
CUST-4265,Female,28,East,35,2yr,26.35,2.0,,0,$922.25
CUST-6826,Female,18,West,55,One year,110.97,,,0,"$6,103.35"
CUST-9793,Male,45,North,67,Month-to-month,55.66,0.0,71.9,0,"$3,729.22"
CUST-3088,F,44,West,47,m2m,119.63,1.0,,1,"$5,622.61"
CUST-2211,F,29,North,69,One year,38.14,,,0,"$2,631.66"
CUST-1423,M,34,South,68,Month-to-month,35.09,,,0,"$2,386.12"
CUST-1131,F,19,South,45,Month-to-month,62.7,,29.06,0,"$2,821.5"
CUST-5399,Female,57,North,53,Two year,105.97,,44.87,1,"$5,616.41"
CUST-8521,F,26,North,65,One year,76.59,2.0,80.15,0,"$4,978.35"
CUST-7382,F,75,North,43,1yr,117.62,2.0,72.52,0,"$5,057.66"
CUST-5549,M,53,South,7,One year,96.83,,88.52,0,$677.81
CUST-9840,Female,22,West,29,Month-to-month,79.63,,70.11,0,"$2,309.27"
CUST-7424,F,66,East,70,One year,73.27,1.0,,1,"$5,128.9"
CUST-3125,F,32,East,41,Month-to-month,35.85,,87.35,1,"$1,469.85"
CUST-10191,F,39,North,13,m2m,78.7,,,1,"$1,023.1"
CUST-10770,F,43,South,63,Month-to-month,64.5,,,0,"$4,063.5"
CUST-10127,M,53,West,16,One year,63.16,2.0,,0,"$1,010.56"
CUST-3235,Female,33,East,63,Two year,22.64,,,1,"$1,426.32"
CUST-5031,non-binary,76,East,7,One year,115.48,,39.76,0,$808.36
CUST-10818,F,47,North,15,1yr,53.2,,,1,$798.0
CUST-6597,non-binary,19,South,34,One year,77.55,,99.05,0,"$2,636.7"
CUST-7815,F,74,West,31,Month-to-month,94.04,2.0,,0,"$2,915.24"
CUST-3535,F,250,South,10,2yr,90.33,1.0,53.73,0,$903.3
CUST-1842,Female,32,South,25,Month-to-month,101.55,0.0,82.06,0,"$2,538.75"
CUST-3618,non-binary,73,South,1,Month-to-month,95.95,,,1,$95.95
CUST-8621,Male,48,North,34,One year,83.82,1.0,,0,"$2,849.88"
CUST-9844,Male,24,East,72,Month-to-month,39.01,1.0,,0,"$2,808.72"
CUST-10345,non-binary,79,West,17,One year,109.37,,46.71,0,"$1,859.29"
CUST-1109,Male,51,South,12,Month-to-month,33.77,,36.94,1,$405.24
CUST-8536,non-binary,20,West,5,Month-to-month,65.57,1.0,,1,$327.85
CUST-8535,F,78,North,2,Two year,68.93,,,0,$137.86
CUST-3848,Male,80,South,10,Month-to-month,43.37,10.0,21.15,1,$433.7
CUST-7186,Male,45,West,9,Two year,45.45,3.0,,0,$409.05
CUST-7026,F,30,North,15,Two year,33.7,2.0,88.02,1,$505.5
CUST-3504,F,47,East,26,2yr,51.81,2.0,85.65,0,"$1,347.06"
CUST-9880,non-binary,64,East,28,Month-to-month,69.53,,,0,"$1,946.84"
CUST-8825,non-binary,73,North,11,One year,41.89,,94.96,0,$460.79
CUST-4046,Female,78,West,32,2yr,82.35,,96.29,0,"$2,635.2"
CUST-3846,non-binary,250,East,46,Month-to-month,69.04,1.0,,0,"$3,175.84"
CUST-4006,Male,33,South,60,Month-to-month,90.02,0.0,,1,"$5,401.2"
CUST-8772,non-binary,75,South,70,One year,80.24,2.0,69.82,0,"$5,616.8"
CUST-5441,non-binary,59,West,13,2yr,78.67,3.0,,0,"$1,022.71"
CUST-7184,non-binary,19,East,2,Two year,28.01,2.0,69.1,0,$56.02
CUST-6328,M,250,West,17,1yr,65.0,,81.69,0,"$1,105.0"
CUST-7618,Male,60,West,33,One year,66.16,1.0,90.52,0,"$2,183.28"
CUST-1150,Male,66,East,2,Two year,70.87,3.0,56.56,0,$141.74
CUST-7277,F,72,South,56,Month-to-month,109.25,,50.89,0,"$6,118.0"
CUST-8215,Female,65,South,14,One year,64.89,2.0,,0,$908.46
CUST-7884,M,46,North,69,Month-to-month,21.18,2.0,,0,"$1,461.42"
CUST-6657,non-binary,80,South,51,One year,60.01,,,0,"$3,060.51"
CUST-5371,Male,46,South,32,2yr,115.85,3.0,62.48,1,"$3,707.2"
CUST-3752,F,-5,North,25,Month-to-month,119.55,,,1,"$2,988.75"
CUST-10427,M,44,South,55,Month-to-month,72.17,,,1,"$3,969.35"
CUST-5517,non-binary,42,West,66,Month-to-month,75.63,,33.38,1,"$4,991.58"
CUST-6161,non-binary,20,South,56,m2m,33.15,,93.46,1,"$1,856.4"
CUST-1519,Male,28,East,30,Month-to-month,30.1,0.0,,1,$903.0
CUST-6538,Female,34,North,21,Month-to-month,74.64,1.0,,1,"$1,567.44"
CUST-6101,M,31,North,13,One year,105.92,,70.28,0,"$1,376.96"
CUST-7995,F,60,North,71,Month-to-month,49.11,1.0,,0,"$3,486.81"
CUST-5795,M,76,West,53,One year,26.06,0.0,,0,"$1,381.18"
CUST-2351,Female,51,West,1,Month-to-month,80.82,,,0,$80.82
CUST-7555,Male,50,North,42,Two year,61.92,,,0,"$2,600.64"
CUST-5281,F,31,North,47,Month-to-month,63.73,,,1,"$2,995.31"
CUST-5893,Female,33,East,17,Month-to-month,105.98,1.0,84.92,1,"$1,801.66"
CUST-2567,non-binary,78,South,55,Two year,96.98,0.0,,0,"$5,333.9"
CUST-8175,M,71,North,6,Month-to-month,99.03,,45.27,0,$594.18
CUST-1239,Female,25,West,54,Two year,66.7,,47.37,0,"$3,601.8"
CUST-6805,Male,39,West,14,Month-to-month,94.75,,12.26,1,"$1,326.5"
CUST-8149,M,39,West,17,2yr,74.07,,81.5,0,"$1,259.19"
CUST-7341,Male,38,West,23,Month-to-month,105.84,3.0,87.53,1,"$2,434.32"
CUST-6998,M,49,West,11,m2m,62.0,3.0,95.69,1,$682.0
CUST-1937,Male,65,West,47,Two year,49.26,3.0,,0,"$2,315.22"
CUST-2966,Male,33,South,26,One year,71.18,,,0,"$1,850.68"
CUST-10114,non-binary,44,West,30,Month-to-month,62.12,,,1,"$1,863.6"
CUST-8834,Female,40,East,53,Month-to-month,96.18,,,0,"$5,097.54"
CUST-3488,non-binary,78,North,48,2yr,75.15,,,0,"$3,607.2"
CUST-5135,M,18,West,14,One year,115.91,,,1,"$1,622.74"
CUST-6428,M,32,South,24,m2m,28.33,3.0,75.16,1,$679.92
CUST-1644,F,59,South,37,One year,64.81,2.0,68.85,0,"$2,397.97"
CUST-8638,F,250,North,68,Month-to-month,52.77,0.0,54.98,1,"$3,588.36"
CUST-2663,M,54,West,15,Month-to-month,70.46,9.0,29.71,1,"$1,056.9"
CUST-5997,F,65,South,63,m2m,106.04,2.0,,0,"$6,680.52"
CUST-7824,Male,42,North,18,Month-to-month,99.25,,,1,"$1,786.5"
CUST-9655,Female,22,North,60,Month-to-month,109.31,1.0,66.92,0,"$6,558.6"
CUST-3484,Female,63,North,31,Two year,96.17,2.0,47.94,0,"$2,981.27"
CUST-1612,Female,73,South,9,One year,104.3,3.0,,0,$938.7
CUST-8367,Male,52,North,40,Two year,57.45,1.0,,0,"$2,298.0"
CUST-4606,non-binary,52,North,49,Month-to-month,97.99,1.0,,0,"$4,801.51"
CUST-6249,Male,20,South,10,One year,85.0,2.0,13.05,0,$850.0
CUST-6852,F,47,South,39,1yr,60.48,,65.09,0,"$2,358.72"
CUST-6810,F,57,West,72,Month-to-month,89.82,,60.53,1,"$6,467.04"
CUST-2121,Male,-5,North,7,One year,61.6,3.0,,0,$431.2
CUST-8590,F,54,North,72,Month-to-month,24.56,1.0,,0,"$1,768.32"
CUST-7686,M,30,North,63,Month-to-month,101.94,,19.9,1,"$6,422.22"
CUST-7934,Female,50,North,13,1yr,39.2,0.0,,1,$509.6
CUST-6253,F,47,West,35,One year,33.45,,,0,"$1,170.75"
CUST-5359,Male,39,West,25,Two year,68.66,3.0,51.16,0,"$1,716.5"
CUST-1226,Female,20,West,5,One year,79.88,3.0,,0,$399.4
CUST-6476,non-binary,40,South,48,Month-to-month,20.13,1.0,,1,$966.24
CUST-3657,M,73,East,56,One year,84.56,,,0,"$4,735.36"
CUST-6157,M,24,West,0,One year,77.41,,41.27,0,$0.0
CUST-7625,Male,43,South,3,Month-to-month,57.1,2.0,20.979999999999997,1,$171.3
CUST-7599,Female,77,North,57,One year,22.37,,32.87,1,"$1,275.09"
CUST-6552,non-binary,250,West,26,One year,92.14,,,0,"$2,395.64"
CUST-9275,F,73,West,12,Two year,114.1,2.0,,0,"$1,369.2"
CUST-5770,Male,41,South,20,1yr,116.16,2.0,,0,"$2,323.2"
CUST-7767,non-binary,50,South,23,One year,32.78,0.0,,0,$753.94
CUST-5313,F,46,North,71,One year,50.03,,36.98,0,"$3,552.13"
CUST-7792,M,78,North,57,1yr,90.26,1.0,96.05,0,"$5,144.82"
CUST-5238,M,27,South,34,Month-to-month,88.49,,34.43,1,"$3,008.66"
CUST-7377,Female,53,West,15,One year,30.68,,,0,$460.2
CUST-5075,F,35,South,42,Month-to-month,50.33,3.0,,1,"$2,113.86"
CUST-6653,M,21,West,43,One year,40.89,,38.99,0,"$1,758.27"
CUST-4090,Male,21,South,61,2yr,45.32,8.0,19.75,1,"$2,764.52"
CUST-3857,Male,48,East,18,Month-to-month,94.41,2.0,,1,"$1,699.38"
CUST-6449,M,49,North,63,Two year,115.06,,85.36,0,"$7,248.78"
CUST-2383,non-binary,36,West,14,Two year,63.68,0.0,,0,$891.52
CUST-10435,M,50,South,0,Two year,114.64,,,0,$0.0
CUST-2489,Male,27,West,13,2yr,21.77,1.0,88.96,0,$283.01
CUST-9903,non-binary,75,North,70,Month-to-month,30.7,10.0,16.67,1,"$2,149.0"
CUST-10133,non-binary,20,North,5,Month-to-month,64.18,,,0,$320.9
CUST-3171,M,55,North,51,Month-to-month,79.23,,,1,"$4,040.73"
CUST-7057,M,80,West,5,Month-to-month,42.04,,46.62,0,$210.2
CUST-6239,Female,60,East,38,m2m,42.97,,,0,"$1,632.86"
CUST-3032,M,31,South,55,Month-to-month,114.18,2.0,44.06,1,"$6,279.9"
CUST-7349,non-binary,65,North,54,Two year,73.76,,23.73,0,"$3,983.04"
CUST-9479,Male,22,West,18,Two year,116.92,,76.58,1,"$2,104.56"
CUST-3585,Female,23,South,17,One year,55.18,1.0,40.96,0,$938.06
CUST-3359,non-binary,38,North,24,Month-to-month,106.38,3.0,,1,"$2,553.12"
CUST-9460,M,27,West,65,One year,62.97,,83.34,0,"$4,093.05"
CUST-4338,F,27,West,48,Month-to-month,45.36,2.0,86.25,0,"$2,177.28"
CUST-4020,F,29,North,58,Month-to-month,117.29,,,0,"$6,802.82"
CUST-8072,non-binary,66,North,67,Month-to-month,109.6,2.0,,0,"$7,343.2"
CUST-9348,F,52,North,14,m2m,119.34,,,1,"$1,670.76"
CUST-7066,non-binary,75,North,49,One year,95.22,,,0,"$4,665.78"
CUST-4503,Male,72,West,43,m2m,94.99,0.0,,1,"$4,084.57"
CUST-2190,Female,66,South,0,1yr,83.1,,25.39,0,$0.0
CUST-10329,F,40,North,55,m2m,71.27,,66.88,1,"$3,919.85"
CUST-3446,F,50,North,16,Month-to-month,88.12,,65.42,1,"$1,409.92"
CUST-2862,non-binary,26,West,32,Month-to-month,96.87,0.0,67.54,0,"$3,099.84"
CUST-10303,Female,63,West,61,Month-to-month,30.18,3.0,,0,"$1,840.98"
CUST-3455,Female,44,North,66,Month-to-month,75.97,,,1,"$5,014.02"
CUST-3877,Female,64,West,40,m2m,26.01,,96.52,0,"$1,040.4"
CUST-6835,non-binary,35,East,6,1yr,60.0,2.0,48.21,0,$360.0
CUST-4666,Female,50,North,58,One year,94.9,,17.85,0,"$5,504.2"
CUST-9717,Male,74,West,20,Month-to-month,94.99,,,1,"$1,899.8"
CUST-1787,M,47,West,17,Month-to-month,80.3,,,1,"$1,365.1"
CUST-3092,Female,40,South,5,Two year,44.84,0.0,,0,$224.2
CUST-8530,M,31,North,5,Two year,75.96,3.0,57.05,0,$379.8
CUST-5160,Male,31,West,36,Month-to-month,56.57,2.0,,0,"$2,036.52"
CUST-9231,Male,18,West,36,One year,41.95,,18.39,0,"$1,510.2"
CUST-5599,M,58,West,37,Month-to-month,97.32,,,1,"$3,600.84"
CUST-8798,Female,66,North,12,One year,116.67,7.0,32.82,0,"$1,400.04"
CUST-10375,F,62,East,67,Month-to-month,118.35,0.0,,1,"$7,929.45"
CUST-6842,M,73,East,5,One year,54.5,,,0,$272.5
CUST-2875,non-binary,23,South,18,Two year,75.83,0.0,79.44,0,"$1,364.94"
CUST-5216,Female,34,North,64,Month-to-month,72.33,,25.17,1,"$4,629.12"
CUST-10264,Female,66,West,20,Month-to-month,95.09,,,1,"$1,901.8"
CUST-8949,Female,20,South,24,One year,34.78,3.0,48.7,0,$834.72
CUST-3220,Male,65,West,66,One year,77.98,,,0,"$5,146.68"
CUST-6666,F,44,South,52,One year,116.88,3.0,19.88,1,"$6,077.76"
CUST-6246,non-binary,66,South,1,Month-to-month,72.18,1.0,,1,$72.18
CUST-6331,M,19,South,36,Month-to-month,26.72,,,0,$961.92
CUST-7702,M,23,North,16,Month-to-month,100.07,4.0,35.57,1,"$1,601.12"
CUST-4134,Female,42,North,21,m2m,98.1,,59.29,0,"$2,060.1"
CUST-7208,non-binary,33,West,51,m2m,46.62,1.0,,0,"$2,377.62"
CUST-6748,F,65,West,57,Month-to-month,61.67,0.0,87.44,0,"$3,515.19"
CUST-5825,M,18,East,6,1yr,35.0,,27.04,0,$210.0
CUST-9297,Female,76,West,60,One year,30.13,,20.77,0,"$1,807.8"
CUST-7247,Male,74,South,71,One year,71.04,,82.4,0,"$5,043.84"
CUST-5339,Male,48,South,11,One year,109.9,2.0,,0,"$1,208.9"
CUST-8190,F,39,West,52,Month-to-month,91.97,,30.78,1,"$4,782.44"
CUST-2058,M,30,West,50,Month-to-month,45.57,0.0,18.42,0,"$2,278.5"
CUST-10397,non-binary,64,South,11,Two year,119.16,,,0,"$1,310.76"
CUST-2794,Female,65,West,22,One year,88.57,,,0,"$1,948.54"
CUST-2384,F,47,West,60,Month-to-month,57.46,1.0,90.29,0,"$3,447.6"
CUST-5250,M,19,West,68,Month-to-month,41.91,,,0,"$2,849.88"
CUST-7329,F,58,North,50,One year,97.6,,95.9,0,"$4,880.0"
CUST-2921,non-binary,65,South,61,One year,20.26,3.0,95.63,0,"$1,235.86"
CUST-6949,Female,46,East,7,Month-to-month,20.28,0.0,,1,$141.96
CUST-2119,non-binary,44,North,40,One year,79.49,2.0,79.65,0,"$3,179.6"
CUST-4280,non-binary,250,North,51,2yr,109.94,2.0,67.15,0,"$5,606.94"
CUST-8043,Female,27,East,51,One year,49.8,,33.62,0,"$2,539.8"
CUST-5189,Female,31,West,0,Month-to-month,30.95,,,1,$0.0
CUST-8955,F,74,West,56,One year,118.38,,93.95,0,"$6,629.28"
CUST-1165,Male,35,North,72,m2m,84.34,3.0,76.03,1,"$6,072.48"
CUST-8067,Male,45,North,33,Two year,54.02,,,0,"$1,782.66"
CUST-4466,Male,48,South,40,Two year,33.76,,,0,"$1,350.4"
CUST-3665,non-binary,60,West,42,Month-to-month,44.5,1.0,28.81,0,"$1,869.0"
CUST-10848,non-binary,79,South,20,Month-to-month,111.31,,,1,"$2,226.2"
CUST-9997,Male,72,North,71,One year,102.65,0.0,,0,"$7,288.15"
CUST-1162,M,58,North,5,Month-to-month,79.43,0.0,,1,$397.15
CUST-7349,non-binary,65,North,54,Two year,73.76,,23.73,0,"$3,983.04"
CUST-8940,Male,42,East,6,Two year,102.53,,81.04,0,$615.18
CUST-7087,Female,250,South,7,m2m,20.94,0.0,50.67,1,$146.58
CUST-3152,F,22,North,25,Month-to-month,100.01,1.0,96.37,1,"$2,500.25"
CUST-9305,Male,71,North,14,One year,78.87,,58.66,0,"$1,104.18"
CUST-4815,Male,27,West,39,Month-to-month,50.51,1.0,79.3,1,"$1,969.89"
CUST-10308,non-binary,29,West,30,Month-to-month,42.56,,,0,"$1,276.8"
CUST-8904,M,61,South,15,One year,72.46,,,1,"$1,086.9"
CUST-5643,Male,35,North,47,One year,32.15,10.0,26.03,0,"$1,511.05"
CUST-1441,non-binary,21,South,44,One year,55.79,,36.28,0,"$2,454.76"
CUST-10073,non-binary,60,East,23,Two year,23.02,0.0,88.0,1,$529.46
CUST-7933,Male,38,West,15,m2m,64.68,,,1,$970.2
CUST-5510,M,38,West,71,Month-to-month,92.28,,,0,"$6,551.88"
CUST-4346,Male,37,West,15,Two year,21.97,,56.36,0,$329.55
CUST-2461,Male,33,North,55,One year,58.31,1.0,58.5,0,"$3,207.05"
CUST-1143,Male,24,West,23,One year,97.07,2.0,73.87,0,"$2,232.61"
CUST-10659,F,46,North,34,One year,57.95,4.0,21.46,0,"$1,970.3"
CUST-4458,F,33,South,59,Month-to-month,94.19,,,0,"$5,557.21"
CUST-9868,F,72,South,10,2yr,74.98,,23.67,0,$749.8
CUST-9720,M,55,West,37,Two year,79.48,,,0,"$2,940.76"
CUST-7899,Female,41,West,41,Month-to-month,116.2,0.0,,0,"$4,764.2"
CUST-4792,Female,20,East,72,One year,30.84,3.0,66.04,0,"$2,220.48"
CUST-3339,Male,71,West,65,One year,29.41,10.0,38.99,0,"$1,911.65"
CUST-6124,non-binary,72,West,66,Month-to-month,101.76,,,1,"$6,716.16"
CUST-6846,non-binary,69,West,59,Month-to-month,116.45,,,1,"$6,870.55"
CUST-4668,non-binary,41,North,58,Month-to-month,51.4,3.0,,0,"$2,981.2"
CUST-10762,F,59,South,44,Month-to-month,81.03,,66.7,1,"$3,565.32"
CUST-4687,Male,50,East,67,One year,40.73,1.0,62.9,1,"$2,728.91"
CUST-10865,M,42,East,40,Month-to-month,26.12,,,0,"$1,044.8"
CUST-8152,F,50,South,12,Month-to-month,82.45,,53.44,1,$989.4
CUST-10859,Male,37,West,71,One year,87.41,,81.18,1,"$6,206.11"
CUST-4030,non-binary,23,East,47,Two year,20.71,,,0,$973.37
CUST-10075,M,74,West,70,Month-to-month,116.97,,93.03,0,"$8,187.9"
CUST-9965,Male,39,South,61,One year,64.37,10.0,16.45,1,"$3,926.57"
CUST-2521,Male,38,West,5,m2m,103.91,,,1,$519.55
CUST-10359,Male,37,North,5,Month-to-month,54.03,2.0,,1,$270.15
CUST-9940,non-binary,250,South,67,m2m,112.86,,,0,"$7,561.62"
CUST-7623,M,36,West,0,One year,36.64,,,0,$0.0
CUST-3989,F,22,West,41,One year,53.88,,,0,"$2,209.08"
CUST-6588,Male,64,West,11,One year,85.95,,42.67,0,$945.45
CUST-10149,F,74,West,17,1yr,25.12,,,0,$427.04
CUST-5985,M,72,North,27,Month-to-month,60.86,3.0,56.9,1,"$1,643.22"
CUST-3041,Male,73,North,72,Two year,108.7,3.0,,0,"$7,826.4"
CUST-9728,Female,27,North,69,Two year,105.7,0.0,66.12,1,"$7,293.3"
CUST-6896,Male,55,North,68,1yr,81.36,3.0,,0,"$5,532.48"
CUST-1880,M,63,South,42,1yr,111.68,2.0,92.29,0,"$4,690.56"
CUST-8455,M,19,South,20,One year,24.59,0.0,23.34,0,$491.8
CUST-5773,Male,41,East,33,1yr,49.11,2.0,,0,"$1,620.63"
CUST-6583,Female,60,West,69,2yr,91.72,,,0,"$6,328.68"
CUST-2776,Female,48,West,12,Month-to-month,91.33,2.0,,1,"$1,095.96"
CUST-9057,Male,20,North,64,m2m,25.15,,19.34,0,"$1,609.6"
CUST-2650,M,79,North,36,Month-to-month,54.1,3.0,,0,"$1,947.6"
CUST-7210,Male,30,North,62,m2m,34.46,3.0,56.74,1,"$2,136.52"
CUST-7653,Female,18,South,45,Month-to-month,106.51,,,0,"$4,792.95"
CUST-1028,M,33,West,64,Month-to-month,22.7,5.0,17.55,1,"$1,452.8"
CUST-3400,M,41,East,49,One year,37.46,7.0,19.56,1,"$1,835.54"
CUST-3993,Male,27,South,45,2yr,20.65,,,0,$929.25
CUST-2761,Female,37,North,16,1yr,76.02,2.0,63.9,0,"$1,216.32"
CUST-3998,Male,68,West,39,One year,111.26,1.0,78.36,0,"$4,339.14"
CUST-2653,non-binary,42,North,63,Month-to-month,68.85,,,1,"$4,337.55"
CUST-7697,Male,22,West,48,2yr,52.99,,,0,"$2,543.52"
CUST-8930,Female,-5,South,47,Month-to-month,74.78,2.0,,0,"$3,514.66"
CUST-3669,Female,47,South,8,Two year,60.64,1.0,,0,$485.12
CUST-4145,Female,48,South,8,1yr,51.76,1.0,,0,$414.08
CUST-8686,M,21,South,25,One year,27.76,3.0,58.89,0,$694.0
CUST-8947,F,52,South,24,Month-to-month,84.4,3.0,,1,"$2,025.6"
CUST-6064,Female,72,South,7,One year,25.22,1.0,41.62,0,$176.54
CUST-4849,Male,37,South,44,One year,61.46,3.0,,0,"$2,704.24"
CUST-4350,M,47,South,5,Month-to-month,29.87,2.0,76.17,0,$149.35
CUST-1403,F,44,East,33,2yr,110.34,8.0,10.08,1,"$3,641.22"
CUST-7054,F,28,North,23,Month-to-month,75.89,,52.02,1,"$1,745.47"
CUST-5245,M,54,West,7,One year,118.27,,38.46,0,$827.89
CUST-3015,Male,32,South,54,Two year,58.56,1.0,,0,"$3,162.24"
CUST-6356,Female,50,North,40,One year,99.04,3.0,45.96,0,"$3,961.6"
CUST-10466,non-binary,24,South,37,One year,34.55,0.0,,0,"$1,278.35"
CUST-10454,Male,65,North,44,1yr,62.21,3.0,27.54,0,"$2,737.24"
CUST-6537,Male,35,West,33,Month-to-month,66.15,,,0,"$2,182.95"
CUST-2368,Male,24,West,35,Month-to-month,67.47,,10.64,1,"$2,361.45"
CUST-1515,Female,30,East,52,Two year,62.53,1.0,90.79,0,"$3,251.56"
CUST-5132,F,52,South,10,Month-to-month,39.78,3.0,57.39,0,$397.8
CUST-8027,F,47,North,25,Month-to-month,77.65,,44.05,1,"$1,941.25"
CUST-8224,non-binary,70,North,4,Two year,69.7,,27.0,0,$278.8
CUST-5239,Female,78,East,11,One year,39.36,3.0,,0,$432.96
CUST-3090,Female,68,West,34,Month-to-month,22.82,,17.4,1,$775.88
CUST-5869,Female,31,South,1,One year,101.12,1.0,,0,$101.12
CUST-1328,Female,76,South,68,2yr,21.04,,51.3,0,"$1,430.72"
CUST-6990,non-binary,27,West,40,Month-to-month,60.71,,,0,"$2,428.4"
CUST-1585,M,35,South,44,One year,85.46,1.0,99.1,0,"$3,760.24"
CUST-6179,Female,35,West,57,One year,109.29,0.0,,0,"$6,229.53"
CUST-4147,Male,33,South,18,m2m,66.99,,,1,"$1,205.82"
CUST-8992,F,-5,West,64,2yr,54.12,,,0,"$3,463.68"
CUST-6095,F,28,East,40,Month-to-month,113.03,3.0,,0,"$4,521.2"
CUST-1661,F,250,East,13,Month-to-month,113.89,,,1,"$1,480.57"
CUST-4900,non-binary,79,North,26,Month-to-month,60.78,0.0,,0,"$1,580.28"
CUST-10709,non-binary,49,South,31,Two year,25.96,1.0,,0,$804.76
CUST-10223,Female,46,North,29,2yr,97.06,,,0,"$2,814.74"
CUST-6455,M,21,North,67,One year,58.51,10.0,15.69,1,"$3,920.17"
CUST-6214,non-binary,19,East,27,One year,31.46,3.0,11.99,0,$849.42
CUST-5192,Female,69,North,8,m2m,77.95,,74.59,1,$623.6
CUST-10527,non-binary,54,South,9,1yr,106.45,,86.92,0,$958.05
CUST-8319,M,33,West,2,Month-to-month,46.95,3.0,55.730000000000004,0,$93.9
CUST-5762,F,77,South,8,1yr,91.53,2.0,,0,$732.24
CUST-5675,M,76,South,37,Month-to-month,55.13,2.0,,0,"$2,039.81"
CUST-7996,Female,79,North,33,Month-to-month,31.05,2.0,,0,"$1,024.65"
CUST-8196,non-binary,79,North,28,Two year,26.97,,43.74,0,$755.16
CUST-7960,F,59,North,30,One year,110.97,,11.82,1,"$3,329.1"
CUST-6836,non-binary,65,East,67,2yr,53.9,1.0,83.85,0,"$3,611.3"
CUST-1563,F,72,North,55,Month-to-month,76.37,1.0,,0,"$4,200.35"
CUST-6043,M,42,West,19,1yr,22.79,0.0,,0,$433.01
CUST-2811,Male,38,South,20,m2m,80.66,3.0,,0,"$1,613.2"
CUST-9139,F,63,East,20,One year,78.04,,57.12,0,"$1,560.8"
CUST-9417,M,53,East,1,m2m,36.76,,0.0,1,$36.76
CUST-4539,Male,55,West,10,Two year,104.05,,,0,"$1,040.5"
CUST-4035,Female,58,South,55,2yr,43.96,1.0,77.86,0,"$2,417.8"
CUST-5158,M,31,South,2,Two year,110.58,3.0,,0,$221.16
CUST-8145,Female,27,West,0,Month-to-month,42.73,,,0,$0.0
CUST-6532,Female,43,West,68,One year,32.76,9.0,39.03,0,"$2,227.68"
CUST-5585,non-binary,18,North,44,Month-to-month,34.16,1.0,,0,"$1,503.04"
CUST-1255,non-binary,67,North,66,One year,106.67,6.0,10.12,0,"$7,040.22"
CUST-5813,Female,24,West,68,One year,62.58,3.0,,0,"$4,255.44"
CUST-2886,M,63,East,5,One year,24.16,,,0,$120.8
CUST-8874,non-binary,36,West,21,Month-to-month,105.37,2.0,54.5,1,"$2,212.77"
CUST-3805,F,72,North,58,One year,114.37,,,1,"$6,633.46"
CUST-3046,non-binary,25,East,25,One year,89.91,3.0,48.63,0,"$2,247.75"
CUST-2196,Male,51,North,1,One year,86.06,,,0,$86.06
CUST-1294,F,68,West,58,One year,27.03,,33.2,0,"$1,567.74"
CUST-8020,non-binary,30,West,26,Month-to-month,85.67,3.0,,1,"$2,227.42"
CUST-1538,Female,77,North,30,One year,108.65,8.0,35.29,1,"$3,259.5"
CUST-8753,Male,45,East,14,One year,22.76,,,0,$318.64
CUST-9816,non-binary,19,West,33,Month-to-month,45.51,,,1,"$1,501.83"
CUST-8267,Female,80,North,17,One year,62.55,3.0,57.48,0,"$1,063.35"
CUST-9557,F,62,South,69,One year,103.76,,,0,"$7,159.44"
CUST-7690,non-binary,56,West,19,Month-to-month,45.81,1.0,76.86,0,$870.39
CUST-5446,non-binary,72,North,72,m2m,83.18,3.0,84.99,1,"$5,988.96"
CUST-2009,Male,71,North,60,Month-to-month,101.84,1.0,,1,"$6,110.4"
CUST-3183,Male,23,West,40,m2m,104.82,1.0,,0,"$4,192.8"
CUST-8084,non-binary,20,East,10,Two year,34.4,,,0,$344.0
CUST-4226,Male,63,South,68,Two year,54.16,0.0,71.81,0,"$3,682.88"
CUST-3885,M,30,North,51,Two year,70.28,1.0,,0,"$3,584.28"
CUST-7725,M,31,South,32,Month-to-month,91.76,3.0,,0,"$2,936.32"
CUST-1351,M,80,West,64,m2m,49.38,,96.4,0,"$3,160.32"
CUST-6006,Male,36,North,61,2yr,52.27,1.0,,0,"$3,188.47"
CUST-7669,Male,35,North,34,Month-to-month,40.68,,,1,"$1,383.12"
CUST-1175,Female,69,North,40,Month-to-month,102.75,,87.98,0,"$4,110.0"
CUST-6578,F,29,North,33,Month-to-month,71.03,0.0,36.32,0,"$2,343.99"
CUST-5772,F,23,North,5,One year,25.74,,,0,$128.7
CUST-4335,Male,33,West,26,Two year,91.13,0.0,,0,"$2,369.38"
CUST-5361,Male,63,East,18,Month-to-month,32.7,2.0,68.78,0,$588.6
CUST-2295,Male,44,South,65,One year,118.92,,25.88,1,"$7,729.8"
CUST-5321,M,47,North,35,Month-to-month,56.09,3.0,81.7,1,"$1,963.15"
CUST-3845,Female,75,East,64,Month-to-month,85.2,,,0,"$5,452.8"
CUST-1168,Female,20,North,53,Month-to-month,26.6,0.0,49.04,0,"$1,409.8"
CUST-7111,Female,76,North,42,One year,21.16,,,0,$888.72
CUST-5868,Male,26,South,57,One year,28.5,,90.47,1,"$1,624.5"
CUST-10764,Female,75,North,72,Month-to-month,73.89,1.0,,1,"$5,320.08"
CUST-6759,F,22,South,24,Month-to-month,65.36,0.0,80.36,0,"$1,568.64"
CUST-9989,F,71,North,44,One year,81.46,1.0,,0,"$3,584.24"
CUST-9938,non-binary,-5,South,64,Month-to-month,88.5,,22.55,0,"$5,664.0"
CUST-3409,Male,21,West,14,Month-to-month,28.62,,,1,$400.68
CUST-2326,F,51,North,9,Month-to-month,63.86,2.0,,0,$574.74
CUST-1912,M,66,North,39,One year,55.22,2.0,80.67,0,"$2,153.58"
CUST-8377,F,69,South,20,Month-to-month,106.14,3.0,,0,"$2,122.8"
CUST-2022,M,80,West,61,Two year,29.78,3.0,93.85,0,"$1,816.58"
CUST-10171,F,20,East,47,One year,25.69,,12.07,0,"$1,207.43"
CUST-10789,non-binary,22,East,59,Month-to-month,31.99,,25.05,1,"$1,887.41"
CUST-9208,M,51,West,48,One year,104.12,,,1,"$4,997.76"
CUST-6936,Male,23,North,49,Month-to-month,91.57,,,0,"$4,486.93"
CUST-4803,Male,23,East,50,m2m,78.3,0.0,,0,"$3,915.0"
CUST-6359,Female,79,South,2,One year,31.1,2.0,70.16,0,$62.2
CUST-10913,Male,78,North,55,One year,64.97,0.0,51.27,0,"$3,573.35"
CUST-1990,Female,62,North,64,Month-to-month,63.35,2.0,21.1,1,"$4,054.4"
CUST-1596,non-binary,64,North,59,One year,71.78,2.0,,0,"$4,235.02"
CUST-10150,M,65,West,53,Month-to-month,93.25,2.0,,0,"$4,942.25"
CUST-5764,non-binary,62,South,71,Two year,57.71,,,0,"$4,097.41"
CUST-6195,F,20,South,27,One year,55.56,1.0,,0,"$1,500.12"
CUST-2581,M,67,West,36,Two year,90.15,,50.99,1,"$3,245.4"
CUST-7497,Female,80,East,3,Month-to-month,34.91,,79.21,1,$104.73
CUST-8237,M,24,West,36,Month-to-month,80.25,,,1,"$2,889.0"
CUST-5894,Male,34,South,15,Two year,36.97,1.0,,0,$554.55
CUST-8103,Female,47,South,3,Month-to-month,78.72,,82.36,0,$236.16
CUST-10627,Male,39,North,19,One year,45.1,,,0,$856.9
CUST-4837,non-binary,30,West,16,Month-to-month,94.38,1.0,15.83,1,"$1,510.08"
CUST-6408,Male,34,East,6,Month-to-month,111.02,1.0,,0,$666.12
CUST-2826,M,25,North,36,One year,113.37,,86.22,0,"$4,081.32"
CUST-4678,non-binary,21,South,54,One year,86.37,,,0,"$4,663.98"
CUST-10468,F,76,South,69,2yr,67.32,1.0,,0,"$4,645.08"
CUST-6286,Male,21,North,63,2yr,107.78,,,0,"$6,790.14"
CUST-10680,Male,63,South,66,Two year,78.82,0.0,,0,"$5,202.12"
CUST-6384,Male,250,North,34,One year,115.46,0.0,,0,"$3,925.64"
CUST-3910,non-binary,21,West,10,Month-to-month,79.07,0.0,,0,$790.7
CUST-8370,Female,24,West,65,Month-to-month,81.92,0.0,,0,"$5,324.8"
CUST-2006,non-binary,77,North,65,1yr,67.11,,71.44,0,"$4,362.15"
CUST-6301,Female,22,West,23,Month-to-month,74.28,,,1,"$1,708.44"
CUST-3939,F,31,North,21,Two year,82.12,2.0,,0,"$1,724.52"
CUST-10183,F,64,East,30,2yr,92.29,,21.53,0,"$2,768.7"
CUST-1963,Male,35,North,16,Two year,47.85,,93.76,0,$765.6
CUST-1757,Female,74,West,35,Month-to-month,27.91,,,0,$976.85
CUST-4209,Male,38,East,45,Month-to-month,119.16,5.0,12.14,1,"$5,362.2"
CUST-4953,Female,33,North,6,One year,118.12,1.0,,0,$708.72
CUST-7344,Female,39,East,50,Month-to-month,59.91,0.0,,1,"$2,995.5"
CUST-7058,Female,51,North,46,Month-to-month,48.49,,,1,"$2,230.54"
CUST-2590,Male,77,North,27,One year,78.56,1.0,,0,"$2,121.12"
CUST-6337,Female,63,South,20,m2m,84.58,,17.12,0,"$1,691.6"
CUST-3725,F,24,South,33,Two year,79.88,,85.34,0,"$2,636.04"
CUST-5162,Female,61,North,0,Two year,97.59,0.0,,1,$0.0
CUST-6502,F,57,North,40,Month-to-month,28.59,3.0,,0,"$1,143.6"
CUST-10321,Female,63,West,48,One year,26.88,,,0,"$1,290.24"
CUST-8199,Male,56,West,53,Month-to-month,85.66,3.0,,1,"$4,539.98"
CUST-4942,non-binary,36,South,33,Two year,118.58,,46.93,1,"$3,913.14"
CUST-7567,Male,69,South,5,Month-to-month,92.07,0.0,,1,$460.35
CUST-5082,M,59,North,7,Month-to-month,88.59,,54.92,1,$620.13
CUST-10795,F,60,North,52,1yr,109.23,3.0,,0,"$5,679.96"
CUST-9295,Female,76,South,49,Month-to-month,71.17,1.0,35.24,1,"$3,487.33"
CUST-1805,Female,34,West,5,m2m,39.78,,4.600000000000001,1,$198.9
CUST-2454,non-binary,62,East,54,Month-to-month,75.18,3.0,,1,"$4,059.72"
CUST-5763,M,26,East,72,Month-to-month,117.08,1.0,,1,"$8,429.76"
CUST-3781,Female,54,North,72,2yr,118.97,3.0,,0,"$8,565.84"
CUST-2498,Female,44,West,0,1yr,93.88,7.0,30.5,1,$0.0
CUST-6212,Female,38,South,40,1yr,83.22,1.0,94.71,1,"$3,328.8"
CUST-6313,Female,67,West,41,2yr,89.92,0.0,63.25,0,"$3,686.72"
CUST-5783,M,42,North,58,2yr,31.28,0.0,,0,"$1,814.24"
CUST-7738,non-binary,75,West,41,Month-to-month,77.18,2.0,,1,"$3,164.38"
CUST-3163,F,50,East,6,One year,102.36,0.0,73.99,0,$614.16
CUST-10683,Female,30,East,6,One year,96.41,,34.65,1,$578.46
CUST-8599,Female,58,West,63,Two year,57.82,,13.64,0,"$3,642.66"
CUST-8552,Male,57,North,59,One year,25.43,0.0,39.23,0,"$1,500.37"
CUST-5545,Male,25,North,45,One year,30.6,0.0,,0,"$1,377.0"
CUST-10430,non-binary,74,South,3,One year,110.39,,,1,$331.17
CUST-1308,Female,31,East,51,Month-to-month,26.7,,79.81,1,"$1,361.7"
CUST-9898,Male,23,West,8,Two year,99.72,,41.6,0,$797.76
CUST-7155,M,47,South,69,One year,37.72,,92.93,0,"$2,602.68"
CUST-3080,M,52,West,17,Two year,40.39,,17.69,0,$686.63
CUST-5201,F,60,South,70,One year,38.59,,,0,"$2,701.3"
CUST-4596,Male,48,South,32,One year,73.73,2.0,82.32,0,"$2,359.36"
CUST-6604,Male,22,North,36,Month-to-month,28.65,,33.25,1,"$1,031.4"
CUST-2775,Male,69,South,26,One year,34.66,,77.68,0,$901.16
CUST-4933,F,48,West,38,One year,88.73,0.0,47.4,0,"$3,371.74"
CUST-2098,Female,31,East,40,Month-to-month,33.46,2.0,,1,"$1,338.4"
CUST-8173,non-binary,71,West,26,1yr,41.07,0.0,60.42,0,"$1,067.82"
CUST-1592,M,73,East,23,2yr,113.55,2.0,57.34,0,"$2,611.65"
CUST-7004,Female,34,West,44,One year,38.27,4.0,21.12,0,"$1,683.88"
CUST-10881,non-binary,33,West,28,Month-to-month,112.15,,,1,"$3,140.2"
CUST-6137,Female,50,North,10,Month-to-month,72.86,1.0,,0,$728.6
CUST-5635,Female,24,North,53,Month-to-month,49.1,,89.71,0,"$2,602.3"
CUST-2716,Female,67,North,56,1yr,84.43,1.0,,0,"$4,728.08"
CUST-10992,Male,80,North,23,One year,115.15,2.0,,0,"$2,648.45"
CUST-9973,Male,20,North,8,Month-to-month,44.43,0.0,49.67,1,$355.44
CUST-2838,Male,78,West,26,m2m,50.2,,32.01,0,"$1,305.2"
CUST-6108,non-binary,42,East,21,Month-to-month,58.0,0.0,76.47,0,"$1,218.0"
CUST-5000,Female,33,West,15,Month-to-month,81.96,2.0,,1,"$1,229.4"
CUST-6060,Female,19,East,46,One year,101.91,,54.81,0,"$4,687.86"
CUST-3994,Male,50,South,48,Two year,45.61,,,1,"$2,189.28"
CUST-6622,Female,68,West,0,Month-to-month,53.49,,79.53,1,$0.0
CUST-9791,non-binary,39,South,31,Month-to-month,107.17,,,1,"$3,322.27"
CUST-3236,M,52,North,49,m2m,77.0,3.0,21.47,1,"$3,773.0"
CUST-8604,non-binary,22,West,36,Month-to-month,110.27,,36.32,1,"$3,969.72"
CUST-1655,F,250,South,0,Month-to-month,98.78,10.0,36.96,1,$0.0
CUST-6140,Male,62,South,14,Two year,20.05,,,0,$280.7
CUST-4623,M,46,North,41,1yr,115.13,0.0,,1,"$4,720.33"
CUST-9349,F,54,West,29,One year,50.82,,89.2,0,"$1,473.78"
CUST-1575,non-binary,30,North,63,Month-to-month,84.3,,30.87,0,"$5,310.9"
CUST-6600,non-binary,45,South,67,Month-to-month,68.68,0.0,,0,"$4,601.56"
CUST-10639,non-binary,35,South,66,Month-to-month,114.8,1.0,10.8,1,"$7,576.8"
CUST-5113,non-binary,34,West,40,One year,108.37,8.0,15.51,1,"$4,334.8"
CUST-4048,Male,66,East,13,Month-to-month,78.61,,,1,"$1,021.93"
CUST-6566,Female,31,North,40,Two year,77.56,,,0,"$3,102.4"
CUST-4144,Female,74,West,17,m2m,50.9,,48.77,0,$865.3
CUST-8410,M,74,South,54,One year,111.25,2.0,21.04,1,"$6,007.5"
CUST-3263,Male,52,North,37,Two year,38.29,1.0,68.69,0,"$1,416.73"
CUST-7706,F,53,West,12,One year,106.04,3.0,,1,"$1,272.48"
CUST-8202,F,53,South,44,Two year,107.44,,24.25,0,"$4,727.36"
CUST-1135,M,80,North,0,m2m,108.16,,69.99,0,$0.0
CUST-8432,Male,32,West,50,One year,92.01,10.0,37.38,0,"$4,600.5"
CUST-4445,M,36,South,21,Two year,93.95,2.0,62.19,0,"$1,972.95"
CUST-8811,non-binary,79,West,60,One year,106.73,0.0,,0,"$6,403.8"
CUST-2193,M,23,South,39,Month-to-month,38.78,3.0,,1,"$1,512.42"
CUST-5937,non-binary,39,West,8,2yr,81.76,0.0,,0,$654.08
CUST-10590,F,55,West,3,Two year,26.76,,4.18,1,$80.28
CUST-10178,F,-5,North,58,Month-to-month,112.97,,,1,"$6,552.26"
CUST-1199,Male,27,West,4,Two year,20.63,2.0,,0,$82.52
CUST-1895,F,61,South,48,One year,21.34,1.0,,0,"$1,024.32"
CUST-7849,Female,34,West,5,Month-to-month,114.92,,0.0,1,$574.6
CUST-4275,F,41,East,46,One year,56.97,2.0,,0,"$2,620.62"
CUST-7073,F,38,West,48,Two year,80.6,2.0,89.02,0,"$3,868.8"
CUST-8570,F,60,West,49,One year,36.41,,,0,"$1,784.09"
CUST-8443,Male,75,North,25,Month-to-month,105.5,,,1,"$2,637.5"
CUST-3379,Male,78,West,3,m2m,48.48,,,0,$145.44
CUST-9887,Female,44,North,58,Month-to-month,115.36,,,1,"$6,690.88"
CUST-3758,non-binary,80,East,18,Month-to-month,78.34,,59.69,0,"$1,410.12"
CUST-6981,M,80,South,14,Month-to-month,107.44,3.0,48.8,1,"$1,504.16"
CUST-9431,Female,46,North,8,One year,38.99,1.0,15.43,1,$311.92
CUST-7941,Male,30,South,14,Month-to-month,99.13,,,0,"$1,387.82"
CUST-5721,non-binary,30,South,7,m2m,36.73,1.0,,0,$257.11
CUST-7955,Female,29,South,6,Month-to-month,55.78,0.0,,1,$334.68
CUST-3692,non-binary,58,East,4,Month-to-month,48.01,,79.31,0,$192.04
CUST-6785,F,77,West,23,Month-to-month,44.23,2.0,96.09,1,"$1,017.29"
CUST-8252,non-binary,47,West,42,Month-to-month,61.86,,35.0,0,"$2,598.12"
CUST-10946,non-binary,25,East,8,Two year,32.07,,,0,$256.56
CUST-7297,F,60,South,47,Month-to-month,42.54,2.0,,0,"$1,999.38"
CUST-8980,Female,68,East,35,Month-to-month,24.47,,79.66,0,$856.45
CUST-9927,F,63,West,63,2yr,59.91,2.0,29.31,0,"$3,774.33"
CUST-3780,Female,54,East,8,m2m,119.48,2.0,,0,$955.84
CUST-1632,non-binary,26,East,52,Month-to-month,117.11,,,1,"$6,089.72"
CUST-2287,M,25,South,56,Month-to-month,30.18,,,1,"$1,690.08"
CUST-4074,Female,43,North,52,Two year,26.31,1.0,,0,"$1,368.12"
CUST-2045,non-binary,73,South,40,Month-to-month,84.99,1.0,40.74,0,"$3,399.6"
CUST-10130,F,45,West,59,Month-to-month,114.38,7.0,31.91,1,"$6,748.42"
CUST-4098,Male,65,South,30,Month-to-month,95.21,0.0,58.68,0,"$2,856.3"
CUST-5332,Male,45,East,37,Month-to-month,102.84,2.0,93.62,1,"$3,805.08"
CUST-7795,F,71,West,37,2yr,43.37,,,0,"$1,604.69"
CUST-6952,F,31,East,20,Month-to-month,113.58,1.0,61.26,0,"$2,271.6"
CUST-2702,Female,20,East,12,Month-to-month,105.85,3.0,,0,"$1,270.2"
CUST-6142,M,31,West,50,m2m,36.86,0.0,63.27,0,"$1,843.0"
CUST-9909,non-binary,33,South,6,Month-to-month,82.81,,93.6,0,$496.86
CUST-2114,Female,28,East,22,m2m,34.09,3.0,,0,$749.98
CUST-10500,Female,58,South,72,Month-to-month,84.12,,96.92,1,"$6,056.64"
CUST-7551,Male,20,West,60,One year,115.61,2.0,50.09,1,"$6,936.6"
CUST-6184,M,36,North,61,One year,27.11,,68.21,0,"$1,653.71"
CUST-4219,Female,64,South,52,Month-to-month,118.67,2.0,91.02,0,"$6,170.84"
CUST-6534,Female,67,North,44,Month-to-month,99.1,,29.65,1,"$4,360.4"
CUST-1263,Male,48,South,41,One year,25.25,,43.46,0,"$1,035.25"
CUST-5933,M,65,West,1,Two year,119.27,,40.65,0,$119.27
CUST-7739,M,80,South,43,2yr,79.88,,36.78,0,"$3,434.84"
CUST-2377,Male,44,West,66,One year,64.13,7.0,10.65,1,"$4,232.58"
CUST-8512,Female,30,North,35,m2m,44.46,0.0,71.19,1,"$1,556.1"
CUST-8254,M,55,South,9,Two year,62.84,8.0,12.29,0,$565.56
CUST-5147,F,34,East,68,m2m,55.94,,,0,"$3,803.92"
CUST-6930,M,74,South,29,One year,53.18,,10.45,0,"$1,542.22"
CUST-2809,Male,41,West,25,Month-to-month,70.91,,96.54,0,"$1,772.75"
CUST-2280,Female,39,West,27,Two year,72.63,,86.02,0,"$1,961.01"
CUST-5026,non-binary,53,South,38,Two year,85.11,1.0,,0,"$3,234.18"
CUST-7213,Female,250,East,41,Two year,84.23,,17.41,0,"$3,453.43"
CUST-6389,M,48,West,13,Month-to-month,39.07,,39.69,0,$507.91
CUST-10015,non-binary,72,West,8,Month-to-month,69.36,0.0,,1,$554.88
CUST-10888,Male,57,West,8,Month-to-month,113.03,,,0,$904.24
CUST-5972,Female,65,South,35,Two year,73.2,,64.58,0,"$2,562.0"
CUST-3431,Female,45,West,4,Month-to-month,95.62,,56.239999999999995,1,$382.48
CUST-9401,Male,61,South,1,Month-to-month,117.61,1.0,,1,$117.61
CUST-10522,Female,74,West,50,1yr,55.94,1.0,27.57,1,"$2,797.0"
CUST-9766,Male,28,South,67,One year,73.99,,17.23,1,"$4,957.33"
CUST-3742,Male,54,West,17,One year,99.51,2.0,,1,"$1,691.67"
CUST-10796,Female,32,West,49,2yr,115.52,,90.15,0,"$5,660.48"
CUST-8066,Female,31,South,52,Month-to-month,70.0,,,0,"$3,640.0"
CUST-1615,M,41,West,34,One year,47.59,3.0,40.53,0,"$1,618.06"
CUST-9922,Female,63,West,32,Two year,115.78,,,1,"$3,704.96"
CUST-2678,Female,66,West,16,m2m,22.51,,91.74,1,$360.16
CUST-10317,F,49,North,64,1yr,112.5,,,0,"$7,200.0"
CUST-6341,non-binary,68,South,4,Month-to-month,70.66,8.0,0.0,1,$282.64
CUST-2962,Female,67,West,55,One year,49.85,1.0,,0,"$2,741.75"
CUST-5895,F,18,North,37,Month-to-month,62.59,0.0,,0,"$2,315.83"
CUST-5467,non-binary,30,West,34,Two year,61.77,,56.92,0,"$2,100.18"
CUST-7863,Female,47,West,32,One year,49.48,,,1,"$1,583.36"
CUST-9524,M,62,North,6,One year,86.98,3.0,,0,$521.88
CUST-5901,M,19,South,48,2yr,34.87,1.0,84.57,0,"$1,673.76"
CUST-3718,F,36,West,24,Two year,89.89,,,0,"$2,157.36"
CUST-2462,Male,33,East,6,Month-to-month,113.18,1.0,,1,$679.08
CUST-9541,Male,35,South,15,Month-to-month,23.89,2.0,62.17,0,$358.35
CUST-5775,M,-5,North,29,One year,75.79,,,0,"$2,197.91"
CUST-2370,non-binary,41,East,18,Month-to-month,47.58,3.0,,0,$856.44
CUST-4208,Male,18,North,17,Month-to-month,109.91,1.0,69.63,0,"$1,868.47"
CUST-6120,Male,43,West,26,One year,23.6,,,0,$613.6
CUST-2674,Female,40,North,19,Month-to-month,80.36,0.0,26.96,0,"$1,526.84"
CUST-7419,M,80,West,60,One year,75.4,1.0,,0,"$4,524.0"
CUST-8589,M,57,West,26,2yr,93.85,,66.3,0,"$2,440.1"
CUST-9837,M,34,East,3,m2m,64.19,,,0,$192.57
CUST-7092,Male,31,North,49,m2m,47.45,,,0,"$2,325.05"
CUST-6954,Female,66,North,16,m2m,61.88,3.0,,1,$990.08
CUST-1211,F,73,North,67,One year,60.86,,,0,"$4,077.62"
CUST-7594,Female,66,West,49,One year,42.24,3.0,,0,"$2,069.76"
CUST-10318,Female,47,South,66,Two year,52.98,,17.2,0,"$3,496.68"
CUST-7280,Female,79,East,8,One year,22.57,,,0,$180.56
CUST-7570,Female,43,East,11,One year,47.64,3.0,,0,$524.04
CUST-5505,M,64,West,58,One year,98.0,1.0,,0,"$5,684.0"
CUST-6174,non-binary,80,West,43,Month-to-month,107.23,2.0,98.42,0,"$4,610.89"
CUST-3624,Female,25,East,71,Month-to-month,46.11,,,0,"$3,273.81"
CUST-6370,M,61,East,27,1yr,81.21,3.0,,1,"$2,192.67"
CUST-5323,F,62,South,30,Month-to-month,101.29,,,1,"$3,038.7"
CUST-1276,F,74,West,5,2yr,70.16,,,0,$350.8
CUST-9522,non-binary,22,East,36,Month-to-month,30.18,3.0,,0,"$1,086.48"
CUST-8125,Female,52,North,9,Month-to-month,47.57,2.0,95.06,1,$428.13
CUST-8493,Male,55,South,14,One year,92.79,,,1,"$1,299.06"
CUST-9160,M,75,East,31,Month-to-month,106.26,,,0,"$3,294.06"
CUST-7550,F,59,West,20,One year,54.81,,,0,"$1,096.2"
CUST-3500,Female,77,North,14,Month-to-month,112.49,1.0,,0,"$1,574.86"
CUST-6395,non-binary,52,West,55,One year,71.55,0.0,,0,"$3,935.25"
CUST-4948,Female,30,West,16,Month-to-month,30.01,2.0,14.31,0,$480.16
CUST-3473,non-binary,38,East,26,Month-to-month,70.69,0.0,,1,"$1,837.94"
CUST-4241,non-binary,48,West,42,One year,82.12,,,0,"$3,449.04"
CUST-8524,Female,57,North,51,Two year,117.56,3.0,51.63,0,"$5,995.56"
CUST-5181,Male,20,East,63,1yr,40.65,,,0,"$2,560.95"
CUST-4127,F,45,West,64,Two year,92.76,,,0,"$5,936.64"
CUST-6441,Female,20,North,71,m2m,46.18,3.0,,0,"$3,278.78"
CUST-1210,F,74,West,11,Month-to-month,110.85,10.0,20.14,1,"$1,219.35"
CUST-2996,M,78,East,30,m2m,113.4,0.0,,1,"$3,402.0"
CUST-5260,F,21,West,41,1yr,94.47,9.0,17.21,1,"$3,873.27"
CUST-4076,non-binary,74,North,64,Month-to-month,65.99,3.0,49.11,1,"$4,223.36"
CUST-6639,F,76,East,21,1yr,65.06,,34.73,1,"$1,366.26"
CUST-7923,Female,72,West,5,1yr,25.4,0.0,,0,$127.0
CUST-5478,M,18,West,21,Two year,42.73,,75.37,0,$897.33
CUST-10863,non-binary,47,North,4,m2m,88.75,0.0,21.950000000000003,1,$355.0
CUST-7857,F,20,West,32,One year,80.24,2.0,85.64,0,"$2,567.68"
CUST-1976,M,36,South,1,One year,76.15,,58.92,0,$76.15
CUST-7791,Male,59,West,43,2yr,23.34,10.0,26.23,1,"$1,003.62"
CUST-4077,Male,73,North,7,Two year,88.14,,,1,$616.98
CUST-10357,non-binary,40,West,57,One year,94.26,,78.68,1,"$5,372.82"
CUST-1087,non-binary,-5,East,46,Month-to-month,22.04,1.0,63.02,1,"$1,013.84"
CUST-1298,F,73,South,36,Two year,55.22,,,0,"$1,987.92"
CUST-3963,Male,52,West,49,2yr,52.86,,48.0,0,"$2,590.14"
CUST-4264,non-binary,42,West,15,One year,83.13,,72.04,0,"$1,246.95"
CUST-4690,non-binary,69,North,43,Two year,92.98,,73.08,0,"$3,998.14"
CUST-3143,F,18,East,54,Month-to-month,41.73,,,1,"$2,253.42"
CUST-6275,non-binary,49,North,64,Month-to-month,118.52,,,0,"$7,585.28"
CUST-2604,Male,29,South,48,Month-to-month,86.64,,80.85,1,"$4,158.72"
CUST-5738,Female,59,West,61,2yr,61.79,0.0,48.05,0,"$3,769.19"
CUST-6496,Female,49,North,47,m2m,45.2,,,0,"$2,124.4"
CUST-8098,F,53,North,43,Two year,36.61,,36.09,0,"$1,574.23"
CUST-2288,Male,60,North,25,Two year,104.78,3.0,,0,"$2,619.5"
CUST-9285,non-binary,51,North,2,Two year,108.48,0.0,,0,$216.96
CUST-4263,F,54,West,8,One year,29.55,,12.09,1,$236.4
CUST-8191,F,50,West,17,Two year,64.62,,,0,"$1,098.54"
CUST-7579,Male,20,South,17,1yr,80.21,0.0,66.5,1,"$1,363.57"
CUST-1506,Female,53,North,34,One year,82.17,,20.79,0,"$2,793.78"
CUST-9166,non-binary,57,North,42,Month-to-month,99.2,0.0,83.53,1,"$4,166.4"
CUST-8337,M,19,South,37,Month-to-month,46.4,,20.16,0,"$1,716.8"
CUST-2213,Female,42,West,57,Month-to-month,103.79,,68.5,1,"$5,916.03"
CUST-10258,Female,57,North,60,Month-to-month,40.68,2.0,,1,"$2,440.8"
CUST-2825,M,60,South,20,Two year,76.01,,,0,"$1,520.2"
CUST-1292,F,69,West,48,Month-to-month,93.3,,60.09,0,"$4,478.4"
CUST-9320,Female,64,North,49,One year,81.02,,,1,"$3,969.98"
CUST-7264,M,39,North,72,Month-to-month,42.81,1.0,58.51,0,"$3,082.32"
CUST-9450,non-binary,64,South,24,2yr,23.49,,14.09,0,$563.76
CUST-8285,M,60,South,65,1yr,97.19,,61.2,1,"$6,317.35"
CUST-4627,non-binary,62,North,14,m2m,73.57,,,0,"$1,029.98"
CUST-7780,M,60,North,71,m2m,119.11,,29.81,1,"$8,456.81"
CUST-6003,F,64,North,27,Month-to-month,92.73,3.0,96.86,0,"$2,503.71"
CUST-3297,Male,55,North,47,Two year,116.08,10.0,27.46,0,"$5,455.76"
CUST-10367,M,77,West,35,m2m,65.11,0.0,,0,"$2,278.85"
CUST-2390,Male,39,West,56,One year,102.21,,98.04,0,"$5,723.76"
CUST-2743,non-binary,25,North,9,Month-to-month,49.53,,65.54,0,$445.77
CUST-7641,Male,49,East,40,One year,117.42,0.0,61.25,1,"$4,696.8"
CUST-2722,F,34,South,39,One year,46.11,,,0,"$1,798.29"
CUST-2642,Female,63,West,70,2yr,63.43,,78.33,0,"$4,440.1"
CUST-2177,Female,62,North,64,One year,84.28,,36.24,0,"$5,393.92"
CUST-8807,M,79,North,60,One year,84.95,0.0,,0,"$5,097.0"
CUST-8157,Male,22,South,4,Month-to-month,111.8,2.0,71.64,1,$447.2
CUST-1462,Female,48,East,62,Two year,33.88,2.0,,0,"$2,100.56"
CUST-3062,F,47,East,5,Month-to-month,117.7,4.0,20.54,1,$588.5
CUST-8346,Female,71,West,7,One year,63.43,,94.65,0,$444.01
CUST-10395,Male,52,North,69,1yr,107.42,,,0,"$7,411.98"
CUST-2542,Female,46,West,2,m2m,65.32,1.0,44.96,0,$130.64
CUST-10340,F,60,West,7,Month-to-month,36.8,,,1,$257.6
CUST-8381,Male,53,West,66,One year,101.72,2.0,,0,"$6,713.52"
CUST-7423,F,39,North,33,Month-to-month,54.65,,,1,"$1,803.45"
CUST-6776,F,49,North,19,Month-to-month,23.98,0.0,,0,$455.62
CUST-9761,M,33,West,22,Month-to-month,102.08,,,1,"$2,245.76"
CUST-1181,Female,76,North,3,m2m,82.68,,17.47,0,$248.04
CUST-5466,Female,18,North,71,One year,82.28,,,0,"$5,841.88"
CUST-10584,Female,62,South,65,One year,42.56,,,0,"$2,766.4"
CUST-5136,M,69,West,33,Month-to-month,89.89,3.0,,1,"$2,966.37"
CUST-6734,Male,75,South,17,Month-to-month,33.94,,63.62,0,$576.98
CUST-4244,Male,61,North,23,One year,62.84,9.0,26.35,1,"$1,445.32"
CUST-7185,M,59,North,31,One year,57.79,0.0,20.57,0,"$1,791.49"
CUST-8276,M,75,West,17,m2m,109.76,1.0,,0,"$1,865.92"
CUST-5773,Male,41,East,33,1yr,49.11,2.0,,0,"$1,620.63"
CUST-4804,Male,35,West,58,One year,80.7,,17.17,0,"$4,680.6"
CUST-7714,Male,38,West,52,Month-to-month,68.58,1.0,,1,"$3,566.16"
CUST-5491,Female,64,North,44,Month-to-month,42.64,,21.22,1,"$1,876.16"
CUST-9848,Female,35,North,71,Two year,73.36,,92.87,0,"$5,208.56"
CUST-2842,F,64,East,42,One year,27.03,3.0,55.2,1,"$1,135.26"
CUST-5137,Female,65,South,49,One year,111.15,,89.91,1,"$5,446.35"
CUST-7943,non-binary,62,West,17,One year,38.0,1.0,,0,$646.0
CUST-5733,Female,27,South,59,One year,88.74,,66.42,0,"$5,235.66"
CUST-5211,Male,74,South,42,One year,32.75,,36.19,0,"$1,375.5"
CUST-6920,M,49,West,3,m2m,70.34,,59.68000000000001,1,$211.02
CUST-1950,non-binary,24,South,6,One year,65.25,,32.47,0,$391.5
CUST-4012,M,26,North,15,One year,47.88,,,0,$718.2
CUST-6693,Male,66,East,44,m2m,75.12,,63.04,0,"$3,305.28"
CUST-6346,non-binary,54,South,45,Month-to-month,57.06,2.0,,1,"$2,567.7"
CUST-6765,Male,53,South,19,Month-to-month,117.83,5.0,12.17,1,"$2,238.77"
CUST-9627,non-binary,-5,South,53,Two year,117.33,2.0,,0,"$6,218.49"
CUST-6492,Male,76,South,41,Month-to-month,64.36,,,1,"$2,638.76"
CUST-9315,Male,42,South,21,Month-to-month,60.32,2.0,,0,"$1,266.72"
CUST-8984,non-binary,-5,East,21,Month-to-month,96.15,,75.07,1,"$2,019.15"
CUST-9185,non-binary,61,South,26,Month-to-month,105.57,,49.37,1,"$2,744.82"
CUST-4065,Male,78,South,68,Month-to-month,51.68,0.0,,0,"$3,514.24"
CUST-1012,non-binary,23,West,39,Two year,28.91,,,0,"$1,127.49"
CUST-10157,F,21,North,65,One year,44.34,,,0,"$2,882.1"
CUST-5665,Female,60,North,25,One year,102.1,1.0,,1,"$2,552.5"
CUST-3470,F,27,North,55,Month-to-month,99.6,1.0,,1,"$5,478.0"
CUST-4548,M,51,South,46,Month-to-month,24.26,,18.86,0,"$1,115.96"
CUST-3225,F,22,East,54,m2m,41.35,,78.22,0,"$2,232.9"
CUST-6958,F,33,West,4,Month-to-month,98.2,0.0,,1,$392.8
CUST-8983,M,29,West,58,Two year,22.72,1.0,50.21,1,"$1,317.76"
CUST-5674,F,38,East,33,Month-to-month,57.86,1.0,66.38,0,"$1,909.38"
CUST-1158,M,41,South,28,Month-to-month,64.32,,,1,"$1,800.96"
CUST-8733,non-binary,33,North,55,One year,34.95,,68.1,0,"$1,922.25"
CUST-5614,F,26,South,44,One year,37.94,3.0,,0,"$1,669.36"
CUST-10936,Female,35,West,39,One year,57.21,,93.08,0,"$2,231.19"
CUST-8365,Female,32,North,16,Two year,115.84,,,0,"$1,853.44"
CUST-9341,F,73,North,25,Month-to-month,23.49,1.0,50.63,1,$587.25
CUST-2933,M,54,North,47,Month-to-month,36.69,7.0,18.75,1,"$1,724.43"
CUST-4727,non-binary,76,East,66,m2m,21.77,2.0,26.02,0,"$1,436.82"
CUST-2579,M,55,South,48,m2m,43.12,2.0,95.49,0,"$2,069.76"
CUST-7227,M,34,South,39,One year,110.47,3.0,99.49,0,"$4,308.33"
CUST-7165,M,75,North,53,m2m,98.3,1.0,,1,"$5,209.9"
CUST-8355,Female,23,West,13,Month-to-month,22.6,2.0,,1,$293.8
CUST-1242,F,65,East,63,Month-to-month,22.51,3.0,,0,"$1,418.13"
CUST-9567,non-binary,35,North,10,Two year,104.58,2.0,98.54,0,"$1,045.8"
CUST-9027,M,27,North,42,m2m,55.01,3.0,,1,"$2,310.42"
CUST-9429,Female,54,South,60,m2m,111.02,,54.82,0,"$6,661.2"
CUST-10131,F,40,East,14,One year,77.11,0.0,,0,"$1,079.54"
CUST-8851,Male,77,West,34,One year,89.06,,17.91,0,"$3,028.04"
CUST-2371,M,58,North,33,Month-to-month,94.77,3.0,,1,"$3,127.41"
CUST-5115,F,18,South,62,Two year,23.94,2.0,,0,"$1,484.28"
CUST-3610,Female,-5,North,44,One year,58.44,,53.03,1,"$2,571.36"
CUST-5496,Female,62,East,5,m2m,104.04,,,0,$520.2
CUST-5597,Female,59,South,28,Month-to-month,81.86,0.0,,1,"$2,292.08"
CUST-7045,F,25,South,62,Month-to-month,109.64,3.0,95.95,0,"$6,797.68"
CUST-3526,F,67,South,61,Month-to-month,44.25,,91.22,1,"$2,699.25"
CUST-2578,non-binary,44,South,58,m2m,82.09,,21.52,0,"$4,761.22"
CUST-5957,M,20,South,32,One year,65.62,,,0,"$2,099.84"
CUST-10988,non-binary,25,South,47,Month-to-month,35.66,,77.62,1,"$1,676.02"
CUST-9180,F,35,East,13,Month-to-month,65.61,,,1,$852.93
CUST-9870,M,31,East,66,One year,52.36,,,1,"$3,455.76"
CUST-2649,non-binary,79,West,66,2yr,86.82,3.0,,0,"$5,730.12"
CUST-10524,M,61,West,69,Month-to-month,53.96,3.0,,1,"$3,723.24"
CUST-5682,F,67,North,71,Month-to-month,78.06,,,0,"$5,542.26"
CUST-9642,M,67,West,48,One year,92.99,,78.99,0,"$4,463.52"
CUST-10141,F,66,South,34,m2m,107.8,,11.48,1,"$3,665.2"
CUST-8101,Male,38,East,48,One year,35.0,2.0,,1,"$1,680.0"
CUST-8682,non-binary,47,North,18,1yr,38.87,,63.99,1,$699.66
CUST-5392,M,43,West,9,2yr,71.15,1.0,,0,$640.35
CUST-5651,M,46,South,1,1yr,31.09,,,0,$31.09
CUST-3121,non-binary,75,West,45,One year,57.87,2.0,,0,"$2,604.15"
CUST-7412,Female,48,East,30,Month-to-month,95.17,3.0,34.18,1,"$2,855.1"
CUST-4894,Female,46,South,44,Month-to-month,83.43,,86.07,0,"$3,670.92"
CUST-10677,non-binary,53,North,28,Two year,58.73,0.0,,1,"$1,644.44"
CUST-2340,F,250,North,30,Month-to-month,34.33,3.0,,0,"$1,029.9"
CUST-5381,Female,68,East,58,1yr,110.49,0.0,,0,"$6,408.42"
CUST-8373,Female,22,North,66,Month-to-month,88.09,,,0,"$5,813.94"
CUST-2445,non-binary,30,North,63,Month-to-month,68.91,2.0,60.27,1,"$4,341.33"
CUST-2717,F,39,South,22,Month-to-month,71.37,0.0,85.64,0,"$1,570.14"
CUST-8476,Female,37,North,48,Month-to-month,41.43,1.0,,0,"$1,988.64"
CUST-3731,F,47,West,33,Two year,85.41,0.0,67.42,1,"$2,818.53"
CUST-1624,non-binary,43,South,56,1yr,65.3,0.0,86.52,0,"$3,656.8"
CUST-8161,M,29,East,7,Month-to-month,103.31,1.0,,1,$723.17
CUST-10166,M,77,East,47,One year,93.77,0.0,27.76,1,"$4,407.19"
CUST-6742,M,79,West,4,One year,88.18,,,0,$352.72
CUST-3566,F,77,North,22,Month-to-month,55.62,,,1,"$1,223.64"
CUST-7764,M,18,North,17,Month-to-month,81.5,,,1,"$1,385.5"
CUST-9597,M,67,East,44,Month-to-month,107.24,0.0,17.97,1,"$4,718.56"
CUST-4568,Male,62,West,61,One year,111.37,0.0,84.26,0,"$6,793.57"
CUST-4166,non-binary,47,South,39,Month-to-month,36.16,,22.51,1,"$1,410.24"
CUST-5837,M,33,West,34,Month-to-month,77.71,,,0,"$2,642.14"
CUST-5513,Male,18,South,67,Month-to-month,116.91,,52.38,1,"$7,832.97"
CUST-2937,F,73,East,55,One year,20.54,,32.36,1,"$1,129.7"
CUST-4570,Female,60,North,21,One year,106.19,1.0,,0,"$2,229.99"
CUST-5965,non-binary,18,East,2,Two year,23.0,,,0,$46.0
CUST-1264,Male,36,South,57,One year,31.38,5.0,25.69,1,"$1,788.66"
CUST-3581,Female,35,North,59,Month-to-month,67.29,,,0,"$3,970.11"
CUST-6873,non-binary,31,West,69,Month-to-month,41.56,,13.71,1,"$2,867.64"
CUST-3227,M,59,East,4,One year,96.22,,67.39,0,$384.88
CUST-1737,F,32,South,30,Month-to-month,50.23,0.0,,0,"$1,506.9"
CUST-3947,non-binary,19,West,0,Two year,36.75,1.0,0.0,1,$0.0
CUST-10880,Female,69,South,35,Month-to-month,30.53,0.0,96.56,0,"$1,068.55"
CUST-4986,Male,19,East,56,2yr,33.48,1.0,,1,"$1,874.88"
CUST-8956,Male,65,West,12,Month-to-month,112.71,0.0,,1,"$1,352.52"
CUST-2135,Male,35,West,21,Month-to-month,44.64,2.0,37.95,1,$937.44
CUST-7750,non-binary,69,North,54,Month-to-month,37.64,,63.44,0,"$2,032.56"
CUST-6602,non-binary,64,West,15,Month-to-month,106.52,2.0,24.1,1,"$1,597.8"
CUST-7150,Male,46,East,57,One year,69.71,,,0,"$3,973.47"
CUST-6847,non-binary,37,West,30,One year,68.7,3.0,88.53,0,"$2,061.0"
CUST-3428,non-binary,57,South,46,Month-to-month,107.4,,15.52,1,"$4,940.4"
CUST-5258,non-binary,25,North,43,Two year,71.48,0.0,,0,"$3,073.64"
CUST-1957,non-binary,53,South,17,Month-to-month,60.32,,59.01,1,"$1,025.44"
CUST-2816,non-binary,56,West,11,Month-to-month,32.27,3.0,78.82,0,$354.97
CUST-1932,F,57,West,46,One year,119.88,,,0,"$5,514.48"
CUST-8188,F,46,East,71,One year,31.65,0.0,,0,"$2,247.15"
CUST-6545,M,29,North,39,Month-to-month,30.23,0.0,,0,"$1,178.97"
CUST-3541,non-binary,46,West,40,2yr,21.93,0.0,,0,$877.2
CUST-10556,M,25,West,14,m2m,107.21,0.0,,0,"$1,500.94"
CUST-6526,Female,75,South,47,Two year,42.75,2.0,,0,"$2,009.25"
CUST-5145,Female,40,West,15,One year,53.98,3.0,56.29,0,$809.7
CUST-8242,Female,78,West,30,Month-to-month,57.94,1.0,,0,"$1,738.2"
CUST-5785,M,63,South,65,Month-to-month,101.82,9.0,18.94,1,"$6,618.3"
CUST-2475,Male,25,North,51,Month-to-month,113.0,2.0,,1,"$5,763.0"
CUST-1654,Male,64,East,18,Month-to-month,107.37,,85.96,1,"$1,932.66"
CUST-5090,Male,73,South,35,m2m,40.16,,23.14,1,"$1,405.6"
CUST-6663,Female,29,North,12,One year,119.72,2.0,58.4,1,"$1,436.64"
CUST-4793,F,49,West,67,Month-to-month,80.67,1.0,88.71,0,"$5,404.89"
CUST-7175,Female,72,South,22,One year,29.15,,,1,$641.3
CUST-9760,non-binary,77,South,41,One year,42.26,3.0,,0,"$1,732.66"
CUST-8276,M,75,West,17,m2m,109.76,1.0,,0,"$1,865.92"
CUST-8034,M,25,North,51,Month-to-month,79.61,2.0,97.81,0,"$4,060.11"
CUST-9901,M,71,North,52,Month-to-month,23.4,3.0,,1,"$1,216.8"
CUST-7206,Female,77,South,41,Month-to-month,33.4,0.0,33.48,1,"$1,369.4"
CUST-3704,Female,53,East,11,m2m,89.64,1.0,95.06,1,$986.04
CUST-2681,F,61,West,47,m2m,102.73,,,0,"$4,828.31"
CUST-8232,non-binary,41,South,36,m2m,98.41,,,0,"$3,542.76"
CUST-9171,non-binary,70,South,33,Month-to-month,67.82,2.0,,1,"$2,238.06"
CUST-8993,Male,27,North,2,1yr,65.78,3.0,45.41,0,$131.56
CUST-5734,M,24,South,7,One year,78.5,3.0,94.23,0,$549.5
CUST-9534,Female,19,North,3,Two year,82.0,0.0,56.290000000000006,0,$246.0
CUST-4500,non-binary,29,South,38,2yr,91.03,2.0,66.73,0,"$3,459.14"
CUST-3890,M,48,South,58,One year,30.31,2.0,,0,"$1,757.98"
CUST-1566,Male,64,North,15,Two year,37.2,2.0,,0,$558.0
CUST-10528,Male,-5,South,39,One year,31.82,,82.27,0,"$1,240.98"
CUST-3679,non-binary,29,East,63,Two year,102.74,0.0,,0,"$6,472.62"
CUST-5093,Male,60,East,38,One year,87.18,2.0,65.37,0,"$3,312.84"
CUST-5357,non-binary,56,West,43,Month-to-month,99.34,,,1,"$4,271.62"
CUST-2536,non-binary,55,West,12,Month-to-month,52.05,,,1,$624.6
CUST-3058,non-binary,35,West,3,Two year,115.13,,9.2,0,$345.39
CUST-7756,M,44,South,8,Two year,37.97,,,0,$303.76
CUST-9977,M,27,West,11,Month-to-month,38.51,,58.7,1,$423.61
CUST-9067,F,71,West,47,Month-to-month,68.51,,,0,"$3,219.97"
CUST-6168,Female,24,West,29,m2m,64.02,2.0,,0,"$1,856.58"
CUST-2899,M,35,South,68,Month-to-month,72.24,,,1,"$4,912.32"
CUST-5729,M,62,North,0,Two year,35.58,3.0,,0,$0.0
CUST-9155,M,33,West,56,Month-to-month,39.68,0.0,49.25,0,"$2,222.08"
CUST-7056,Female,49,South,56,Month-to-month,83.33,,,0,"$4,666.48"
CUST-2471,non-binary,20,South,1,1yr,72.05,,,0,$72.05
CUST-4003,non-binary,28,North,28,Two year,79.69,,,0,"$2,231.32"
CUST-2061,Male,40,West,66,Two year,85.2,1.0,89.08,0,"$5,623.2"
CUST-2087,Female,39,East,29,Month-to-month,43.5,,30.95,1,"$1,261.5"
CUST-6426,M,28,West,17,One year,116.78,2.0,86.87,1,"$1,985.26"
CUST-10228,Female,59,North,29,1yr,97.76,,57.98,1,"$2,835.04"
CUST-3422,Male,54,West,66,Month-to-month,31.08,,90.3,1,"$2,051.28"
CUST-5324,M,60,West,24,One year,89.9,0.0,,0,"$2,157.6"
CUST-9350,Male,60,East,16,One year,58.83,2.0,99.57,0,$941.28
CUST-6756,non-binary,22,West,56,m2m,92.97,,,0,"$5,206.32"
CUST-6865,non-binary,26,North,39,Month-to-month,113.33,,,1,"$4,419.87"
CUST-8833,F,40,West,55,2yr,38.55,,,0,"$2,120.25"
CUST-4584,F,25,South,10,Month-to-month,54.45,,86.91,1,$544.5
CUST-2089,Female,23,West,21,Two year,107.4,1.0,,0,"$2,255.4"
CUST-10199,non-binary,23,West,6,One year,88.37,,19.2,1,$530.22
CUST-8116,Female,38,North,41,1yr,65.52,2.0,,0,"$2,686.32"
CUST-2695,M,30,South,67,Two year,27.96,,,0,"$1,873.32"
CUST-9811,Female,23,North,41,Two year,25.78,10.0,33.53,1,"$1,056.98"
CUST-10877,F,64,South,45,Month-to-month,34.87,,74.17,0,"$1,569.15"
CUST-5230,Female,78,North,35,Month-to-month,101.78,6.0,27.74,1,"$3,562.3"
CUST-4784,Male,69,South,42,Month-to-month,87.07,,45.88,0,"$3,656.94"
CUST-3637,non-binary,62,South,10,Month-to-month,107.78,8.0,37.06,1,"$1,077.8"
CUST-7250,F,42,West,28,Two year,52.52,,87.88,0,"$1,470.56"
CUST-8915,Female,19,South,31,One year,37.46,,48.08,0,"$1,161.26"
CUST-8671,Female,18,West,10,Month-to-month,72.81,,32.44,1,$728.1
CUST-5083,Female,250,South,37,Month-to-month,44.78,,,0,"$1,656.86"
CUST-7568,Male,34,North,45,One year,57.01,,69.33,0,"$2,565.45"
CUST-3060,F,250,West,27,Month-to-month,47.17,,49.29,1,"$1,273.59"
CUST-4037,M,64,West,45,One year,35.72,0.0,48.88,0,"$1,607.4"
CUST-7770,M,19,North,23,Two year,22.11,,14.96,0,$508.53
CUST-9607,non-binary,67,North,53,Month-to-month,86.47,3.0,,1,"$4,582.91"
CUST-3609,non-binary,40,West,16,Month-to-month,27.52,,78.96,0,$440.32
CUST-3110,Female,67,East,36,Month-to-month,34.55,10.0,19.5,1,"$1,243.8"
CUST-2399,Female,57,West,41,One year,89.32,,,0,"$3,662.12"
CUST-9101,F,60,East,58,Month-to-month,78.49,,10.43,0,"$4,552.42"
CUST-6158,Male,32,South,56,Month-to-month,58.83,0.0,,1,"$3,294.48"
CUST-9737,M,250,South,54,Month-to-month,57.71,3.0,78.71,1,"$3,116.34"
CUST-1949,Male,40,West,33,Two year,25.74,3.0,,0,$849.42
CUST-10545,M,72,North,3,One year,88.92,0.0,,0,$266.76
CUST-3157,non-binary,35,North,15,One year,21.31,,97.35,0,$319.65
CUST-7678,non-binary,44,North,7,Month-to-month,76.73,3.0,,0,$537.11
CUST-6709,Male,61,East,12,Two year,53.89,,,0,$646.68
CUST-9179,M,18,East,59,One year,35.1,,46.8,0,"$2,070.9"
CUST-1722,M,75,South,44,Month-to-month,52.83,1.0,,1,"$2,324.52"
CUST-3477,F,39,East,35,Month-to-month,98.9,3.0,,1,"$3,461.5"
CUST-5151,F,42,East,1,One year,34.32,,,1,$34.32
CUST-5555,Female,34,East,38,Two year,115.92,3.0,,0,"$4,404.96"
CUST-3441,non-binary,47,North,61,One year,89.15,,,0,"$5,438.15"
CUST-2036,Male,53,South,21,One year,27.43,,,1,$576.03
CUST-4380,F,53,West,59,2yr,30.32,3.0,,0,"$1,788.88"
CUST-6715,F,250,North,70,Two year,92.25,3.0,,1,"$6,457.5"
CUST-9258,Female,55,North,51,One year,50.62,,70.3,0,"$2,581.62"
CUST-1601,M,77,West,20,One year,92.73,,,1,"$1,854.6"
CUST-7592,M,51,South,43,One year,37.01,,,1,"$1,591.43"
CUST-7663,M,77,South,8,Month-to-month,42.41,,40.16,1,$339.28
CUST-4375,M,67,South,9,Month-to-month,61.37,3.0,,0,$552.33
CUST-6652,non-binary,50,North,39,One year,104.52,3.0,63.85,0,"$4,076.28"
CUST-7151,Male,65,West,27,One year,55.36,,33.05,0,"$1,494.72"
CUST-4806,F,27,South,65,Two year,31.47,,35.88,0,"$2,045.55"
CUST-9586,Female,32,West,5,2yr,23.75,,,0,$118.75
CUST-3362,non-binary,38,North,66,One year,80.09,,,0,"$5,285.94"
CUST-3451,Female,62,North,32,Two year,110.66,,28.14,0,"$3,541.12"
CUST-3254,M,60,North,56,Month-to-month,115.99,,,1,"$6,495.44"
CUST-7580,Male,45,West,6,One year,21.44,,,0,$128.64
CUST-8815,F,250,West,14,2yr,34.81,,26.24,1,$487.34
CUST-7199,M,26,West,47,Two year,68.49,,,0,"$3,219.03"
CUST-2070,non-binary,76,North,64,One year,110.6,,79.21,1,"$7,078.4"
CUST-6407,F,63,North,53,Month-to-month,114.75,2.0,89.61,1,"$6,081.75"
CUST-5917,F,74,South,16,Month-to-month,65.43,3.0,,0,"$1,046.88"
CUST-6555,non-binary,28,West,40,Two year,36.66,,,0,"$1,466.4"
CUST-9052,F,51,North,34,Month-to-month,101.16,0.0,,1,"$3,439.44"
CUST-4015,F,42,North,12,m2m,86.5,1.0,,1,"$1,038.0"
CUST-3082,Female,69,North,40,One year,34.24,1.0,41.44,0,"$1,369.6"
CUST-4472,Male,61,North,15,Month-to-month,99.12,,,1,"$1,486.8"
CUST-2943,non-binary,34,South,40,Month-to-month,94.13,1.0,48.97,0,"$3,765.2"
CUST-10406,M,70,North,69,Two year,108.48,3.0,,0,"$7,485.12"
CUST-10061,F,22,North,36,One year,108.35,,,1,"$3,900.6"
CUST-6524,Female,250,South,61,Month-to-month,65.68,1.0,,1,"$4,006.48"
CUST-9688,M,44,North,27,Month-to-month,90.64,,,0,"$2,447.28"
CUST-3452,M,72,East,71,m2m,88.99,0.0,,1,"$6,318.29"
CUST-10700,F,250,South,10,2yr,115.88,8.0,15.1,0,"$1,158.8"
CUST-1625,Female,29,North,50,Month-to-month,89.64,,11.47,1,"$4,482.0"
CUST-6398,non-binary,21,West,52,m2m,92.85,,,1,"$4,828.2"
CUST-7099,F,27,North,22,Month-to-month,90.96,3.0,,1,"$2,001.12"
CUST-2227,Female,51,East,50,1yr,35.83,2.0,65.3,0,"$1,791.5"
CUST-10094,Female,43,South,5,Month-to-month,79.89,1.0,,1,$399.45
CUST-8172,M,60,South,71,One year,77.5,,,0,"$5,502.5"
CUST-2780,F,57,East,49,Two year,58.74,2.0,97.72,0,"$2,878.26"
CUST-4543,F,56,West,17,One year,97.86,0.0,,0,"$1,663.62"
CUST-9201,Female,23,South,23,Two year,109.96,,,0,"$2,529.08"
CUST-7120,F,23,South,0,m2m,78.49,,,1,$0.0
CUST-9274,non-binary,53,South,48,1yr,87.93,0.0,88.4,0,"$4,220.64"
CUST-9792,M,50,West,24,One year,33.46,,,0,$803.04
CUST-9896,F,250,West,41,Two year,105.89,1.0,,0,"$4,341.49"
CUST-8897,F,72,North,67,Month-to-month,30.57,3.0,,1,"$2,048.19"
CUST-9808,F,36,North,12,Two year,119.46,,43.59,0,"$1,433.52"
CUST-1606,Female,50,North,15,Month-to-month,69.49,,,1,"$1,042.35"
CUST-8364,non-binary,69,West,20,Month-to-month,31.39,3.0,20.77,0,$627.8
CUST-10442,Male,63,North,21,Two year,54.93,,37.87,0,"$1,153.53"
CUST-9444,Male,71,East,35,One year,60.03,,,0,"$2,101.05"
CUST-7962,non-binary,45,South,26,Month-to-month,112.05,,,1,"$2,913.3"
CUST-6648,M,50,South,58,Month-to-month,73.96,5.0,19.95,1,"$4,289.68"
CUST-10570,F,65,North,62,One year,64.47,,78.61,0,"$3,997.14"
CUST-7219,M,52,North,22,One year,78.85,,,0,"$1,734.7"
CUST-1618,non-binary,27,East,29,m2m,74.27,,,0,"$2,153.83"
CUST-1448,F,18,West,24,1yr,67.63,,59.72,0,"$1,623.12"
CUST-3476,F,72,South,57,One year,72.93,,,0,"$4,157.01"
CUST-3028,Female,66,West,1,Month-to-month,114.59,2.0,,1,$114.59
CUST-7971,F,53,South,62,Two year,81.44,,32.19,0,"$5,049.28"
CUST-1475,F,18,West,10,One year,111.75,1.0,,1,"$1,117.5"
CUST-6725,Female,63,North,67,Month-to-month,32.33,0.0,,0,"$2,166.11"
CUST-4156,Female,45,North,13,Month-to-month,66.04,,,0,$858.52
CUST-9945,Female,36,West,43,Month-to-month,75.03,,64.24,0,"$3,226.29"
CUST-2771,M,70,North,7,m2m,94.82,3.0,,0,$663.74
CUST-8588,F,45,North,12,1yr,119.63,,87.75,0,"$1,435.56"
CUST-9196,F,29,North,54,m2m,103.58,,,1,"$5,593.32"
CUST-5758,non-binary,50,North,22,Month-to-month,90.55,1.0,74.44,0,"$1,992.1"
CUST-4451,M,19,South,21,1yr,116.07,,26.82,1,"$2,437.47"
CUST-5869,Female,31,South,1,One year,101.12,1.0,,0,$101.12
CUST-5532,F,39,North,61,Month-to-month,114.66,0.0,99.76,1,"$6,994.26"
CUST-5501,Male,75,North,10,One year,59.2,,,0,$592.0
CUST-4809,non-binary,75,North,60,One year,27.01,1.0,17.55,0,"$1,620.6"
CUST-10185,F,41,North,52,Month-to-month,101.02,1.0,50.12,1,"$5,253.04"
CUST-9011,Male,76,North,18,1yr,26.44,3.0,16.51,1,$475.92
CUST-9951,F,71,North,53,One year,73.35,3.0,,0,"$3,887.55"
CUST-2134,Male,49,East,55,2yr,50.74,2.0,73.06,0,"$2,790.7"
CUST-3521,Female,37,North,9,Month-to-month,76.04,0.0,,0,$684.36
CUST-6557,F,250,South,14,Month-to-month,84.49,0.0,69.46,1,"$1,182.86"
CUST-3108,F,22,East,16,1yr,43.2,3.0,51.24,0,$691.2
CUST-4182,F,34,South,56,1yr,37.38,,15.33,0,"$2,093.28"
CUST-8426,F,67,West,60,Two year,53.39,,85.64,0,"$3,203.4"
CUST-7905,Male,-5,South,16,2yr,24.28,3.0,13.08,1,$388.48
CUST-10803,Female,79,East,64,1yr,51.11,1.0,,0,"$3,271.04"
CUST-9814,non-binary,72,South,72,One year,46.35,3.0,98.37,0,"$3,337.2"
CUST-5717,Female,55,West,18,Month-to-month,96.78,,,0,"$1,742.04"
CUST-3787,Female,51,North,8,One year,65.21,,18.85,1,$521.68
CUST-4161,Female,64,South,4,One year,71.16,3.0,,0,$284.64
CUST-3809,M,74,North,53,One year,56.43,3.0,,0,"$2,990.79"
CUST-8908,Female,79,East,66,Two year,84.22,,86.09,0,"$5,558.52"
CUST-6419,M,48,North,30,1yr,117.4,,81.43,0,"$3,522.0"
CUST-1067,non-binary,51,South,32,Month-to-month,105.19,,39.74,1,"$3,366.08"
CUST-7871,Male,80,North,33,Month-to-month,35.78,2.0,19.62,0,"$1,180.74"
CUST-2032,non-binary,74,North,49,Two year,119.07,1.0,,0,"$5,834.43"
CUST-7254,non-binary,30,North,71,m2m,21.23,9.0,35.04,1,"$1,507.33"
CUST-10186,M,27,North,47,One year,25.04,,,0,"$1,176.88"
CUST-8372,Female,56,South,0,Two year,112.76,,46.44,1,$0.0
CUST-8819,F,80,West,62,Two year,96.5,,,0,"$5,983.0"
CUST-3936,non-binary,52,East,36,One year,52.52,3.0,,0,"$1,890.72"
CUST-1857,M,19,North,13,One year,106.3,,,0,"$1,381.9"
CUST-2606,Female,24,West,7,One year,74.67,,85.06,0,$522.69
CUST-10128,F,20,South,43,One year,61.96,2.0,45.14,0,"$2,664.28"
CUST-5273,F,46,South,65,Two year,88.07,,18.59,0,"$5,724.55"
CUST-5931,M,18,West,70,Month-to-month,35.73,1.0,28.35,0,"$2,501.1"
CUST-2304,non-binary,32,South,7,Two year,84.56,1.0,,0,$591.92
CUST-5096,Female,76,East,44,Two year,33.83,,,0,"$1,488.52"
CUST-7674,Female,70,West,25,m2m,23.54,,79.54,1,$588.5
CUST-7858,Female,25,West,33,Two year,31.91,1.0,44.41,0,"$1,053.03"
CUST-2503,F,26,West,63,1yr,74.06,1.0,,0,"$4,665.78"
CUST-1657,Male,21,East,72,1yr,91.65,,,0,"$6,598.8"
CUST-3683,F,78,South,52,One year,62.39,,,0,"$3,244.28"
CUST-4194,Male,68,West,70,2yr,69.33,,44.03,0,"$4,853.1"
CUST-4946,M,58,West,29,Month-to-month,59.04,3.0,,0,"$1,712.16"
CUST-3682,Male,34,North,69,One year,86.84,1.0,,0,"$5,991.96"
CUST-7913,non-binary,39,North,50,One year,69.67,1.0,,0,"$3,483.5"
CUST-4872,F,57,West,4,1yr,40.18,,26.43,0,$160.72
CUST-1416,M,64,East,16,Month-to-month,44.8,3.0,,1,$716.8
CUST-7102,Female,38,East,48,2yr,84.34,,18.01,1,"$4,048.32"
CUST-1438,M,66,North,21,Month-to-month,113.07,,,1,"$2,374.47"
CUST-4273,Male,30,North,15,m2m,83.88,,,1,"$1,258.2"
CUST-5296,M,32,West,31,2yr,94.61,2.0,,0,"$2,932.91"
CUST-3027,Male,60,West,61,Month-to-month,67.21,,90.89,0,"$4,099.81"
CUST-6999,non-binary,75,South,0,One year,27.11,,,1,$0.0
CUST-8164,M,62,West,47,One year,68.78,,23.78,1,"$3,232.66"
CUST-5266,non-binary,80,West,17,One year,69.74,5.0,11.49,0,"$1,185.58"
CUST-2518,non-binary,63,West,45,One year,61.31,6.0,34.72,0,"$2,758.95"
CUST-2076,M,25,South,60,Two year,114.14,,,1,"$6,848.4"
CUST-9390,M,73,South,56,Month-to-month,64.47,0.0,,0,"$3,610.32"
CUST-10733,non-binary,72,North,4,Two year,116.88,2.0,79.65,0,$467.52
CUST-8968,M,41,East,22,Month-to-month,101.96,,64.65,1,"$2,243.12"
CUST-7281,Female,72,South,24,Month-to-month,50.37,,54.63,0,"$1,208.88"
CUST-4983,M,32,South,38,m2m,82.54,,,0,"$3,136.52"
CUST-1281,F,18,East,51,One year,101.9,,,1,"$5,196.9"
CUST-8742,non-binary,69,East,13,Month-to-month,110.3,,70.0,1,"$1,433.9"
CUST-4409,M,39,East,43,One year,110.15,,,0,"$4,736.45"
CUST-2561,Female,33,East,19,One year,66.69,,15.08,0,"$1,267.11"
CUST-4972,M,21,North,44,One year,100.06,3.0,,1,"$4,402.64"
CUST-7413,M,55,West,48,Two year,69.57,3.0,71.94,0,"$3,339.36"
CUST-10648,F,40,West,21,One year,33.33,2.0,,0,$699.93
CUST-5741,Male,80,West,46,One year,116.86,2.0,,1,"$5,375.56"
CUST-1215,F,79,East,48,Month-to-month,61.47,0.0,87.92,1,"$2,950.56"
CUST-6513,non-binary,43,South,70,Two year,107.29,,72.58,1,"$7,510.3"
CUST-5165,Female,19,North,61,Month-to-month,52.19,,74.32,1,"$3,183.59"
CUST-10547,Female,75,North,25,One year,70.35,,,0,"$1,758.75"
CUST-6938,Female,40,South,28,One year,24.73,1.0,61.5,0,$692.44
CUST-10722,Male,53,East,15,One year,98.74,,87.97,1,"$1,481.1"
CUST-1379,non-binary,69,West,61,Two year,42.38,2.0,94.95,0,"$2,585.18"
CUST-10697,Female,57,South,64,Two year,60.68,,,0,"$3,883.52"
CUST-1798,F,18,South,72,Two year,35.04,0.0,28.97,0,"$2,522.88"
CUST-1284,F,30,South,23,Month-to-month,29.16,1.0,,1,$670.68
CUST-5309,non-binary,23,East,48,1yr,61.18,3.0,10.51,0,"$2,936.64"
CUST-4877,non-binary,23,North,46,Two year,27.52,1.0,19.02,1,"$1,265.92"
CUST-2344,F,55,North,24,One year,62.7,3.0,,0,"$1,504.8"
CUST-7984,F,69,South,64,Month-to-month,77.61,2.0,,0,"$4,967.04"
CUST-8928,Male,60,North,0,Month-to-month,83.27,3.0,,0,$0.0
CUST-3860,Female,31,South,62,One year,115.72,10.0,28.19,0,"$7,174.64"
CUST-3956,non-binary,44,East,21,Two year,98.4,3.0,51.26,0,"$2,066.4"
CUST-7380,Female,60,North,59,One year,30.03,1.0,61.51,0,"$1,771.77"
CUST-6360,non-binary,68,West,43,Month-to-month,46.92,3.0,,1,"$2,017.56"
CUST-10182,F,39,South,58,Two year,78.79,4.0,35.88,0,"$4,569.82"
CUST-1984,Female,65,South,42,Two year,51.89,,83.39,0,"$2,179.38"
CUST-7704,Male,39,East,66,One year,97.85,3.0,99.51,1,"$6,458.1"
CUST-6050,Female,40,East,43,Month-to-month,116.79,0.0,12.75,1,"$5,021.97"
CUST-2673,Male,34,West,17,Month-to-month,94.14,0.0,,1,"$1,600.38"
CUST-3145,M,250,South,13,Month-to-month,111.22,7.0,30.01,1,"$1,445.86"
CUST-5986,Male,55,South,70,Month-to-month,29.78,0.0,,0,"$2,084.6"
CUST-10573,F,47,South,26,One year,76.72,3.0,49.31,0,"$1,994.72"
CUST-1358,Female,55,North,71,m2m,46.26,,98.14,0,"$3,284.46"
CUST-4407,Female,29,North,15,2yr,118.67,,30.93,0,"$1,780.05"
CUST-8771,Male,27,East,29,m2m,84.18,3.0,73.34,1,"$2,441.22"
CUST-4408,M,-5,South,10,m2m,76.51,1.0,,0,$765.1
CUST-7559,Female,42,North,35,2yr,59.89,,,0,"$2,096.15"
CUST-8222,Female,71,South,30,Month-to-month,37.55,,,1,"$1,126.5"
CUST-1536,Female,54,North,29,Two year,45.32,2.0,,0,"$1,314.28"
CUST-7273,Female,65,North,61,1yr,47.58,,73.74,0,"$2,902.38"
CUST-6150,non-binary,38,West,12,m2m,96.69,2.0,,1,"$1,160.28"
CUST-10342,F,50,South,57,m2m,107.11,0.0,,1,"$6,105.27"
CUST-4560,Female,29,West,0,Month-to-month,40.51,,,1,$0.0
CUST-2186,non-binary,52,West,4,Month-to-month,56.88,,,0,$227.52
CUST-9049,F,72,West,32,Month-to-month,85.59,,,0,"$2,738.88"
CUST-1827,Female,18,South,7,2yr,51.82,,14.23,0,$362.74
CUST-10294,F,21,North,30,Two year,39.01,,,1,"$1,170.3"
CUST-9883,non-binary,62,South,40,2yr,26.02,3.0,,1,"$1,040.8"
CUST-9502,M,73,West,2,Month-to-month,108.88,0.0,40.98,1,$217.76
CUST-6727,Male,53,South,17,2yr,54.46,3.0,,1,$925.82
CUST-7582,F,36,South,10,2yr,96.54,,76.23,0,$965.4
CUST-1762,non-binary,42,West,8,One year,115.43,,,0,$923.44
CUST-8780,Male,77,West,22,One year,114.11,,,0,"$2,510.42"
CUST-4405,Male,66,South,41,One year,101.3,2.0,,0,"$4,153.3"
CUST-4918,Female,53,North,17,Month-to-month,46.75,,58.76,0,$794.75
CUST-3126,Female,21,South,27,1yr,82.1,,,0,"$2,216.7"
CUST-4774,M,55,West,69,Month-to-month,83.59,3.0,74.22,0,"$5,767.71"
CUST-1745,Male,19,West,33,One year,105.35,1.0,22.12,0,"$3,476.55"
CUST-6706,Female,62,West,69,Month-to-month,27.43,,49.52,1,"$1,892.67"
CUST-6834,non-binary,23,North,71,One year,80.19,0.0,56.85,0,"$5,693.49"
CUST-6012,Male,75,South,55,One year,68.75,,23.93,1,"$3,781.25"
CUST-7994,F,49,North,26,One year,42.4,,,0,"$1,102.4"
CUST-4091,M,26,North,33,m2m,113.06,,27.97,1,"$3,730.98"
CUST-1356,non-binary,68,West,60,One year,23.25,,47.41,0,"$1,395.0"
CUST-4758,F,55,South,40,m2m,66.0,,82.32,0,"$2,640.0"
CUST-1944,F,46,South,9,One year,31.41,,,0,$282.69
CUST-3213,Female,45,North,32,One year,44.66,1.0,,0,"$1,429.12"
CUST-1042,non-binary,-5,West,25,One year,65.35,,,0,"$1,633.75"
CUST-8962,Female,79,North,41,One year,85.35,3.0,40.02,1,"$3,499.35"
CUST-9544,non-binary,46,North,37,1yr,22.84,2.0,,0,$845.08
CUST-5263,non-binary,-5,West,36,2yr,119.23,7.0,31.48,1,"$4,292.28"
CUST-7835,F,25,West,31,2yr,87.93,,61.09,0,"$2,725.83"
CUST-8761,Female,42,West,21,Month-to-month,113.14,,,1,"$2,375.94"
CUST-9619,non-binary,70,West,30,Two year,85.75,3.0,69.82,0,"$2,572.5"
CUST-2258,Male,65,East,53,m2m,77.65,0.0,34.29,1,"$4,115.45"
CUST-8313,M,24,North,3,Month-to-month,23.38,3.0,50.45,1,$70.14
CUST-6269,M,53,South,55,Month-to-month,103.01,,16.8,1,"$5,665.55"
CUST-6892,M,51,South,69,One year,62.42,,,0,"$4,306.98"
CUST-7643,F,28,West,44,Month-to-month,37.7,,30.08,1,"$1,658.8"
CUST-5847,F,39,West,49,One year,69.59,,,0,"$3,409.91"
CUST-6874,non-binary,-5,South,15,Month-to-month,38.11,,,1,$571.65
CUST-10565,non-binary,24,West,51,Two year,82.38,,,1,"$4,201.38"
CUST-1157,F,77,South,18,Month-to-month,44.71,1.0,,1,$804.78
CUST-7014,Male,36,South,15,Two year,55.2,3.0,,0,$828.0
CUST-4671,non-binary,39,West,65,One year,45.16,1.0,,0,"$2,935.4"
CUST-7581,Female,26,North,64,Month-to-month,97.16,3.0,,0,"$6,218.24"
CUST-5844,Male,23,East,15,One year,80.69,0.0,77.92,0,"$1,210.35"
CUST-6091,Female,62,South,45,Two year,44.54,2.0,,0,"$2,004.3"
CUST-6535,F,32,West,11,m2m,50.1,,56.15,1,$551.1
CUST-10647,Female,27,South,30,2yr,20.74,,30.04,0,$622.2
CUST-1430,Male,70,West,0,One year,87.46,9.0,39.05,0,$0.0
CUST-1905,Female,36,North,6,Month-to-month,77.2,0.0,71.65,0,$463.2
CUST-3164,Female,35,West,27,Two year,100.92,0.0,10.5,0,"$2,724.84"
CUST-5443,Female,44,South,24,Month-to-month,63.79,,25.06,1,"$1,530.96"
CUST-8791,F,76,South,65,1yr,77.6,,,0,"$5,044.0"
CUST-8619,Female,50,West,62,2yr,75.68,0.0,41.08,1,"$4,692.16"
CUST-6736,non-binary,54,West,42,Month-to-month,109.12,,,0,"$4,583.04"
CUST-9310,Female,66,South,50,One year,76.65,0.0,31.86,1,"$3,832.5"
CUST-1366,non-binary,26,East,21,1yr,78.04,3.0,14.83,1,"$1,638.84"
CUST-1454,Male,60,West,23,Month-to-month,63.05,3.0,49.32,1,"$1,450.15"
CUST-5902,F,71,North,39,Two year,95.21,1.0,,0,"$3,713.19"
CUST-6780,M,69,North,42,One year,30.0,9.0,35.74,0,"$1,260.0"
CUST-8012,F,71,West,58,One year,73.24,0.0,42.92,0,"$4,247.92"
CUST-10794,Female,23,South,8,One year,69.24,1.0,,0,$553.92
CUST-7845,F,77,South,68,One year,39.61,2.0,78.33,0,"$2,693.48"
CUST-4342,non-binary,79,West,10,Two year,119.85,0.0,85.24,0,"$1,198.5"
CUST-1568,F,250,South,50,m2m,46.72,3.0,34.1,1,"$2,336.0"
CUST-3444,non-binary,80,South,23,2yr,90.35,,,0,"$2,078.05"
CUST-3022,F,46,East,53,Month-to-month,34.36,,,1,"$1,821.08"
CUST-10390,Male,32,West,24,1yr,112.06,1.0,,0,"$2,689.44"
CUST-7452,M,67,West,60,One year,75.76,,,0,"$4,545.6"
CUST-7822,Male,72,West,13,2yr,71.8,,,0,$933.4
CUST-2369,Male,73,West,47,Month-to-month,104.46,,77.84,1,"$4,909.62"
CUST-6382,Female,35,North,3,Month-to-month,24.99,7.0,15.07,1,$74.97
CUST-10173,M,59,North,38,Month-to-month,110.6,,85.92,1,"$4,202.8"
CUST-10419,Male,-5,East,33,Month-to-month,25.27,3.0,,1,$833.91
CUST-10909,non-binary,58,North,18,One year,39.67,2.0,23.23,1,$714.06
CUST-9382,Male,46,East,47,One year,93.95,,12.91,0,"$4,415.65"
CUST-5204,M,18,West,37,Month-to-month,83.56,,79.13,0,"$3,091.72"
CUST-8347,M,63,North,29,Month-to-month,40.98,,70.59,1,"$1,188.42"
CUST-10418,M,47,South,28,Two year,58.76,,45.19,0,"$1,645.28"
CUST-9040,non-binary,36,North,46,Month-to-month,39.35,0.0,,0,"$1,810.1"
CUST-8727,Female,72,South,20,2yr,57.43,3.0,,0,"$1,148.6"
CUST-2448,Female,68,East,6,Month-to-month,96.86,3.0,19.31,1,$581.16
CUST-5921,Male,28,East,43,Month-to-month,37.14,0.0,,1,"$1,597.02"
CUST-8738,Male,55,West,63,One year,100.26,0.0,,0,"$6,316.38"
CUST-6026,non-binary,37,West,58,Month-to-month,94.25,,58.3,0,"$5,466.5"
CUST-1309,F,45,West,2,1yr,35.37,,23.0,0,$70.74
CUST-6326,M,55,East,2,One year,101.41,,15.469999999999999,1,$202.82
CUST-10560,Female,28,East,58,1yr,38.86,,,1,"$2,253.88"
CUST-8050,Female,69,West,66,Month-to-month,71.6,3.0,,0,"$4,725.6"
CUST-1398,Female,38,West,61,2yr,31.02,,,0,"$1,892.22"
CUST-1499,non-binary,33,North,66,2yr,95.82,0.0,72.08,1,"$6,324.12"
CUST-1268,F,20,East,56,Month-to-month,107.53,3.0,,1,"$6,021.68"
CUST-2757,Female,66,West,12,Month-to-month,86.99,3.0,91.43,1,"$1,043.88"
CUST-6644,non-binary,77,South,32,Month-to-month,109.95,1.0,49.54,1,"$3,518.4"
CUST-10829,M,24,East,8,Month-to-month,37.32,,,0,$298.56
CUST-1834,F,70,South,65,Two year,97.53,,69.36,0,"$6,339.45"
CUST-3376,non-binary,40,South,53,Month-to-month,98.63,3.0,76.57,1,"$5,227.39"
CUST-9216,F,31,West,56,One year,68.22,2.0,71.5,0,"$3,820.32"
CUST-10243,M,31,North,59,Month-to-month,22.35,3.0,83.5,0,"$1,318.65"
CUST-3406,Male,65,South,23,Month-to-month,28.39,,55.37,1,$652.97
CUST-8861,F,42,North,2,Month-to-month,43.76,,,1,$87.52
CUST-4430,M,65,West,44,Month-to-month,45.03,3.0,85.02,0,"$1,981.32"
CUST-3351,non-binary,77,North,16,Month-to-month,104.49,,,1,"$1,671.84"
CUST-9803,M,21,North,60,Month-to-month,104.22,1.0,,1,"$6,253.2"
CUST-5166,Male,69,West,63,One year,51.95,,80.69,1,"$3,272.85"
CUST-10737,Female,55,North,47,One year,45.36,,88.53,0,"$2,131.92"
CUST-8379,Male,79,East,46,Month-to-month,29.02,,,1,"$1,334.92"
CUST-3658,Male,56,West,14,m2m,103.72,0.0,,1,"$1,452.08"
CUST-6784,F,250,North,39,One year,54.88,2.0,80.94,0,"$2,140.32"
CUST-3938,non-binary,38,North,67,Month-to-month,69.91,,,1,"$4,683.97"
CUST-10785,Male,33,South,59,m2m,70.78,,,1,"$4,176.02"
CUST-9615,M,41,West,46,1yr,100.8,,71.6,1,"$4,636.8"
CUST-2237,Male,31,North,55,Month-to-month,53.09,2.0,66.34,0,"$2,919.95"
CUST-7157,non-binary,57,West,71,One year,111.54,,14.01,0,"$7,919.34"
CUST-5343,F,250,West,30,Month-to-month,93.39,,13.95,1,"$2,801.7"
CUST-7093,Male,69,West,70,One year,76.62,2.0,,0,"$5,363.4"
CUST-9475,Female,76,East,7,Two year,108.8,,44.84,1,$761.6
CUST-8200,Male,46,West,15,One year,96.13,3.0,,0,"$1,441.95"
CUST-8538,M,59,West,49,Two year,81.55,3.0,95.32,0,"$3,995.95"
CUST-10123,Female,46,West,24,Month-to-month,46.89,,59.69,0,"$1,125.36"
CUST-4177,F,72,North,4,Two year,34.34,4.0,39.67,0,$137.36
CUST-2088,M,31,North,42,1yr,43.54,1.0,,0,"$1,828.68"
CUST-10164,M,27,West,9,Month-to-month,31.83,,,0,$286.47
CUST-4711,Female,18,East,8,One year,56.16,,89.44,1,$449.28
CUST-8876,Female,250,West,62,One year,68.43,3.0,69.54,0,"$4,242.66"
CUST-3668,non-binary,63,North,44,Two year,45.21,,,0,"$1,989.24"
CUST-6508,Male,23,South,6,Month-to-month,28.08,2.0,89.72,1,$168.48
CUST-8452,Female,250,West,2,m2m,68.74,,39.02,1,$137.48
CUST-9906,non-binary,36,South,41,One year,72.2,0.0,,1,"$2,960.2"
CUST-1862,M,50,South,55,Month-to-month,97.16,3.0,,1,"$5,343.8"
CUST-4482,Male,25,North,39,Two year,24.45,3.0,84.9,0,$953.55
CUST-7537,Male,42,North,69,2yr,50.35,,33.92,1,"$3,474.15"
CUST-6030,F,39,South,54,Two year,101.97,,53.53,0,"$5,506.38"
CUST-3407,Male,-5,West,12,Month-to-month,67.02,,78.47,1,$804.24
CUST-5267,F,63,South,72,1yr,64.85,0.0,47.89,0,"$4,669.2"
CUST-3014,Female,19,North,22,One year,94.27,2.0,,0,"$2,073.94"
CUST-10275,F,46,East,36,One year,81.12,0.0,,0,"$2,920.32"
CUST-5074,Female,69,South,50,m2m,25.54,1.0,90.08,0,"$1,277.0"
CUST-7464,F,71,West,12,Two year,50.84,,,0,$610.08
CUST-6681,M,61,North,47,Month-to-month,92.53,3.0,,1,"$4,348.91"
CUST-4292,Male,54,South,70,m2m,23.03,3.0,82.99,0,"$1,612.1"
CUST-8706,F,79,North,63,Month-to-month,118.9,,46.32,0,"$7,490.7"
CUST-3001,Female,19,North,14,m2m,85.19,,,0,"$1,192.66"
CUST-7736,Male,73,South,67,Month-to-month,119.55,1.0,,1,"$8,009.85"
CUST-4960,non-binary,72,North,20,Month-to-month,109.67,1.0,,1,"$2,193.4"
CUST-8609,M,74,South,54,Month-to-month,73.93,,25.83,1,"$3,992.22"
CUST-6443,M,48,West,14,Two year,64.99,,67.1,0,$909.86
CUST-6629,non-binary,51,North,1,One year,95.34,,5.260000000000002,1,$95.34
CUST-7660,M,34,South,59,Month-to-month,59.16,,18.22,1,"$3,490.44"
CUST-1001,M,50,West,41,Month-to-month,105.84,,,0,"$4,339.44"
CUST-6413,M,39,South,69,Month-to-month,91.26,,58.37,0,"$6,296.94"
CUST-10554,F,80,North,27,One year,93.85,0.0,10.86,1,"$2,533.95"
CUST-10492,non-binary,54,North,25,One year,66.86,2.0,,0,"$1,671.5"
CUST-5575,F,51,North,15,One year,62.48,2.0,77.85,0,$937.2
CUST-1939,M,37,South,62,One year,60.25,3.0,,0,"$3,735.5"
CUST-2592,F,25,West,18,Two year,20.17,,,0,$363.06
CUST-2466,Male,18,West,63,1yr,50.44,0.0,,0,"$3,177.72"
CUST-7226,non-binary,67,North,39,1yr,102.92,,95.18,0,"$4,013.88"
CUST-5333,F,42,East,66,Month-to-month,24.4,,,0,"$1,610.4"
CUST-9914,Female,51,North,17,One year,104.82,0.0,,0,"$1,781.94"
CUST-3826,Male,26,South,3,One year,44.46,,55.040000000000006,0,$133.38
CUST-10071,Male,21,North,58,m2m,35.05,3.0,98.0,0,"$2,032.9"
CUST-2118,F,57,North,52,Two year,112.13,2.0,,0,"$5,830.76"
CUST-5119,M,75,West,4,One year,86.35,,45.76,0,$345.4
CUST-6203,M,59,West,44,Month-to-month,52.71,3.0,,0,"$2,319.24"
CUST-4416,non-binary,65,South,63,m2m,22.82,,11.67,0,"$1,437.66"
CUST-7746,non-binary,18,South,47,2yr,84.02,3.0,36.67,0,"$3,948.94"
CUST-9247,Male,49,North,67,2yr,34.43,,,0,"$2,306.81"
CUST-3499,Male,36,North,34,Month-to-month,45.19,2.0,,0,"$1,536.46"
CUST-5880,M,250,East,63,Month-to-month,27.67,,,1,"$1,743.21"
CUST-1705,Female,19,South,13,Month-to-month,22.63,,,0,$294.19
CUST-9484,F,33,North,22,Month-to-month,89.39,,,1,"$1,966.58"
CUST-3161,Male,59,West,47,Month-to-month,23.33,,45.52,1,"$1,096.51"
CUST-5087,F,250,West,43,m2m,114.17,,93.88,1,"$4,909.31"
CUST-9059,Male,26,North,29,Two year,51.02,0.0,76.82,0,"$1,479.58"
CUST-7549,Female,51,West,60,m2m,60.48,,,0,"$3,628.8"
CUST-1669,non-binary,36,South,71,Two year,45.32,,97.78,0,"$3,217.72"
CUST-1916,F,73,East,56,Month-to-month,105.58,,35.25,1,"$5,912.48"
CUST-3729,non-binary,61,South,28,Two year,47.02,,,0,"$1,316.56"
CUST-10109,Male,44,South,35,1yr,69.32,,74.54,1,"$2,426.2"
CUST-8259,Female,74,West,68,1yr,89.01,1.0,97.2,0,"$6,052.68"
CUST-3659,Female,50,West,4,Month-to-month,26.81,,,1,$107.24
CUST-10267,Female,24,South,53,m2m,78.04,,36.47,1,"$4,136.12"
CUST-9255,Female,34,South,38,Two year,117.59,2.0,35.82,0,"$4,468.42"
CUST-1486,Female,20,North,37,1yr,61.07,0.0,,0,"$2,259.59"
CUST-4603,non-binary,40,South,57,One year,46.38,7.0,11.8,1,"$2,643.66"
CUST-10389,Female,58,East,30,m2m,98.4,,70.8,1,"$2,952.0"
CUST-7596,non-binary,45,East,63,Two year,93.06,0.0,,1,"$5,862.78"
CUST-1712,Male,50,North,70,One year,110.17,,71.58,0,"$7,711.9"
CUST-5608,Male,53,South,65,One year,36.22,2.0,,0,"$2,354.3"
CUST-3629,M,77,East,35,Month-to-month,101.93,2.0,52.35,0,"$3,567.55"
CUST-5994,M,-5,North,69,One year,109.26,2.0,,1,"$7,538.94"
CUST-8251,Male,74,East,25,One year,33.49,,,0,$837.25
CUST-7759,M,26,North,20,m2m,49.19,2.0,,0,$983.8
CUST-8736,M,67,East,36,m2m,41.51,10.0,31.58,1,"$1,494.36"
CUST-6456,F,70,West,57,One year,82.93,,84.77,0,"$4,727.01"
CUST-2352,F,75,North,53,Two year,85.3,,,0,"$4,520.9"
CUST-3678,Female,80,East,24,Month-to-month,69.55,,,1,"$1,669.2"
CUST-2791,non-binary,70,South,15,Month-to-month,53.95,,72.19,1,$809.25
CUST-4951,Male,80,East,42,Month-to-month,73.17,2.0,,1,"$3,073.14"
CUST-8049,M,69,North,42,2yr,21.61,,,0,$907.62
CUST-1372,M,64,North,69,Month-to-month,42.25,0.0,,0,"$2,915.25"
CUST-10678,Female,55,West,68,Two year,36.55,,43.11,0,"$2,485.4"
CUST-10546,F,43,West,26,Two year,22.05,3.0,,0,$573.3
CUST-10591,M,77,South,71,Month-to-month,86.42,,,0,"$6,135.82"
CUST-10263,Female,67,South,8,One year,98.03,3.0,,0,$784.24
CUST-1775,Male,20,South,29,One year,93.44,,,0,"$2,709.76"
CUST-9943,non-binary,71,South,33,Two year,69.71,3.0,79.96,0,"$2,300.43"
CUST-1631,non-binary,48,West,3,One year,68.71,2.0,,0,$206.13
CUST-9632,Male,62,South,32,One year,35.52,,65.7,0,"$1,136.64"
CUST-3390,non-binary,44,South,25,One year,21.49,3.0,59.93,1,$537.25
CUST-10459,F,72,North,6,Month-to-month,99.52,2.0,,1,$597.12
CUST-1240,Female,62,East,71,2yr,36.39,2.0,,1,"$2,583.69"
CUST-3219,M,79,South,52,m2m,32.55,1.0,15.02,1,"$1,692.6"
CUST-6280,F,53,South,50,Month-to-month,114.07,,63.78,0,"$5,703.5"
CUST-10618,Male,55,West,46,Two year,24.69,,,0,"$1,135.74"
CUST-5684,non-binary,18,South,28,Month-to-month,75.49,0.0,,0,"$2,113.72"
CUST-3337,Male,38,East,26,Month-to-month,55.94,5.0,11.09,1,"$1,454.44"
CUST-2256,F,33,South,22,Month-to-month,95.15,2.0,59.85,1,"$2,093.3"
CUST-3385,Male,36,North,14,Month-to-month,44.83,1.0,84.18,0,$627.62
CUST-3669,Female,47,South,8,Two year,60.64,1.0,,0,$485.12
CUST-2203,non-binary,61,South,36,m2m,59.17,5.0,36.54,0,"$2,130.12"
CUST-4336,M,40,North,21,Month-to-month,53.32,,29.41,1,"$1,119.72"
CUST-7440,Male,24,South,20,Month-to-month,110.79,,,0,"$2,215.8"
CUST-4973,F,39,West,39,Month-to-month,46.26,1.0,,0,"$1,804.14"
CUST-5134,non-binary,46,North,12,Month-to-month,62.0,,98.95,0,$744.0
CUST-3937,non-binary,32,East,44,Month-to-month,82.7,0.0,,0,"$3,638.8"
CUST-6333,Female,37,West,44,One year,46.53,7.0,39.54,0,"$2,047.32"
CUST-8481,non-binary,57,South,15,m2m,20.04,0.0,,0,$300.6
CUST-10958,non-binary,33,North,32,Two year,46.81,,33.76,1,"$1,497.92"
CUST-9636,M,66,East,39,One year,119.72,0.0,61.31,1,"$4,669.08"
CUST-6073,Female,55,East,70,Month-to-month,91.93,,99.43,1,"$6,435.1"
CUST-9223,M,54,North,53,Month-to-month,37.69,,,1,"$1,997.57"
CUST-8701,Female,79,North,59,Month-to-month,90.35,,,0,"$5,330.65"
CUST-8805,Female,69,East,40,One year,67.88,,,0,"$2,715.2"
CUST-4913,non-binary,80,South,17,Two year,64.8,,46.17,0,"$1,101.6"
CUST-4688,Male,49,East,27,Month-to-month,97.01,,41.08,1,"$2,619.27"
CUST-4732,Female,47,South,49,One year,37.59,0.0,56.81,0,"$1,841.91"
CUST-8310,non-binary,51,South,65,Month-to-month,29.28,0.0,,0,"$1,903.2"
CUST-3200,M,20,East,7,Month-to-month,56.87,,,1,$398.09
CUST-4104,M,21,South,3,Two year,88.59,0.0,,0,$265.77
CUST-3126,Female,21,South,27,1yr,82.1,,,0,"$2,216.7"
CUST-4246,Male,80,West,32,Month-to-month,112.55,1.0,,1,"$3,601.6"
CUST-9406,M,80,South,64,One year,42.9,,42.11,0,"$2,745.6"
CUST-5073,M,61,East,2,Month-to-month,66.17,1.0,,0,$132.34
CUST-2320,non-binary,62,West,53,Two year,106.04,,98.18,0,"$5,620.12"
CUST-9842,F,21,South,71,Month-to-month,27.43,0.0,15.89,0,"$1,947.53"
CUST-9120,F,76,North,13,Two year,84.44,3.0,49.79,0,"$1,097.72"
CUST-10816,non-binary,60,South,26,Two year,20.39,2.0,,0,$530.14
CUST-9265,Female,47,South,17,Two year,82.34,,,0,"$1,399.78"
CUST-10588,non-binary,42,West,38,One year,72.48,2.0,,0,"$2,754.24"
CUST-1301,non-binary,28,East,58,Month-to-month,49.75,3.0,,0,"$2,885.5"
CUST-10908,non-binary,18,North,13,One year,30.37,,55.34,0,$394.81
CUST-3478,non-binary,77,North,15,2yr,31.97,,,0,$479.55
CUST-2532,F,46,West,61,1yr,103.1,0.0,,0,"$6,289.1"
CUST-4243,Female,74,South,37,1yr,26.18,0.0,,0,$968.66
CUST-9152,non-binary,57,North,52,Month-to-month,36.09,6.0,16.17,1,"$1,876.68"
CUST-1838,Male,-5,North,15,Month-to-month,99.92,1.0,,1,"$1,498.8"
CUST-6598,Male,18,East,51,Month-to-month,34.81,,77.87,0,"$1,775.31"
CUST-8400,M,68,West,19,Month-to-month,62.04,8.0,31.83,1,"$1,178.76"
CUST-1855,Male,18,South,38,m2m,24.36,1.0,,1,$925.68
CUST-3973,Female,76,West,48,2yr,25.93,,,0,"$1,244.64"
CUST-8278,Female,36,East,7,Month-to-month,69.31,,,0,$485.17
CUST-2263,non-binary,65,East,21,One year,34.17,6.0,30.72,1,$717.57
CUST-7909,F,65,West,65,m2m,72.99,,74.38,0,"$4,744.35"
CUST-1919,Female,38,South,31,m2m,47.72,7.0,13.27,1,"$1,479.32"
CUST-9175,non-binary,35,West,71,m2m,102.02,,29.46,1,"$7,243.42"
CUST-9687,F,250,South,0,Month-to-month,92.68,4.0,19.25,0,$0.0
CUST-5968,Female,37,East,20,One year,99.59,,36.78,0,"$1,991.8"
CUST-7359,Female,58,North,51,1yr,38.66,,15.33,1,"$1,971.66"
CUST-2882,Female,30,West,40,Month-to-month,84.13,,45.58,0,"$3,365.2"
CUST-7068,Male,70,North,40,Month-to-month,23.05,,,0,$922.0
CUST-9377,non-binary,56,West,63,Two year,93.39,,,0,"$5,883.57"
CUST-10980,non-binary,35,North,51,One year,63.72,,,0,"$3,249.72"
CUST-1051,F,58,East,48,One year,92.47,,60.48,0,"$4,438.56"
CUST-9137,Female,24,North,48,One year,46.71,,30.63,0,"$2,242.08"
CUST-9783,Female,70,North,3,2yr,48.32,0.0,,0,$144.96
CUST-10356,M,51,South,37,Month-to-month,110.73,,,0,"$4,097.01"
CUST-7890,F,47,East,34,One year,80.24,10.0,34.03,1,"$2,728.16"
CUST-7836,F,250,North,32,One year,102.38,,,1,"$3,276.16"
CUST-8976,F,42,East,8,2yr,50.39,0.0,,1,$403.12
CUST-7224,M,51,South,41,Month-to-month,94.48,,21.54,1,"$3,873.68"
CUST-9878,M,58,South,39,One year,109.39,,,0,"$4,266.21"
CUST-7744,M,62,South,3,Two year,70.34,8.0,16.15,0,$211.02
CUST-5378,Male,37,North,69,Month-to-month,109.11,1.0,,1,"$7,528.59"
CUST-6665,F,61,West,31,Two year,36.13,,,1,"$1,120.03"
CUST-4125,non-binary,31,East,12,Two year,108.54,2.0,,0,"$1,302.48"
CUST-3318,Female,22,South,52,m2m,37.16,,,1,"$1,932.32"
CUST-6764,Female,-5,North,11,Month-to-month,117.11,2.0,81.35,0,"$1,288.21"
CUST-7046,Male,32,West,56,Two year,22.05,0.0,78.69,0,"$1,234.8"
CUST-7681,M,44,South,63,One year,34.38,2.0,,0,"$2,165.94"
CUST-9722,F,75,East,46,Two year,103.09,0.0,,0,"$4,742.14"
CUST-2841,Female,-5,West,12,Month-to-month,95.11,,34.41,1,"$1,141.32"
CUST-10856,F,42,South,33,Month-to-month,43.7,2.0,,1,"$1,442.1"
CUST-9147,F,36,West,47,Month-to-month,98.32,1.0,78.58,1,"$4,621.04"
CUST-4891,Male,74,South,52,2yr,55.59,,87.42,1,"$2,890.68"
CUST-3717,M,53,North,18,2yr,99.75,,98.25,0,"$1,795.5"
CUST-8439,F,77,North,49,Month-to-month,97.95,,,0,"$4,799.55"
CUST-4901,Female,52,West,33,One year,109.53,,,0,"$3,614.49"
CUST-3674,M,38,West,14,Month-to-month,43.63,0.0,98.12,1,$610.82
CUST-10656,non-binary,58,South,15,Month-to-month,85.05,,,0,"$1,275.75"
CUST-3429,Female,48,North,70,Month-to-month,66.84,3.0,72.76,1,"$4,678.8"
CUST-5325,non-binary,53,South,3,One year,91.58,,47.38,0,$274.74
CUST-5656,non-binary,52,West,44,One year,35.01,2.0,70.85,0,"$1,540.44"
CUST-8484,Male,35,East,67,Month-to-month,26.38,,16.97,1,"$1,767.46"
CUST-3177,non-binary,25,South,53,1yr,35.34,,,1,"$1,873.02"
CUST-6521,Male,27,West,0,m2m,39.52,,,1,$0.0
CUST-1590,F,39,North,34,2yr,30.81,,,0,"$1,047.54"
CUST-4636,Male,72,South,10,m2m,69.35,,,1,$693.5
CUST-5779,Male,26,South,20,Month-to-month,87.82,3.0,99.82,1,"$1,756.4"
CUST-6231,Male,44,North,2,Month-to-month,93.46,,14.77,1,$186.92
CUST-5390,F,26,North,40,Month-to-month,97.9,,23.09,1,"$3,916.0"
CUST-2913,Female,39,West,25,m2m,36.92,9.0,23.85,1,$923.0
CUST-7667,non-binary,50,North,5,Month-to-month,75.43,2.0,,0,$377.15
CUST-9968,non-binary,58,East,70,One year,101.39,3.0,,1,"$7,097.3"
CUST-4835,Male,64,West,41,One year,106.98,1.0,45.52,0,"$4,386.18"
CUST-8194,non-binary,35,East,25,1yr,55.7,,17.89,1,"$1,392.5"
CUST-10548,F,67,North,17,One year,106.94,,,1,"$1,817.98"
CUST-10536,Male,46,West,60,Two year,95.31,,,0,"$5,718.6"
CUST-5671,Female,50,North,51,Two year,55.52,2.0,90.02,0,"$2,831.52"
CUST-3844,non-binary,68,North,7,Month-to-month,89.04,,,0,$623.28
CUST-8693,Female,75,North,23,Month-to-month,94.09,1.0,,1,"$2,164.07"
CUST-1951,Male,53,North,58,2yr,108.7,,,1,"$6,304.6"
CUST-6069,Male,48,North,11,Month-to-month,22.85,,,0,$251.35
CUST-8061,F,39,North,58,m2m,83.86,,,0,"$4,863.88"
CUST-1357,Female,51,North,57,One year,41.56,2.0,49.61,0,"$2,368.92"
CUST-6934,Female,78,North,40,One year,69.29,,37.45,0,"$2,771.6"
CUST-6167,M,52,South,43,m2m,119.15,0.0,,1,"$5,123.45"
CUST-8725,non-binary,70,North,4,Month-to-month,23.92,5.0,38.25,1,$95.68
CUST-9050,Male,35,West,39,One year,91.77,,61.48,0,"$3,579.03"
CUST-7862,M,49,West,24,Two year,110.46,0.0,42.06,0,"$2,651.04"
CUST-6178,Male,36,South,5,Month-to-month,98.07,2.0,,0,$490.35
